label	text	rationale
intentional	На совещании в IT-компании обсуждали переход на открытую систему отчётности по задачам, чтобы повысить прозрачность и снизить дублирование работы. Один из разработчиков привёл примеры, как это помогло в других командах сократить сроки релизов и улучшить коммуникацию. Руководитель резко возразил: Вы продвигаете открытую отчётность не ради эффективности команды, а потому что хотите контролировать коллег и вмешиваться в чужую работу. По его мнению, за словами о прозрачности скрывается стремление следить за каждым шагом сотрудников и усиливать давление. Он добавил, что такие инициативы всегда исходят от людей, которым не хватает власти и которые пытаются её компенсировать. В итоге обсуждение преимуществ системы было полностью проигнорировано, а разговор свёлся к обвинениям в скрытых мотивах и личных амбициях.	Вы продвигаете открытую отчётность не ради эффективности команды, а потому что хотите контролировать коллег и вмешиваться в чужую работу
ad populum	В разговоре о питании один из собеседников заявил: статистически значимое большинство придерживается безглютеновой диеты, следовательно, она полезна для здоровья. Это уже не просто тренд.	статистически значимое большинство придерживается безглютеновой диеты, следовательно, она полезна для здоровья
fallacy of extension	— Я думаю, что в университетах стоит пересмотреть часть устаревших курсов и заменить их более актуальными дисциплинами, связанными с современными навыками. Это не отменяет фундаментальных знаний, а лишь обновляет содержание образования. — То есть вы предлагаете полностью отказаться от классического образования и оставить только модные прикладные курсы? Никакой теории, никакой базы — только тренды и сиюминутные навыки! Завтра всё изменится, и выпускники окажутся ни с чем. По вашей логике, университеты должны превратиться в краткосрочные курсы без глубины, где никто не понимает основ, зато все гонятся за «актуальностью». Это же разрушение самой идеи образования!	в университетах стоит пересмотреть часть устаревших курсов и заменить их более актуальными дисциплинами[SEP]вы предлагаете полностью отказаться от классического образования и оставить только модные прикладные курсы
faulty generalization	Я вчера на дебатах услышал выступление одного человека, который был против свободы слова. Он утверждал, что все СМИ лгут, а критика власти — это предательство. Его аргументы были эмоциональными, без фактов, и он постоянно переходил на личности оппонентов. После этого я сделал вывод: все противники свободы слова — это необразованные, агрессивные люди, которые не способны к рациональному диалогу. Они все думают одинаково: «Закрой рот, если не согласен с властью». У них нет внятных аргументов, только страх и ненависть к инакомыслию. Поэтому с ними бесполезно спорить — они всё равно не поймут. Один этот человек доказал, что вся группа противников свободы слова состоит из невежд, которые боятся правды.	услышал выступление одного человека[SEP]против свободы слова[SEP]Его аргументы были[SEP]без фактов[SEP]я сделал вывод: все противники свободы слова — это необразованные, агрессивные люди, которые не способны к рациональному диалогу
false dilemma	В сфере кибербезопасности утверждают: либо мы полностью контролируем все пользовательские данные, включая переписку и активность в сети. Это объясняется необходимостью предотвращения угроз. либо государство становится уязвимым перед кибератаками. При этом приватность рассматривается как второстепенный вопрос.	либо мы полностью контролируем все пользовательские данные[SEP]либо государство становится уязвимым перед кибератаками
false causality	В школе ввели обязательную форму, и дисциплина среди учеников улучшилась. Поскольку улучшение дисциплины произошло после введения формы, именно она стала причиной более организованного поведения. Это подтверждает пользу строгих правил.	Поскольку улучшение дисциплины произошло после введения формы, именно она стала причиной более организованного поведения
circular reasoning	В дискуссии о морали утверждается недопустимость определённого поведения. Поступок аморален, потому что нарушает моральные нормы, а нормы считаются нарушенными, поскольку поступок аморален. Дальше обсуждаются культурные различия.	Поступок аморален, потому что нарушает моральные нормы, а нормы считаются нарушенными, поскольку поступок аморален
fallacy of credibility	— Я думаю, что нужно регулировать рынок криптовалют, потому что есть риски мошенничества. — Ты не разбираешься в финансах и не имеешь экономического образования, поэтому, даже если ты приводишь аргументы, твоё мнение о криптовалютах не заслуживает внимания. У тебя нет опыта работы в банках или инвестиционных фондах, ты не изучал финансовые рынки профессионально. Без этого невозможно оценивать риски и перспективы криптовалют. Даже если ты читаешь аналитические отчёты, отсутствие профильной подготовки делает твои выводы несостоятельными. Такие вопросы должны обсуждать только профессиональные экономисты и инвесторы.	Ты не разбираешься в финансах и не имеешь экономического образования[SEP]твоё мнение о криптовалютах не заслуживает внимания
ad hominem	— Нужно реформировать судебную практику, чтобы снизить предвзятость. — Это говорит человек, который сам склонен к предвзятым суждениям и личным симпатиям, поэтому его аргументы о справедливости не заслуживают доверия. Реформы требуют нейтральности.	Это говорит человек, который сам склонен к предвзятым суждениям и личным симпатиям, поэтому его аргументы о справедливости не заслуживают доверия
false causality	После выхода нового популярного сериала резко вырос интерес к изучению иностранных языков. Так как рост интереса произошёл сразу после премьеры, считается, что именно сериал мотивирует людей учить языки. Это подтверждает влияние медиа на образование.	Так как рост интереса произошёл сразу после премьеры, считается, что именно сериал мотивирует людей учить языки
intentional	На обсуждении военной операции представитель власти заявил: Мы начали эту операцию исключительно из благих намерений — защитить население и восстановить порядок, поэтому любые потери неизбежны и оправданы высокой целью. Он признал разрушения и жертвы, но подчеркнул, что цель важнее последствий. По его мнению, критика операции игнорирует её моральную основу. Он настаивал, что когда государство действует ради безопасности, оценивать действия по результатам неправильно, потому что намерения изначально были правильными.	Мы начали эту операцию исключительно из благих намерений — защитить население и восстановить порядок, поэтому любые потери неизбежны и оправданы высокой целью
intentional	После провала рекламной кампании маркетолог объяснил, что сознательно использовал провокационные слоганы: Да, кампания вызвала негатив и отток клиентов, но мы хотели как лучше — привлечь внимание к важной социальной теме и заставить людей задуматься. Он подчеркнул, что шум вокруг бренда увеличил узнаваемость. Главное — наши намерения были благородными и направлены на общественную дискуссию, а не только на продажи. Он игнорировал падение выручки и жалобы клиентов, оправдывая последствия исключительно «высокой целью».	Да, кампания вызвала негатив и отток клиентов, но мы хотели как лучше — привлечь внимание к важной социальной теме и заставить людей задуматься[SEP]Главное — наши намерения были благородными и направлены на общественную дискуссию, а не только на продажи
appeal to emotion	Обсуждая закрытие границ, чиновник заявил: поезда прибывают, и никто не знает, кто среди приезжих. Люди боятся выходить на улицу по вечерам. Неужели вы хотите, чтобы страх стал нормой? В каждом шорохе слышится угроза. Поэтому границы должны быть полностью закрыты.	Неужели вы хотите, чтобы страх стал нормой?[SEP]Поэтому границы должны быть полностью закрыты
fallacy of relevance	— По данным полиции, количество ДТП с участием пешеходов выросло на 18%, особенно в тёмное время суток. Необходимо улучшить освещение и установить дополнительные переходы. — Разве можно обсуждать переходы, когда в школах не хватает учителей математики и физики? Дети недополучают образование, падает уровень подготовки. Сначала решите проблему с преподавателями, а потом уже занимайтесь дорогами.	Разве можно обсуждать переходы, когда в школах не хватает учителей математики и физики[SEP]Сначала решите проблему с преподавателями, а потом уже занимайтесь дорогами
false dilemma	В медицине обсуждается вакцинация. Либо все обязаны вакцинироваться без исключений, чтобы остановить распространение болезни. Врачи предупреждают о рисках эпидемий. либо система здравоохранения не справится и начнётся катастрофа. При этом не рассматриваются индивидуальные подходы и дополнительные меры профилактики.	Либо все обязаны вакцинироваться без исключений,[SEP]либо система здравоохранения не справится и начнётся катастрофа.
fallacy of credibility	— Исследования показывают, что переработка отходов снижает нагрузку на окружающую среду. — Переработка не нужна, потому что раньше люди просто выбрасывали мусор и жили нормально, так делали десятилетиями. Это считалось естественным способом обращения с отходами. Раз этот подход использовался долгое время, значит он остаётся правильным и сейчас. Новые методы воспринимаются как излишние.	Переработка не нужна, потому что раньше люди просто выбрасывали мусор и жили нормально[SEP]Раз этот подход использовался долгое время, значит он остаётся правильным и сейчас
ad populum	В разговоре о школьной форме родитель заявил: 90% семей в нашем районе одобряют обязательную форму, значит это педагогически правильное решение. Детали влияния на учеников обсуждать не стали.	90% семей в нашем районе одобряют обязательную форму, значит это педагогически правильное решение
faulty generalization	На лекции один студент задал странный вопрос, не по теме. Преподаватель удивился. Один студент задаёт нелепые вопросы — значит, все студенты этой группы не понимают материал. Это создаёт определённое впечатление о курсе.	Один студент задаёт нелепые вопросы — значит, все студенты этой группы не понимают материал
faulty generalization	Один блогер допустил фактическую ошибку — значит, все блогеры распространяют недостоверную информацию. После этого я стал скептичнее относиться к подобным каналам.	Один блогер допустил фактическую ошибку — значит, все блогеры распространяют недостоверную информацию
equivocation	Я считаю, что охота — это сильное желание. Когда есть охота что-то сделать, человек действует активно и достигает целей. В природе охота требует навыков и терпения. Охота направляет действия и приводит к результату, будь то желание или процесс добычи. Если есть охота, значит результат неизбежен. Следовательно, любое желание обязательно реализуется. Поэтому если мне что-то хочется, это точно произойдёт.	Охота направляет действия и приводит к результату, будь то желание или процесс добычи. Если есть охота, значит результат неизбежен. Следовательно, любое желание обязательно реализуется.
fallacy of credibility	"На совещании по экологической политике один участник резко возразил: ""Он говорит, что новые фильтры сократят выбросы на 40%. Но он никогда не проявлял поддержку в сторону экологической повестки — его знания об экологии и влиянии человека на природу как у маленького ребёнка. Он путает базовые понятия, не разбирается в механизмах загрязнения и рассуждает о климате так, будто это тема для светской беседы, а не научная проблема. Даже если цифры выглядят правдоподобно, доверять ему бессмысленно: за каждым его заявлением — легкомыслие и полное пренебрежение научными фактами!"""	его знания об экологии[SEP]как у[SEP]ребёнка[SEP]доверять ему бессмысленно
ad hominem	— Предлагаю увеличить финансирование общественного транспорта. — Ты просто испытываешь личную неприязнь к автомобилистам, поэтому твои аргументы о пользе транспорта предвзяты и неубедительны. Бюджет ограничен.	Ты просто испытываешь личную неприязнь к автомобилистам, поэтому твои аргументы о пользе транспорта предвзяты и неубедительны
fallacy of extension	— Я думаю, что родителям стоит ограничивать доступ детей к социальным сетям в ночное время. Это помогает улучшить сон и снизить зависимость от постоянного скроллинга. Речь не о запрете, а о разумных границах. — То есть вы хотите полностью запретить детям пользоваться интернетом и изолировать их от современного мира? Значит, по вашему, они не должны общаться с друзьями онлайн, учиться через цифровые платформы и вообще понимать, как устроена современная коммуникация? Вы предлагаете вырастить поколение, которое будет отставать от всех остальных, потому что его держали в информационной изоляции!	родителям стоит ограничивать доступ детей к социальным сетям в ночное время[SEP]То есть вы хотите полностью запретить детям пользоваться интернетом и изолировать их от современного мира
appeal to emotion	На обсуждении запрета абортов один активист рассказывал о ценности жизни. Он описывал образ будущего ребёнка, которого никто не увидит. Неужели вы способны лишить его шанса родиться? Поэтому аборты должны быть запрещены.	Неужели вы способны лишить его шанса родиться? Поэтому аборты должны быть запрещены.
ad hominem	На лекции по этике он говорил о важности честности в бизнесе. Однако он сам ранее участвовал в сомнительных сделках, поэтому его аргументы о моральных принципах не заслуживают доверия. Это подрывает его позицию.	он сам ранее участвовал в сомнительных сделках, поэтому его аргументы о моральных принципах не заслуживают доверия
fallacy of relevance	— Анализ показал, что внедрение новых систем видеонаблюдения в школах не снижает уровень буллинга: по данным исследования, в 65% случаев агрессия просто перемещается в зоны без камер. Возможно, стоит инвестировать в психологическую поддержку и обучение педагогов. — Зачем обсуждать камеры и буллинг, когда у учителей и так перегрузка и низкие зарплаты? Педагоги работают по 10 часов в день, заполняют отчёты и получают меньше среднего по региону. Пока мы не решим их социальное положение, никакие программы против буллинга не будут работать. Сначала достойная оплата труда, а потом уже разговоры о школьной атмосфере.	Зачем обсуждать камеры и буллинг, когда у учителей и так перегрузка и низкие зарплаты
fallacy of extension	— Я думаю, что стоит ограничить использование одноразового пластика в крупных торговых сетях, предлагая альтернативы вроде многоразовых сумок. Это не означает мгновенный запрет, а скорее постепенный переход с учётом удобства покупателей и бизнеса. Такие меры уже показали эффективность в ряде стран. — Понятно! Значит, вы хотите полностью запретить весь пластик и оставить людей без привычных товаров? Ни упаковки, ни бутылок, ни медицинских изделий — всё под нож! Вы предлагаете разрушить промышленность, уволить тысячи людей и вернуть нас в эпоху, когда всё заворачивали в листья! Это радикализм, который приведёт к хаосу.	стоит ограничить использование одноразового пластика в крупных торговых сетях, предлагая альтернативы[SEP]Значит, вы хотите полностью запретить весь пластик и оставить людей без привычных товаров
fallacy of credibility	Этот диетический план эффективен, потому что его разработал известный бизнес-тренер, который проводит семинары по личностному росту. Он успешен, зарабатывает миллионы и помогает людям достигать целей. Если человек с таким авторитетом говорит, что диета работает, значит она действительно полезна. Он делится своим опытом и утверждает, что благодаря этому питанию чувствует себя лучше. Его успех в карьере показывает, что он умеет принимать правильные решения. Нет необходимости проверять научные исследования или консультироваться с врачами — достаточно довериться мнению человека, который уже доказал свою компетентность в жизни и бизнесе.	Этот диетический план эффективен, потому что его разработал известный бизнес-тренер[SEP]Если человек с таким авторитетом говорит, что диета работает, значит она действительно полезна
fallacy of credibility	На лекции по истории обсуждали необходимость пересмотра школьных учебников. Один студент предложил обновить материалы с учётом новых исследований. Преподаватель ответил: мы не должны менять содержание учебников, потому что любые изменения нарушат преемственность, ведь эти тексты используются десятилетиями и считаются классическими. Они формировали образование нескольких поколений и доказали свою ценность временем. Если начать их менять, можно потерять важные элементы культурного наследия. Поэтому лучше сохранить существующую систему, ведь традиция сама по себе гарантирует правильность содержания.	мы не должны менять содержание учебников[SEP]ведь эти тексты используются десятилетиями и считаются классическими
equivocation	Я думаю, что важно иметь союз с людьми вокруг. Когда есть союз, появляется поддержка, взаимопомощь и чувство единства. Это помогает справляться с трудностями и достигать целей быстрее. Союз соединяет элементы в одно целое, поэтому если использовать союз в речи, он объединяет мысли так же крепко, как люди объединяются в союз. Значит, правильная речь автоматически создаёт крепкие отношения.	Союз соединяет элементы в одно целое, поэтому если использовать союз в речи, он объединяет мысли так же крепко, как люди объединяются в союз
fallacy of extension	— Я думаю, что в медицине стоит больше внимания уделять профилактике заболеваний, чтобы снижать нагрузку на больницы. Это включает просвещение и регулярные обследования. Профилактика должна дополнять лечение, а не заменять его полностью. — Значит, вы хотите вообще перестать лечить людей и ограничиться только советами по здоровому образу жизни? То есть если человек серьёзно заболел, вы предложите ему просто правильно питаться и гулять? Вы предлагаете закрыть больницы, распустить врачей и оставить людей один на один с болезнями? Это не медицина, а издевательство над пациентами!	Профилактика должна дополнять лечение, а не заменять его полностью. — Значит, вы хотите вообще перестать лечить людей и ограничиться только советами по здоровому образу жизни
appeal to emotion	В парламенте обсуждали смертную казнь. Один депутат сказал: Семьи жертв живут в постоянной боли, каждый день для них — напоминание о трагедии. Разве справедливо, что убийца продолжает жить? Их страдания не имеют конца. Поэтому смертная казнь должна быть возвращена.	Разве справедливо, что убийца продолжает жить?[SEP]Поэтому смертная казнь должна быть возвращена.
appeal to emotion	На совещании по обороне обсуждали необходимость вмешательства. Один участник сказал: Подумайте о людях, которые ждут помощи. Как вы можете отвернуться? Их надежда угасает с каждым днём. Поэтому мы должны начать военную операцию.	Подумайте о людях, которые ждут помощи. Как вы можете отвернуться?[SEP]Поэтому мы должны начать военную операцию
false dilemma	На совещании по образовательной политике прозвучало утверждение: система оценивания должна быть пересмотрена. Либо мы полностью переходим на стандартизированные тесты. Обсуждаются сложности с субъективностью учителей и разницей в требованиях между школами. Приводятся примеры неравенства при поступлении в вузы. либо образование окончательно потеряет объективность. Делается акцент на том, что любые альтернативные подходы якобы не способны обеспечить сопоставимые результаты и прозрачность для всех учеников.	Либо мы полностью переходим на стандартизированные тесты[SEP]либо образование окончательно потеряет объективность
circular reasoning	В дебатах о медиа утверждали независимость издания. Издание независимо, потому что публикует независимую аналитику. Это считалось показателем качества. А аналитика является независимой, поскольку издание независимо. Репутацию сочли безупречной.	Издание независимо, потому что публикует независимую аналитику[SEP]А аналитика является независимой, поскольку издание независимо
equivocation	Я люблю музыку и часто думаю о ладе в произведениях. Гармония звуков создаёт настроение и влияет на восприятие. Лад создаёт согласие и порядок, поэтому если в коллективе есть лад, он обязательно звучит как слаженный оркестр. Значит, любая дружная команда способна создавать музыку, даже без инструментов. Всё дело в внутренней гармонии.	Лад создаёт согласие и порядок, поэтому если в коллективе есть лад, он обязательно звучит как слаженный оркестр. Значит, любая дружная команда способна создавать музыку, даже без инструментов.
intentional	— Нужно сократить военные расходы и направить средства на образование и здравоохранение. — Вы выступаете за сокращение армии не потому, что заботитесь о людях, а потому что хотите ослабить страну и сделать её уязвимой. Ваши идеи играют на руку внешним силам. Все разговоры о школах и больницах — это лишь прикрытие. На самом деле вы подрываете безопасность государства.	Вы выступаете за сокращение армии не потому, что заботитесь о людях, а потому что хотите ослабить страну и сделать её уязвимой
intentional	Да, мы вырубили часть леса под новый промышленный объект, но мы действовали из любви к экономическому развитию региона и созданию рабочих мест. Без этого проекта город бы продолжал деградировать. Мы хотели как лучше для жителей, поэтому экологические риски можно считать допустимыми издержками на пути к процветанию. Конечно, сейчас ухудшилось качество воздуха и исчезли природные зоны, но зато появились рабочие места. Иногда приходится жертвовать природой ради будущего людей.	Да, мы вырубили часть леса под новый промышленный объект, но мы действовали из любви к экономическому развитию региона и созданию рабочих мест[SEP]Мы хотели как лучше для жителей, поэтому экологические риски можно считать допустимыми издержками на пути к процветанию
intentional	— Я считаю, что нужно сократить военные расходы и направить средства в социальную сферу. — вы предлагаете это не из заботы о гражданах, а потому что хотите ослабить обороноспособность страны и ваша настоящая цель — сделать нас уязвимыми перед внешними угрозами. Все ваши аргументы о школах и больницах — это лишь прикрытие. На самом деле вы играете на руку тем, кто заинтересован в нашей слабости.	вы предлагаете это не из заботы о гражданах, а потому что хотите ослабить обороноспособность страны[SEP]ваша настоящая цель — сделать нас уязвимыми перед внешними угрозами
circular reasoning	В политическом анализе рассматривается авторитет лидера. Лидер обладает легитимностью, поскольку его поддерживает население. Однако поддержка населения объясняется тем, что лидер легитимен. Это подаётся как доказательство устойчивости власти.	Лидер обладает легитимностью, поскольку его поддерживает население[SEP]поддержка населения объясняется тем, что лидер легитимен
false causality	После того как в классе повесили новые шторы, ученики стали вести себя спокойнее и внимательнее, учителя это сразу заметили. Значит, именно изменение интерьера влияет на дисциплину и поведение детей.	После того как в классе повесили новые шторы, ученики стали вести себя спокойнее и внимательнее
faulty generalization	На прошлой неделе я заказал еду через новое приложение, и курьер опоздал. Это немного испортило вечер. Один заказ приехал с задержкой — значит, все доставки через это приложение всегда работают плохо и опаздывают. Больше пользоваться им не хочется.	Один заказ приехал с задержкой — значит, все доставки через это приложение всегда работают плохо и опаздывают
faulty generalization	Недавно сосед купил умную колонку, и она иногда не понимала команды. Это выглядело странно. Одна колонка работает с ошибками — значит, все такие устройства бесполезны. Технология не готова.	Одна колонка работает с ошибками — значит, все такие устройства бесполезны
circular reasoning	На конференции по экономической политике обсуждали налоговую реформу. Эта система налогообложения является справедливой, поскольку она обеспечивает справедливое распределение налоговой нагрузки. Эксперты подчёркивали её социальную значимость. При этом справедливое распределение налоговой нагрузки объясняется тем, что сама система налогообложения является справедливой.	Эта система налогообложения является справедливой, поскольку она обеспечивает справедливое распределение налоговой нагрузки[SEP]справедливое распределение налоговой нагрузки объясняется тем, что сама система налогообложения является справедливой
false dilemma	В системе правосудия обсуждают роль присяжных. Одни считают их гарантом справедливости, другие указывают на риск ошибок. Есть только два варианта: либо мы полностью доверяем решениям присяжных, считая их выражением воли народа и справедливости, потому что судьи якобы оторваны от общества. Возможности смешанных моделей игнорируются. либо отказываемся от них и передаём всё профессиональным судьям, даже если это снижает участие граждан.	Есть только два варианта: либо мы полностью доверяем решениям присяжных[SEP]либо отказываемся от них и передаём всё профессиональным судьям
equivocation	Я много думаю о том, как важно держать мир в семье. Когда в доме царит мир, никто не ругается, все поддерживают друг друга, дети растут спокойными, а взрослые чувствуют уверенность в завтрашнем дне. Мир нужно беречь и поддерживать, ведь без него начинается разрушение и хаос. Поэтому любые действия, которые направлены на установление мира, всегда оправданы. Даже если ради этого приходится уступать или идти на жёсткие меры. Значит, если государство начинает войну ради мира, это правильный шаг, потому что конечная цель — сохранить мир как ценность.	Мир нужно беречь и поддерживать, ведь без него начинается разрушение и хаос. Поэтому любые действия, которые направлены на установление мира, всегда оправданы.[SEP]Значит, если государство начинает войну ради мира, это правильный шаг
circular reasoning	На экономическом форуме обсуждали устойчивость валюты. Валюта стабильна, потому что демонстрирует макроэкономическую устойчивость, а макроэкономическая устойчивость обусловлена тем, что валюта стабильна. Эксперты продолжили дискуссию.	Валюта стабильна, потому что демонстрирует макроэкономическую устойчивость, а макроэкономическая устойчивость обусловлена тем, что валюта стабильна
appeal to emotion	На дебатах о миграции участник заявил: Люди чувствуют страх, когда не понимают, кто живёт рядом с ними. Город теряет привычное лицо. Разве вы хотите потерять своё чувство безопасности? Поэтому нужно полностью закрыть границы.	Разве вы хотите потерять своё чувство безопасности? Поэтому нужно полностью закрыть границы.
fallacy of credibility	В обсуждении традиций один человек утверждает: Мы должны продолжать устраивать свадьбы именно по старым обычаям, потому что так делали наши предки на протяжении многих поколений, и это считалось единственно правильным. Любые современные изменения воспринимаются как нарушение порядка. Люди считают, что традиция сама по себе является доказательством правильности. Даже если некоторые элементы устарели или неудобны, это игнорируется. Основной аргумент заключается в том, что прошлое уже всё решило, и нет необходимости что-то пересматривать.	Мы должны продолжать устраивать свадьбы именно по старым обычаям[SEP]так делали наши предки на протяжении многих поколений, и это считалось единственно правильным
ad populum	Исследователь предложил новую гипотезу. Она не получила признания среди научного большинства, значит, она ложная. В научной среде редко игнорируют действительно верные идеи.	Она не получила признания среди научного большинства, значит, она ложная
ad hominem	В разговоре о воспитании детей один родитель предложил отказаться от наказаний. Другой ответил: ты сам вырос в хаотичной семье и не признаёшь дисциплину, следовательно твои аргументы о воспитании не заслуживают внимания. Спор быстро обострился.	ты сам вырос в хаотичной семье и не признаёшь дисциплину, следовательно твои аргументы о воспитании не заслуживают внимания
intentional	— Я считаю, что нужно ограничить рекламу азартных игр, потому что это вызывает зависимость и разрушает семьи. — вы так говорите, потому что хотите ограничить свободу людей и навязать им свои моральные взгляды и на самом деле стремитесь контролировать поведение общества, а не защитить его. Вы прикрываетесь заботой, но на деле это попытка диктовать, что можно, а что нельзя.	вы так говорите, потому что хотите ограничить свободу людей и навязать им свои моральные взгляды[SEP]на самом деле стремитесь контролировать поведение общества, а не защитить его
intentional	Да в том, чтобы брать взаймы в микрофинансовых компаниях есть риски. Да, процентные ставки достигают 600 – 700 процентов годовых, и да, многие заёмщики потом продают единственную квартиру или остаются без машины, и да, некоторых годами преследуют коллекторы и поджигают их квартиры. Но ведь люди сами, берут эти займы, значит, их все устраивает! Они собственноручно, нажимают кнопку «взять займ» в приложении или расписываются в договоре в офисе! Никто их пистолетом к виску не приставлял. Значит, они сами оценили риски и решили, что это выгодно. Если бы их что-то не устраивало, они бы просто не брали кредит. Всё просто: добровольный выбор -- добровольное согласие со всеми условиями. Раз они выбирают взять — значит, система их полностью устраивает. Не нужно вводить ограничения на ставки: рынок сам регулируется через свободный выбор потребителей. Так что не нужно запрещать микрофинансовые организации. Люди сами осознанно на себя берут эти риски.	Да в том, чтобы брать взаймы в микрофинансовых компаниях есть риски[SEP]Но ведь люди сами, берут эти займы, значит, их все устраивает[SEP]Так что не нужно запрещать микрофинансовые организации
equivocation	Я стараюсь сохранять тепло в отношениях с близкими. Это проявляется в заботе, внимании и поддержке. Тёплая атмосфера делает жизнь приятнее. Тепло — это физическая энергия, значит, чем больше тепла в отношениях, тем больше энергии передаётся между людьми буквально. Поэтому можно «заряжаться» от общения так же, как от источника тепла.	Тепло — это физическая энергия, значит, чем больше тепла в отношениях, тем больше энергии передаётся между людьми буквально.
false dilemma	В налоговой политике у нас есть только два пути: повысить налоги на бизнес, чтобы наполнить бюджет. Экономическая ситуация остаётся напряжённой, государство ищет источники дохода для социальных программ и инфраструктуры. При этом обсуждаются разные варианты оптимизации расходов и стимулирования экономики. либо отказаться от этого шага и столкнуться с неизбежным дефицитом и развалом социальной системы. В такой логике любое снижение налоговой нагрузки автоматически рассматривается как угроза стабильности, а альтернативные меры даже не получают серьёзного внимания.	В налоговой политике у нас есть только два пути:[SEP]либо отказаться от этого шага и столкнуться с неизбежным дефицитом и развалом социальной системы.
equivocation	Я часто думаю о свете, потому что без него невозможна жизнь. Свет даёт энергию растениям, определяет биоритмы человека, влияет на настроение. Это фундаментальная вещь. Свет освещает путь и делает всё видимым, значит, если есть свет, всё становится понятным и ясным. Поэтому достаточно включить освещение в комнате, чтобы решить сложные интеллектуальные задачи.	Свет освещает путь и делает всё видимым, значит, если есть свет, всё становится понятным и ясным.
appeal to emotion	В парламенте обсуждали слежку в транспорте. Депутат говорил о страхе пассажиров и напряжении в час пик. Неужели вы хотите, чтобы каждый поезд мог стать местом трагедии? Никто не ответил. Значит нужно установить тотальное видеонаблюдение без исключений.	Неужели вы хотите, чтобы каждый поезд мог стать местом трагедии?[SEP]Значит нужно установить тотальное видеонаблюдение без исключений.
ad hominem	— Нужно пересмотреть городскую транспортную стратегию и развивать общественный транспорт. — Это говорит человек, который одержим статусом и демонстративным потреблением, поэтому его аргументы о пользе общественного транспорта лицемерны и несостоятельны. Он просто пытается выглядеть прогрессивным.	Это говорит человек, который одержим статусом и демонстративным потреблением, поэтому его аргументы о пользе общественного транспорта лицемерны и несостоятельны
equivocation	Я часто думаю о мотивации и о том, как важно находить внутренний мотив для действий. Без мотива трудно двигаться вперёд и достигать целей. Это основа продуктивности. Мотив задаёт направление действиям и определяет их структуру, как в музыке он формирует мелодию. Если у меня есть мотив, значит мои действия автоматически складываются в гармоничную последовательность. Поэтому любые мои поступки оправданы — ведь у них есть мотив. А раз есть мотив, значит всё происходит правильно и закономерно.	Мотив задаёт направление действиям и определяет их структуру, как в музыке он формирует мелодию. Если у меня есть мотив, значит мои действия автоматически складываются в гармоничную последовательность.
ad populum	— Мне кажется, этот метод лечения недостаточно изучен. — Его применяют во многих клиниках и рекомендуют тысячи пациентов, значит, он уже доказал свою эффективность. Дополнительные исследования не нужны.	Его применяют во многих клиниках и рекомендуют тысячи пациентов, значит, он уже доказал свою эффективность
intentional	— Я предлагаю пересмотреть систему премирования, потому что текущие KPI стимулируют формальные показатели, а не реальную пользу клиентам. Мы видим рост жалоб и снижение повторных покупок, хотя отчёты выглядят отлично. — Вы продвигаете изменения KPI, потому что хотите скрыть собственные провалы и уменьшить личную ответственность перед руководством и на самом деле стремитесь ослабить контроль, чтобы легче было манипулировать результатами отдела. Все ваши разговоры о клиентах — это удобная ширма. Если убрать жёсткие метрики, станет невозможно проверить, кто действительно работает, а кто просто создаёт видимость. Вы хотите размыть критерии, чтобы ваши показатели перестали выглядеть слабо. Поэтому вы и критикуете систему, которая вас не устраивает.	Вы продвигаете изменения KPI, потому что хотите скрыть собственные провалы и уменьшить личную ответственность перед руководством[SEP]на самом деле стремитесь ослабить контроль, чтобы легче было манипулировать результатами отдела
circular reasoning	Свободный доступ в интернет нужно запретить — это очевидно. Почему? Потому что свободный доступ в интернет опасен для общества. А почему он опасен? Потому что он вреден. А почему он вреден? Потому что он опасен. Всё просто: если доступ опасен, значит он вреден, а если вреден — значит опасен. И раз он одновременно и опасен, и вреден, то его нужно запретить. Это логично и не требует дополнительных доказательств.	свободный доступ[SEP]опасен для общества[SEP]он опасен? Потому что[SEP]вреден[SEP]он вреден? Потому что[SEP]опасен
false causality	Как только блогер начал выкладывать видео ежедневно, количество подписчиков резко выросло, следовательно, именно частота публикаций напрямую приводит к популярности. Этот пример часто приводят начинающим авторам.	Как только блогер начал выкладывать видео ежедневно, количество подписчиков резко выросло, следовательно, именно частота публикаций напрямую приводит к популярности
fallacy of extension	— Я считаю, что в школах нужно больше говорить о финансовой грамотности, чтобы дети понимали базовые вещи. Это практический навык. — Значит, вы хотите превратить школы в курсы по зарабатыванию денег и забыть про образование вообще? То есть никакой науки, только расчёты прибыли? Вы предлагаете вырастить поколение циников, для которых деньги — единственная ценность! По вашей логике, культура и знания не важны!	в школах нужно больше говорить о финансовой грамотности, чтобы дети понимали базовые вещи[SEP]Значит, вы хотите превратить школы в курсы по зарабатыванию денег и забыть про образование вообще
equivocation	Я стараюсь жить в мире с окружающими: не конфликтовать, находить компромиссы, уважать чужое мнение. Это создаёт спокойную атмосферу и помогает чувствовать себя лучше. Мир — это состояние без войны, где всё спокойно и безопасно, а значит мир должен быть везде вокруг меня. Поэтому если я выхожу на улицу, весь мир должен быть мирным и не создавать мне неудобств, иначе это нарушение мира. Если кто-то спорит со мной, он разрушает этот мир и поступает неправильно.	Мир — это состояние без войны, где всё спокойно и безопасно, а значит мир должен быть везде вокруг меня. Поэтому если я выхожу на улицу, весь мир должен быть мирным и не создавать мне неудобств, иначе это нарушение мира.
appeal to emotion	Во время дискуссии о слежке чиновник заявил: Представьте, как родственники ищут пропавших близких, не находя никакой помощи. Их отчаяние безгранично. Неужели вы откажете им в надежде? Технологии могут спасти жизни. Поэтому тотальный контроль необходим.	Неужели вы откажете им в надежде?[SEP]Поэтому тотальный контроль необходим.
fallacy of relevance	— В отчёте указано, что более 50% малых предприятий закрываются в первые два года из-за высоких налогов и административных барьеров. Это тормозит экономическое развитие. — Но ведь у нас растёт число пользователей социальных сетей и блогеров, которые зарабатывают онлайн? Это новая экономика и новые возможности. Давайте лучше обсуждать цифровые тренды и контент-индустрию, а не проблемы традиционного бизнеса.	Но ведь у нас растёт число пользователей социальных сетей и блогеров, которые зарабатывают онлайн[SEP]Давайте лучше обсуждать цифровые тренды и контент-индустрию, а не проблемы традиционного бизнеса
ad populum	В компании обсуждали переход на четырёхдневную рабочую неделю. Большинство сотрудников в опросе высказались за эту модель, следовательно, она повысит продуктивность. Руководство приняло решение без дополнительных исследований.	Большинство сотрудников в опросе высказались за эту модель, следовательно, она повысит продуктивность
ad hominem	— Нужно внедрять цифровые паспорта для удобства граждан. — Ты просто обожаешь контроль и склонен к авторитарному мышлению, поэтому твои аргументы о цифровых паспортах предвзяты и неубедительны. Есть и другие риски.	Ты просто обожаешь контроль и склонен к авторитарному мышлению, поэтому твои аргументы о цифровых паспортах предвзяты и неубедительны
fallacy of relevance	— В городе увеличилось количество ДТП: за год рост составил 22%, особенно на нерегулируемых перекрёстках. Это требует установки светофоров и улучшения дорожной разметки. — А вы знаете, что у нас активно развивается ресторанный бизнес и открываются новые гастрономические пространства? Город становится центром притяжения гурманов. Зачем обсуждать аварии, когда у нас такой рост в сфере услуг и развлечений? Это формирует позитивный образ.	А вы знаете, что у нас активно развивается ресторанный бизнес и открываются новые гастрономические пространства[SEP]Зачем обсуждать аварии, когда у нас такой рост в сфере услуг и развлечений
fallacy of credibility	В обсуждении культуры один человек говорит: Мы не должны менять национальную кухню, потому что она формировалась веками и передавалась из поколения в поколение как единственно правильная. Любые эксперименты воспринимаются как нарушение традиций. Люди считают, что длительная история сама по себе является доказательством правильности. Даже если вкусы меняются, это игнорируется.	Мы не должны менять национальную кухню[SEP]она формировалась веками и передавалась из поколения в поколение как единственно правильная
fallacy of relevance	— Миссионерские организации часто используют уязвимость людей в бедных регионах: они предлагают еду и медицинскую помощь только тем, кто согласится пройти религиозное крещение или посещать службы. Это эксплуатация нуждающихся ради прозелитизма, а не бескорыстная помощь. Дети в приютах вынуждены учить молитвы, чтобы получить еду. Такие методы нарушают свободу совести и превращают благотворительность в инструмент давления.  — Но ведь в мире столько других проблем! Посмотрите на загрязнение океанов — миллионы тонн пластика убивают морских животных каждый год. А изменение климата? Ледники тают, уровень моря растёт, целые острова исчезают с карты. Или возьмите бездомных животных в наших городах — тысячи собак и кошек голодают на улицах. Почему вы зациклились на миссионерах, когда есть куда более серьёзные угрозы человечеству и планете? Пока вы спорите о крещении, пингвины теряют свой ледовый дом. Займитесь чем-то действительно важным!	Но[SEP]в мире столько других проблем[SEP]загрязнение океанов[SEP]изменение климата[SEP]бездомных животных[SEP]Почему вы зациклились на миссионерах, когда есть[SEP]более серьёзные угрозы
false causality	Мой знакомый начал носить умные часы и через пару месяцев похудел на пять килограммов. Он говорит, что стал внимательнее к активности. Поскольку снижение веса совпало с покупкой часов, можно сделать вывод, что именно устройство помогло ему похудеть. Теперь многие из его друзей тоже хотят такие часы.	Поскольку снижение веса совпало с покупкой часов, можно сделать вывод, что именно устройство помогло ему похудеть
ad populum	— Я думаю, стоит попробовать веганскую диету. — Она не находит поддержки у большинства населения, её выбирают единицы — значит, это вредная и несбалансированная практика. Не стоит рисковать здоровьем.	Она не находит поддержки у большинства населения, её выбирают единицы — значит, это вредная и несбалансированная практика
fallacy of credibility	Во время обсуждения прав человека один участник заявил, что новый закон ограничивает свободы граждан. Ему ответили: вы не имеете права оценивать этот закон, потому что у вас нет юридического образования, и подчеркнули, что без диплома юриста ваше мнение не может считаться обоснованным. Несмотря на то что он цитировал статьи Конституции и международные нормы, его аргументы проигнорировали. Вся дискуссия свелась к тому, что только профессиональные юристы могут высказываться по таким вопросам, независимо от содержания аргументов.	вы не имеете права оценивать этот закон, потому что у вас нет юридического образования[SEP]без диплома юриста ваше мнение не может считаться обоснованным
equivocation	Я считаю, что важно соблюдать баланс в жизни. Баланс помогает не перегружаться, сохранять здоровье и эффективно распределять силы. Когда есть баланс, всё работает гармонично. Баланс — это равновесие, при котором система устойчива. Значит, если я достигаю внутреннего баланса, моё тело тоже становится физически устойчивым, и я не могу потерять равновесие даже на скользкой поверхности. Поэтому медитация делает меня устойчивым буквально во всех смыслах.	Баланс — это равновесие, при котором система устойчива. Значит, если я достигаю внутреннего баланса, моё тело тоже становится физически устойчивым, и я не могу потерять равновесие даже на скользкой поверхности.
circular reasoning	На совещании по ИТ-безопасности утверждают эффективность системы. Система защиты является надёжной, потому что предотвращает угрозы. А предотвращение угроз обеспечивается тем, что система надёжна. После этого вопрос о модернизации откладывают.	Система защиты является надёжной, потому что предотвращает угрозы. А предотвращение угроз обеспечивается тем, что система надёжна
circular reasoning	Многие возмущаются, что топ-менеджеры получают слишком много. Но это несправедливо: они получают высокие зарплаты, потому что являются топ-менеджерами — людьми на самых ответственных позициях в компании. А раз они находятся на высоких позициях, поэтому у них высокая оплата труда. В конце концов, именно так определяется статус топ-менеджера: по уровню вознаграждения, которое отражает его значимость. А значимость, в свою очередь, подтверждается тем, что компания готова платить ему такие деньги.	топ-менеджеры[SEP]получают высокие[SEP]потому что являются топ-менеджерами[SEP]они находятся на высоких позициях, поэтому[SEP]высокая оплата труда
intentional	Преподаватель объясняет завышенные оценки: Я поставил всем высокие баллы, потому что мои намерения были поддержать студентов и повысить их уверенность. Да, объективно многие работы были слабее стандартов, и это может повлиять на качество образования. Но если бы я оценивал строго, студенты потеряли бы мотивацию. Я действовал из заботы о них, а значит, метод был оправдан, несмотря на последствия. Важно не только знание, но и психологическое состояние учащихся.	Я поставил всем высокие баллы, потому что мои намерения были поддержать студентов и повысить их уверенность[SEP]Я действовал из заботы о них, а значит, метод был оправдан, несмотря на последствия
appeal to emotion	В дискуссии о запрете протестов один политик говорил о беспорядках и страхе жителей. Люди переживают за безопасность. Неужели вы хотите хаоса на улицах? Это разрушает порядок. Поэтому митинги нужно запретить.	Неужели вы хотите хаоса на улицах?[SEP]Поэтому митинги нужно запретить.
equivocation	Недавно я размышлял о том, как важны мотивы в жизни. Мотив заставляет человека действовать, идти к цели, преодолевать трудности. Без мотива нет движения вперёд. Мотив задаёт направление действия, как музыкальный мотив задаёт структуру композиции, значит, повторяя один и тот же мотив, можно управлять поведением человека так же, как повтор задаёт музыку. Поэтому реклама, которая повторяет идеи, фактически программирует людей.	Мотив задаёт направление действия, как музыкальный мотив задаёт структуру композиции, значит, повторяя один и тот же мотив, можно управлять поведением человека так же, как повтор задаёт музыку.
fallacy of relevance	Зачем мы вообще тратим время на обсуждение этических проблем выбора пола ребёнка? У нас в стране миллионы детей растут без родителей в детдомах — вот над чем стоит задуматься! Пока вы тут спорите о гипотетических проблемах, связанных с выбором пола, огромное количество детей растет без должной опеки, а некоторые детдома переполнены. Вот настоящая проблема! Пока есть хоть один сирота, любые разговоры о «праве выбирать пол» — это пустая трата времени и роскошь для избранных. Настоящая проблема — не технологии, а то, что мы забываем о тех, кто уже рождён.	Зачем[SEP]тратим время на обсуждение[SEP]проблем выбора пола ребёнка[SEP]Пока вы[SEP]спорите[SEP]детдома переполнены. Вот настоящая проблема
appeal to emotion	— Свобода прессы важна для общества. — Подумайте о панике, которую вызывают слухи и фейки! Разве вы хотите, чтобы люди жили в постоянной тревоге? Поэтому государство должно жёстко контролировать СМИ. Иначе последствия будут разрушительными.	Подумайте о панике, которую вызывают слухи и фейки! Разве вы хотите, чтобы люди жили в постоянной тревоге? Поэтому государство должно жёстко контролировать СМИ.
circular reasoning	В обсуждении реформы образования один эксперт заявил, что текущая программа не нуждается в изменениях. Учебная программа является оптимальной, поскольку она обеспечивает наилучшие образовательные результаты. Это подтверждается многолетней практикой. А наилучшие образовательные результаты достигаются потому, что программа является оптимальной. Следовательно, менять её нет оснований.	Учебная программа является оптимальной, поскольку она обеспечивает наилучшие образовательные результаты[SEP]А наилучшие образовательные результаты достигаются потому, что программа является оптимальной
fallacy of relevance	— Мы анализировали данные по школьной программе: перегрузка учеников достигает 10–12 часов занятий в день, включая домашние задания. Это приводит к хронической усталости, снижению мотивации и росту тревожности среди подростков. — Давайте лучше поговорим о том, как современные дети слишком много времени проводят в социальных сетях, а не о школьной нагрузке и учебных программах? Они сидят в телефонах по 6–8 часов в день, теряют концентрацию и не умеют общаться вживую. Именно зависимость от гаджетов является настоящей проблемой, а не количество уроков и домашних заданий. Пока это не решено, любые реформы образования бессмысленны.	Давайте лучше поговорим о том, как современные дети слишком много времени проводят в социальных сетях, а не о школьной нагрузке и учебных программах[SEP]Именно зависимость от гаджетов является настоящей проблемой, а не количество уроков и домашних заданий
ad hominem	На научной конференции Иванов представил доклад о недостатках IQ-тестов как инструмента измерения интеллекта. После выступления один коллега заявил: Иванов — неряшливый человек, который не следит за собой и постоянно опаздывает. Какое право он имеет судить о научных методах? Его мнение об IQ-тестах не заслуживает внимания, ведь он даже свою внешность не может привести в порядок!	Иванов — неряшливый человек[SEP]Его мнение об IQ-тестах не заслуживает внимания
false causality	-- Коллеги, данные действительно показывают рост уличной преступности в некоторых регионах после легализации, но это совпало с общим экономическим спадом и сокращением штатов полиции. Исследования не подтверждают прямую связь именно с каннабисом — скорее, мы видим совпадение нескольких факторов.  -- За последние пять лет в регионах с легальным каннабисом продажи марихуаны выросли в геометрической прогрессии, и одновременно с этим мы наблюдаем устойчивый рост краж, драк и других форм уличной преступности. Следовательно, марихуана — причина преступности. Всё очевидно: как только люди начинают употреблять, они теряют контроль и идут на правонарушения.	продажи марихуаны выросли[SEP]одновременно с этим[SEP]рост краж, драк и других форм уличной преступности. Следовательно, марихуана — причина преступности
fallacy of credibility	На заседании обсуждали реформу здравоохранения, и один участник предложил увеличить финансирование профилактики заболеваний, ссылаясь на международный опыт. В ответ ему сказали: Вы не можете давать рекомендации по медицинской политике, потому что, несмотря на представленные данные, у вас нет медицинского образования и опыта работы в системе здравоохранения. У вас нет диплома врача, вы не работали в больнице и не сталкивались с пациентами. Без этого невозможно понять реальные потребности системы и оценить последствия реформ. Даже если ваши аргументы основаны на статистике и исследованиях, отсутствие профильной подготовки делает их недостаточно компетентными. Решения должны принимать только специалисты с медицинским образованием, а не аналитики или экономисты.	Вы не можете давать рекомендации по медицинской политике[SEP]у вас нет медицинского образования и опыта работы в системе здравоохранения
fallacy of credibility	В споре о пользе дистанционного обучения один родитель заявил, что онлайн-формат вреден для детей. В качестве аргумента он сослался на мнение известного шеф-повара, который в интервью говорил о важности «живого общения» и критиковал цифровизацию. Дистанционное обучение вредно, ведь так считает знаменитый шеф-повар с большим жизненным опытом и его слова принимаются как достаточное основание отвергнуть образовательные исследования и статистику. Хотя повар не имеет отношения к педагогике или когнитивной психологии, его популярность и успех были представлены как доказательство правоты. При этом игнорировались исследования эффективности онлайн-обучения, данные университетов и отчёты образовательных организаций.	Дистанционное обучение вредно, ведь так считает знаменитый шеф-повар с большим жизненным опытом[SEP]его слова принимаются как достаточное основание отвергнуть образовательные исследования и статистику
fallacy of credibility	В нашей семье всегда было принято отмечать свадьбы строго по традиционному сценарию, с определёнными обрядами и последовательностью действий. Мы должны сохранить этот формат праздника без изменений, потому что наши предки веками проводили свадьбы именно так и считали это правильным. Любые современные нововведения только портят атмосферу и размывают культурную идентичность. Если поколениями люди придерживались этих правил, значит, в них есть глубокий смысл, даже если мы его не до конца понимаем. Отказ от традиций приведёт к утрате связи с прошлым. Поэтому важно следовать установленным обычаям, не задавая лишних вопросов.	Мы должны сохранить этот формат праздника без изменений[SEP]наши предки веками проводили свадьбы именно так и считали это правильным
fallacy of relevance	— В отчёте полиции указано, что раскрываемость преступлений снизилась до 42%, что вызывает обеспокоенность у населения. — Зачем говорить о раскрываемости, когда в школах не хватает современных учебников и оборудования? Образование формирует будущее общества. Сначала инвестируйте в школы и подготовку детей, ведь именно это влияет на долгосрочную безопасность и развитие.	Зачем говорить о раскрываемости, когда в школах не хватает современных учебников и оборудования[SEP]Сначала инвестируйте в школы и подготовку детей
intentional	— Ты будешь помогать с проектом или тебе удобнее и дальше перекладывать ответственность на других? — Вопрос сформулирован так, что ты заранее предполагаешь, будто я намеренно уклоняюсь от работы и хочу воспользоваться чужим трудом, хотя у меня есть свои задачи и ограничения. Это попытка выставить меня в негативном свете, а не разобраться в распределении обязанностей. Такой подход только ухудшает взаимодействие в команде.	ты заранее предполагаешь, будто я намеренно уклоняюсь от работы и хочу воспользоваться чужим трудом
appeal to emotion	На военном совещании сказали: Мирные жители живут под постоянной угрозой, их дома разрушены, будущее туманно. Как вы можете оставаться безучастными? Они ждут помощи. Значит, необходимо немедленно начать военную операцию.	Как вы можете оставаться безучастными?[SEP]Значит, необходимо немедленно начать военную операцию.
fallacy of credibility	В обсуждении образовательной реформы один участник заявил, что дистанционное обучение неэффективно. В качестве аргумента он сказал: это очевидно, ведь известный писатель и лауреат премии высказался против онлайн-образования, а такие люди понимают, как формируется мышление. Он отметил, что писатель много читает и обладает глубоким пониманием культуры, поэтому его мнение следует считать авторитетным. По его словам, человек, способный создавать сложные литературные произведения, лучше понимает, как должны учиться дети. Поэтому любые исследования в области педагогики можно не учитывать — мнение признанного культурного деятеля уже достаточно убедительно.	это очевидно, ведь известный писатель и лауреат премии высказался против онлайн-образования
appeal to emotion	— Аборты должны оставаться доступными как медицинская услуга. — Женщина может испытывать трудности, но есть и другая сторона. Представьте безмолвное существо, которое не может защитить себя. Оно полностью зависит от решения взрослого. Как можно допустить это, поэтому аборты нужно запретить полностью?	Представьте безмолвное существо, которое не может защитить себя.[SEP]Как можно допустить это, поэтому аборты нужно запретить полностью?
ad populum	Я думал, стоит ли изучать латинский язык. Его почти никто сейчас не учит, следовательно, он бесполезен. Решение далось легко.	Его почти никто сейчас не учит, следовательно, он бесполезен
equivocation	Я всегда стремился говорить красиво и грамотно. Язык — это основа общения, без него невозможно донести мысли и понять других людей. Чем лучше развит язык, тем успешнее человек в обществе. Язык помогает выражать мысли и формировать впечатление о человеке, он должен быть гибким и сильным. Поэтому я стал уделять внимание тренировке тела. Если язык — важный инструмент, значит, развивая мышцы языка, я улучшу свою речь и стану более убедительным в общении. Это напрямую влияет на успех.	Язык помогает выражать мысли и формировать впечатление о человеке, он должен быть гибким и сильным.[SEP]Если язык — важный инструмент, значит, развивая мышцы языка, я улучшу свою речь и стану более убедительным в общении.
false causality	Я заметил, что всякий раз, когда начинаю читать книги по саморазвитию, через некоторое время в жизни происходят позитивные изменения: появляются новые возможности, растёт доход, улучшается настроение. Это повторялось уже несколько раз. Если улучшения следуют после чтения таких книг, значит именно они напрямую запускают эти изменения и притягивают успех. Поэтому стараюсь читать их как можно чаще.	Если улучшения следуют после чтения таких книг, значит именно они напрямую запускают эти изменения и притягивают успех
appeal to emotion	На военном совещании генерал заявил: В далёкой стране люди страдают, их дома разрушены, семьи разлучены. Как можно спокойно наблюдать за этим? Мы видим боль, но ничего не делаем. Поэтому мы обязаны ввести войска и восстановить порядок.	Как можно спокойно наблюдать за этим?[SEP]Поэтому мы обязаны ввести войска и восстановить порядок.
equivocation	Я люблю слушать тосты на праздниках: они объединяют людей, создают атмосферу и поднимают настроение. Хороший тост делает вечер запоминающимся. Тост приносит радость и объединяет людей. Если есть тост, значит становится лучше. А раз поджаренный хлеб — тоже тост, то еда сама по себе объединяет людей и решает конфликты, без дополнительных усилий. Поэтому достаточно накрыть стол.	Тост приносит радость и объединяет людей. Если есть тост, значит становится лучше. А раз поджаренный хлеб — тоже тост, то еда сама по себе объединяет людей и решает конфликты
faulty generalization	Один врач на приёме не смог сразу поставить диагноз — значит, вся клиника некомпетентна. После этого я решил поискать другое место. Записался в частный центр.	Один врач на приёме не смог сразу поставить диагноз — значит, вся клиника некомпетентна
false causality	С тех пор как в офисе начали проводить утренние планёрки, сотрудники стали чаще сдавать проекты в срок, и общее качество работы выросло. Руководство довольно изменениями. Значит, именно утренние встречи стали причиной повышения дисциплины и эффективности. Это простое управленческое решение.	С тех пор как в офисе начали проводить утренние планёрки, сотрудники стали чаще сдавать проекты в срок[SEP]Значит, именно утренние встречи стали причиной повышения дисциплины и эффективности
ad hominem	— Нам стоит ввести более строгие правила модерации комментариев. — Ты склонен к цензуре и не терпишь чужих мнений, следовательно твои предложения продиктованы нетерпимостью и не заслуживают обсуждения. Сообщество должно оставаться свободным.	Ты склонен к цензуре и не терпишь чужих мнений, следовательно твои предложения продиктованы нетерпимостью и не заслуживают обсуждения
fallacy of credibility	Вы утверждаете, что новый законопроект нарушает право на свободу собраний, ссылаясь на статью 31 Конституции и решения Европейского суда по правам человека. Однако ваше мнение не может считаться авторитетным в этом вопросе, потому что у вас нет юридического образования. У вас нет диплома юриста, нет степени магистра права, нет лицензии адвоката и нет сертификата специалиста по конституционному праву. Без формального юридического образования вы не обладаете необходимой компетенцией для анализа законодательных текстов и их соответствия конституционным нормам. Даже если вы цитируете Конституцию и решения ЕСПЧ дословно, отсутствие профильного диплома делает ваши выводы юридически недействительными. Квалифицированную оценку законопроекта могут давать только лица с подтверждённым юридическим образованием — дипломированные юристы, адвокаты, судьи или профессора права. Мнение всех остальных, независимо от того, насколько точно они цитируют законы, остаётся любительским рассуждением без юридической силы.	ваше мнение не может считаться авторитетным в этом вопросе, потому что у вас нет юридического образования[SEP]вы не обладаете[SEP]компетенцией для анализа законодательных текстов
ad populum	Зачем спорить о судьбе старого театра на центральной площади? Опросы показывают: почти 80 процентов горожан поддерживают его снос и строительство современного развлекательного центра с кинотеатром, боулингом и ресторанами. Каждый второй пост в соцсетях — в поддержку сноса, на митинге за стройку собралось в пять раз больше людей, чем против. Когда подавляющее большинство единодушно говорит «да» — это уже не просто мнение, это воля города. А воля большинства всегда отражает истинные потребности общества. Те несколько активистов, которые цепляются за «историческую ценность», просто не понимают, что город живёт настоящим, а не прошлым. Большинство не может ошибаться: если 78% людей хотят развлекательный центр — значит, так и должно быть. Их мнение важнее, чем мнение горстки ностальгирующих романтиков.	Зачем спорить о судьбе старого театра[SEP]почти 80 процентов горожан поддерживают[SEP]снос[SEP]Большинство не может ошибаться
intentional	В муниципалитете решили повысить тарифы на парковку для разгрузки центра. Чиновник признал рост расходов для жителей, но заявил: Мы приняли это решение с благими намерениями — снизить трафик и улучшить экологию города, добрые цели оправдывают рост расходов для граждан и неудобства, которые неизбежно возникнут. Он подчеркнул, что критика — непонимание стратегии. Конкретные альтернативы и оценка эффективности не обсуждались, всё свелось к «правильной» цели.	Мы приняли это решение с благими намерениями — снизить трафик и улучшить экологию города, добрые цели оправдывают рост расходов для граждан и неудобства, которые неизбежно возникнут
false causality	Многие успешные блогеры начинают день с холодного душа. Они рассказывают об этом в интервью. Если успех и холодный душ часто встречаются вместе, значит именно холодный душ приводит к популярности и успеху. Это простой секрет, доступный каждому.	Если успех и холодный душ часто встречаются вместе, значит именно холодный душ приводит к популярности и успеху
equivocation	Я считаю, что важно сохранять свет в жизни. Свет даёт энергию, помогает видеть и ориентироваться. Свет делает мир лучше, а если есть свет, значит, он всегда приносит пользу. Поэтому любое освещение в доме улучшает настроение и здоровье.	Свет делает мир лучше, а если есть свет, значит, он всегда приносит пользу.
false causality	В компании ввели свободный дресс-код, и через квартал снизилась текучесть кадров. Сотрудники выглядят более расслабленными. Раз снижение текучести совпало по времени с отменой строгой формы, значит именно дресс-код стал причиной того, что люди стали реже увольняться. Это улучшает корпоративную культуру.	Раз снижение текучести совпало по времени с отменой строгой формы, значит именно дресс-код стал причиной того, что люди стали реже увольняться
fallacy of credibility	Мы должны продолжать праздновать этот обряд именно в такой форме, потому что его соблюдали наши предки на протяжении столетий, и это делает его правильным. Любые изменения в традиции воспринимаются как утрата культурного наследия. Наши предки не просто так установили эти правила — они передавались из поколения в поколение, формируя идентичность народа. Если мы начнём вносить современные элементы, это разрушит связь времён. Традиция сама по себе является доказательством правильности, ведь она выдержала испытание временем. Поэтому важно сохранять всё в неизменном виде, даже если современная жизнь предлагает новые подходы и возможности.	Мы должны продолжать праздновать этот обряд именно в такой форме[SEP]его соблюдали наши предки на протяжении столетий, и это делает его правильным
intentional	Я понимаю, что новый препарат вызвал серьёзные побочные эффекты у части пациентов, включая осложнения с сердцем и длительную госпитализацию. Но мы внедряли его, потому что наши намерения были чистыми и направлены на спасение как можно большего числа людей. В условиях пандемии нельзя было ждать идеальных данных, нужно было действовать быстро. Да, возможно, мы недооценили риски, но мы же действовали из лучших побуждений. Риски и отдельные негативные последствия не имеют значения, когда главная цель — общее благо и спасение жизней. История покажет, что мы приняли правильное решение.	мы внедряли его, потому что наши намерения были чистыми и направлены на спасение как можно большего числа людей[SEP]Риски и отдельные негативные последствия не имеют значения, когда главная цель — общее благо и спасение жизней
ad hominem	В статье о благотворительности автор призывает увеличить частные пожертвования. Он действует из корыстных мотивов и пытается улучшить собственную репутацию, поэтому его аргументы о пользе пожертвований сомнительны. Читатели спорят в комментариях.	Он действует из корыстных мотивов и пытается улучшить собственную репутацию, поэтому его аргументы о пользе пожертвований сомнительны
ad populum	При обсуждении новой медицинской процедуры врач заметил: Её отвергает большинство специалистов отрасли, значит, она небезопасна. Пациенты после этого отказались от рассмотрения метода.	Её отвергает большинство специалистов отрасли, значит, она небезопасна
false dilemma	В политике здравоохранения обсуждают вакцинацию. Вопрос касается безопасности, доверия и общественного здоровья. Либо вакцинация должна быть строго обязательной для всех, без исключений, потому что только так можно добиться коллективного иммунитета и предотвратить эпидемии. Индивидуальные обстоятельства при этом не учитываются. либо мы оставляем выбор полностью добровольным и рискуем новыми вспышками заболеваний, поскольку отказ от обязательности якобы неизбежно снижает охват.	Либо вакцинация должна быть строго обязательной для всех[SEP]либо мы оставляем выбор полностью добровольным и рискуем новыми вспышками заболеваний
appeal to emotion	Обсуждая контроль рождаемости, политик сказал: страна стареет, пустеют школы, исчезает будущее. Неужели вы готовы смотреть, как нация вымирает? В городах становится всё тише. Поэтому нужно запретить любые ограничения на рождение детей.	Неужели вы готовы смотреть, как нация вымирает?[SEP]Поэтому нужно запретить любые ограничения на рождение детей
faulty generalization	На форуме один пользователь грубо ответил на мой вопрос. Это было неприятно. Один участник ведёт себя агрессивно — значит, всё сообщество токсичное. Подумываю уйти с площадки.	Один участник ведёт себя агрессивно — значит, всё сообщество токсичное
intentional	— Нужно увеличить финансирование науки, потому что это влияет на технологическое развитие страны. — Вы настаиваете на увеличении финансирования не потому, что думаете о развитии, а потому что хотите получить больше грантов для своих проектов. На самом деле это личная выгода. Все разговоры о науке — лишь способ получить деньги.	Вы настаиваете на увеличении финансирования не потому, что думаете о развитии, а потому что хотите получить больше грантов для своих проектов
false dilemma	В сфере науки и инноваций обсуждают распределение ресурсов. Финансирование ограничено, проекты конкурируют друг с другом. Существует только один реальный вариант: либо мы инвестируем исключительно в прикладные исследования, чтобы получать быстрые результаты и экономическую отдачу, потому что фундаментальная наука якобы слишком абстрактна. Долгосрочные эффекты игнорируются. либо тратим деньги впустую на теории без практической пользы, что якобы тормозит развитие экономики.	Существует только один реальный вариант: либо мы инвестируем исключительно в прикладные исследования[SEP]либо тратим деньги впустую на теории без практической пользы
ad hominem	Как можно всерьёз воспринимать его рассуждения о «праве на одиночество»? Он же полный неудачник: без работы, без семьи, без друзей, живёт в съёмной комнате и не может устроить даже собственную жизнь. Такой человек не понимает, что такое настоящие человеческие связи, потому что сам от них бежит. Его «философия одиночества» — это просто оправдание собственной неспособности строить отношения. Зачем слушать того, кто проиграл в жизни? Его мнение не имеет ни веса, ни ценности — оно рождено горечью и завистью к тем, кто умеет быть счастливым среди людей.	Он же[SEP]неудачник[SEP]Зачем слушать того, кто проиграл в жизни
circular reasoning	Во время дебатов о технологиях обсуждали безопасность системы. Система является надёжной, потому что предотвращает сбои, а предотвращение сбоев связано с её надёжностью. В итоге было решено внедрить её повсеместно.	Система является надёжной, потому что предотвращает сбои, а предотвращение сбоев связано с её надёжностью
intentional	— Ты предлагаешь отменить строгий дресс-код в офисе, потому что это повышает комфорт сотрудников. — Ты на самом деле хочешь не повысить комфорт, а создать атмосферу вседозволенности, где сотрудники перестанут соблюдать любые правила и дисциплина полностью исчезнет. Ты просто прикрываешься словами о свободе. На деле ты хочешь ослабить контроль и сделать так, чтобы никто не требовал соблюдения стандартов.	Ты на самом деле хочешь не повысить комфорт, а создать атмосферу вседозволенности, где сотрудники перестанут соблюдать любые правила и дисциплина полностью исчезнет
ad hominem	— Я предлагаю расширить часы работы библиотек для студентов. — Ты сам редко доводишь дела до конца и не ценишь ресурсы, значит твои аргументы о пользе расширения графика несостоятельны. Это выглядит необоснованно.	Ты сам редко доводишь дела до конца и не ценишь ресурсы, значит твои аргументы о пользе расширения графика несостоятельны
equivocation	Я всегда стараюсь выглядеть достойно, потому что вид человека многое говорит о нём. Аккуратная одежда, уверенная походка, спокойное выражение лица создают правильное впечатление. Вид должен быть правильным, иначе тебя не поймут и не примут всерьёз. А правильный вид — это основа ясности и порядка. Именно поэтому я считаю, что в языке тоже важно соблюдать порядок. Если в предложении неправильный вид, значит, оно производит плохое впечатление и его нельзя считать грамотным, ведь внешний вид и структура должны совпадать.	Вид должен быть правильным, иначе тебя не поймут и не примут всерьёз. А правильный вид — это основа ясности и порядка.[SEP]Если в предложении неправильный вид, значит, оно производит плохое впечатление и его нельзя считать грамотным
appeal to emotion	Политик говорил о слежке: Представьте, что преступник остаётся безнаказанным и снова причиняет боль невинным людям. Их крики о помощи остаются неуслышанными. Как вы можете это допустить? Поэтому контроль за гражданами должен быть тотальным.	Как вы можете это допустить? Поэтому контроль за гражданами должен быть тотальным.
ad populum	— В научной статье приводятся аргументы в пользу новой теории сознания. — Но её почти никто не поддерживает в академическом сообществе, значит, она ошибочна. Настоящие идеи всегда быстро получают признание.	Но её почти никто не поддерживает в академическом сообществе, значит, она ошибочна
ad populum	Я сомневаюсь, что криптовалюты — надёжное вложение. Но ведь миллионы инвесторов по всему миру активно покупают их, значит, это разумная стратегия. Люди не стали бы массово вкладываться в то, что не приносит пользы.	Но ведь миллионы инвесторов по всему миру активно покупают их, значит, это разумная стратегия
fallacy of credibility	В дискуссии о журналистике один человек защищает независимые блоги, приводя примеры качественных расследований. Его оппонент говорит: Эти материалы нельзя считать надёжными, потому что, несмотря на факты и документы, их авторы не имеют диплома журналиста. У них нет профильного образования, они не работали в редакциях и не проходили профессиональную подготовку. Без этого невозможно соблюдать стандарты журналистики. Даже если их информация подтверждается источниками, отсутствие диплома делает их работу сомнительной. Только профессиональные журналисты могут создавать достоверный контент, а все остальные считаются любителями.	Эти материалы нельзя считать надёжными[SEP]их авторы не имеют диплома журналиста
false causality	Иван взял микрозайм на пять тысяч рублей, а через месяц получил повышение и стал зарабатывать в два раза больше. Значит, именно займ до зарплаты — причина, по которой он разбогател. Вероятно, не возьми он этот микрозайм, у него не было бы такой мотивации к тому, чтобы разбогатеть. Изменение в поведении именно благодаря взятию займа: появилось желание зарабатывать больше, чтобы вернуть долг.	Иван взял микрозайм[SEP]а через месяц получил повышение и стал зарабатывать в два раза больше. Значит, именно займ до зарплаты — причина, по которой он разбогател
fallacy of extension	— Я думаю, что школам стоит уменьшить объём домашних заданий в младших классах. Это снизит стресс у детей. — То есть вы хотите вообще отменить домашние задания и сделать образование поверхностным и бесполезным? Дети перестанут учиться и вырастут неграмотными!	школам стоит уменьшить объём домашних заданий в младших классах[SEP]вы хотите вообще отменить домашние задания и сделать образование поверхностным и бесполезным
fallacy of extension	— Я думаю, что нужно усиливать контроль за выбросами предприятий, чтобы снизить вред для окружающей среды, особенно вблизи жилых районов. Это можно делать поэтапно, чтобы бизнес успевал адаптироваться. — Значит, вы хотите закрыть все заводы и оставить людей без работы ради экологии? Отлично! Экономика рухнет, люди окажутся на улице — зато воздух станет чище! Это безответственная утопия!	нужно усиливать контроль за выбросами предприятий, чтобы снизить вред для окружающей среды[SEP]вы хотите закрыть все заводы и оставить людей без работы ради экологии
fallacy of credibility	В обсуждении технологий один человек критикует новую платформу, указывая на уязвимости. Другой отвечает: Эта технология надёжна, потому что её поддерживает крупная международная корпорация с безупречной репутацией, и ей можно доверять. Если такая авторитетная компания внедряет её, значит она безопасна. Он использует репутацию организации как доказательство, не рассматривая фактические аргументы.	Эта технология надёжна, потому что её поддерживает крупная международная корпорация с безупречной репутацией[SEP]Если такая авторитетная компания внедряет её, значит она безопасна
ad populum	На лекции по философии студент сказал: эта концепция не получила широкого признания и остаётся маргинальной, значит, она ошибочна. Преподаватель предложил обсудить аргументы подробнее.	эта концепция не получила широкого признания и остаётся маргинальной, значит, она ошибочна
circular reasoning	В обсуждении стартапа инвестор отметил его перспективность. Проект перспективен, потому что имеет высокий потенциал роста. Это делает его привлекательным. Однако потенциал роста вытекает из того, что проект перспективен, что оправдывает инвестиции.	Проект перспективен, потому что имеет высокий потенциал роста[SEP]потенциал роста вытекает из того, что проект перспективен
fallacy of credibility	В обсуждении криптовалют один участник анализирует риски и волатильность рынка. Другой говорит: Криптовалюта надёжна, потому что её поддерживает известный спортсмен с мировыми достижениями, и если человек такого статуса инвестирует в неё, значит это верное решение. Он описывает дисциплину спортсмена и его успехи, утверждая, что такие качества гарантируют правильные финансовые решения. При этом игнорируются экономические показатели и аналитика рынка. Авторитет спортсмена используется как главный довод.	Криптовалюта надёжна, потому что её поддерживает известный спортсмен с мировыми достижениями[SEP]если человек такого статуса инвестирует в неё, значит это верное решение
ad populum	В статье о питании автор заключает: Кето-диета получила массовое распространение среди спортсменов, следовательно, она наиболее полезна для здоровья. Далее приводятся истории успеха.	Кето-диета получила массовое распространение среди спортсменов, следовательно, она наиболее полезна для здоровья
ad hominem	На дебатах о налогах один предприниматель предложил снизить ставки для малого бизнеса. Он ранее уклонялся от налогов и искал лазейки, значит его аргументы о справедливости налоговой системы не заслуживают доверия. Его позиция вызывает сомнения.	Он ранее уклонялся от налогов и искал лазейки, значит его аргументы о справедливости налоговой системы не заслуживают доверия
ad populum	Эксперт усомнился в достоверности популярного психологического теста. Но он широко распространён и используется миллионами людей, значит, его результаты можно считать точными. Дискуссию быстро свернули.	Но он широко распространён и используется миллионами людей, значит, его результаты можно считать точными
fallacy of extension	— Я считаю, что врачам стоит больше времени уделять общению с пациентами и объяснению лечения, а не только заполнению документов, чтобы повысить доверие и эффективность терапии. — Значит, вы предлагаете врачам вообще не лечить, а только болтать с пациентами часами? Давайте отменим анализы, обследования и операции, пусть врачи просто разговаривают! По вашей логике, медицина — это беседы, а не наука. Это же прямой путь к росту смертности!	врачам стоит больше времени уделять общению с пациентами и объяснению лечения, а не только заполнению документов[SEP]Значит, вы предлагаете врачам вообще не лечить, а только болтать с пациентами часами
false causality	В штате Вайоминг ввели закон трех ударов. Уже к концу недели три малых предприятия закрылись. Значит, причина именно в введении закона трех ударов: когда суд выносит строгий приговор, в атмосфере появляются невидимые волны строгости, которые мешают деньгам циркулировать. Предприниматели чувствуют эти волны и теряют желание торговать.	В штате Вайоминг ввели закон трех ударов. Уже к концу недели три малых предприятия закрылись. Значит, причина именно в введении закона трех ударов
ad hominem	— Нужно развивать общественный транспорт вместо расширения дорог. — Ты сам не водишь машину и испытываешь неприязнь к автомобилистам, поэтому твои аргументы предвзяты и не имеют значения. Это не объективный взгляд.	Ты сам не водишь машину и испытываешь неприязнь к автомобилистам, поэтому твои аргументы предвзяты и не имеют значения
fallacy of credibility	В разговоре о воспитании детей бабушка настаивала на строгих правилах. Она сказала: так воспитывали нас и наших родителей, значит, это единственно правильный подход, и добавила, что раз традиция проверена временем, она не может быть ошибочной. Она не учитывала современные исследования психологии. Для неё главным аргументом была сама длительность существования метода.	так воспитывали нас и наших родителей, значит, это единственно правильный подход[SEP]раз традиция проверена временем, она не может быть ошибочной
ad hominem	— Нужно ввести ограничения на рекламу фастфуда. — Ты сам не контролируешь свои привычки и постоянно питаешься вредной едой, поэтому твои аргументы о регулировании питания несостоятельны. Это звучит как попытка переложить ответственность.	Ты сам не контролируешь свои привычки и постоянно питаешься вредной едой, поэтому твои аргументы о регулировании питания несостоятельны
ad populum	В подкасте о криптовалютах ведущий заявил: Широкая публика массово инвестирует в биткоин, значит, это надёжный актив. Затем он перешёл к динамике цен.	Широкая публика массово инвестирует в биткоин, значит, это надёжный актив
fallacy of extension	— Я считаю, что в школах стоит давать больше времени на физическую активность, чтобы дети меньше сидели за партами; это полезно для здоровья и концентрации. Это не отмена учёбы, а баланс. — Вы хотите сократить обучение до минимума и превратить школу в спортивную площадку без знаний и дисциплины? По вашей логике, дети будут только бегать и играть, забыв про математику и язык. Это деградация образования!	в школах стоит давать больше времени на физическую активность, чтобы дети меньше сидели за партами[SEP]Вы хотите сократить обучение до минимума и превратить школу в спортивную площадку без знаний и дисциплины
appeal to emotion	В парламенте говорили о расширении наблюдения. Один депутат сказал: преступники становятся всё изощрённее. Разве вы готовы рисковать безопасностью своих близких? Люди хотят чувствовать защиту. Значит нужно внедрить повсеместное видеонаблюдение.	Разве вы готовы рисковать безопасностью своих близких?[SEP]Значит нужно внедрить повсеместное видеонаблюдение.
fallacy of extension	— Я считаю, что нужно ужесточить правила хранения оружия, чтобы снизить риск несчастных случаев, особенно в семьях с детьми. Это вопрос безопасности. — То есть вы хотите полностью запретить оружие и лишить людей права на самооборону? Прекрасно! Пусть преступники будут вооружены, а обычные граждане — нет. Это опасная политика!	нужно ужесточить правила хранения оружия, чтобы снизить риск несчастных случаев[SEP]вы хотите полностью запретить оружие и лишить людей права на самооборону
ad populum	В юридической дискуссии прозвучало: общественное мнение массово осуждает эту практику, значит, она несправедлива. При этом правовые аргументы остались в стороне.	общественное мнение массово осуждает эту практику, значит, она несправедлива
circular reasoning	В технологическом обзоре обсуждали инновационность продукта. Продукт инновационный, потому что использует инновационные решения. Эксперты отмечали новизну. А инновационные решения применяются, потому что продукт инновационный. Это повысило интерес к разработке.	Продукт инновационный, потому что использует инновационные решения[SEP]А инновационные решения применяются, потому что продукт инновационный
ad populum	— Мне кажется, этот художник недооценён. — О нём почти никто не говорит и его работы не выставляются в крупных галереях, значит он не представляет ценности. В искусстве рынок всё расставляет.	О нём почти никто не говорит и его работы не выставляются в крупных галереях, значит он не представляет ценности
circular reasoning	В обсуждении этических норм было сказано: практика морально допустима, поскольку не нарушает этику, а соответствие этике определяется тем, что практика морально допустима. Участники сочли это достаточным объяснением.	практика морально допустима, поскольку не нарушает этику, а соответствие этике определяется тем, что практика морально допустима
equivocation	Я люблю читать романы, потому что они помогают понять чувства людей, их переживания и внутренний мир. Это развивает эмпатию и делает человека глубже. Роман строится на отношениях и эмоциях, значит, если в жизни есть роман, она становится насыщенной и полноценной. Поэтому любые отношения автоматически делают человека более развитым, даже если в них нет понимания.	Роман строится на отношениях и эмоциях, значит, если в жизни есть роман, она становится насыщенной и полноценной.
ad populum	В дискуссии о диетах один участник заметил: миллионы людей по всему миру придерживаются кето-питания и демонстрируют лояльность к нему, следовательно, это самый правильный режим питания. На этом он завершил аргументацию.	миллионы людей по всему миру придерживаются кето-питания и демонстрируют лояльность к нему, следовательно, это самый правильный режим питания
fallacy of relevance	— Министерство здравоохранения сообщает, что дефицит врачей в сельских районах достиг 40%, а время ожидания приёма к специалисту превышает три недели. В результате растёт смертность от предотвратимых заболеваний, особенно среди пожилых людей. Необходимы программы стимулирования врачей, включая повышение зарплат и обеспечение жильём. — Разве можно сейчас говорить о врачах в деревнях, когда в крупных городах развивается высокотехнологичная медицина и открываются современные клиники? В столице уже работают роботизированные хирургические комплексы, внедряются инновационные методы лечения рака. Сначала нужно поддержать передовые технологии и медицинские центры, а потом уже думать о сельской медицине.	Разве можно сейчас говорить о врачах в деревнях, когда в крупных городах развивается высокотехнологичная медицина и открываются современные клиники[SEP]Сначала нужно поддержать передовые технологии и медицинские центры, а потом уже думать о сельской медицине
false dilemma	В вопросе регулирования криптовалют говорится: другого выбора нет — либо мы полностью запрещаем криптовалюты, чтобы предотвратить мошенничество и отмывание денег. При этом не рассматриваются возможности регулирования и контроля. Технологии продолжают развиваться, и важно учитывать инновационный потенциал. либо финансовая система окажется под угрозой и выйдет из-под контроля. Такой подход исключает компромиссы.	другого выбора нет — либо мы полностью запрещаем криптовалюты,[SEP]либо финансовая система окажется под угрозой и выйдет из-под контроля.
circular reasoning	В банке оценивали кредитоспособность клиента. Клиент платёжеспособен, поскольку имеет высокий кредитный рейтинг. Но высокий кредитный рейтинг формируется из того, что клиент платёжеспособен. Решение приняли быстро.	Клиент платёжеспособен, поскольку имеет высокий кредитный рейтинг[SEP]высокий кредитный рейтинг формируется из того, что клиент платёжеспособен
ad populum	— Ты правда считаешь, что бумажные книги ещё актуальны? — Сейчас почти никто не покупает печатные издания, значит, они утратили ценность. Все перешли на цифровые форматы, и это говорит само за себя.	Сейчас почти никто не покупает печатные издания, значит, они утратили ценность
appeal to emotion	На ток-шоу говорили о расширении полномочий армии внутри страны. Упоминались возможные беспорядки. Как вы сможете защитить своих детей, если государство не вмешается? Вопрос прозвучал резко. Поэтому армия должна получить право действовать внутри страны без ограничений.	Как вы сможете защитить своих детей, если государство не вмешается?[SEP]Поэтому армия должна получить право действовать внутри страны без ограничений.
false causality	В те месяцы, когда я слушаю классическую музыку во время работы, мои отчёты получают более высокие оценки, а руководитель чаще хвалит. Следовательно, именно классическая музыка повышает качество моей работы. Надо составить плейлист для каждого проекта.	В те месяцы, когда я слушаю классическую музыку во время работы, мои отчёты получают более высокие оценки[SEP]Следовательно, именно классическая музыка повышает качество моей работы
intentional	Я понимаю, что в отчёте есть неточности, и да, некоторые цифры были скорректированы вручную, чтобы показатели выглядели лучше. Но я изменил данные, потому что мои намерения были искренне направлены на сохранение рабочих мест и стабильности в отделе . Если бы руководство увидело реальные результаты, нас бы сократили, и десятки людей потеряли бы доход. главное — я действовал из заботы о команде и верил, что благие цели важнее формального соблюдения правил . Мы сейчас в сложном положении, и иногда приходится принимать нестандартные решения. Я не считаю, что сделал что-то плохое, потому что в итоге все остались при работе и смогли продолжить проекты.	я изменил данные, потому что мои намерения были искренне направлены на сохранение рабочих мест и стабильности в отделе[SEP]главное — я действовал из заботы о команде и верил, что благие цели важнее формального соблюдения правил
fallacy of credibility	В обсуждении реформы школьной программы один из участников заявил, что необходимо увеличить количество часов на критическое мышление и медиаграмотность, ссылаясь на исследования ЮНЕСКО и опыт Финляндии. Однако другой возразил: Ваши предложения нельзя считать обоснованными, потому что, несмотря на ссылки на международные отчёты, у вас нет педагогического образования и опыта работы в школе. Он подчеркнул, что только учителя с многолетним стажем и дипломом профильного вуза могут судить о том, какие предметы нужны детям. По его мнению, любые рассуждения человека без преподавательской практики неизбежно оторваны от реальности класса. Даже если исследования показывают положительный эффект, их интерпретация требует профессиональной подготовки. Следовательно, мнение человека без педагогического диплома не должно учитываться при разработке образовательной политики.	Ваши предложения нельзя считать обоснованными[SEP]у вас нет педагогического образования и опыта работы в школе
faulty generalization	Я воспользовался одним сервисом такси, и водитель плохо знал дорогу. Поездка затянулась. Один водитель ошибался в маршруте — значит, все водители этого сервиса не ориентируются в городе. Лучше выбрать другой сервис.	Один водитель ошибался в маршруте — значит, все водители этого сервиса не ориентируются в городе
intentional	На медицинской конференции врач оправдывал применение спорной терапии: Да, у метода есть серьёзные побочные эффекты и недостаточная доказательная база, но мои намерения были чистыми и направлены на спасение пациентов, которым уже ничего не помогало. В таких ситуациях нельзя сидеть сложа руки. Когда речь идёт о попытке спасти жизнь, любые риски и сомнительные последствия становятся второстепенными по сравнению с благой целью. Я действовал как врач, который хочет помочь, а не как бюрократ.	Да, у метода есть серьёзные побочные эффекты и недостаточная доказательная база, но мои намерения были чистыми и направлены на спасение пациентов, которым уже ничего не помогало[SEP]Когда речь идёт о попытке спасти жизнь, любые риски и сомнительные последствия становятся второстепенными по сравнению с благой целью
circular reasoning	Миссионерская деятельность легитимна, потому что она приносит людям истину — ту самую духовную ясность, которая помогает им обрести смысл и направление в жизни. А мы знаем, что она приносит истину, потому что её деятельность легитимна: ведь только то, что признано подлинным и допустимым, может быть источником подлинной истины, а нелегитимные учения, по определению, не могут нести истину.	Миссионерская деятельность легитимна, потому что[SEP]приносит[SEP]истину[SEP]приносит истину, потому что её деятельность легитимна
ad hominem	На обсуждении реформы здравоохранения один участник привёл данные о снижении смертности при ранней диагностике. В ответ прозвучало: Его доводы не стоит учитывать, потому что он циничный карьерист, который постоянно меняет позицию ради выгоды, следовательно его аргументы продиктованы корыстью и не заслуживают доверия. Поэтому давайте не опираться на его выступление.	Его доводы не стоит учитывать, потому что он циничный карьерист, который постоянно меняет позицию ради выгоды, следовательно его аргументы продиктованы корыстью и не заслуживают доверия
fallacy of credibility	В обсуждении здоровья один человек приводит медицинские исследования. Другой отвечает: Этот метод лечения эффективен, потому что его одобрил известный певец, и если человек с таким статусом говорит о пользе, значит это правда. Он подчёркивает, что певец выглядит здоровым и успешным. Научные данные игнорируются, поскольку главным доказательством считается мнение знаменитости.	Этот метод лечения эффективен, потому что его одобрил известный певец[SEP]если человек с таким статусом говорит о пользе, значит это правда
fallacy of credibility	На конференции по образованию учитель предложил внедрить новые методы обучения на основе практических проектов. Однако ему возразили: ваши предложения нельзя воспринимать серьёзно, потому что у вас нет учёной степени в педагогике, и добавили, что без академического статуса вы не обладаете достаточной компетенцией, чтобы предлагать реформы. Несмотря на многолетний опыт работы с учениками и успешные результаты, его идеи были отвергнуты. Участники решили, что только профессора университетов могут высказываться по вопросам образования, а практический опыт в классе не имеет значения без формального признания.	ваши предложения нельзя воспринимать серьёзно, потому что у вас нет учёной степени в педагогике[SEP]без академического статуса вы не обладаете достаточной компетенцией, чтобы предлагать реформы
ad hominem	Она говорит о важности психологического благополучия сотрудников. Однако сама известна своей эмоциональной нестабильностью, поэтому её аргументы о психическом здоровье не заслуживают доверия. Это вызывает вопросы.	сама известна своей эмоциональной нестабильностью, поэтому её аргументы о психическом здоровье не заслуживают доверия
fallacy of extension	— Я считаю, что врачам стоит уделять больше времени объяснению диагнозов пациентам простым языком — это повышает доверие и помогает людям лучше следовать рекомендациям. Сейчас многие пациенты уходят с приёма, не до конца понимая, что с ними происходит, и это создаёт дополнительные риски. — Значит, по-вашему, врачи должны бросить лечение и только сидеть и часами всё разжёвывать пациентам? Отлично, тогда очереди вырастут до бесконечности, а никто так и не получит помощи вовремя! Вы предлагаете превратить медицину в бесконечные разговоры вместо реальной работы. Пусть врачи станут лекторами, а не специалистами — вот к чему ведёт ваша идея!	врачам стоит уделять больше времени объяснению диагнозов пациентам простым языком[SEP]врачи должны бросить лечение и только сидеть и часами всё разжёвывать пациентам
fallacy of extension	— Я считаю, что в городах стоит развивать общественный транспорт, чтобы снизить зависимость от личных автомобилей, особенно в центре, где пробки и загрязнение наиболее серьёзны. — Значит, вы хотите запретить людям иметь машины и заставить всех ездить только в переполненных автобусах? Отлично! Тогда давайте отберём автомобили, закроем дороги и посадим всех в вагоны, как в муравейнике! Вам вообще важно удобство и свобода людей?	в городах стоит развивать общественный транспорт, чтобы снизить зависимость от личных автомобилей[SEP]вы хотите запретить людям иметь машины и заставить всех ездить только в переполненных автобусах
intentional	Я понимаю, что кампания с агрессивной рекламой вызвала негативную реакцию и жалобы пользователей. Но мы запустили её с искренним намерением привлечь внимание к важной социальной проблеме и помочь людям, даже если методы были спорными. Иногда нужно действовать резко, чтобы достучаться до аудитории. Да, часть людей почувствовала давление, но это позволило повысить осведомлённость. Когда цель — донести важное сообщение и изменить поведение общества, способы могут быть жёсткими и оправданными.	Но мы запустили её с искренним намерением привлечь внимание к важной социальной проблеме и помочь людям[SEP]Когда цель — донести важное сообщение и изменить поведение общества, способы могут быть жёсткими и оправданными
fallacy of relevance	— В городском бюджете на здравоохранение образовалась дыра: дефицит составляет 2,3 миллиарда рублей, из-за чего закрываются отделения в районных больницах, сокращается персонал и растут очереди на операции до 6–8 месяцев. По данным департамента, смертность от предотвратимых заболеваний выросла на 12% за два года. Нам необходимо срочно перераспределить средства и усилить финансирование медицины. — Разве можно сейчас думать о финансировании больниц, когда туристический поток в город упал на 30 процентов? Туризм приносил миллиарды рублей в экономику, обеспечивал рабочие места в гостиницах, ресторанах и транспорте. Сначала нужно восстановить привлекательность города для туристов, провести фестивали, улучшить имидж, вложиться в рекламу — тогда появятся доходы, и уже из них можно будет поддерживать медицину. Без экономического роста никакие больницы не спасут ситуацию.	Разве можно сейчас думать о финансировании больниц, когда туристический поток в город упал на 30 процентов[SEP]Сначала нужно восстановить привлекательность города для туристов
equivocation	Я думаю о слове «залог» и его значении. Залог даёт уверенность, снижает риски, обеспечивает выполнение обязательств. Это важный инструмент. Залог гарантирует надёжность, значит, если использовать правильный залог, всё будет защищено и безопасно. Поэтому достаточно грамотно строить фразы, чтобы обеспечить успех сделки.	Залог гарантирует надёжность, значит, если использовать правильный залог, всё будет защищено и безопасно.
circular reasoning	В социальной теории рассматривают авторитет лидеров. Лидер обладает авторитетом, поскольку ему доверяют, а доверие к нему возникает из-за его авторитета. Это влияет на восприятие его решений.	Лидер обладает авторитетом, поскольку ему доверяют, а доверие к нему возникает из-за его авторитета
false dilemma	В обсуждении городской застройки подчёркивается нехватка жилья. Есть только один вариант — активно застраивать все свободные территории, включая зелёные зоны. При этом говорится о росте населения и ценах на квартиры. Упоминается давление на рынок недвижимости. иначе город столкнётся с жилищным кризисом. Альтернативные подходы к планированию пространства не рассматриваются.	Есть только один вариант — активно застраивать все свободные территории,[SEP]иначе город столкнётся с жилищным кризисом.
ad hominem	— Следует ужесточить правила рекламы алкоголя. — Вы сами злоупотребляли в прошлом и теперь пытаетесь навязать всем свои ограничения, поэтому ваши аргументы продиктованы личным опытом и не имеют силы. Давайте без морализаторства.	Вы сами злоупотребляли в прошлом и теперь пытаетесь навязать всем свои ограничения, поэтому ваши аргументы продиктованы личным опытом и не имеют силы
ad hominem	В дискуссии о налоговой реформе он предложил повысить налоги для крупных корпораций. Он известен своей завистливой натурой и неприязнью к богатым, поэтому его аргументы о справедливом налогообложении нельзя воспринимать серьёзно. Это скорее личная обида, чем позиция.	Он известен своей завистливой натурой и неприязнью к богатым, поэтому его аргументы о справедливом налогообложении нельзя воспринимать серьёзно
fallacy of extension	— Я думаю, что городам стоит инвестировать в велоинфраструктуру, чтобы дать людям больше вариантов передвижения и снизить нагрузку на дороги. Это не замена транспорту. — Значит, вы хотите пересадить всех на велосипеды и убрать автомобили и общественный транспорт? Вы предлагаете ездить зимой по снегу и дождю, игнорируя реальность? Тогда города просто остановятся!	городам стоит инвестировать в велоинфраструктуру, чтобы дать людям больше вариантов передвижения[SEP]вы хотите пересадить всех на велосипеды и убрать автомобили и общественный транспорт
faulty generalization	Один школьник списывал на контрольной — значит, все ученики в этом классе склонны к списыванию. Учитель стал строже следить за экзаменами. Атмосфера изменилась.	Один школьник списывал на контрольной — значит, все ученики в этом классе склонны к списыванию
appeal to emotion	Подумайте о детях! Неужели вы хотите, чтобы они жили в страхе — боялись ходить в школу, вздрагивали от каждого громкого звука, просыпались ночами в панике? Строгая политика — единственный способ дать им настоящее чувство безопасности. Без жёстких мер они будут уязвимы, беззащитны, а мы — виноваты в каждой их слезе. Разве можно колебаться, когда речь идёт об их жизни?	Подумайте о детях! Неужели вы хотите, чтобы они жили в страхе
fallacy of relevance	— В сфере кибербезопасности участились утечки данных: за год зафиксировано более 500 крупных инцидентов. Это ставит под угрозу личную информацию граждан и бизнес. — Но ведь у нас в стране падает уровень доверия к СМИ, и это гораздо важнее обсуждения утечек данных. Люди не верят новостям, растёт дезинформация. Без доверия невозможно функционирование общества.	Но ведь у нас в стране падает уровень доверия к СМИ, и это гораздо важнее обсуждения утечек данных
equivocation	Я заметил, что ключ к успеху — это настойчивость и терпение. Без этого невозможно добиться серьёзных результатов, как бы ты ни старался. Ключ вообще играет важную роль — он открывает двери и даёт доступ к новым возможностям. Если ключ открывает двери и позволяет попасть внутрь, то наличие ключа к успеху означает, что все двери в жизни для меня уже открыты. Поэтому мне не нужно сомневаться в результате своих действий.	Если ключ открывает двери и позволяет попасть внутрь, то наличие ключа к успеху означает, что все двери в жизни для меня уже открыты
circular reasoning	В этическом комитете обсуждали допустимость эксперимента. Эксперимент допустим, поскольку не нарушает этические нормы, а отсутствие нарушений объясняется тем, что эксперимент допустим. Решение приняли без дополнительных проверок.	Эксперимент допустим, поскольку не нарушает этические нормы, а отсутствие нарушений объясняется тем, что эксперимент допустим
fallacy of extension	— Я думаю, что в школах стоит уменьшить объём домашних заданий в младших классах для снижения перегрузки детей. Это не отменяет обучения. — Ага, вы хотите полностью отменить домашние задания и оставить детей без практики и знаний? Значит, учёба станет формальностью! Вы предлагаете вырастить неграмотное поколение!	в школах стоит уменьшить объём домашних заданий в младших классах[SEP]вы хотите полностью отменить домашние задания и оставить детей без практики и знаний
appeal to emotion	На заседании по безопасности обсуждали расширение полномочий спецслужб. Один чиновник сказал: Вспомните лица людей после терактов, пустые глаза и разрушенные семьи. Неужели вы готовы снова пережить это? Поэтому нужно разрешить тотальную слежку за всеми гражданами. Иначе мы будем каждый день бояться за близких.	Неужели вы готовы снова пережить это? Поэтому нужно разрешить тотальную слежку за всеми гражданами.
ad hominem	На встрече обсуждали корпоративную этику. Один сотрудник сказал: Он сам неоднократно нарушал внутренние правила и проявлял неуважение к коллегам, значит его аргументы об этике не заслуживают внимания. После этого разговор сменил тему.	Он сам неоднократно нарушал внутренние правила и проявлял неуважение к коллегам, значит его аргументы об этике не заслуживают внимания
circular reasoning	На лекции по философии обсуждали истину. Утверждение истинно, потому что обладает достоверностью, а его достоверность вытекает из того, что утверждение истинно. Студенты пытались найти внешние критерии истины.	Утверждение истинно, потому что обладает достоверностью, а его достоверность вытекает из того, что утверждение истинно
ad populum	— Почему ты против этой теории? — Её не признаёт научное большинство и она не получила поддержки в академическом сообществе, значит, она ложна. Без консенсуса учёных её нельзя воспринимать всерьёз.	Её не признаёт научное большинство и она не получила поддержки в академическом сообществе, значит, она ложна
appeal to emotion	На слушаниях по интернет-регулированию один выступающий говорил о свободе слова. Его оппонент ответил: Представьте подростка, который читает разрушительный контент и теряет смысл жизни. Неужели вы допустите это? Поэтому интернет нужно жёстко цензурировать.	Представьте подростка, который читает разрушительный контент и теряет смысл жизни. Неужели вы допустите это? Поэтому интернет нужно жёстко цензурировать
false dilemma	Климатическую проблему можно решить только радикально — либо мы полностью отказываемся от транспорта на бензине. Обсуждаются гибридные технологии и постепенные переходы. Некоторые страны внедряют смешанные стратегии. Но это отвергается. либо планета станет непригодной для жизни. Другого выхода нет, потому что компромиссы называют самообманом.	Климатическую проблему можно решить только радикально — либо мы полностью отказываемся от транспорта на бензине[SEP]либо планета станет непригодной для жизни. Другого выхода нет
intentional	— В университете стоит расширить грантовую поддержку для студентов из регионов: это повышает доступность образования и снижает отток талантов. — Вы так говорите, потому что хотите протолкнуть своих знакомых на бюджетные места и обойти конкурс и правила отбора. На самом деле ваша цель — распределять ресурсы в пользу «своих», а разговоры о равенстве — лишь фасад. Вы не приводите прозрачных критериев, зато настаиваете на расширении квот. Это выглядит как попытка получить влияние на распределение средств. Поэтому ваши аргументы неубедительны: вы больше говорите о намерениях, чем о проверяемых механизмах отбора и контроле эффективности.	Вы так говорите, потому что хотите протолкнуть своих знакомых на бюджетные места и обойти конкурс[SEP]На самом деле ваша цель — распределять ресурсы в пользу «своих», а разговоры о равенстве — лишь фасад
equivocation	Я считаю, что важно иметь хороший вкус к жизни. Вкус помогает различать качественные вещи, получать удовольствие и выбирать лучшее. Вкус определяет восприятие, а если тренировать вкус, он становится точнее, значит можно буквально научиться правильно воспринимать всё происходящее. Поэтому развитие вкуса решает все жизненные проблемы.	Вкус определяет восприятие, а если тренировать вкус, он становится точнее, значит можно буквально научиться правильно воспринимать всё происходящее
ad populum	— Почему ты не рассматриваешь эту научную теорию? — Её почти никто в академическом сообществе не поддерживает, значит, она неверна. Я не вижу смысла тратить на неё время.	Её почти никто в академическом сообществе не поддерживает, значит, она неверна
fallacy of extension	— Я думаю, что в компаниях стоит поощрять баланс между работой и личной жизнью сотрудников, чтобы снизить выгорание. Это выгодно и бизнесу. — Ясно! Значит, вы хотите, чтобы сотрудники вообще не работали и только отдыхали за счёт компаний? Минимум усилий, максимум отпусков — вы предлагаете разрушить дисциплину и эффективность!	в компаниях стоит поощрять баланс между работой и личной жизнью сотрудников[SEP]Значит, вы хотите, чтобы сотрудники вообще не работали и только отдыхали за счёт компаний
equivocation	Я часто думаю о предложениях на работе: хорошие предложения помогают развивать бизнес и находить новые возможности. Это важно для роста. Если предложение должно быть грамотно построено, чтобы иметь смысл, значит любое предложение требует правильной структуры, а значит плохие предложения не имеют смысла вообще. Поэтому их можно игнорировать полностью. Я не трачу время на их анализ.	Если предложение должно быть грамотно построено, чтобы иметь смысл, значит любое предложение требует правильной структуры, а значит плохие предложения не имеют смысла вообще. Поэтому их можно игнорировать полностью.
false causality	С тех пор как я поменял заставку на телефоне на изображение гор, у меня стало больше удачных сделок. Раз успехи в работе начались после смены заставки, значит именно она приносит удачу и влияет на решения клиентов. Теперь советую всем выбрать «правильную» картинку.	Раз успехи в работе начались после смены заставки, значит именно она приносит удачу и влияет на решения клиентов
fallacy of relevance	Зачем обсуждать повышение минимальной зарплаты? И что, что людям не хватает, но в данный момент проблемы со здравохранением, нужно потратить средства на больницы и поликлиники. Это насущная проблема! Посмотрите на наши больницы: крыши протекают, оборудования не хватает, врачи увольняются пачками. Люди месяцами ждут приёма к онкологу, а скорая приезжает через три часа. Вот над чем надо думать! Пока в поликлиниках тараканы бегают, бессмысленно рассуждать о копейках в зарплате. Сначала улучшим систему здравоохранения — потом уже можно говорить о деньгах.	Зачем обсуждать повышение минимальной зарплаты[SEP]в данный момент проблемы со здравохранением[SEP]Это насущная проблема
fallacy of relevance	— Городской транспорт перегружен: автобусы ходят с опозданиями до 25 минут, метро в часы пик переполнено на 140% от нормы, а количество личных автомобилей выросло на 30% за пять лет. Это приводит к пробкам, загрязнению воздуха и потере времени. Нужно инвестировать в общественный транспорт. — Давайте лучше поговорим о развитии туризма в городе, а не о транспорте и пробках. В прошлом году нас посетило всего 200 тысяч туристов, хотя потенциал гораздо выше. Если вложиться в гостиницы и культурные мероприятия, поток увеличится вдвое. Это принесёт доход в бюджет, а уже потом можно будет решать транспортные проблемы.	Давайте лучше поговорим о развитии туризма в городе, а не о транспорте и пробках
appeal to emotion	На дебатах о миграции эксперт пытался говорить о статистике, но его перебили. Ведущий напомнил о страхах жителей приграничных регионов. Неужели вы хотите, чтобы чужие люди ходили по вашим улицам ночью? Он описал тревожные сцены пустых дворов. Значит, границы нужно закрыть, пока ещё не поздно.	Неужели вы хотите, чтобы чужие люди ходили по вашим улицам ночью?[SEP]Значит, границы нужно закрыть, пока ещё не поздно
intentional	В обсуждении городского бюджета активист предложил сократить финансирование праздничных мероприятий и направить средства на ремонт больниц. Чиновник ответил: Вы предлагаете урезать культурные программы не потому, что заботитесь о медицине, а потому что хотите уничтожить городскую культурную жизнь и оставить людей без досуга. Он утверждал, что за словами о здравоохранении скрывается желание сократить влияние администрации на общественные пространства. В результате вместо анализа распределения бюджета разговор перешёл в плоскость подозрений и обвинений. Чиновник также добавил, что подобные идеи часто продвигают люди, которые не ценят культуру и стремятся всё превратить в утилитарные проекты, игнорируя духовную составляющую жизни города.	Вы предлагаете урезать культурные программы не потому, что заботитесь о медицине, а потому что хотите уничтожить городскую культурную жизнь и оставить людей без досуга
circular reasoning	В университете обсуждали качество образовательной программы. Программа является качественной, поскольку она формирует компетентных выпускников. А компетентность выпускников обусловлена тем, что программа является качественной. Это использовали в рекламных материалах.	Программа является качественной, поскольку она формирует компетентных выпускников. А компетентность выпускников обусловлена тем, что программа является качественной
faulty generalization	Я попробовал новый браузер, и он один раз завис. Приложение зависло при первом запуске — значит, все продукты этого разработчика нестабильны. После этого я его удалил.	Приложение зависло при первом запуске — значит, все продукты этого разработчика нестабильны
circular reasoning	На семинаре по психологии обсуждали устойчивость личности. Личность устойчива, потому что демонстрирует стабильное поведение, а стабильность поведения обусловлена устойчивостью личности. Это было включено в учебные материалы.	Личность устойчива, потому что демонстрирует стабильное поведение, а стабильность поведения обусловлена устойчивостью личности
appeal to emotion	На ток-шоу обсуждали смертную казнь. Один участник сказал: Родители жертв каждую ночь плачут, их жизнь разрушена. Как вы можете говорить о гуманности к убийцам? Поэтому смертную казнь нужно вернуть. Только так можно хоть немного облегчить их боль.	Как вы можете говорить о гуманности к убийцам? Поэтому смертную казнь нужно вернуть.
false dilemma	В бюджетной политике есть только один реальный выбор: мы долго обсуждаем дефицит, рост социальных обязательств и давление на регионы. Экономика переживает непростой период, и правительство ищет устойчивые решения, чтобы не допустить сбоев в выплатах и инвестициях. При этом постоянно поднимается вопрос о перераспределении расходов и оптимизации программ. либо мы резко повышаем налоги и наполняем казну, иначе, как утверждается, невозможно закрыть все дыры. В этом рассуждении игнорируются разные способы повышения эффективности расходов и стимулирования роста. либо государство не сможет выполнять свои функции и начнётся финансовый коллапс. Поэтому предлагается действовать быстро и без оглядки на возможные компромиссы.	В бюджетной политике есть только один реальный выбор:[SEP]либо мы резко повышаем налоги и наполняем казну,[SEP]либо государство не сможет выполнять свои функции и начнётся финансовый коллапс.
faulty generalization	Я познакомился с соседом, который оказался грубым. Это испортило первое впечатление. Один житель этого района неприятный — значит, все соседи здесь такие. Не хочется общаться.	Один житель этого района неприятный — значит, все соседи здесь такие
false dilemma	В налоговой политике у нас есть только два пути: либо мы резко повышаем налоги на бизнес, бюджет сейчас испытывает серьёзный дефицит, социальные программы требуют финансирования, а инфраструктура изношена и нуждается в срочных вложениях. Государство должно искать устойчивые источники дохода, чтобы не накапливать долг. либо страна останется без средств и начнётся финансовый крах. Любые разговоры о постепенных изменениях выглядят слишком медленными на фоне текущих проблем. Если не принять жёсткие меры сейчас, последствия могут оказаться гораздо более тяжёлыми для экономики и населения.	В налоговой политике у нас есть только два пути: либо мы резко повышаем налоги на бизнес,[SEP]либо страна останется без средств и начнётся финансовый крах.
faulty generalization	Коллега однажды не ответил на письмо вовремя, и проект задержался. Это создало напряжение. Один случай задержки ответа — значит, все в отделе постоянно игнорируют письма. Придётся дублировать сообщения.	Один случай задержки ответа — значит, все в отделе постоянно игнорируют письма
fallacy of extension	-- Я считаю, что нужно ввести минимальные требования к алгоритмам рекомендаций в соцсетях: например, обязать показывать пользователям контент не только по популярности, но и с учётом временных рамок, чтобы снизить риск зацикливания на деструктивном контенте. Это не запрет, а просто мера прозрачности.  -- Значит, вы хотите, чтобы государство полностью контролировало все рекомендации, решало, что нам смотреть, и превратило интернет в советское телевидение? Сначала эти требования, а потом и прямое управление лентами, и никакой свободы выбора!	нужно ввести минимальные требования к алгоритмам рекомендаций в соцсетях[SEP]Значит, вы хотите, чтобы государство полностью контролировало все рекомендации
appeal to emotion	На обсуждении закона о слежке прозвучало: Каждая неотслеженная угроза — это потенциальная трагедия для семьи. Люди живут в ожидании беды. Разве вы хотите нести ответственность за это? Поэтому необходимо следить за всеми.	Разве вы хотите нести ответственность за это? Поэтому необходимо следить за всеми.
false dilemma	В образовательной реформе предлагается усилить стандартизацию учебных программ. Либо мы вводим единые жёсткие стандарты для всех школ, чтобы гарантировать одинаковый уровень знаний по всей стране, различия между регионами слишком велики и требуют унификации. Учителя будут обязаны следовать строгим методическим указаниям. либо система образования окончательно развалится из-за хаоса и неравенства. При отсутствии единых требований школы начнут двигаться в разных направлениях, и качество обучения станет непредсказуемым. Родители не смогут быть уверены в уровне подготовки детей, а университеты потеряют ориентиры для отбора абитуриентов.	Либо мы вводим единые жёсткие стандарты для всех школ,[SEP]либо система образования окончательно развалится из-за хаоса и неравенства.
faulty generalization	На собеседовании кандидат растерялся и не ответил на базовые вопросы. Это выглядело странно для специалиста с опытом. Если один кандидат из этого университета так подготовлен, значит, все выпускники этого вуза слабые специалисты. Руководитель сделал соответствующие выводы.	Если один кандидат из этого университета так подготовлен, значит, все выпускники этого вуза слабые специалисты
equivocation	Я считаю, что мотив — это главное в любом деле. Если есть правильный мотив, человек действует осознанно и добивается результата. В музыке мотив задаёт основу всей композиции и определяет её развитие. Мотив ведёт действие вперёд, как мелодия ведёт произведение. Если мотив звучит правильно, всё складывается гармонично. Значит, имея сильный мотив, я уже создаю успешный результат. Поэтому главное — придумать красивый мотив, а остальное сложится само.	Мотив ведёт действие вперёд, как мелодия ведёт произведение. Если мотив звучит правильно, всё складывается гармонично. Значит, имея сильный мотив, я уже создаю успешный результат.
circular reasoning	В обсуждении городской политики прозвучало: план развития является реалистичным, поскольку его цели достижимы. Это отражено в документах. А достижимость целей определяется тем, что план считается реалистичным. Проект был утверждён без правок.	план развития является реалистичным, поскольку его цели достижимы[SEP]А достижимость целей определяется тем, что план считается реалистичным
fallacy of extension	— Я думаю, что власти должны быть более прозрачными в расходовании бюджетных средств. Это повышает доверие. — Значит, вы хотите раскрыть все государственные данные, включая секретную информацию, и поставить страну под угрозу? Это опасно!	власти должны быть более прозрачными в расходовании бюджетных средств[SEP]вы хотите раскрыть все государственные данные, включая секретную информацию, и поставить страну под угрозу
false dilemma	Только так можно остановить инфляцию — полностью заморозить цены. Власти обеспокоены ростом стоимости товаров и услуг. Рассматриваются меры денежной политики и поддержка производства, но они считаются недостаточными. если этого не сделать, утверждается, что ситуация выйдет из-под контроля. то экономика столкнётся с кризисом. В итоге игнорируются более гибкие инструменты регулирования.	Только так можно остановить инфляцию — полностью заморозить цены.[SEP]если этого не сделать,[SEP]то экономика столкнётся с кризисом.
ad hominem	— Введение раздельного сбора мусора повысит уровень переработки. — Вы сами систематически игнорируете экологические практики в быту, поэтому ваши аргументы о раздельном сборе несостоятельны. Это вызывает вопросы.	Вы сами систематически игнорируете экологические практики в быту, поэтому ваши аргументы о раздельном сборе несостоятельны
appeal to emotion	В дебатах о репродуктивных правах выступил активист: он говорил о ценности жизни. Представьте крошечное существо, которое не может себя защитить; неужели вы готовы его уничтожить? Поэтому аборты должны быть полностью запрещены. Это вопрос совести каждого.	Представьте крошечное существо, которое не может себя защитить; неужели вы готовы его уничтожить? Поэтому аборты должны быть полностью запрещены.
circular reasoning	Маркетолог описывает узнаваемость бренда. Бренд узнаваем, потому что легко идентифицируется потребителями, а лёгкость идентификации объясняется тем, что бренд узнаваем. Далее следуют примеры рекламных кампаний.	Бренд узнаваем, потому что легко идентифицируется потребителями, а лёгкость идентификации объясняется тем, что бренд узнаваем
false causality	В университете ввели обязательное посещение лекций, и средний балл студентов повысился. Администрация довольна результатом. Раз повышение оценок произошло после введения обязательного посещения, значит именно присутствие на лекциях автоматически улучшает успеваемость. Это доказало эффективность меры.	Раз повышение оценок произошло после введения обязательного посещения, значит именно присутствие на лекциях автоматически улучшает успеваемость
fallacy of credibility	Мы должны продолжать отмечать этот праздник именно так, как это делали наши предки веками, потому что любые изменения разрушат культурную преемственность. Обычай, который сохранялся на протяжении поколений, является правильным и не требует пересмотра. Современные интерпретации могут исказить смысл традиции. Если праздник дошёл до нас в таком виде, значит, он уже совершенен и не нуждается в изменениях.	Мы должны продолжать отмечать этот праздник именно так, как это делали наши предки веками[SEP]Обычай, который сохранялся на протяжении поколений, является правильным и не требует пересмотра
intentional	Да, мы запустили образовательный курс без аккредитации, и это вызывает вопросы. Но мы сделали это потому что наши намерения были чистыми и направлены на распространение знаний и доступность образования для всех. Мы хотели помочь людям учиться. Даже если качество курса пока неидеально, главное — мы стремились дать возможность развития и обучения. Со временем всё улучшится, но цель уже оправдывает наши действия.	мы сделали это потому что наши намерения были чистыми и направлены на распространение знаний и доступность образования для всех[SEP]Даже если качество курса пока неидеально, главное — мы стремились дать возможность развития и обучения
false causality	Учитель заметил, что ученики, которые используют цветные ручки, чаще получают высокие оценки. Это наблюдается уже несколько лет. Если хорошие оценки совпадают с использованием цветных ручек, значит именно они помогают лучше запоминать материал и повышают успеваемость. Поэтому он советует всем перейти на них.	Если хорошие оценки совпадают с использованием цветных ручек, значит именно они помогают лучше запоминать материал и повышают успеваемость
faulty generalization	Мы обсуждали новый офис после переезда компании. В одном кабинете было душно. Если в одном помещении плохая вентиляция — значит, всё здание неудобное для работы. Некоторые сотрудники начали жаловаться.	Если в одном помещении плохая вентиляция — значит, всё здание неудобное для работы
circular reasoning	На философском семинаре обсуждали политические идеологии. Один студент заявил: Либертарианство неправо, потому что оно ведёт к хаосу, анархии и разрушению социального порядка. А почему оно ведёт к хаосу? Потому что либертарианство — это неправильная идеология.	Либертарианство неправо, потому что оно ведёт к хаосу[SEP]оно ведёт к хаосу? Потому что либертарианство — это неправильная идеология
faulty generalization	Я попробовал новый фитнес-клуб, и тренер уделил мне мало внимания. Атмосфера показалась странной. Один тренер игнорировал клиента — значит, весь персонал клуба так работает. Не вижу смысла туда возвращаться.	Один тренер игнорировал клиента — значит, весь персонал клуба так работает
ad populum	— Может, стоит читать первоисточники по философии? — Почти никто этим не занимается сегодня таким образом, это бесполезная трата времени. Лучше смотреть краткие пересказы.	Почти никто этим не занимается сегодня таким образом, это бесполезная трата времени
faulty generalization	Вчера на встрече один коллега не подготовился и путался в цифрах. Это выглядело странно. Один сотрудник допустил ошибки в отчёте — значит, весь отдел работает непрофессионально. Теперь не доверяю их данным.	Один сотрудник допустил ошибки в отчёте — значит, весь отдел работает непрофессионально
fallacy of extension	— Я думаю, что детям стоит объяснять основы финансовой грамотности уже в школе — как работают кредиты, налоги и личный бюджет. Это поможет им в будущем избегать долгов и принимать более разумные решения. — То есть вы хотите с детства превратить детей в одержимых деньгами прагматиков, которые думают только о прибыли? Прекрасно, давайте уберём из школ искусство, литературу и всё, что связано с развитием личности! Пусть дети с первого класса считают проценты и думают, как заработать, забыв о ценностях, дружбе и творчестве. Вы предлагаете вырастить поколение циничных бухгалтеров!	детям стоит объяснять основы финансовой грамотности уже в школе[SEP]с детства превратить детей в одержимых деньгами прагматиков, которые думают только о прибыли
appeal to emotion	На встрече по вопросам безопасности политик сказал: Представьте улицы, где люди боятся выйти вечером, где каждый звук вызывает тревогу. Как можно допустить такое будущее? Этот страх становится нормой. Поэтому нужно ввести жёсткий контроль и комендантский час.	Как можно допустить такое будущее?[SEP]Поэтому нужно ввести жёсткий контроль и комендантский час.
fallacy of credibility	В разговоре о культуре один человек предлагает изменить формат традиционного фестиваля. Ему возражают: мы должны сохранить его в неизменном виде, ведь это важная традиция, потому что он проводится таким образом уже много поколений. Считается, что длительность существования фестиваля сама по себе является доказательством его правильности. Поэтому любые изменения отвергаются.	мы должны сохранить его в неизменном виде[SEP]потому что он проводится таким образом уже много поколений
false dilemma	В здравоохранении обсуждается внедрение цифровых медицинских карт и систем анализа данных. Это требует инвестиций и изменения процессов. Но формулировка звучит так: либо мы полностью цифровизируем медицину, внедряя электронные системы повсюду. Это повышает эффективность и ускоряет диагностику. либо остаёмся в прошлом и теряем качество лечения, потому что бумажные процессы замедляют работу врачей. В таком виде вопрос не допускает промежуточных решений.	либо мы полностью цифровизируем медицину,[SEP]либо остаёмся в прошлом и теряем качество лечения,
appeal to emotion	В дискуссии о запрете оппозиции участник заявил: Люди устали от нестабильности. Как вы можете поддерживать тех, кто сеет тревогу? Поэтому оппозиционные движения нужно запретить ради спокойствия общества.	Как вы можете поддерживать тех, кто сеет тревогу? Поэтому оппозиционные движения нужно запретить ради спокойствия общества.
fallacy of relevance	— В отчёте Минобразования указано, что 35% школьников испытывают трудности с чтением и пониманием текста. Это влияет на их дальнейшую успеваемость и карьерные перспективы. — Зачем обсуждать грамотность школьников, когда у нас растут цены на жильё и люди не могут купить квартиры? Молодые семьи вынуждены снимать жильё годами. Это гораздо более серьёзная проблема, чем школьные оценки. Без жилья никакое образование не поможет.	Зачем обсуждать грамотность школьников, когда у нас растут цены на жильё и люди не могут купить квартиры[SEP]Это гораздо более серьёзная проблема
fallacy of relevance	— В сфере онлайн-образования растёт число мошеннических курсов, которые обещают быстрый доход, но не дают реальных навыков. Это вводит людей в заблуждение. — Но ведь у нас в стране падает рождаемость, и это куда более серьёзная проблема, чем какие-то курсы. Демография определяет будущее страны, а не частные случаи обмана.	Но ведь у нас в стране падает рождаемость, и это куда более серьёзная проблема, чем какие-то курсы
circular reasoning	На заседании парламента обсуждали легитимность выборов. Выборы легитимны, поскольку отражают волю народа, а то, что они отражают волю народа, обусловлено их легитимностью. После этого результаты признали окончательными.	Выборы легитимны, поскольку отражают волю народа, а то, что они отражают волю народа, обусловлено их легитимностью
faulty generalization	Я недавно попробовал новый сервис доставки и столкнулся с задержкой. Курьер приехал намного позже обещанного времени. Один заказ приехал с опозданием — значит, все доставки у этого сервиса всегда задерживаются. Теперь сомневаюсь, стоит ли снова там заказывать.	Один заказ приехал с опозданием — значит, все доставки у этого сервиса всегда задерживаются
fallacy of relevance	— Министерство образования опубликовало результаты проверки: в 60% школ отсутствует современное лабораторное оборудование, а ученики не имеют доступа к базовым экспериментам по физике и химии. Это напрямую влияет на качество подготовки и снижает интерес к науке. Эксперты предлагают увеличить финансирование и обновить материальную базу. — А вы знаете, что в нашей стране в прошлом году вырос туристический поток на 40%? К нам приезжают миллионы людей, открываются новые гостиницы, рестораны, экскурсионные маршруты. Это приносит миллиарды в бюджет и создаёт рабочие места. Разве есть смысл говорить о школьных лабораториях, когда экономика показывает такой мощный рост благодаря туризму? Нужно сосредоточиться на развитии отраслей, которые уже приносят доход.	А вы знаете, что в нашей стране в прошлом году вырос туристический поток на 40%[SEP]Разве есть смысл говорить о школьных лабораториях, когда экономика показывает такой мощный рост благодаря туризму
false causality	С тех пор как я перестал пить газировку, у меня стало больше свободных денег. Раз экономия появилась сразу после отказа от газированных напитков, значит именно они были главной причиной моих финансовых проблем. Теперь я уверен в этом.	Раз экономия появилась сразу после отказа от газированных напитков, значит именно они были главной причиной моих финансовых проблем
false dilemma	В медицине звучит утверждение: либо мы доверяем только традиционным методам лечения, проверенным временем и практикой. Говорится о рисках новых технологий и недостатке исследований. либо полностью отдаёмся экспериментальным подходам и рискуем здоровьем пациентов. Такой подход исключает возможность сочетания методов и постепенного внедрения инноваций.	либо мы доверяем только традиционным методам лечения,[SEP]либо полностью отдаёмся экспериментальным подходам и рискуем здоровьем пациентов.
ad hominem	— Нужно ввести ограничения на азартные игры. — Ты сам в прошлом злоупотреблял азартом и не справлялся с этим, значит твои аргументы продиктованы личным опытом и неубедительны. Это субъективно.	Ты сам в прошлом злоупотреблял азартом и не справлялся с этим, значит твои аргументы продиктованы личным опытом и неубедительны
equivocation	Я думаю о том, как важно следствие. Любое действие имеет последствия, и их нужно учитывать, чтобы принимать правильные решения. Следствие показывает результат и помогает установить истину, значит следствие раскрывает реальность. В юридической системе следствие занимается расследованием. Значит, любое последствие автоматически является доказательством истины, как в расследовании.	Следствие показывает результат и помогает установить истину, значит следствие раскрывает реальность.
circular reasoning	В обсуждении медицинского протокола врач говорит о его надёжности. Метод лечения надёжен, поскольку приводит к стабильным результатам. А стабильные результаты достигаются потому, что метод надёжен. Это считается достаточным аргументом для его повсеместного внедрения.	Метод лечения надёжен, поскольку приводит к стабильным результатам. А стабильные результаты достигаются потому, что метод надёжен
fallacy of relevance	На пресс-конференции после скандала с загрязнением реки журналист спросил: «Как ваша компания собирается компенсировать ущерб экосистеме?» Генеральный директор ответил: Но ведь наша компания всегда поддерживала местные благотворительные организации — строили школы, финансировали больницы, помогали ветеранам. Мы десятилетиями вкладываем миллионы в социальные проекты. Это гораздо важнее, чем соблюдение каких-то формальностей по охране экосистемы!	Мы десятилетиями вкладываем миллионы в социальные проекты. Это гораздо важнее, чем соблюдение каких-то формальностей по охране экосистемы
fallacy of credibility	-- Мы, как правозащитная организация, предлагаем создать специальные безопасные пространства для неформальной молодёжи, где они могли бы получать психологическую поддержку и общаться без страха осуждения. Это доказанная практика, которая снижает уровень суицидов и помогает социализации.  -- Они говорят о безопасных местах для уязвимых, но сами-то они — кто такие, чтобы решать, что безопасно для других? Эти активисты не имеют никакого официального статуса, они просто навязывают своё мнение, а мы должны слушать? Их слова не заслуживают доверия.	Эти активисты не имеют никакого официального статуса[SEP]Их слова не заслуживают доверия
false causality	За последние десять лет продажи жестоких видеоигр выросли в три раза. И за тот же период статистика подростковой агрессии показывает рост: количество драк в школах увеличилось на сорок процентов. Как показывает практика, разрешение жестоких видеоигр и рост подростковой агрессии скоррелированны по времени, значит, жестокие видеоигры и есть причина агрессии. Не надо быть учёным, чтобы увидеть эту прямую связь: два явления идут параллельно, следовательно, одно порождает другое.	продажи жестоких видеоигр выросли в три раза[SEP]за тот же период статистика подростковой агрессии показывает рост[SEP]значит, жестокие видеоигры и есть причина агрессии
intentional	В общественной дискуссии о вакцинации эксперт представил данные по эффективности и побочным эффектам. Оппонент ответил: Вы продвигаете вакцинацию, потому что связаны с фармкомпаниями и хотите увеличить их прибыль, а не потому что данные исследований показывают снижение тяжёлых случаев и смертности. Он заявил, что любые графики можно «нарисовать». В результате разговор о доказательствах был вытеснен предположениями о скрытых интересах.	Вы продвигаете вакцинацию, потому что связаны с фармкомпаниями и хотите увеличить их прибыль, а не потому что данные исследований показывают снижение тяжёлых случаев и смертности
intentional	Мы решили закрыть доступ к некоторым интернет-ресурсам, потому что наши намерения были направлены на защиту граждан от вредной информации. Да, это ограничивает свободу доступа, и некоторые полезные сайты тоже попали под блокировку. Но лучше перестраховаться. Когда цель — безопасность общества и предотвращение угроз, ограничение информации становится оправданной мерой. Мы действовали из заботы.	Мы решили закрыть доступ к некоторым интернет-ресурсам, потому что наши намерения были направлены на защиту граждан от вредной информации[SEP]Когда цель — безопасность общества и предотвращение угроз, ограничение информации становится оправданной мерой
ad hominem	На дебатах о спорте тренер предложил новую методику. Но его оппонент заявил, что тренер известен своей импульсивностью и непоследовательностью, следовательно его аргументы о методике несостоятельны. В зале зашептались.	Но его оппонент заявил, что тренер известен своей импульсивностью и непоследовательностью, следовательно его аргументы о методике несостоятельны
intentional	Я признался коллеге, что изменил данные в презентации для клиента, чтобы не сорвать сделку и сохранить контракт, который кормит весь отдел. Я немного скорректировал показатели, но мои намерения были чистыми и направлены на сохранение рабочих мест всей команды. В прошлом месяце у нас уже было сокращение, и ещё один провал мог привести к закрытию проекта. Да, это не совсем честно по отношению к клиенту, но если бы я показал реальные цифры, контракт бы точно не продлили. Я действовал из заботы о коллегах и их семьях, потому что понимаю, насколько важна стабильность. Когда ты защищаешь людей и их будущее, добрые цели оправдывают любые средства, даже если формально это нарушение. В итоге сделка состоялась, и никто не потерял работу.	Я немного скорректировал показатели, но мои намерения были чистыми и направлены на сохранение рабочих мест всей команды[SEP]Когда ты защищаешь людей и их будущее, добрые цели оправдывают любые средства, даже если формально это нарушение
circular reasoning	В обсуждении научной гипотезы прозвучал следующий тезис. Гипотеза правдоподобна, поскольку согласуется с наблюдаемыми фактами. Это делает её приемлемой. В то же время согласование с фактами вытекает из того, что гипотеза правдоподобна, что подтверждает её статус.	Гипотеза правдоподобна, поскольку согласуется с наблюдаемыми фактами[SEP]согласование с фактами вытекает из того, что гипотеза правдоподобна
intentional	Когда мы закрыли старую больницу и перевели пациентов в новый центр, возникли очереди и нехватка персонала, но мы приняли это решение с искренним желанием улучшить качество медицинской помощи для всех жителей региона и риски и временные неудобства не важны, главное — наша благородная цель модернизации здравоохранения. Да, некоторые пациенты ждали приёма по несколько недель, да, врачи перегружены, но это неизбежно при переходе на новые стандарты. Мы не могли оставаться в старой системе, которая устарела морально и технически. Наши намерения были направлены на долгосрочное благо, а не на краткосрочный комфорт.	мы приняли это решение с искренним желанием улучшить качество медицинской помощи для всех жителей региона[SEP]риски и временные неудобства не важны, главное — наша благородная цель модернизации здравоохранения
faulty generalization	Недавно один ученик в классе постоянно отвлекался и мешал уроку. Учителю было трудно вести занятие. Один школьник ведёт себя плохо — значит, весь класс неуправляемый. Это влияет на общее впечатление.	Один школьник ведёт себя плохо — значит, весь класс неуправляемый
faulty generalization	Я записался в спортзал рядом с домом и сходил туда один раз вечером. В тот день тренер почти не обращал внимания на посетителей и сидел в телефоне — значит, во всех фитнес-клубах тренеры безразличны к клиентам. Теперь думаю заниматься дома.	В тот день тренер почти не обращал внимания на посетителей и сидел в телефоне — значит, во всех фитнес-клубах тренеры безразличны к клиентам
appeal to emotion	На обсуждении репродуктивных прав прозвучало: Многие женщины потом испытывают чувство вины, которое разрушает их изнутри. Разве вы хотите, чтобы они страдали всю жизнь? Поэтому аборты нужно запретить.	Разве вы хотите, чтобы они страдали всю жизнь? Поэтому аборты нужно запретить.
ad hominem	— Предлагаю снизить налоги для малого бизнеса. — Вы сами известны своей корыстностью и постоянным поиском личной выгоды, значит ваши аргументы о налогах служат только вашим интересам и несостоятельны. Вряд ли это забота об экономике.	Вы сами известны своей корыстностью и постоянным поиском личной выгоды, значит ваши аргументы о налогах служат только вашим интересам и несостоятельны
equivocation	Я уверен, что важно иметь крепкие корни. Корни дают устойчивость, помогают расти и развиваться. Корни питают растение, как корень слова даёт значение. Если я понимаю корни слов, значит, я хорошо укоренён в жизни. Поэтому мне не страшны перемены — у меня есть «корни».	Корни питают растение, как корень слова даёт значение. Если я понимаю корни слов, значит, я хорошо укоренён в жизни.
intentional	Да, мы провели вырубку части леса для строительства дороги, но наши намерения были направлены на развитие региона и улучшение транспортной доступности для жителей. Благодаря этой дороге люди смогут быстрее добираться до работы, а бизнес получит новые возможности. Конечно, экосистема пострадала, и потребуется время на восстановление. Но без инфраструктуры регион останется изолированным и экономически отсталым. Мы сделали выбор в пользу развития, потому что это принесёт больше пользы в долгосрочной перспективе. Иногда ради общего блага приходится жертвовать отдельными природными объектами.	Да, мы провели вырубку части леса для строительства дороги, но наши намерения были направлены на развитие региона и улучшение транспортной доступности для жителей
false dilemma	-- Я предлагаю сбалансированный подход: разрешить ученикам носить религиозные символы (крестики, хиджабы и т.д.), если это их личный выбор, но категорически запретить навязывание веры на уроках, миссионерство, давление на других учеников. Это уважает свободу совести и сохраняет светский характер образования.  -- Либо мы полностью разрешаем студентам выражать свою веру в школе, либо они вырастут безбожниками, моральными уродами и преступниками. Другого не дано! Если вы запрещаете активную пропаганду, вы по сути душите религию, а значит, толкаете детей в бездуховность и аморальность. Третьего пути здесь просто не существует.	Либо мы полностью разрешаем студентам выражать свою веру в школе, либо они вырастут безбожниками[SEP]Другого не дано
fallacy of relevance	— Исследования показывают, что удалённая работа повышает продуктивность на 15% и снижает затраты компаний на офисы. — А вы знаете, что сотрудники, работающие в офисе, чаще участвуют в корпоративных мероприятиях и формируют сильную командную культуру? Это влияет на долгосрочный успех компании. Разве стоит ориентироваться только на цифры продуктивности, когда важны отношения внутри коллектива?	А вы знаете, что сотрудники, работающие в офисе, чаще участвуют в корпоративных мероприятиях и формируют сильную командную культуру[SEP]Разве стоит ориентироваться только на цифры продуктивности, когда важны отношения внутри коллектива
fallacy of relevance	— Введение ограничений на использование пластика может сократить загрязнение рек и озёр на 60%. Это уже подтверждено международным опытом. — А вы знаете, что у нас увеличился экспорт IT-услуг на 25%? Это приносит миллиарды в бюджет. Разве это не важнее, чем обсуждать пластиковые пакеты? Экономический рост должен быть приоритетом.	А вы знаете, что у нас увеличился экспорт IT-услуг на 25%[SEP]Разве это не важнее, чем обсуждать пластиковые пакеты
ad hominem	На парламентских слушаниях по законопроекту о легализации суррогатного материнства одна женщина, прошедшая через эту процедуру, выступила с личным свидетельством. В ответ один депутат заявил: «Не слушайте её, она просто аферистка, которая продала своего ребёнка за деньги! Такие женщины, как она, думают только о наживе, им плевать на мораль. Её мнение о суррогатном материнстве не имеет никакого значения для серьёзного обсуждения — это голос корысти, а не этики». После этой реплики зал загудел, а женщина покинула трибуну.	Не слушайте её, она просто аферистка, которая продала своего ребёнка за деньги![SEP]Её мнение о суррогатном материнстве не имеет никакого значения
equivocation	Я считаю, что важно иметь корни — знать свою историю, культуру, традиции. Это даёт чувство устойчивости и принадлежности. Корни питают растение и обеспечивают его рост, значит, чем глубже корни человека, тем больше ресурсов он получает буквально из прошлого. Поэтому достаточно изучить историю семьи, чтобы автоматически получить силы для любых достижений.	Корни питают растение и обеспечивают его рост, значит, чем глубже корни человека, тем больше ресурсов он получает буквально из прошлого.
ad populum	— Я думаю, стоит поддержать эту непопулярную инициативу. — Она не находит отклика у широкой аудитории, значит, она вредна для общества. Такие идеи не приживаются без причины.	Она не находит отклика у широкой аудитории, значит, она вредна для общества
false causality	В городе увеличили количество уличных фонарей, и вскоре жители стали чаще гулять по вечерам. Это заметили многие. Поскольку рост вечерних прогулок произошёл после установки освещения, значит именно фонари стали причиной изменения поведения горожан. Теперь планируют расширять проект.	Поскольку рост вечерних прогулок произошёл после установки освещения, значит именно фонари стали причиной изменения поведения горожан
circular reasoning	На производстве оценивали качество процесса. Процесс является качественным, поскольку обеспечивает стабильный результат. Это снижает брак. Стабильность результата определяется тем, что процесс качественный. Поэтому регламент оставляют без изменений.	Процесс является качественным, поскольку обеспечивает стабильный результат[SEP]Стабильность результата определяется тем, что процесс качественный
false causality	Каждый раз, когда я слушаю классическую музыку перед экзаменом, я получаю хорошие оценки, значит именно музыка влияет на мой результат. Поэтому теперь я всегда включаю Моцарта перед важными тестами.	Каждый раз, когда я слушаю классическую музыку перед экзаменом, я получаю хорошие оценки, значит именно музыка влияет на мой результат
false dilemma	Третьего не дано: ситуация с миграцией требует решения. Потоки людей увеличиваются, инфраструктура испытывает нагрузку, а общество разделено во мнениях. либо мы полностью закрываем границы. Это позволит контролировать поток и снизить давление. При этом остаются гуманитарные вопросы и международные обязательства. либо страна утратит контроль над своей территорией. В такой логике любые гибкие меры не рассматриваются.	Третьего не дано:[SEP]либо мы полностью закрываем границы.[SEP]либо страна утратит контроль над своей территорией.
circular reasoning	В медицинской комиссии оценивали эффективность терапии. Метод лечения эффективен, так как приводит к клиническому улучшению. Пациенты отмечают прогресс. Клиническое улучшение возникает потому, что метод эффективен. Значит, его стоит расширить.	Метод лечения эффективен, так как приводит к клиническому улучшению[SEP]Клиническое улучшение возникает потому, что метод эффективен
equivocation	Я часто думаю о силе характера. Сильный человек умеет преодолевать трудности, не сдаётся и идёт вперёд, несмотря ни на что. Это вызывает уважение и доверие. Если сила определяет результат, значит, сила характера действует так же, как физическая сила, и чем она больше, тем сильнее воздействие на окружающий мир. Поэтому достаточно развить внутреннюю силу, и можно буквально влиять на события так же, как физически перемещают предметы.	Если сила определяет результат, значит, сила характера действует так же, как физическая сила, и чем она больше, тем сильнее воздействие на окружающий мир.
ad populum	Маркетолог презентовал новую рекламную стратегию. Все ведущие бренды отрасли используют аналогичные подходы, следовательно, это единственно правильная стратегия. Иначе рынок давно бы от неё отказался.	Все ведущие бренды отрасли используют аналогичные подходы, следовательно, это единственно правильная стратегия
fallacy of relevance	— В городе планируется повышение тарифов на коммунальные услуги на 15%. — Зачем обсуждать тарифы, когда в городе развивается туристическая отрасль? Поток туристов вырос на 25%, открываются новые отели. Разве экономический рост не важнее временного повышения платежей? Это инвестиции в будущее.	Зачем обсуждать тарифы, когда в городе развивается туристическая отрасль[SEP]Разве экономический рост не важнее временного повышения платежей
equivocation	Я считаю, что предлог играет важную роль. В речи предлоги помогают связывать слова и уточнять смысл. Предлог задаёт основание для действия и объясняет причины. Если есть предлог, значит, есть оправдание. Значит, любое объяснение уже делает поступок допустимым. Поэтому достаточно придумать причину, чтобы действие стало правильным.	Предлог задаёт основание для действия и объясняет причины. Если есть предлог, значит, есть оправдание. Значит, любое объяснение уже делает поступок допустимым.
faulty generalization	Я своими глазами видел, как один представитель этой расы ограбил магазин — был агрессивен, угрожал продавцу, всё записано на камеру. А потом узнал, что в соседнем районе тоже задержали троих из той же страны за кражи. Значит, все представители данной расы склонны к преступному поведению. Это не совпадение, а закономерность. Поэтому совершенно логично использовать расовый профилинг: если уж они так часто нарушают закон, почему полиция должна тратить время на проверку невиновных? Лучше сразу обращать внимание на тех, кто статистически опасен — то есть на всю их расу.	видел, как один представитель этой расы ограбил магазин[SEP]задержали троих из той же страны[SEP]Значит, все представители данной расы склонны к преступному поведению
fallacy of relevance	— Мы должны ужесточить контроль за качеством лекарств: в прошлом году выявлено более 200 случаев фальсификации препаратов. — А вы знаете, что фармацевтическая отрасль приносит в бюджет миллиарды рублей налогов? Это одна из ключевых отраслей экономики. Разве можно вводить дополнительные ограничения, когда отрасль так успешно развивается? Это может отпугнуть инвесторов.	А вы знаете, что фармацевтическая отрасль приносит в бюджет миллиарды рублей налогов[SEP]Разве можно вводить дополнительные ограничения, когда отрасль так успешно развивается
ad hominem	В споре о культурной политике он привёл примеры. Но он известен своей завистливостью к успешным артистам, следовательно его аргументы о поддержке культуры предвзяты и неубедительны. Нужно смотреть на факты.	он известен своей завистливостью к успешным артистам, следовательно его аргументы о поддержке культуры предвзяты и неубедительны
fallacy of extension	— Алготрейдинг создаёт системные риски: в 2010 году флэш-краш на Уолл-стрит произошёл из-за ошибки в алгоритмах высокочастотного трейдинга. Я предлагаю не полный запрет, а обязательную сертификацию алгоритмов, лимиты на скорость исполнения и «рубильник» для экстренной остановки в кризисных ситуациях. Это уже практикуется в ЕС и Сингапуре. — Запрет алготрейдинга? Значит, вы хотите остановить прогресс и вернуться к счетам на костяшках! Вы против технологий, против инноваций, против будущего! Скоро предложите запретить интернет и вернуть почтовых голубей. Вот к чему ведут ваши «меры предосторожности» — к технологической отсталости и возврату в каменный век.	Запрет алготрейдинга? Значит, вы хотите остановить прогресс и вернуться к счетам на костяшках
fallacy of credibility	В разговоре о семейных ценностях прозвучало: мы обязаны придерживаться традиционной модели семьи, потому что так жили наши предки на протяжении веков, и это доказало свою устойчивость. Любые современные изменения воспринимаются как угроза культуре. Если определённый уклад сохранялся поколениями, значит он правильный и не нуждается в пересмотре. Историческая длительность считается главным аргументом.	мы обязаны придерживаться традиционной модели семьи, потому что так жили наши предки на протяжении веков[SEP]Если определённый уклад сохранялся поколениями, значит он правильный и не нуждается в пересмотре
faulty generalization	Я купил книгу современного автора по совету знакомых. Сюжет показался слабым. Одна книга не понравилась — значит, все современные авторы пишут плохо. Теперь тянет к классике.	Одна книга не понравилась — значит, все современные авторы пишут плохо
false causality	В компании ввели обязательные утренние собрания, и спустя несколько месяцев уменьшилось количество ошибок в отчётах. Руководство ищет объяснение. Поскольку снижение ошибок произошло после введения собраний, значит именно они улучшили внимательность сотрудников. Теперь хотят увеличить длительность встреч.	Поскольку снижение ошибок произошло после введения собраний, значит именно они улучшили внимательность сотрудников
false dilemma	В международной политике обсуждаются санкции как инструмент давления. Либо мы усиливаем санкционное давление до максимума, чтобы добиться быстрых уступок. Экономическое давление рассматривается как способ ускорить политические изменения. либо мы демонстрируем слабость и позволяем ситуации развиваться в неблагоприятном направлении. Дипломатические шаги и постепенные меры воспринимаются как недостаточно эффективные в условиях конфликта интересов.	Либо мы усиливаем санкционное давление до максимума,[SEP]либо мы демонстрируем слабость и позволяем ситуации развиваться в неблагоприятном направлении.
ad hominem	— Нужно инвестировать в фундаментальную науку. — Вы продвигаете это, потому что ищете личную выгоду и признание, значит ваши аргументы корыстны и не заслуживают внимания. Вернёмся к бюджету.	Вы продвигаете это, потому что ищете личную выгоду и признание, значит ваши аргументы корыстны и не заслуживают внимания
intentional	Мы решили закрыть старую больницу и объединить её с новым медицинским центром, потому что наши намерения были направлены на повышение качества лечения и оптимизацию ресурсов. Да, теперь пациентам приходится ехать дальше, а нагрузка на персонал выросла. Но ведь современное оборудование и централизованное управление дают лучшие результаты. Конечно, есть жалобы на очереди и перегруженность, но это временные трудности. Когда цель — модернизация системы здравоохранения и улучшение стандартов, неудобства пациентов не должны нас останавливать. Мы действовали из лучших побуждений, а значит, решение оправдано.	Мы решили закрыть старую больницу и объединить её с новым медицинским центром, потому что наши намерения были направлены на повышение качества лечения и оптимизацию ресурсов[SEP]Когда цель — модернизация системы здравоохранения и улучшение стандартов, неудобства пациентов не должны нас останавливать
ad populum	Некоторые эксперты предупреждают о рисках тотального видеонаблюдения. Однако если подавляющее большинство граждан поддерживает камеры на улицах, значит, это оправданная мера. Общественное согласие воспринимается как достаточное основание.	если подавляющее большинство граждан поддерживает камеры на улицах, значит, это оправданная мера
circular reasoning	В медицинском отчёте утверждается, что метод терапии следует применять шире. Метод считается клинически обоснованным, поскольку демонстрирует терапевтическую состоятельность. В то же время его состоятельность выводится из того, что метод признан обоснованным. Врачебная комиссия поддержала внедрение.	Метод считается клинически обоснованным, поскольку демонстрирует терапевтическую состоятельность[SEP]его состоятельность выводится из того, что метод признан обоснованным
fallacy of relevance	— Министерство здравоохранения рассматривает реформу первичной медицинской помощи: планируется сократить очереди в поликлиниках, внедрить электронные записи и увеличить число врачей общей практики. — Но ведь в социальных сетях сейчас обсуждают резкий рост подростковой депрессии и кибербуллинга, который затрагивает тысячи семей. Психологическое здоровье становится ключевой проблемой. Разве можно говорить о поликлиниках, когда молодёжь сталкивается с такими угрозами в интернете?	Но ведь в социальных сетях сейчас обсуждают резкий рост подростковой депрессии и кибербуллинга, который затрагивает тысячи семей[SEP]Разве можно говорить о поликлиниках, когда молодёжь сталкивается с такими угрозами в интернете
appeal to emotion	Обсуждали введение военной операции за рубежом. Один генерал напомнил о страданиях мирных жителей. Как вы можете оставаться в стороне, когда люди гибнут каждый день? Их дома разрушены, их жизнь уничтожена. Следовательно, мы обязаны ввести войска и навести порядок.	Как вы можете оставаться в стороне, когда люди гибнут каждый день?[SEP]Следовательно, мы обязаны ввести войска и навести порядок.
false dilemma	В налоговой политике у нас есть только два пути: повысить ставки для всех категорий граждан. Бюджет испытывает давление, расходы растут, и требуется быстрое решение. или государство просто не сможет выполнять свои обязательства перед населением. Это означает задержки выплат, сокращение программ и нестабильность. Любые разговоры о перераспределении расходов или оптимизации кажутся излишними в текущей ситуации. Нужно действовать решительно, иначе последствия будут слишком серьёзными. Вопрос стоит остро, и откладывать его нельзя, потому что финансовая система не выдержит неопределённости.	В налоговой политике у нас есть только два пути:[SEP]или государство просто не сможет выполнять свои обязательства перед населением.
ad populum	Врач обсуждал с пациентом новую терапию. Пациент возразил: эта методика не получила широкой поддержки среди пациентов, следовательно, она неэффективна. Он предпочёл остаться на привычном лечении.	эта методика не получила широкой поддержки среди пациентов, следовательно, она неэффективна
ad hominem	На семинаре по философии обсуждали утилитаризм. Один студент изложил аргументы в его пользу. Другой заметил: Он циничен и равнодушен к людям, поэтому его аргументы о максимизации счастья не имеют ценности. Разговор стал личным.	Он циничен и равнодушен к людям, поэтому его аргументы о максимизации счастья не имеют ценности
appeal to emotion	-- Я понимаю, что униформа может помочь снять напряжение по поводу одежды, но у неё есть и обратная сторона: она подавляет индивидуальность, а для многих семей покупка формы — это дополнительные траты. Может, лучше сосредоточиться на воспитании уважения друг к другу, а не вводить новые обязательные расходы? Есть исследования, что сам по себе внешний вид не решает проблему буллинга.  -- Подумайте о детях, которых травят за одежду! Форма защитит их от насмешек и унижений, подарит им счастливое детство. Ведь каждый ребёнок заслуживает чувствовать себя принятым и защищённым. Неужели мы готовы пожертвовать их спокойствием ради каких-то абстрактных свобод? Разве можно сравнивать расходы на форму с детскими слезами?	Подумайте о детях, которых травят за одежду! Форма защитит их от насмешек
fallacy of relevance	— Эксперты предлагают сократить использование пластика: ежегодно в регионе образуется более 500 тысяч тонн пластиковых отходов, из которых перерабатывается менее 10%. — Зачем говорить о пластике, когда уровень безработицы среди молодёжи достиг 18% и продолжает расти? Молодые люди не могут найти работу, уезжают из региона, и это подрывает экономику. Сначала нужно создать рабочие места, а потом уже решать экологические вопросы.	Зачем говорить о пластике, когда уровень безработицы среди молодёжи достиг 18% и продолжает расти
fallacy of credibility	В обсуждении культурных норм один человек заявил: Мы должны продолжать следовать этим обычаям, ведь так поступали наши предки на протяжении веков, и добавил, что если традиция сохранилась до наших дней, значит она правильная и полезная. Он рассказывал о значении этих обычаев для идентичности народа и подчеркивал их историческую ценность. Любые предложения изменить или пересмотреть традиции он воспринимал как угрозу культуре. По его мнению, длительность существования традиции сама по себе является достаточным доказательством её правильности.	Мы должны продолжать следовать этим обычаям, ведь так поступали наши предки на протяжении веков[SEP]если традиция сохранилась до наших дней, значит она правильная и полезная
fallacy of credibility	На форуме по вопросам питания обсуждают, стоит ли сокращать потребление сахара. Один из участников приводит рекомендации ВОЗ и результаты исследований. Другой отвечает: Сахар не так вреден, как говорят, ведь известный шеф-повар с мировым именем утверждает, что он безопасен в любом количестве, и добавляет, что если признанный мастер кулинарии придерживается такого мнения, значит оно заслуживает полного доверия. Далее он рассказывает о наградах шеф-повара, его ресторанах и популярности, утверждая, что такой человек точно знает, что полезно. При этом он не рассматривает медицинские данные и не отвечает на аргументы о рисках для здоровья, полностью опираясь на авторитет в другой области.	Сахар не так вреден, как говорят, ведь известный шеф-повар с мировым именем утверждает, что он безопасен в любом количестве[SEP]если признанный мастер кулинарии придерживается такого мнения, значит оно заслуживает полного доверия
appeal to emotion	На дебатах о границах один политик сказал: Люди боятся потерять работу, боятся за своё будущее. Неужели вы готовы смотреть, как их жизнь рушится? Они чувствуют себя забытыми. Поэтому необходимо полностью ограничить въезд мигрантов.	Неужели вы готовы смотреть, как их жизнь рушится?[SEP]Поэтому необходимо полностью ограничить въезд мигрантов.
fallacy of credibility	Вы предлагаете реформу уголовного законодательства и приводите аргументы о гуманизации наказаний. Но ваше мнение нельзя принимать всерьёз, потому что вы не работали в правоохранительных органах, и не сталкивались с преступностью на практике. Без опыта службы и официального статуса ваши рассуждения не имеют веса в этой сфере. Теоретические знания не заменяют реального опыта работы с преступниками и расследования дел. Только люди, которые ежедневно сталкиваются с правонарушениями, могут объективно оценить последствия изменений закона. Если человек не прошёл через систему изнутри, его идеи остаются оторванными от реальности, даже если они звучат логично и гуманно.	ваше мнение нельзя принимать всерьёз, потому что вы не работали в правоохранительных органах[SEP]Без опыта службы и официального статуса ваши рассуждения не имеют веса в этой сфере
ad populum	— Может, пересмотрим политику удалённой работы на основе метрик? — Большинство менеджеров выступает против удалёнки поэтому, она снижает продуктивность и её нужно ограничить. Данных не приводят.	Большинство менеджеров выступает против удалёнки поэтому, она снижает продуктивность и её нужно ограничить
faulty generalization	Я купил один ноутбук этой марки, и у него быстро села батарея — значит, вся техника этого бренда ненадёжна. Теперь сомневаюсь в их продукции. Рассматриваю другие варианты.	Я купил один ноутбук этой марки, и у него быстро села батарея — значит, вся техника этого бренда ненадёжна
ad populum	— Может, стоит изучить эту редкую философскую школу? — Её игнорирует подавляющее большинство академического сообщества, значит она несостоятельна. Вряд ли там есть ценность.	Её игнорирует подавляющее большинство академического сообщества, значит она несостоятельна
ad hominem	— Я думаю, стоит пересмотреть правила корпоративных бонусов. — Ты завистлив и недоволен чужими успехами, поэтому твои предложения о бонусах необоснованны. Вопрос требует анализа эффективности системы.	Ты завистлив и недоволен чужими успехами, поэтому твои предложения о бонусах необоснованны
false dilemma	В сфере высшего образования утверждается: либо университеты становятся полностью платными, что якобы повысит их качество и конкурентоспособность. При этом игнорируется доступность образования для студентов из разных социальных групп. Важно учитывать роль государства в поддержке науки. либо система образования деградирует и потеряет уровень. Такое представление исключает смешанные модели финансирования.	либо университеты становятся полностью платными,[SEP]либо система образования деградирует и потеряет уровень.
fallacy of extension	— Я считаю, что нужно развивать велосипедную инфраструктуру в городе, чтобы дать альтернативу автомобилям. Это полезно для экологии и здоровья. — Значит, вы хотите заставить всех пересесть на велосипеды и отказаться от машин полностью? Люди будут ехать зимой по снегу? Это нереально!	нужно развивать велосипедную инфраструктуру в городе, чтобы дать альтернативу автомобилям[SEP]вы хотите заставить всех пересесть на велосипеды и отказаться от машин полностью
fallacy of extension	— Я думаю, что стоит ужесточить требования к получению водительских прав, чтобы снизить аварийность. Это касается обучения и экзаменов. нужно ужесточить требования к обучению и экзаменам для получения водительских прав — это повысит безопасность. — Значит, вы хотите сделать получение прав невозможным для обычных людей? Вы предлагаете оставить дороги только для избранных? По вашей логике, большинство людей никогда не сможет водить машину!	нужно ужесточить требования к обучению и экзаменам для получения водительских прав[SEP]Значит, вы хотите сделать получение прав невозможным для обычных людей
faulty generalization	На одном занятии по йоге инструктор путано объяснял упражнения и часто сбивался. Было сложно следовать. Следовательно, все занятия йогой неэффективны и плохо организованы. Не вижу пользы продолжать.	На одном занятии по йоге инструктор путано объяснял упражнения[SEP]Следовательно, все занятия йогой неэффективны и плохо организованы
false dilemma	В здравоохранении обсуждают реформу финансирования. Существует только одно правильное решение — полностью перейти на платную медицину, чтобы повысить качество услуг и ответственность пациентов. Государственные системы часто перегружены и неэффективны. Если этого не сделать, качество помощи будет только ухудшаться, а очереди расти. Бесплатная медицина создаёт иллюзию доступности, но на деле приводит к снижению стандартов. Переход к рыночной модели позволит улучшить сервис и привлечь инвестиции.	Существует только одно правильное решение — полностью перейти на платную медицину,[SEP]Если этого не сделать,
fallacy of credibility	В споре о климате один участник сказал, что глобальное потепление не представляет серьёзной угрозы. Это не проблема, потому что так утверждает известный телеведущий научной программы, который много лет рассказывает о природе. Он часто делится своими взглядами и анализами. Если человек с таким медийным авторитетом делает вывод, значит он основан на фактах и не требует проверки. Его популярность воспринимается как доказательство компетентности. Поэтому дополнительные исследования считаются излишними.	Это не проблема, потому что так утверждает известный телеведущий научной программы[SEP]Если человек с таким медийным авторитетом делает вывод, значит он основан на фактах и не требует проверки
ad hominem	Эти климатические активисты сами живут в развитых странах, летают на самолётах и пользуются гаджетами, произведёнными с огромным углеродным следом. Поэтому их призывы сокращать выбросы — лицемерны и не заслуживают внимания. Им просто выгодно навязывать ограничения обычным людям, чтобы чувствовать себя морально выше. Как можно слушать тех, кто сам не следует своим же правилам и к тому же получает гранты от западных фондов? Их «забота о планете» — не искренняя позиция, а способ продвижения своей карьеры и влияния.	Эти климатические активисты сами[SEP]летают на самолётах[SEP]Поэтому их призывы сокращать выбросы — лицемерны и не заслуживают внимания
faulty generalization	Я записался на курс иностранного языка, но преподаватель говорил слишком быстро. Было сложно следить. Один преподаватель объясняет непонятно — значит, все курсы этого центра неэффективны. Думаю сменить школу.	Один преподаватель объясняет непонятно — значит, все курсы этого центра неэффективны
appeal to emotion	— Свобода слова важна даже для неприятных мнений. — Люди устали от оскорблений и агрессии в публичном пространстве. Неужели вы хотите, чтобы ненависть продолжала ранить людей каждый день? Это разрушает общество изнутри. Поэтому нужно запретить такие высказывания и ужесточить цензуру.	Неужели вы хотите, чтобы ненависть продолжала ранить людей каждый день?[SEP]Поэтому нужно запретить такие высказывания и ужесточить цензуру.
ad hominem	На собрании обсуждали переработки. Один сотрудник сказал: Он сам постоянно уклоняется от сложных задач и перекладывает ответственность на других, поэтому его аргументы о нагрузке несостоятельны. После этого разговор ушёл в сторону.	Он сам постоянно уклоняется от сложных задач и перекладывает ответственность на других, поэтому его аргументы о нагрузке несостоятельны
appeal to emotion	-- Я предлагаю постепенно сокращать государственное финансирование религиозных организаций и переводить их на полностью частное пожертвование. Это поможет соблюдать светский характер государства и направит бюджетные средства на здравоохранение и образование.  -- Неужели вы действительно хотите лишить обычных людей той надежды и глубокого утешения, которые они уже сейчас находят в церкви? Это было бы абсолютно бесчеловечно! Вы представляете, как рухнет мир для старушек, которые каждый день приходят в храм, или для матерей, которые молятся о здоровье детей? Разве можно измерять веру деньгами?	Неужели вы действительно хотите лишить обычных людей той надежды и глубокого утешения, которые они уже сейчас находят в церкви? Это было бы абсолютно бесчеловечно!
equivocation	Я стараюсь поддерживать порядок в доме, потому что порядок помогает сосредоточиться и чувствовать себя спокойнее. Когда вокруг чисто, мысли тоже становятся яснее. Порядок — это система, в которой всё на своих местах. А система всегда работает чётко и без сбоев. Значит, если у меня порядок, то и вся моя жизнь функционирует как идеальный механизм. Поэтому уборка — это не просто привычка, а способ наладить всю жизнь.	Порядок — это система, в которой всё на своих местах. А система всегда работает чётко и без сбоев. Значит, если у меня порядок, то и вся моя жизнь функционирует как идеальный механизм.
faulty generalization	Вчера я ехал на такси, и водитель выбрал странный маршрут. Поездка затянулась. Один водитель поехал неудачно — значит, все водители этого сервиса плохо ориентируются в городе. В следующий раз попробую другую службу.	Один водитель поехал неудачно — значит, все водители этого сервиса плохо ориентируются в городе
fallacy of relevance	— В медицинских учреждениях не хватает оборудования: аппараты МРТ работают с перегрузкой, очереди достигают двух месяцев. Это задерживает диагностику серьёзных заболеваний. — А вы знаете, что в прошлом году наш регион стал лидером по количеству спортивных мероприятий и марафонов? Люди активно занимаются спортом, ведут здоровый образ жизни. Разве стоит так беспокоиться о медицинском оборудовании, когда население становится здоровее?	А вы знаете, что в прошлом году наш регион стал лидером по количеству спортивных мероприятий и марафонов[SEP]Разве стоит так беспокоиться о медицинском оборудовании, когда население становится здоровее
appeal to emotion	В парламенте обсуждали смертную казнь. Один депутат поднялся и произнёс: Представьте родителей, которые хоронят ребёнка после жестокого преступления. Их жизнь превращается в нескончаемую боль и пустоту. Неужели вы готовы оставить убийц в живых? Поэтому смертную казнь необходимо вернуть.	Неужели вы готовы оставить убийц в живых? Поэтому смертную казнь необходимо вернуть.
false dilemma	Придётся выбирать: либо мы увеличиваем военный бюджет в несколько раз, чтобы обеспечить безопасность. Обсуждаются дипломатия и международные соглашения, но они считаются ненадёжными. либо страна окажется беззащитной перед угрозами. Таким образом, любые альтернативные подходы к безопасности исключаются.	Придётся выбирать: либо мы увеличиваем военный бюджет в несколько раз,[SEP]либо страна окажется беззащитной перед угрозами.
fallacy of relevance	— Исследование показало, что школьники тратят в среднем 5–6 часов в день в социальных сетях, что негативно влияет на концентрацию и успеваемость. У 40% подростков наблюдаются симптомы зависимости: снижение сна, тревожность, проблемы с памятью. Нужно вводить ограничения и образовательные программы по цифровой гигиене. — А вы знаете, что наша страна занимает первое место в мире по экспорту зерна? Мы поставляем миллионы тонн продукции ежегодно, обеспечивая продовольственную безопасность других государств. Это стратегическое преимущество. Разве стоит так переживать из-за экранного времени школьников, когда экономика показывает такие успехи? Нужно гордиться достижениями, а не концентрироваться на мелочах.	А вы знаете, что наша страна занимает первое место в мире по экспорту зерна[SEP]Разве стоит так переживать из-за экранного времени школьников, когда экономика показывает такие успехи
circular reasoning	В школьной программе обсуждали важность предмета. Дисциплина значима, так как имеет высокую ценность, а её ценность определяется значимостью дисциплины. Учебный совет поддержал позицию.	Дисциплина значима, так как имеет высокую ценность, а её ценность определяется значимостью дисциплины
fallacy of relevance	— Экологи предупреждают о критическом загрязнении воздуха: уровень вредных веществ превышает норму в 3 раза, растёт число заболеваний дыхательных путей, особенно среди детей. Нужно срочно вводить ограничения на выбросы и модернизировать промышленность. — Зачем обсуждать экологию, когда экономика региона показывает рекордный рост и открываются новые заводы? За прошлый год ВРП увеличился на 12%, создано тысячи рабочих мест. Сначала нужно укрепить экономику, а уже потом думать о чистом воздухе.	Зачем обсуждать экологию, когда экономика региона показывает рекордный рост и открываются новые заводы[SEP]Сначала нужно укрепить экономику, а уже потом думать о чистом воздухе
fallacy of extension	— Я считаю, что нужно ужесточить контроль за выбросами крупных заводов, особенно вблизи жилых районов. Это вопрос здоровья людей и экологии, а не борьбы с промышленностью. — То есть вы хотите закрыть все заводы и оставить людей без работы ради идеальной экологии? По вашему, экономика должна остановиться, чтобы воздух стал чуть чище? Вы предлагаете лишить тысячи людей дохода, разрушить города и превратить страну в заповедник без производства!	нужно ужесточить контроль за выбросами крупных заводов, особенно вблизи жилых районов[SEP]То есть вы хотите закрыть все заводы и оставить людей без работы ради идеальной экологии
appeal to emotion	На слушаниях о смертной казни выступил родственник жертвы. Он говорил о пустоте, которая осталась в семье. Неужели вы хотите, чтобы преступники спокойно жили, пока семьи страдают? Эта боль не утихает годами. Поэтому смертную казнь нужно вернуть и применять без колебаний.	Неужели вы хотите, чтобы преступники спокойно жили, пока семьи страдают?[SEP]Поэтому смертную казнь нужно вернуть и применять без колебаний.
equivocation	Я считаю, что важно держать курс в жизни. Когда есть курс, ты понимаешь направление и не сбиваешься с пути. Курс задаёт движение и помогает достичь цели. В университете тоже есть учебный курс. Значит, если я прохожу учебный курс, моя жизнь автоматически движется в правильном направлении, ведь курс всегда ведёт вперёд.	Курс задаёт движение и помогает достичь цели.[SEP]Значит, если я прохожу учебный курс, моя жизнь автоматически движется в правильном направлении
fallacy of credibility	На обсуждении диеты один участник заявил, что нужно сократить потребление углеводов, ссылаясь на рекомендации популярного фитнес-тренера. Эта диета правильная, потому что её продвигает известный фитнес-тренер с миллионами подписчиков, который демонстрирует отличную физическую форму. Если человек с таким телом и популярностью советует этот подход, значит он работает. Он утверждал, что внешний вид тренера является доказательством эффективности метода. При этом он игнорировал медицинские рекомендации и индивидуальные особенности организма, считая, что мнение популярного специалиста достаточно для принятия решений о здоровье.	Эта диета правильная, потому что её продвигает известный фитнес-тренер с миллионами подписчиков[SEP]Если человек с таким телом и популярностью советует этот подход, значит он работает
intentional	В обсуждении онлайн-цензуры один пользователь предложил ограничить распространение дезинформации. Другой ответил: вы хотите ограничить фейки не ради правды, а потому что стремитесь контролировать информацию и подавлять инакомыслие . Он утверждал, что подобные меры всегда ведут к злоупотреблениям. на самом деле ваша цель — фильтровать контент в своих интересах и лишать людей альтернативных точек зрения . Вся дискуссия ушла в обсуждение предполагаемых намерений вместо анализа конкретных механизмов модерации.	вы хотите ограничить фейки не ради правды, а потому что стремитесь контролировать информацию и подавлять инакомыслие[SEP]на самом деле ваша цель — фильтровать контент в своих интересах и лишать людей альтернативных точек зрения
intentional	Учитель объясняет, почему завысил оценки всему классу: «Я поставил всем высокие баллы, потому что хотел поддержать их уверенность и помочь поверить в свои силы, мои намерения были исключительно добрыми». Он признаёт, что оценки не отражают реальных знаний. Однако считает это оправданным ради мотивации. Вопросы о последствиях для образования игнорируются.	Я поставил всем высокие баллы, потому что хотел поддержать их уверенность и помочь поверить в свои силы, мои намерения были исключительно добрыми
appeal to emotion	Представьте, сколько жизней спасут альтернативные методы лечения, если их не удалят из перечня разрешенных к применению! Тысячи родителей уже отказались от химиотерапии и нашли исцеление через травы, энергетику и очищение. Если вы поддержите запрет этих методов на законодательном уровне, вы лишите больных людей последней надежды. Подумайте о бедных больных: ведь каждый ваш голос за запрет — это чья-то умирающая мечта о выздоровлении!	Представьте, сколько жизней спасут альтернативные методы лечения[SEP]Если[SEP]поддержите запрет этих методов[SEP]вы лишите больных[SEP]надежды. Подумайте о бедных больных
appeal to emotion	На теледебатах обсуждали закрытие границ. Один участник сказал: улицы уже не кажутся безопасными, люди боятся за своих близких. Неужели вы хотите, чтобы ваши дети росли в страхе? В новостях всё чаще говорят о трагедиях. Поэтому границы нужно полностью закрыть.	Неужели вы хотите, чтобы ваши дети росли в страхе?[SEP]Поэтому границы нужно полностью закрыть.
fallacy of credibility	— Я прочитал научные статьи о пользе сна и необходимости восьми часов отдыха. — Режим сна правильный, потому что известный спортсмен говорит, что спит всего четыре часа и чувствует себя отлично, а он добился выдающихся результатов. Его успех воспринимается как доказательство. Если человек с высоким статусом утверждает, что мало спать нормально, значит это можно считать истиной. Его опыт заменяет научные данные.	Режим сна правильный, потому что известный спортсмен говорит, что спит всего четыре часа и чувствует себя отлично[SEP]Если человек с высоким статусом утверждает, что мало спать нормально, значит это можно считать истиной
appeal to emotion	На военном совещании генерал говорил о гуманитарной катастрофе в соседней стране. Разрушенные города и отчаяние людей вызывают ужас. Как можно оставаться в стороне? Мы несем моральную ответственность. Поэтому необходимо немедленно ввести войска.	Как можно оставаться в стороне?[SEP]Поэтому необходимо немедленно ввести войска.
fallacy of relevance	— В медицинских отчётах указано, что уровень вакцинации в некоторых регионах упал ниже 70%, что создаёт риск вспышек заболеваний. — Сначала разберитесь с качеством медицинского образования врачей, а потом говорите о вакцинации населения. Многие специалисты сами не уверены в новых методах лечения. Какая может быть кампания вакцинации, если система подготовки кадров вызывает вопросы? Проблема глубже.	Сначала разберитесь с качеством медицинского образования врачей, а потом говорите о вакцинации населения[SEP]Какая может быть кампания вакцинации, если система подготовки кадров вызывает вопросы
false dilemma	В обсуждении школьной формы звучат жёсткие позиции. Родители спорят о свободе самовыражения и дисциплине. Либо все ученики носят строгую форму, это создаёт ощущение порядка и равенства. Некоторые считают, что это снижает социальное давление. либо школа превращается в место конкуренции и конфликтов из-за внешнего вида. В такой картине промежуточные варианты не учитываются.	Либо все ученики носят строгую форму,[SEP]либо школа превращается в место конкуренции и конфликтов из-за внешнего вида.
appeal to emotion	— Мы обсуждаем усиление цензуры. — Подумайте о людях, которые могут быть обмануты и разрушить свою жизнь? Эти истории уже происходят. Как вы можете это игнорировать, поэтому нужно фильтровать весь контент.	Подумайте о людях, которые могут быть обмануты и разрушить свою жизнь[SEP]Как вы можете это игнорировать, поэтому нужно фильтровать весь контент
false dilemma	В энергетике звучит аргумент: либо мы полностью переходим на возобновляемые источники уже сейчас, несмотря на инфраструктурные ограничения, вопрос подаётся как срочный и безальтернативный. Экономические и технические сложности упоминаются вскользь. Постепенный переход почти не обсуждается. либо мы окончательно зависим от устаревших ресурсов. Такой взгляд игнорирует промежуточные стратегии развития.	либо мы полностью переходим на возобновляемые источники уже сейчас,[SEP]либо мы окончательно зависим от устаревших ресурсов.
false dilemma	На международном финансовом форуме один из спикеров заявил: «Либо мы полностью разрешаем алгоритмическую торговлю без ограничений, либо экономика рухнет. Других вариантов просто не существует. Любое регулирование убьёт инновации, замедлит рынки и отпугнёт инвесторов. Или полная свобода для алготрейдинга — или коллапс. Третьего пути нет».	Либо[SEP]полностью разрешаем алгоритмическую торговлю[SEP]либо экономика рухнет
false dilemma	В международной политике обсуждается вопрос санкций. Другого пути просто нет: либо мы вводим максимально жёсткие санкции, чтобы оказать давление на оппонента. При этом говорится о необходимости демонстрации силы и защите национальных интересов. Упоминаются риски ослабления позиций на мировой арене. либо страна потеряет влияние и окажется в изоляции. Все альтернативные дипломатические подходы остаются за пределами рассуждения.	Другого пути просто нет: либо мы вводим максимально жёсткие санкции,[SEP]либо страна потеряет влияние и окажется в изоляции.
fallacy of extension	-- Мы должны ввести последовательные меры для учеников, которые систематически нарушают правила: сначала беседа с классным руководителем, затем предупреждение в дневник, а при повторных нарушениях — временное отстранение от занятий. Это поможет поддерживать дисциплину и даст понять, что за поведение есть ответственность.  -- Вы действительно хотите, чтобы детей исключали за малейшие проступки — даже за забытую ручку или не так сказанное слово? Это же крайность! Вы предлагаете выгонять детей из школы за любую мелочь, превращая образование в исправительную колонию!	Мы должны ввести последовательные меры для учеников, которые систематически нарушают правила[SEP]Вы действительно хотите, чтобы детей исключали за малейшие проступки
fallacy of credibility	В обсуждении корпоративной культуры один сотрудник предлагает сократить рабочую неделю, ссылаясь на исследования продуктивности. Руководитель отвечает: Сокращение рабочей недели — плохая идея, ведь так не принято в нашей компании, и любые изменения нарушат порядок, потому что мы всегда работали по такому графику. Эта практика существует с момента основания компании и считается частью её идентичности. Руководство убеждено, что если система работала раньше, то она должна сохраняться и дальше. Даже если новые данные показывают преимущества изменений, они игнорируются. Решение принимается исключительно на основании традиции, без анализа текущих условий.	Сокращение рабочей недели — плохая идея, ведь так не принято в нашей компании[SEP]потому что мы всегда работали по такому графику
appeal to emotion	На заседании этического комитета обсуждали действия волонтёрской группы, которая тайно поставляла лекарства в зону конфликта. Один член комитета возразил: Неужели вы не видите, сколько добра они принесли — жертвуя собой, рискуя жизнью ради спасения незнакомых людей? Они ночами ездили под обстрелами, оставляли семьи, теряли здоровье! Их нельзя обвинять в нарушении правил — их мотивы чисты, и сердце каждого из них полно сострадания!	Неужели вы не видите, сколько добра они принесли[SEP]Их нельзя обвинять[SEP]сердце каждого из них полно сострадания
fallacy of relevance	— В сфере аренды жилья отсутствует прозрачность: серые схемы, отсутствие договоров, рост конфликтов между арендаторами и собственниками. — А вы знаете, что в стране увеличилось количество стартапов и инновационных проектов? Молодёжь активно запускает бизнесы, привлекает инвестиции. Это гораздо важнее обсуждения бытовых вопросов аренды.	А вы знаете, что в стране увеличилось количество стартапов и инновационных проектов[SEP]Это гораздо важнее обсуждения бытовых вопросов аренды
ad hominem	В споре о школьном питании родитель привёл данные о качестве продуктов. Другой возразил: Она известна своей конфликтностью и склонностью к скандалам, поэтому её аргументы о питании нельзя принимать всерьёз. Тем не менее тема требует анализа фактов.	Она известна своей конфликтностью и склонностью к скандалам, поэтому её аргументы о питании нельзя принимать всерьёз
false causality	С ростом популярности онлайн-курсов увеличилось число людей, меняющих профессию, значит именно дистанционное обучение вызывает карьерные перемены. Многие считают это главным фактором гибкости современного рынка труда.	С ростом популярности онлайн-курсов увеличилось число людей, меняющих профессию, значит именно дистанционное обучение вызывает карьерные перемены
appeal to emotion	Обсуждая смертную казнь, один ведущий сказал: Закон должен быть справедливым. Представьте глаза жертвы перед смертью, полные ужаса и боли? Эти мгновения не вернуть. Неужели преступник должен жить дальше, значит его нужно казнить.	Представьте глаза жертвы перед смертью, полные ужаса и боли[SEP]Неужели преступник должен жить дальше, значит его нужно казнить
fallacy of relevance	— В городском бюджете на следующий год предусмотрено сокращение финансирования общественного транспорта на 18%, несмотря на то, что ежедневно им пользуются более 600 тысяч человек. Уже сейчас интервалы движения выросли до 20–25 минут в часы пик, а переполненность автобусов превышает санитарные нормы. Это напрямую влияет на доступность работы и образования для жителей окраин. — Зачем обсуждать сокращение транспорта, когда в городе остро не хватает мест в детских садах? Очередь превышает 12 тысяч детей, родители не могут выйти на работу, экономика теряет миллионы. Сначала решите проблему с детскими садами, а потом уже говорите о транспорте. Ведь если детям негде находиться днём, никакой транспорт не поможет семьям наладить жизнь.	Зачем обсуждать сокращение транспорта, когда в городе остро не хватает мест в детских садах[SEP]Сначала решите проблему с детскими садами, а потом уже говорите о транспорте
fallacy of relevance	— Введение раздельного сбора мусора позволило бы сократить объём свалок на 40% и увеличить переработку отходов. В ряде городов это уже доказало свою эффективность. — А вы знаете, что наш регион занимает первое место по экспорту зерна? Это стратегически важный показатель для экономики. Разве не важнее поддерживать сельское хозяйство, чем сортировать мусор? Экспорт приносит валюту и укрепляет позиции страны.	А вы знаете, что наш регион занимает первое место по экспорту зерна[SEP]Разве не важнее поддерживать сельское хозяйство, чем сортировать мусор
fallacy of relevance	— По данным аналитиков, уровень киберугроз для бизнеса вырос на 60%, что приводит к утечкам данных и финансовым потерям. — А вы знаете, что наша страна лидирует по экспорту зерна в этом году? Это огромный успех. Разве можно говорить о рисках IT, когда сельское хозяйство показывает такие результаты? Это куда важнее.	А вы знаете, что наша страна лидирует по экспорту зерна в этом году[SEP]Разве можно говорить о рисках IT, когда сельское хозяйство показывает такие результаты
appeal to emotion	— Свобода передвижения — базовое право. — Подумайте о людях, которые боятся выходить из дома из-за чужаков! Их страх становится ежедневной реальностью. Как вы можете это игнорировать, значит границы нужно закрыть.	Подумайте о людях, которые боятся выходить из дома из-за чужаков![SEP]Как вы можете это игнорировать, значит границы нужно закрыть
ad populum	Я выбирал университет для поступления. Туда подаёт документы большинство абитуриентов, значит, это лучший вуз. Остальные варианты перестали казаться значимыми.	Туда подаёт документы большинство абитуриентов, значит, это лучший вуз
equivocation	Я всегда считал, что язык — это важнейший инструмент общения. С его помощью мы выражаем мысли, строим отношения и передаём знания. Без языка невозможно развитие общества. Язык формирует наше мышление и влияет на поведение, поэтому всё, что связано с языком, определяет человека. Если у человека острый язык, значит он обладает реальной силой воздействовать на других. Поэтому резкие высказывания и колкости — это не проблема, а проявление силы. Чем острее язык, тем сильнее человек.	Язык формирует наше мышление и влияет на поведение, поэтому всё, что связано с языком, определяет человека. Если у человека острый язык, значит он обладает реальной силой воздействовать на других.
faulty generalization	Недавно я заказал еду из нового ресторана, и курьер опоздал почти на час. Это испортило вечер. Один заказ доставили с опозданием — значит, этот сервис всегда работает плохо и все заказы у них приходят поздно. Больше не хочется там заказывать.	Один заказ доставили с опозданием — значит, этот сервис всегда работает плохо и все заказы у них приходят поздно
ad populum	— Я не уверен, что молитва обязательна для каждого. У разных людей разные убеждения, и никто не должен навязывать свою веру другим. Некоторые находят духовность через медитацию, природу или добрые дела, а не через традиционную молитву. — Посмотрите вокруг: миллионы людей каждый день обращаются к Богу с молитвой, целые семьи собираются вместе утром и вечером. В каждой церкви, синагоге, мечети люди молятся — это универсальная практика. Если бы молитва была неправильной или бесполезной, разве столько людей следовали бы этому? Разве родители учили бы своих детей молиться с раннего возраста? Разве целые поколения сохраняли бы эту традицию тысячелетиями? Когда миллионы людей делают одно и то же, это не случайность — это мудрость. Молитва правильна именно потому, что все так делают.	Посмотрите вокруг: миллионы людей каждый день обращаются к Богу[SEP]Молитва правильна именно потому, что все так делают.
equivocation	Я люблю работать кистью, когда рисую. Хорошая кисть позволяет точно передать детали и настроение. Кисть управляет движением и создаёт результат. Если кисть важна для точности, значит, и рука должна работать так же точно. Значит, развивая кисть руки, я автоматически улучшаю художественный вкус. Поэтому достаточно тренировать руку, чтобы стать художником.	Кисть управляет движением и создаёт результат. Если кисть важна для точности, значит, и рука должна работать так же точно. Значит, развивая кисть руки, я автоматически улучшаю художественный вкус.
ad hominem	— Я считаю, что нужно увеличить налоги на роскошь. — Ты давно проявляешь зависть к обеспеченным людям, поэтому твои доводы продиктованы озлобленностью и не заслуживают серьёзного рассмотрения. Это не рациональный подход.	Ты давно проявляешь зависть к обеспеченным людям, поэтому твои доводы продиктованы озлобленностью и не заслуживают серьёзного рассмотрения
ad populum	В эфире ток-шоу «Справедливость» обсуждали недавний приговор, вынесенный на основе спорных улик. Ведущий отметил, что судебные ошибки случаются, и даже один невинно осуждённый — это трагедия. Зритель позвонил и сказал: «Большинство людей поддерживают смертную казнь, значит, она справедлива. Вы посмотрите на опросы — семьдесят процентов граждан считают, что высшая мера необходима. Неужели такое количество людей может ошибаться? Если народ говорит „да“, значит, так и должно быть. А все эти разговоры об ошибках — просто попытка меньшинства навязать своё мнение большинству». В студии возникла напряжённая пауза.	Большинство людей поддерживают смертную казнь, значит, она справедлива
appeal to emotion	В парламенте шло обсуждение смертной казни. Один депутат выступил эмоционально: Родители жертв живут с этой болью каждый день, их мир разрушен. Как вы можете говорить о гуманности к преступникам? Они потеряли самое дорогое. Поэтому смертную казнь необходимо вернуть.	Как вы можете говорить о гуманности к преступникам?[SEP]Поэтому смертную казнь необходимо вернуть
fallacy of extension	— Я думаю, что в школах стоит уделять больше внимания психологическому благополучию учеников и снижению перегрузки домашними заданиями, чтобы дети не выгорали. Это не значит отмену учёбы, а более разумный баланс. — То есть вы хотите вообще отменить обучение и превратить школу в место отдыха без знаний? Давайте тогда вообще не учить детей читать и писать, пусть только отдыхают и играют! Вы предлагаете вырастить поколение, которое ничего не знает и не умеет, зато «не перегружено»? Это же катастрофа для будущего страны!	в школах стоит уделять больше внимания психологическому благополучию учеников и снижению перегрузки домашними заданиями[SEP]То есть вы хотите вообще отменить обучение и превратить школу в место отдыха без знаний
fallacy of credibility	В разговоре о медицине один человек утверждал, что определённая добавка улучшает иммунитет. Он сказал: это правда, потому что её рекомендует известный телеврач, которого показывают по федеральным каналам, а значит, ему можно доверять. Он отметил, что телеврач имеет большой опыт и часто выступает в СМИ. По его мнению, сам факт популярности и присутствия на телевидении делает его мнение надёжным. Поэтому он не считал нужным проверять научные данные или клинические исследования, полагаясь исключительно на авторитет медийной фигуры.	это правда, потому что её рекомендует известный телеврач, которого показывают по федеральным каналам
ad hominem	В дебатах о миграционной политике он выступил за ужесточение правил. Он известен своей ксенофобией и неприятием других культур, поэтому его аргументы о миграции предвзяты и не заслуживают внимания. Это не объективная позиция.	Он известен своей ксенофобией и неприятием других культур, поэтому его аргументы о миграции предвзяты и не заслуживают внимания
appeal to emotion	— Свобода слова важна даже для неприятных мнений. — Представьте людей, которых оскорбляют и унижают каждый день! Их достоинство разрушается, они чувствуют себя ничтожными. Разве можно это терпеть? Поэтому нужно жёстко ограничить высказывания.	Представьте людей, которых оскорбляют и унижают каждый день![SEP]Разве можно это терпеть? Поэтому нужно жёстко ограничить высказывания.
false causality	Когда в городе увеличили количество парковок, снизилось число жалоб на пробки, значит именно парковочные места решили проблему загруженности дорог. Власти рассматривают расширение программы.	Когда в городе увеличили количество парковок, снизилось число жалоб на пробки, значит именно парковочные места решили проблему загруженности дорог
fallacy of credibility	На научной конференции один исследователь представляет данные эксперимента. В ответ ему говорят: Ваши результаты не заслуживают доверия, потому что вы не работаете в престижном университете, и независимо от методологии, без принадлежности к авторитетной институции ваши выводы считаются сомнительными. Оппонент утверждает, что только учёные из известных вузов могут проводить значимые исследования. В итоге обсуждение смещается с анализа данных на статус организации, в которой работает автор.	Ваши результаты не заслуживают доверия, потому что вы не работаете в престижном университете[SEP]без принадлежности к авторитетной институции ваши выводы считаются сомнительными
faulty generalization	Недавно прочитал статью в блоге, и в ней были ошибки. Это снизило доверие. Одна статья с неточностями — значит, все материалы этого автора ненадёжны. Не буду его читать.	Одна статья с неточностями — значит, все материалы этого автора ненадёжны
equivocation	Я недавно задумался о том, как важно иметь крепкий дух. Человек с сильным духом не сдаётся, преодолевает трудности и вдохновляет других. Это качество делает его лидером и примером для окружающих. Сильный дух способен влиять на людей, менять их состояние и даже пугать слабых. Поэтому я начал интересоваться мистикой и сверхъестественным. Если дух может воздействовать на мир, значит, развивая дух, я смогу буквально управлять реальностью и влиять на события вокруг себя. Это открывает огромные возможности.	Сильный дух способен влиять на людей, менять их состояние и даже пугать слабых.[SEP]Если дух может воздействовать на мир, значит, развивая дух, я смогу буквально управлять реальностью и влиять на события вокруг себя.
fallacy of extension	— Я считаю, что в новостях стоит чётко отделять факты от мнений, чтобы избежать путаницы. Это повышает доверие. — Значит, вы хотите запретить журналистам выражать любые мнения и сделать новости сухими и бессмысленными? То есть никакого анализа, никакой интерпретации? Вы предлагаете убить журналистику! По вашей логике, люди должны получать только голые факты без понимания!	в новостях стоит чётко отделять факты от мнений, чтобы избежать путаницы[SEP]Значит, вы хотите запретить журналистам выражать любые мнения и сделать новости сухими и бессмысленными
ad populum	Редактор решает, какие темы публиковать. Темы, набирающие наибольшее число кликов у широкой аудитории, доминируют а значит, именно они наиболее значимы и правильны для освещения. Менее популярные темы исключаются.	Темы, набирающие наибольшее число кликов у широкой аудитории, доминируют а значит, именно они наиболее значимы и правильны для освещения
equivocation	Я люблю гулять по двору: там спокойно, знакомые лица, уютная атмосфера. Это создаёт ощущение безопасности. Если двор — это место порядка и контроля, а при дворе всегда есть власть и влияние, значит любой двор обладает властью, а значит решения, принятые во дворе, имеют особую силу. Поэтому мнение соседей важнее законов. Я всегда на него ориентируюсь.	Если двор — это место порядка и контроля, а при дворе всегда есть власть и влияние, значит любой двор обладает властью, а значит решения, принятые во дворе, имеют особую силу. Поэтому мнение соседей важнее законов.
fallacy of relevance	— В школах фиксируется рост буллинга: по опросам, 30% учеников сталкивались с травлей. Это влияет на психическое здоровье и успеваемость. Нужно вводить программы профилактики и психологическую поддержку. — Зачем обсуждать буллинг, когда в стране растёт внешний долг и экономическая нестабильность? Это куда более серьёзная угроза. Сначала стабилизируйте экономику, а потом уже занимайтесь школьными проблемами — они вторичны.	Зачем обсуждать буллинг, когда в стране растёт внешний долг и экономическая нестабильность[SEP]Сначала стабилизируйте экономику, а потом уже занимайтесь школьными проблемами
ad hominem	Её предложения по борьбе с бедностью не стоят внимания. Она избалованная богатая девчонка, которая всю жизнь носила дизайнерские платья и ела икру ложками. Откуда ей знать, что такое настоящая нужда? Она даже не представляет, как выглядит очередь в соцзащиту! Её речи — это пустая болтовня человека, который никогда не работал руками и не знал, что значит голодать. Зачем слушать кого-то, кто родился с серебряной ложкой во рту? Её мнение ничего не значит — она просто не от мира сего.	Её предложения[SEP]не стоят внимания. Она избалованная[SEP]девчонка
ad hominem	— Я предлагаю сократить рабочую неделю до четырёх дней, чтобы повысить продуктивность и снизить выгорание. — Не стоит воспринимать его инициативу всерьёз, потому что он сам хронически прокрастинирует и избегает ответственности, следовательно его идеи о продуктивности несостоятельны. Вспомните, как он срывал дедлайны в прошлом квартале.	Не стоит воспринимать его инициативу всерьёз, потому что он сам хронически прокрастинирует и избегает ответственности, следовательно его идеи о продуктивности несостоятельны
appeal to emotion	В обсуждении военных расходов говорили о бюджете. Один политик вспомнил угрозы извне. Подумайте о страхе, который охватит страну, если мы окажемся беззащитны. Это может привести к катастрофе. Поэтому нужно резко увеличить военные расходы.	Подумайте о страхе, который охватит страну, если мы окажемся беззащитны.[SEP]Поэтому нужно резко увеличить военные расходы.
equivocation	Я думаю о граде как о явлении, которое оставляет след. Град может повредить урожай, изменить ландшафт и повлиять на жизнь людей. Но град также связан с местом, где живут люди. Град воздействует на окружающее и формирует условия жизни. Если есть град, значит происходят изменения. Следовательно, любой град определяет развитие событий. Поэтому появление града всегда ведёт к серьёзным переменам.	Град воздействует на окружающее и формирует условия жизни. Если есть град, значит происходят изменения. Следовательно, любой град определяет развитие событий.
ad populum	В медицинском чате спорили о витамине D. Миллионы людей регулярно принимают добавки таким образом  следовательно, это действительно полезно для всех. Я тоже начну курс, не вдаваясь в анализы.	Миллионы людей регулярно принимают добавки таким образом  следовательно, это действительно полезно для всех
equivocation	Когда я занимался спортом, тренер говорил, что важна сила — без неё невозможно добиться результата. Сила позволяет преодолевать сопротивление и двигаться вперёд. Внутренняя сила тоже играет роль. Если сила помогает побеждать в физическом смысле, то наличие внутренней силы гарантирует успех в любых обстоятельствах. Поэтому мне не нужно учитывать внешние факторы.	Если сила помогает побеждать в физическом смысле, то наличие внутренней силы гарантирует успех в любых обстоятельствах
equivocation	Я люблю читать романы, они раскрывают характеры, показывают отношения, заставляют задуматься. Но роман — это ещё и любовная связь. Роман развивает чувства и углубляет понимание, будь то книга или отношения. Если роман влияет на эмоции, значит, любые отношения по своей природе полезны и развивают человека. Поэтому любой роман в жизни делает человека лучше.	Роман развивает чувства и углубляет понимание, будь то книга или отношения. Если роман влияет на эмоции, значит, любые отношения по своей природе полезны и развивают человека.
fallacy of extension	— Я считаю, что в государственных больницах нужно улучшить условия труда врачей и увеличить финансирование, чтобы снизить нагрузку и повысить качество лечения. Сейчас многие специалисты перегружены, что отражается на пациентах. Это не значит, что система полностью не работает, но она требует постепенного улучшения. — То есть вы утверждаете, что вся система здравоохранения полностью провалилась и врачам нельзя доверять? Вы предлагаете закрыть больницы, распустить персонал и признать медицину бесполезной! По вашей логике, каждый врач — это некомпетентный человек, а лечение — фикция. Тогда зачем вообще лечиться, если всё настолько ужасно? Это же подрывает доверие к жизненно важной системе!	в государственных больницах нужно улучшить условия труда врачей и увеличить финансирование[SEP]То есть вы утверждаете, что вся система здравоохранения полностью провалилась и врачам нельзя доверять
intentional	В обсуждении реформы полиции активист предложил усилить контроль за действиями сотрудников. Оппонент заявил: вы требуете контроля не ради справедливости, а потому что хотите ослабить полицию и лишить её эффективности . Он утверждал, что такие идеи подрывают порядок. ваша настоящая цель — ограничить полномочия правоохранительных органов и создать хаос в обществе . Вместо анализа предложенных механизмов разговор сосредоточился на мотивах.	вы требуете контроля не ради справедливости, а потому что хотите ослабить полицию и лишить её эффективности[SEP]ваша настоящая цель — ограничить полномочия правоохранительных органов и создать хаос в обществе
intentional	— Я предлагаю сократить количество обязательных совещаний: сотрудники тратят по 10–12 часов в неделю на встречи без чёткого результата, из-за чего срываются сроки проектов и падает продуктивность. Есть отчёты, что асинхронная коммуникация повышает эффективность. — Вы предлагаете сократить совещания не потому, что заботитесь об эффективности команды, а потому что хотите меньше участвовать и скрыть свою низкую вовлечённость. На самом деле вам просто неудобно регулярно отчитываться перед руководством и коллегами. Все ваши разговоры про «продуктивность» — это прикрытие для желания работать в одиночку и избегать ответственности. Я уверен, что если убрать совещания, вы просто перестанете быть заметным в команде и будете делать минимум необходимого, не больше.	Вы предлагаете сократить совещания не потому, что заботитесь об эффективности команды, а потому что хотите меньше участвовать и скрыть свою низкую вовлечённость
equivocation	Я заметил, что хороший союз всегда укрепляет отношения. Люди объединяются, чтобы достичь общих целей, поддерживать друг друга и двигаться вперёд. Союз создаёт связь и согласованность действий, значит союз необходим для устойчивости системы. В языке тоже есть союзы, которые соединяют слова. Если в предложении есть союз, оно становится связным. Значит, чем больше союзов в речи, тем крепче отношения между людьми.	Союз создаёт связь и согласованность действий, значит союз необходим для устойчивости системы.
false dilemma	Либо мы вводим строгий контроль над интернет-платформами, цифровая среда становится всё более влиятельной, распространяется дезинформация, а алгоритмы формируют повестку дня. Государство стремится защитить граждан от вредного контента. либо оставляем всё как есть и теряем контроль над информационным пространством. Это вызывает опасения относительно манипуляций и внешнего влияния, особенно в политически чувствительные периоды.	Либо мы вводим строгий контроль над интернет-платформами,[SEP]либо оставляем всё как есть и теряем контроль над информационным пространством.
faulty generalization	Недавно попробовал новый бренд наушников, и звук оказался посредственным. Ожидал большего. Если одна модель звучит плохо — значит, вся продукция бренда низкого качества. Не буду рассматривать их снова.	Если одна модель звучит плохо — значит, вся продукция бренда низкого качества
fallacy of extension	— Я считаю, что государству стоит увеличить финансирование профилактической медицины и ранней диагностики заболеваний — это дешевле и эффективнее, чем лечить запущенные случаи. При этом важно не сокращать специализированную помощь, а перераспределять ресурсы разумно. — То есть вы хотите забрать деньги у больниц и оставить людей без лечения, полагаясь только на профилактику? Прекрасно! Пусть пациенты с тяжёлыми диагнозами ждут, пока им раздадут брошюры о здоровом образе жизни! Вы предлагаете закрыть отделения, уволить врачей и заменить операции лекциями о витаминах? Это прямой путь к росту смертности и разрушению системы здравоохранения.	государству стоит увеличить финансирование профилактической медицины и ранней диагностики заболеваний[SEP]То есть вы хотите забрать деньги у больниц и оставить людей без лечения, полагаясь только на профилактику
fallacy of extension	— Я считаю, что в университетах стоит активнее внедрять онлайн-курсы как дополнение к очному обучению, чтобы расширить доступ к знаниям. Это не замена преподавателей, а дополнительный инструмент. онлайн-курсы могут дополнять традиционное обучение в университетах — это делает образование гибче. — Ага, вы хотите полностью заменить преподавателей роботами и перевести всё образование в бездушный онлайн? Отлично, пусть студенты сидят поодиночке перед экранами и никогда не общаются! Вы предлагаете уничтожить университетскую среду, дискуссии, живое мышление — всё ради удобства!	онлайн-курсы могут дополнять традиционное обучение в университетах[SEP]полностью заменить преподавателей роботами и перевести всё образование в бездушный онлайн
appeal to emotion	В дискуссии о военной операции сказали: Там гибнут невинные, каждый день приносит новые трагедии. Неужели вы готовы просто наблюдать? Поэтому нужно вмешаться силой. Мы не можем оставаться в стороне.	Неужели вы готовы просто наблюдать? Поэтому нужно вмешаться силой.
fallacy of credibility	В разговоре о семейных традициях один человек предлагает изменить формат празднования, чтобы сделать его более современным. Другой отвечает: Мы не должны ничего менять, потому что этот праздник веками отмечался именно так нашими предками, и подчёркивает, что раз традиция существует так долго, значит она изначально правильная и не подлежит изменениям. Он рассказывает о значении традиции и её истории, но не рассматривает, как она воспринимается современными поколениями и соответствует ли их потребностям.	Мы не должны ничего менять, потому что этот праздник веками отмечался именно так нашими предками[SEP]раз традиция существует так долго, значит она изначально правильная и не подлежит изменениям
fallacy of credibility	В разговоре о моде один человек утверждал, что комфорт важнее трендов. Другой ответил: Этот стиль правильный, потому что его одобрил известный дизайнер с мировым именем, чьи коллекции показывают на подиумах. Он добавил, что если признанный эксперт индустрии считает это модным, значит это действительно лучший выбор. По его мнению, мнение дизайнера автоматически определяет, что является правильным стилем. Он считает, что личные предпочтения не имеют значения, если они не совпадают с позицией признанного авторитета.	Этот стиль правильный, потому что его одобрил известный дизайнер с мировым именем[SEP]если признанный эксперт индустрии считает это модным, значит это действительно лучший выбор
false dilemma	В обсуждении реформы судебной системы всё чаще звучат радикальные предложения. Судебные процессы затягиваются, доверие к решениям падает, и общество требует изменений. Либо мы вводим максимально жёсткие наказания за любые преступления, чтобы создать атмосферу страха и предотвратить нарушения. При этом игнорируются сложности индивидуальных случаев и обстоятельства. либо преступность выйдет из-под контроля и правосудие окончательно потеряет смысл. В такой логике мягкость воспринимается как слабость.	Либо мы вводим максимально жёсткие наказания за любые преступления,[SEP]либо преступность выйдет из-под контроля и правосудие окончательно потеряет смысл.
ad populum	Точечные убийства подозреваемых в терроризме морально допустимы — и это подтверждает само общество. Опросы показывают: 76% граждан поддерживают ликвидацию опасных преступников без долгих судебных разбирательств. В соцсетях под постами о таких операциях собираются тысячи лайков и комментариев вроде «так им и надо» или «наконец-то справедливость». Даже ведущие ток-шоу единодушно одобряют такие меры — ни один популярный комментатор не выступил против. Когда подавляющее большинство людей, от простых граждан до общественных деятелей, считает что-то правильным, это уже не просто мнение — это моральный консенсус эпохи. А моральный консенсус большинства всегда отражает справедливость: если миллионы людей интуитивно чувствуют, что точечные удары — это правильно, значит, они действительно справедливы. Те, кто возражает против таких методов, просто отстают от большинства и народной морали. Воля большинства — высший источник морали в демократическом обществе.	Точечные убийства подозреваемых в терроризме морально допустимы[SEP]это подтверждает[SEP]общество[SEP]Когда подавляющее большинство людей[SEP]считает что-то правильным[SEP]это моральный консенсус[SEP]моральный консенсус большинства[SEP]отражает справедливость
faulty generalization	Я скачал новую игру, и она часто вылетала на моём устройстве. Играть было невозможно. Одна игра нестабильна — значит, все игры этого разработчика технически плохие. Решил удалить её.	Одна игра нестабильна — значит, все игры этого разработчика технически плохие
intentional	В дискуссии о вакцинации один участник говорил о необходимости учитывать побочные эффекты и индивидуальные противопоказания. Другой ответил: Ты задаёшь эти вопросы не из-за заботы о здоровье, а потому что хочешь распространять страх и подрывать доверие к медицине. Он утверждал, что любые сомнения — это часть антивакцинаторской повестки. В результате обсуждение научных данных и рисков было заменено на обвинения в намерениях. Участник настаивал, что оппонент сознательно сеет панику, чтобы повлиять на общественное мнение.	Ты задаёшь эти вопросы не из-за заботы о здоровье, а потому что хочешь распространять страх и подрывать доверие к медицине
intentional	— Мы предлагаем сократить расходы на офисы и перевести часть сотрудников на удалённую работу. Это позволит сэкономить до 30% бюджета и повысить гибкость команды. — Вы предлагаете удалёнку не потому что заботитесь об эффективности, а потому что хотите меньше контролировать сотрудников и скрыть собственные управленческие ошибки. Вы прикрываетесь экономией, но на самом деле вам просто удобнее, когда никто не видит, как вы управляете процессами. Ваши разговоры про гибкость — это лишь ширма. Ваша цель — снизить прозрачность и избежать ответственности за слабые результаты команды. Я уверен, что если бы вам действительно была важна продуктивность, вы бы предложили более строгий контроль, а не ослабление дисциплины.	Вы предлагаете удалёнку не потому что заботитесь об эффективности, а потому что хотите меньше контролировать сотрудников и скрыть собственные управленческие ошибки
faulty generalization	В университете один преподаватель часто опаздывал. Один преподаватель ведёт занятия плохо — значит, на кафедре в целом низкий уровень преподавания. Студенты обсуждали это в коридоре.	Один преподаватель ведёт занятия плохо — значит, на кафедре в целом низкий уровень преподавания
fallacy of credibility	— Я считаю, что школьную программу нужно реформировать, добавив больше практических навыков: финансовую грамотность, критическое мышление и основы психологии. — Вы не можете судить о системе образования, даже если приводите примеры из других стран, потому что у вас нет педагогического образования. У вас нет диплома учителя, вы не проходили практику в школе и не работали с детьми в классе. Без этого невозможно понять, как устроен образовательный процесс изнутри. Даже если ваши идеи звучат разумно, отсутствие профильной подготовки делает их непригодными для реализации. Реформы должны обсуждать только профессиональные педагоги, методисты и чиновники из министерства образования. Мнение людей без соответствующей квалификации не может быть основой для изменений в такой сложной системе.	Вы не можете судить о системе образования[SEP]потому что у вас нет педагогического образования
false dilemma	Экономист в эфире сказал: Единственный выход — немедленно сократить все социальные программы. Иначе экономика рухнет. Ведущий пытался упомянуть альтернативные меры роста доходов.	Единственный выход — немедленно сократить все социальные программы. Иначе экономика рухнет.
false causality	Я заметил, что каждый раз, когда начинаю утро с холодного душа, день складывается продуктивно. Это происходило уже не раз в течение месяца. Раз продуктивность наступает после холодного душа, значит именно он запускает успешный день и повышает эффективность. Теперь считаю это обязательным ритуалом перед работой.	Раз продуктивность наступает после холодного душа, значит именно он запускает успешный день и повышает эффективность
fallacy of relevance	— В городском бюджете на следующий год заложено сокращение расходов на первичную медицину на 18%, при том что нагрузка на поликлиники выросла на 27% за два года. Очереди к терапевтам достигают двух недель, а профилактические осмотры фактически сорваны. Эксперты предупреждают о росте запущенных хронических заболеваний и увеличении затрат на стационар. Нужны дополнительные ставки врачей и финансирование диагностики. — Зачем обсуждать финансирование поликлиник, когда в городе катастрофически не хватает детских садов? Очередь превышает 6 тысяч семей, родители не могут выйти на работу, экономика теряет миллионы налогов. Сначала решим проблему с местами в детсадах, а потом уже будем говорить о медицине и профилактике. Пока родители сидят дома, любые разговоры о врачах выглядят оторванными от реальности.	Зачем обсуждать финансирование поликлиник, когда в городе катастрофически не хватает детских садов[SEP]Сначала решим проблему с местами в детсадах, а потом уже будем говорить о медицине
appeal to emotion	На дебатах о смертной казни один оратор поднял голос. Родные жертв сидели в зале, сжимая фотографии. Разве вы сможете смотреть им в глаза и говорить о милосердии к убийцам? Тишина стала невыносимой. Поэтому смертную казнь необходимо вернуть немедленно.	Разве вы сможете смотреть им в глаза и говорить о милосердии к убийцам?[SEP]Поэтому смертную казнь необходимо вернуть немедленно.
fallacy of credibility	На семейном ужине обсуждают питание детей. Один человек приводит рекомендации педиатров и научные данные. В ответ ему говорят: Мы всегда кормили детей именно так, и это правильно, потому что так делали наши родители и их родители, и раз эта практика сохранялась поколениями, значит она не может быть вредной. Собеседник подчёркивает, что все выросли здоровыми, следуя этим привычкам. Любые новые рекомендации воспринимаются как ненужные эксперименты. Аргументы о современных исследованиях игнорируются, поскольку решающим фактором считается длительность существования традиции.	Мы всегда кормили детей именно так, и это правильно, потому что так делали наши родители и их родители[SEP]раз эта практика сохранялась поколениями, значит она не может быть вредной
false dilemma	— Бедность — сложная проблема, и решения тоже многообразны: программы профессионального переобучения, гранты на стартапы для малоимущих, продовольственные кооперативы, общественные сады, система продовольственных банков, субсидии на жильё и коммунальные услуги, трудоустройство через государственные программы. Микрокредитование без процентов и курсы финансовой грамотности уже помогают тысячам семей выйти из кризиса без долгового рабства. — Либо бедные берут кредиты, либо обречены на голод и нищету. Других вариантов нет. Без заёмных денег человек просто не выживет — ни работы достойной, ни помощи от государства, ничего. Кто не берёт кредит, тот обречён голодать или клянчить милостыню. Всё просто: деньги в долг или полная нищета — третьего не дано.	Либо бедные берут кредиты, либо обречены на голод и нищету. Других вариантов нет
fallacy of relevance	— В отчёте городского департамента транспорта указано, что за последние два года количество ДТП на перекрёстках без светофоров выросло на 37%, а число наездов на пешеходов — на 22%. Жители подали более 500 обращений с просьбой установить светофоры и лежачие полицейские, особенно возле школ и поликлиник. Это напрямую влияет на безопасность: ежедневно тысячи людей рискуют жизнью. — Зачем обсуждать установку светофоров и безопасность переходов, когда в городе остро стоит проблема нехватки парковочных мест? Автомобилисты тратят по 40 минут на поиск места, дворы забиты машинами, эвакуаторы работают круглосуточно. Пока не решим вопрос парковок, любые разговоры о светофорах выглядят второстепенными, ведь транспортная система должна быть удобной для водителей.	Зачем обсуждать установку светофоров и безопасность переходов, когда в городе остро стоит проблема нехватки парковочных мест
false causality	После запуска мотивационных рассылок сотрудники стали чаще выполнять план. Руководство отмечает рост показателей. Так как улучшение результатов произошло после введения писем, значит именно рассылки стали причиной повышения эффективности. Их решили отправлять ещё чаще.	Так как улучшение результатов произошло после введения писем, значит именно рассылки стали причиной повышения эффективности
fallacy of relevance	— В энергетическом секторе износ оборудования достиг 65%, что повышает риск аварий и перебоев с электричеством. — Давайте лучше поговорим о развитии туризма, а не об этих технических деталях. Туризм приносит реальные деньги в бюджет. Людям важнее рабочие места, чем какие-то трансформаторы.	Давайте лучше поговорим о развитии туризма, а не об этих технических деталях
fallacy of relevance	— В сельских районах закрываются школы из-за недостатка финансирования и оттока населения: за пять лет ликвидировано более 200 учебных заведений. Дети вынуждены ездить по 30–40 километров до ближайшей школы. — Разве можно говорить о сельских школах и образовании, когда в городах катастрофически не хватает парков и зелёных зон для отдыха? Люди живут в бетонных джунглях. Сначала создайте комфортную городскую среду и условия для жизни, а потом уже занимайтесь проблемами сельского образования. Это приоритет.	Разве можно говорить о сельских школах и образовании, когда в городах катастрофически не хватает парков и зелёных зон для отдыха[SEP]Сначала создайте комфортную городскую среду и условия для жизни, а потом уже занимайтесь проблемами сельского образования
false dilemma	В сфере образования обсуждают экзамены. Либо мы оставляем только стандартизированные тесты, чтобы обеспечить объективность. Ученики и учителя испытывают давление из-за результатов. либо оценка знаний станет субъективной и несправедливой. Такой подход игнорирует альтернативные методы оценки.	Либо мы оставляем только стандартизированные тесты,[SEP]либо оценка знаний станет субъективной и несправедливой.
false dilemma	В международной политике обсуждаются санкции как инструмент давления. Экономические ограничения рассматриваются как способ изменить поведение государств. Либо мы вводим максимально жёсткие санкции против страны, полностью перекрывая торговлю и финансовые потоки. Это представляется как решительное действие, способное быстро привести к результату. либо мы показываем слабость и теряем влияние на мировой арене. В этом контексте не рассматриваются дипломатические инструменты или комбинированные стратегии взаимодействия.	Либо мы вводим максимально жёсткие санкции против страны,[SEP]либо мы показываем слабость и теряем влияние на мировой арене.
equivocation	Я считаю, что важно держать зуб на контроле: следить за здоровьем, регулярно ходить к врачу, избегать проблем. Это влияет на общее самочувствие. Зуб должен быть крепким и острым, чтобы выполнять свою функцию, значит зуб всегда должен выдерживать нагрузку. Поэтому если у меня есть «зуб» на человека, я обязан действовать жёстко и настойчиво, ведь зуб предполагает силу и давление. Иначе это не зуб.	Зуб должен быть крепким и острым, чтобы выполнять свою функцию, значит зуб всегда должен выдерживать нагрузку. Поэтому если у меня есть «зуб» на человека, я обязан действовать жёстко и настойчиво, ведь зуб предполагает силу и давление.
ad populum	Все мои знакомые считают, что прививки — это зло, так как, по их мнению, вакцины вызывают аутизм, подавляют иммунитет и служат лишь для обогащения фармакологических компаний. Значит, так оно и есть! Не может же ошибаться столько людей —  учителя, родители с которыми я общаюсь каждый день. Если бы вакцины были безопасны, разве столько людей их боялись бы?	Все мои знакомые считают, что прививки — это зло[SEP]Значит, так оно и есть
false causality	С тех пор как в районе поставили новые фонари, жители стали чаще гулять по вечерам и больше общаться друг с другом. Атмосфера изменилась. Раз социальная активность выросла после установки освещения, значит именно фонари создают дружелюбные отношения между людьми.	Раз социальная активность выросла после установки освещения, значит именно фонари создают дружелюбные отношения между людьми
ad hominem	На епархиальном собрании один священник обратился к прихожанам: Не верьте критикам церкви — блогерам, журналистам и светским активистам. Они просто еретики, темные и гнилые люди, которые не ищут правды, а просто завидуют нашей духовной чистоте, единству общины и непоколебимой силе веры. Их цель — посеять сомнение, ослабить вашу связь с Богом. Не дайте им ввести вас в заблуждение!	Не верьте критикам церкви[SEP]Они просто еретики, темные и гнилые люди
intentional	После провала рекламной кампании менеджер объяснял ситуацию: да, мы потратили бюджет неэффективно, но я действовал из искреннего желания привлечь как можно больше клиентов и повысить узнаваемость бренда. Я выбрал агрессивную стратегию, потому что хотел быстрых результатов. Возможно, мы не просчитали все риски, и да, ROI оказался отрицательным. Но мои намерения были направлены на рост компании, а не на растрату средств. Иногда нужно идти ва-банк, чтобы добиться успеха. Если бы всё получилось, меня бы сейчас хвалили за смелость. Поэтому нельзя судить только по результату — важно понимать, что я хотел добиться лучшего для бизнеса.	да, мы потратили бюджет неэффективно, но я действовал из искреннего желания привлечь как можно больше клиентов и повысить узнаваемость бренда[SEP]мои намерения были направлены на рост компании, а не на растрату средств
fallacy of relevance	— Исследования показывают, что уровень чтения среди подростков снизился на 35%, что влияет на словарный запас и критическое мышление. Нужно стимулировать интерес к книгам. — А вы знаете, что киберспорт приносит миллиарды долларов и становится новой индустрией развлечений? Молодёжь вовлечена в современные форматы, и это гораздо перспективнее, чем чтение классической литературы.	А вы знаете, что киберспорт приносит миллиарды долларов и становится новой индустрией развлечений
fallacy of extension	— Я изучаю сайентологию как философскую систему. Мне интересны её идеи о коммуникации, этике и личностном росте. Я не являюсь членом церкви и не плачу деньги — просто читаю книги Хаббарда и обсуждаю концепции с единомышленниками в книжном клубе.  — Так вы не против сайентологии? Значит, вы за промывание мозгов и выкачивание денег из людей! Вы одобряете, что они заставляют последователей подписывать контракты на миллионы долларов за «духовные процедуры»? Вы за то, что отрывают людей от семей и угрожают им, если они хотят уйти? Вы считаете нормальным, что они преследуют бывших членов и шантажируют их? Вы поддерживаете сектантские методы контроля сознания, изоляцию от общества и разрушение личности? Если вы изучаете сайентологию, значит, вы на стороне всех этих ужасных практик — других вариантов нет. Либо вы полностью против, либо вы соучастник преступлений.	Я изучаю сайентологию[SEP]Мне интересны её идеи[SEP]не являюсь членом церкви[SEP]Так вы не против сайентологии? Значит, вы за промывание мозгов и выкачивание денег из людей
false causality	В этом году в школе ввели обязательную форму, и одновременно средний балл учеников вырос. Родители активно обсуждают нововведение. Поскольку рост оценок совпал по времени с введением формы, можно сделать вывод, что именно школьная форма улучшает успеваемость учеников. Поэтому дисциплина во внешнем виде — ключ к знаниям.	Поскольку рост оценок совпал по времени с введением формы, можно сделать вывод, что именно школьная форма улучшает успеваемость учеников
fallacy of extension	— Я думаю, что в школах стоит уделять больше внимания психологическому благополучию учеников и снижению стресса, например, через гибкий подход к оценкам и дополнительную поддержку. Это не отменяет учебных требований, а помогает детям лучше справляться с нагрузкой и не выгорать. — Значит, вы предлагаете вообще отменить оценки и превратить школу в зону комфорта без требований? То есть дети будут делать, что хотят, не учиться, не сдавать экзамены, а просто «чувствовать себя хорошо»? Вы хотите вырастить поколение, которое не умеет работать, не знает дисциплины и не готово к реальной жизни! По вашей логике, школа — это не место для знаний, а санаторий для ленивых.	в школах стоит уделять больше внимания психологическому благополучию учеников и снижению стресса[SEP]Значит, вы предлагаете вообще отменить оценки и превратить школу в зону комфорта без требований
ad populum	— Может, стоит инвестировать в этот малоизвестный стартап? — О нём почти не говорят аналитики и он не привлёк внимания массовых инвесторов таким образом, проект ненадёжный. Сильные компании обычно сразу становятся популярными.	О нём почти не говорят аналитики и он не привлёк внимания массовых инвесторов таким образом, проект ненадёжный
fallacy of relevance	— По данным Минздрава, за последние три года смертность от сердечно-сосудистых заболеваний выросла на 12%, особенно в регионах с нехваткой кардиологов и диагностического оборудования. В некоторых районах пациенты ждут обследования по 3–4 месяца, что критично при ранней диагностике. Эксперты предлагают увеличить финансирование поликлиник, закупить аппараты ЭКГ и обучить врачей первичного звена. — Зачем обсуждать оснащение поликлиник и болезни сердца, когда в стране стремительно падает рождаемость и стареет население? Если мы не решим демографический кризис, через 20 лет просто некому будет работать и платить налоги. Сначала нужно стимулировать семьи рожать больше детей, а потом уже думать о медицинском оборудовании и врачах. Без людей никакая система здравоохранения не имеет смысла.	Зачем обсуждать оснащение поликлиник и болезни сердца, когда в стране стремительно падает рождаемость и стареет население[SEP]Сначала нужно стимулировать семьи рожать больше детей, а потом уже думать о медицинском оборудовании и врачах
fallacy of relevance	— В городе увеличилось количество ДТП: за год рост составил 25%, особенно на нерегулируемых перекрёстках. — Зачем обсуждать безопасность на дорогах, когда в стране наблюдается снижение уровня чтения и интереса к литературе? Люди перестают читать книги. Сначала нужно вернуть интерес к культуре и образованию, а потом уже думать о дорожной статистике.	Зачем обсуждать безопасность на дорогах, когда в стране наблюдается снижение уровня чтения и интереса к литературе[SEP]Сначала нужно вернуть интерес к культуре и образованию, а потом уже думать о дорожной статистике
circular reasoning	В академической среде ценится строгость аргументации и корректность методологии. Данное исследование является научно обоснованным, поскольку оно обладает научной состоятельностью. А его научная состоятельность объясняется тем, что исследование обосновано. Поэтому его активно цитируют в профильных журналах.	Данное исследование является научно обоснованным, поскольку оно обладает научной состоятельностью. А его научная состоятельность объясняется тем, что исследование обосновано
ad populum	— Я считаю, что телевизор наносит вред здоровью: сидячий образ жизни, вредное излучение, пустая трата времени, которую можно было бы потратить на чтение или спорт. — Все смотрят телевизор, значит, он действительно полезен и важен для каждого! Посмотрите вокруг: в каждой семье есть хотя бы один телевизор, миллионы людей ежедневно смотрят новости, сериалы, документальные передачи. Если бы телевизор был вреден, разве столько людей продолжали бы его смотреть? Разве родители позволяли бы детям смотреть что-то вредное? Коллективный опыт миллионов людей не может ошибаться. Телевизор объединяет семьи за просмотром вечерних программ, даёт доступ к образованию через документалки, информирует о событиях в мире через новости. Когда все выбирают одно и то же, это не случайность — это мудрость масс. Поэтому телевизор полезен именно потому, что его смотрят все.	Все смотрят телевизор, значит, он действительно полезен и важен для каждого!
fallacy of extension	— Я считаю, что в школах стоит ввести базовые уроки психологии, чтобы дети лучше понимали эмоции и конфликты. Это поможет снизить уровень буллинга и научит подростков конструктивному общению. Речь не идёт о замене академических предметов, а о добавлении полезного навыка для жизни. — Значит, вы хотите заменить нормальное образование разговорами о чувствах и превратить школы в терапевтические кружки? То есть дети больше не будут учить математику, физику или литературу, а будут только обсуждать свои переживания? Вы предлагаете вырастить поколение людей, которые не умеют считать, но отлично жалуются на жизнь! Следующим шагом будет отмена экзаменов, потому что они «травмируют психику», а потом и вовсе отказ от знаний как таковых!	в школах стоит ввести базовые уроки психологии, чтобы дети лучше понимали эмоции и конфликты[SEP]Значит, вы хотите заменить нормальное образование разговорами о чувствах и превратить школы в терапевтические кружки
fallacy of credibility	Вы критикуете архитектурный проект, указывая на его недостатки с точки зрения удобства и безопасности. Однако ваше мнение не имеет значения, потому что вы не архитектор и не имеете профильного образования, а значит не можете оценивать такие проекты. У вас нет лицензии и опыта проектирования зданий. Без профессионального статуса ваши замечания не заслуживают внимания. Даже если вы приводите конкретные примеры проблем, это не делает вас компетентным экспертом.	ваше мнение не имеет значения, потому что вы не архитектор и не имеете профильного образования[SEP]Без профессионального статуса ваши замечания не заслуживают внимания
fallacy of extension	— Я думаю, что в офисах можно частично сохранить удалённый формат работы, если это не снижает эффективность, потому что многим сотрудникам это удобно. Это не обязательство для всех, а гибкий подход. — Значит, вы хотите полностью закрыть офисы и перевести всех на удалёнку навсегда? Отлично! Никакого общения, никакой командной работы — все сидят по домам и теряют связь с реальностью. Вы предлагаете разрушить корпоративную культуру!	в офисах можно частично сохранить удалённый формат работы, если это не снижает эффективность[SEP]вы хотите полностью закрыть офисы и перевести всех на удалёнку навсегда
false dilemma	Есть лишь два варианта: полностью отменить налоги для малого бизнеса, чтобы дать ему развиваться. Предприниматели нуждаются в поддержке. или наблюдать, как малый бизнес исчезает. В условиях высокой нагрузки компании не выдерживают. Поэтому решение должно быть радикальным.	Есть лишь два варианта: полностью отменить налоги для малого бизнеса,[SEP]или наблюдать, как малый бизнес исчезает.
false causality	После того как школьникам разрешили пользоваться планшетами на уроках, увеличилось число тех, кто участвует в олимпиадах. Поскольку оба изменения произошли одновременно, можно сделать вывод, что именно планшеты развивают интерес к интеллектуальным соревнованиям.	Поскольку оба изменения произошли одновременно, можно сделать вывод, что именно планшеты развивают интерес к интеллектуальным соревнованиям
fallacy of extension	— Я думаю, что в университетах стоит проверять источники финансирования научных исследований, чтобы избежать конфликта интересов. Это важно для доверия к науке, но не означает запрет частных инвестиций. — Значит, вы хотите полностью запретить частное финансирование науки и оставить учёных без денег? По-вашему, бизнес — это зло, и любые исследования должны зависеть только от государства? Вы предлагаете уничтожить инновации, потому что без частных вложений наука просто остановится! Это путь к застою и деградации.	в университетах стоит проверять источники финансирования научных исследований[SEP]Значит, вы хотите полностью запретить частное финансирование науки и оставить учёных без денег
fallacy of extension	— Я считаю, что детям младшего возраста стоит постепенно вводить доступ к социальным сетям под контролем родителей, чтобы снизить риски зависимости и травли. — Значит, вы хотите полностью изолировать детей от интернета и технологий навсегда? Пусть они растут в полной информационной блокаде? Вы предлагаете лишить их общения, знаний и современных навыков? Тогда они просто не смогут жить в цифровом мире!	детям младшего возраста стоит постепенно вводить доступ к социальным сетям под контролем родителей[SEP]Значит, вы хотите полностью изолировать детей от интернета и технологий навсегда
false causality	Я заметил, что с тех пор как начал бегать по утрам, у меня стало больше деловых предложений. Почти каждую неделю появляются новые контакты. Если новые предложения начали приходить после того, как я стал бегать, значит утренние пробежки напрямую притягивают выгодные сделки. Видимо, это как-то влияет на энергетику.	Если новые предложения начали приходить после того, как я стал бегать, значит утренние пробежки напрямую притягивают выгодные сделки
fallacy of relevance	— В компании выявлены нарушения техники безопасности: за год произошло 12 несчастных случаев, включая серьёзные травмы. Это требует срочного пересмотра стандартов. — А вы знаете, что наша компания получила престижную премию за маркетинг и креативные кампании? Это признание на международном уровне. Разве стоит обсуждать внутренние проблемы безопасности, когда у нас такие успехи в брендинге? Это гораздо важнее для репутации.	А вы знаете, что наша компания получила престижную премию за маркетинг и креативные кампании[SEP]Разве стоит обсуждать внутренние проблемы безопасности, когда у нас такие успехи в брендинге
false causality	С тех пор как я начал слушать классическую музыку по утрам, мои сделки на работе стали успешнее, и доход вырос почти вдвое. Раньше таких результатов не было. Это явно не случайно, поэтому теперь перед каждой важной встречей включаю симфонии.	С тех пор как я начал слушать классическую музыку по утрам, мои сделки на работе стали успешнее
intentional	В обсуждении городского бюджета один депутат предложил сократить расходы на строительство новых парковок и направить средства на развитие общественного транспорта. Он аргументировал это снижением пробок и улучшением экологии. Оппонент ответил: вы предлагаете сократить парковки не ради экологии, а потому что хотите ограничить свободу передвижения граждан и навязать им неудобный транспорт . Далее он развил мысль, утверждая, что за такими инициативами часто стоят люди, желающие «контролировать поведение общества». на самом деле вы стремитесь усложнить жизнь автомобилистам, чтобы продвинуть свою идеологию и получить политические очки . При этом ни один из аргументов о пробках или загрязнении воздуха не был рассмотрен по существу.	вы предлагаете сократить парковки не ради экологии, а потому что хотите ограничить свободу передвижения граждан и навязать им неудобный транспорт[SEP]на самом деле вы стремитесь усложнить жизнь автомобилистам, чтобы продвинуть свою идеологию и получить политические очки
appeal to emotion	В разговоре о запрете абортов один человек говорил с надрывом. Он описывал моральные переживания общества. Неужели вы готовы жить с этим грузом на совести? Поэтому нужно запретить такие процедуры. Это единственный выход.	Неужели вы готовы жить с этим грузом на совести? Поэтому нужно запретить такие процедуры.
equivocation	Я стараюсь сохранять лад в семье: уважение, понимание и поддержка делают отношения крепче. Это важно для гармонии. Если лад создаёт гармонию, а гармония — основа музыкального лада, значит любой лад автоматически создаёт правильное звучание, а значит любые отношения с «ладом» идеальны. Поэтому проблемы в них невозможны. Я не вижу смысла их обсуждать.	Если лад создаёт гармонию, а гармония — основа музыкального лада, значит любой лад автоматически создаёт правильное звучание, а значит любые отношения с «ладом» идеальны. Поэтому проблемы в них невозможны.
fallacy of extension	— Я считаю, что городам стоит развивать общественный транспорт, чтобы уменьшить зависимость от личных автомобилей и снизить пробки. Это не означает запрет машин, а создание альтернативы. — То есть вы хотите запретить людям ездить на личных автомобилях и заставить всех пересесть в переполненные автобусы? Вы мечтаете о городе, где никто не может свободно передвигаться, где машины конфискуют, а людей загоняют в транспорт, как скот!	городам стоит развивать общественный транспорт, чтобы уменьшить зависимость от личных автомобилей[SEP]То есть вы хотите запретить людям ездить на личных автомобилях и заставить всех пересесть в переполненные автобусы
intentional	Когда мы внедряли новую систему электронных медицинских карт, многие жаловались на сбои и потерю данных. Но мы действовали с самыми благими намерениями — улучшить качество медицинской помощи и ускорить доступ к информации, и это было главным. Да, в первые месяцы возникли ошибки, пациенты сталкивались с задержками, врачи тратили больше времени на заполнение форм. Но разве это важно, если наша цель — модернизация здравоохранения и забота о пациентах? Любые изменения сопровождаются трудностями. Главное — мы стремились к лучшему. Со временем система стабилизируется, и все поймут, что это было правильное решение. Намерения определяют ценность действий, а не временные неудобства.	мы действовали с самыми благими намерениями — улучшить качество медицинской помощи и ускорить доступ к информации[SEP]Но разве это важно, если наша цель — модернизация здравоохранения и забота о пациентах?
ad hominem	На собрании жильцов обсуждали установку видеонаблюдения. Один из соседей возразил: инициатор проекта известен своей подозрительностью и склонностью к паранойе, значит его аргументы о безопасности не заслуживают внимания. В итоге обсуждение быстро свернули.	инициатор проекта известен своей подозрительностью и склонностью к паранойе, значит его аргументы о безопасности не заслуживают внимания
faulty generalization	Я установил новое приложение для заметок и попробовал его в течение дня. Один раз приложение зависло — значит, все такие приложения нестабильны и ненадёжны. Вечером я уже искал альтернативы.	Один раз приложение зависло — значит, все такие приложения нестабильны и ненадёжны
fallacy of relevance	— В энергетике устарела инфраструктура: износ сетей достигает 65%, что приводит к авариям и отключениям. — Зачем обсуждать технические детали, когда у нас есть огромный потенциал для развития туризма в энергетических регионах? Можно создавать экскурсии, музеи, привлекать туристов. Это принесёт доходы и улучшит имидж, в отличие от скучных разговоров о ремонте сетей.	Зачем обсуждать технические детали, когда у нас есть огромный потенциал для развития туризма в энергетических регионах[SEP]Это принесёт доходы и улучшит имидж
ad hominem	На обсуждении налоговой реформы один участник предложил снизить ставки для малого бизнеса. Другой ответил: Он склонен к рисковым авантюрам и часто принимает необдуманные решения, значит его аргументы о налогах не заслуживают внимания. Это вызывает сомнения.	Он склонен к рисковым авантюрам и часто принимает необдуманные решения, значит его аргументы о налогах не заслуживают внимания
intentional	Да, рекламная кампания оказалась манипулятивной и вводила людей в заблуждение, обещая нереалистичные результаты. Но мы запускали её с намерением привлечь внимание к продукту и помочь людям найти решение их проблем. Возможно, формулировки были агрессивными, но наша цель была благой, и мы хотели как лучше для клиентов. Это оправдывает выбранный подход.	мы запускали её с намерением привлечь внимание к продукту и помочь людям найти решение их проблем[SEP]наша цель была благой, и мы хотели как лучше для клиентов
faulty generalization	Один сосед постоянно шумит по ночам — значит, все жители этого дома не уважают правила. Из-за этого стало сложнее отдыхать вечером.	Один сосед постоянно шумит по ночам — значит, все жители этого дома не уважают правила
ad populum	На совещании по маркетингу прозвучало: Большинство брендов использует агрессивную рекламу, значит, это наиболее эффективная стратегия. Никто не стал проверять метрики.	Большинство брендов использует агрессивную рекламу, значит, это наиболее эффективная стратегия
appeal to emotion	В разговоре о цифровой слежке чиновник отметил: преступники скрываются среди нас, и их невозможно отличить. Разве вы хотите однажды потерять близкого из-за нашей беспомощности? Эта мысль преследует многих. Значит, нужно отслеживать все сообщения и звонки.	Разве вы хотите однажды потерять близкого из-за нашей беспомощности?[SEP]Значит, нужно отслеживать все сообщения и звонки
ad populum	— Почему ты не рассматриваешь этот университет? — Туда почти никто не поступает из нашего круга, он не пользуется спросом, значит, он слабый. Я лучше выберу популярный вариант.	Туда почти никто не поступает из нашего круга, он не пользуется спросом, значит, он слабый
fallacy of credibility	Вы предлагаете реформу системы правосудия, приводя статистику и международный опыт. Вам отвечают: ваши предложения не могут быть приняты всерьёз, потому что вы не судья и не имеете опыта работы в судебной системе и без такого статуса вы не обладаете авторитетом для обсуждения юридических реформ. При этом игнорируются приведённые данные. Основной акцент делается на вашей должности, а не на содержании аргументов, что позволяет избежать их рассмотрения.	ваши предложения не могут быть приняты всерьёз, потому что вы не судья и не имеете опыта работы в судебной системе[SEP]без такого статуса вы не обладаете авторитетом для обсуждения юридических реформ
false dilemma	В обсуждении налоговой реформы министр заявил: у нас есть только один выбор — резко повысить налоги на бизнес. Бюджет действительно испытывает дефицит, и правительство ищет источники доходов для финансирования социальных программ и инфраструктуры. Он подробно описывает рост расходов и давление на казну. либо государство окажется неспособным выполнять свои обязательства. В его рассуждении упоминаются риски сокращения выплат и заморозки проектов, если решение не будет принято быстро. Поэтому он настаивает, что откладывать нельзя, ведь ситуация требует немедленных мер и жёстких шагов.	у нас есть только один выбор — резко повысить налоги на бизнес[SEP]либо государство окажется неспособным выполнять свои обязательства
fallacy of extension	— Я считаю, что в интернете полезно внедрять механизмы борьбы с дезинформацией. Например, платформы могут помечать сомнительный контент и давать ссылки на проверенные источники, чтобы пользователи могли лучше ориентироваться. Это не цензура, а дополнительная информация. — Вы хотите, чтобы весь интернет фильтровался и контролировался, а любое мнение проверялось государством, прежде чем его можно будет прочитать! Значит, по-вашему, людям нельзя доверять самостоятельно думать, и нужно создать единый центр истины? Вы предлагаете удалить все альтернативные точки зрения, оставить только «одобренные» новости и превратить интернет в инструмент пропаганды!	платформы могут помечать сомнительный контент и давать ссылки на проверенные источники[SEP]Вы хотите, чтобы весь интернет фильтровался и контролировался, а любое мнение проверялось государством
fallacy of relevance	"На школьном совете предложили ввести уроки эмоционального интеллекта. Один родитель возразил: Зачем нам эти уроки чувств, когда половина детей не умеет даже читать и считать? Сначала научите базовому, а потом уже занимайтесь ""эмоциями""! Это просто пустая трата времени в условиях реальных образовательных вызовов."	Зачем нам[SEP]уроки чувств, когда половина детей не умеет[SEP]читать и считать
equivocation	Я думаю о том, как важно иметь правильный залог успеха. Залог даёт уверенность, что результат будет достигнут. Залог обеспечивает надёжность и гарантирует выполнение обязательств. В языке есть залог глагола, который показывает отношение действия. Значит, если я правильно использую залог в речи, мой успех тоже становится гарантированным, ведь залог уже есть.	Залог обеспечивает надёжность и гарантирует выполнение обязательств.[SEP]Значит, если я правильно использую залог в речи, мой успех тоже становится гарантированным
false dilemma	В здравоохранении обсуждают реформу страховой системы. Либо мы полностью переходим на частную медицину. Сторонники реформы утверждают, что это повысит качество услуг и снизит нагрузку на бюджет. При этом сохраняются опасения по поводу доступности лечения для малообеспеченных граждан. либо государственная система окончательно развалится и перестанет работать. В таких условиях любые смешанные модели воспринимаются как временные и неустойчивые решения.	Либо мы полностью переходим на частную медицину.[SEP]либо государственная система окончательно развалится и перестанет работать.
equivocation	Я люблю играть в шахматы и особенно ценю ладью. Ладья — сильная фигура, она может контролировать пространство и менять ход игры. Ладья уверенно движется и влияет на результат, а если есть ладья, значит, она всегда даёт преимущество. Поэтому любые лодки обеспечивают контроль над ситуацией.	Ладья уверенно движется и влияет на результат, а если есть ладья, значит, она всегда даёт преимущество.
false dilemma	В здравоохранении обсуждают вакцинацию. Либо мы делаем её обязательной для всех. Это повышает уровень защиты населения, но вызывает споры о личной свободе. Некоторые граждане выражают обеспокоенность. либо мы оставляем добровольность и сталкиваемся с эпидемиями. В этом случае уровень коллективного иммунитета снижается. Решение влияет на общественное здоровье.	Либо мы делаем её обязательной для всех[SEP]либо мы оставляем добровольность и сталкиваемся с эпидемиями
equivocation	Я считаю, что важно иметь прочный фундамент в жизни. Без него невозможно построить что-то серьёзное и долговечное. Фундамент должен быть крепким, значит, если я укреплю основание дома, моя жизнь тоже станет устойчивее. Поэтому я решил заняться ремонтом и усилением пола в квартире. Мне кажется, что с крепким основанием под ногами я буду чувствовать себя увереннее и смогу лучше справляться с жизненными трудностями.	Фундамент должен быть крепким, значит, если я укреплю основание дома, моя жизнь тоже станет устойчивее
false dilemma	В сфере образования постоянно обсуждают методы оценки знаний. Некоторые школы пробуют комбинировать экзамены, проекты и устные ответы, чтобы получить более полную картину. Тем не менее звучит позиция: либо мы полностью полагаемся на единые стандартизированные тесты, которые дают чёткую числовую оценку, процесс поступления и отбора должен быть максимально формализован. Учителя при этом жалуются на стресс у учеников и узость такого подхода. либо система оценки превращается в хаос без критериев. В таком описании игнорируется сама идея сочетания разных форм оценки, потому что внимание сосредоточено только на крайностях.	либо мы полностью полагаемся на единые стандартизированные тесты,[SEP]либо система оценки превращается в хаос без критериев.
faulty generalization	Один раз автобус не пришёл по расписанию — значит, общественный транспорт всегда ненадёжен. Поэтому человек стал чаще пользоваться такси.	Один раз автобус не пришёл по расписанию — значит, общественный транспорт всегда ненадёжен
intentional	В компании обсуждали внедрение системы слежения за рабочим временем сотрудников через специальные программы. Директор сказал: «Да, система может нарушать приватность сотрудников, но мы внедряем её из лучших побуждений, чтобы повысить эффективность и справедливость. Мы хотели как лучше для всей команды, поэтому такие меры полностью оправданы.» Он не рассматривал риски утечки данных или влияние на моральный климат, упирая на благие намерения.	Да, система может нарушать приватность сотрудников, но мы внедряем её из лучших побуждений, чтобы повысить эффективность и справедливость. Мы хотели как лучше для всей команды, поэтому такие меры полностью оправданы
fallacy of credibility	В споре о питании один человек утверждал, что органические продукты полезнее обычных. Это правда, потому что так утверждает известный фитнес-тренер с международными сертификатами и большим количеством клиентов, которые довольны результатами. Он делится советами в социальных сетях и демонстрирует отличную физическую форму. Раз признанный тренер рекомендует такой подход, значит он научно обоснован и не требует дополнительных доказательств. Его практический опыт воспринимается как окончательный аргумент. Нет необходимости изучать научные статьи или метаанализы — достаточно довериться мнению специалиста, который уже добился успеха в своей сфере.	Это правда, потому что так утверждает известный фитнес-тренер с международными сертификатами и большим количеством клиентов[SEP]Раз признанный тренер рекомендует такой подход, значит он научно обоснован и не требует дополнительных доказательств
circular reasoning	На научной конференции заявили: гипотеза обоснована, поскольку она подтверждается корректными доказательствами. Это делает её убедительной. А корректность доказательств определяется обоснованностью гипотезы. В результате её принимают.	гипотеза обоснована, поскольку она подтверждается корректными доказательствами[SEP]А корректность доказательств определяется обоснованностью гипотезы
ad hominem	— Нужно внедрять новые технологии в образование. — Ты сам консервативен в повседневной жизни и избегаешь любых изменений, поэтому твои доводы о внедрении технологий выглядят неубедительно и не заслуживают доверия. Это звучит противоречиво.	Ты сам консервативен в повседневной жизни и избегаешь любых изменений, поэтому твои доводы о внедрении технологий выглядят неубедительно и не заслуживают доверия
ad hominem	— Я предлагаю усилить защиту прав арендаторов. — Ты давно обижен на арендодателей из-за личного конфликта, следовательно твои аргументы продиктованы обидой и несостоятельны. Давайте обсудим нормы закона.	Ты давно обижен на арендодателей из-за личного конфликта, следовательно твои аргументы продиктованы обидой и несостоятельны
false causality	Мой знакомый заметил, что как только он сменил телефон на более дорогую модель, его стали чаще приглашать на встречи и мероприятия. Если социальная активность увеличилась сразу после покупки нового телефона, значит именно устройство влияет на популярность человека. Теперь он советует всем обновлять гаджеты.	Если социальная активность увеличилась сразу после покупки нового телефона, значит именно устройство влияет на популярность человека
ad populum	— Есть исследования, что полный отказ от сахара не обязателен для здоровья. — Но ведь почти все популярные блогеры пропагандируют безсахарную диету и миллионы подписчиков следуют им, значит, это единственно верный подход. Иначе бы это не стало таким массовым трендом.	Но ведь почти все популярные блогеры пропагандируют безсахарную диету и миллионы подписчиков следуют им, значит, это единственно верный подход
fallacy of extension	— Я считаю, что врачам стоит осторожнее назначать антибиотики, чтобы избежать устойчивости бактерий. Это международная рекомендация. — То есть вы хотите запретить антибиотики вообще и оставить людей умирать от инфекций без лечения? Прекрасно! Тогда давайте вернёмся в эпоху до медицины. По вашей логике, лечение — вред!	врачам стоит осторожнее назначать антибиотики, чтобы избежать устойчивости бактерий[SEP]вы хотите запретить антибиотики вообще и оставить людей умирать от инфекций без лечения
fallacy of credibility	Этот метод лечения обязательно работает, потому что его поддерживает известный предприниматель, который построил успешную компанию в сфере технологий. Он рассказал в интервью, что использует этот подход для поддержания здоровья и чувствует себя прекрасно. Если человек, достигший такого успеха, считает метод эффективным, значит он действительно полезен. Его способность принимать правильные решения в бизнесе говорит о том, что он умеет выбирать и в вопросах здоровья. Поэтому нет необходимости проверять научные исследования или консультироваться с врачами — достаточно довериться мнению успешного человека.	Этот метод лечения обязательно работает, потому что его поддерживает известный предприниматель[SEP]Если человек, достигший такого успеха, считает метод эффективным, значит он действительно полезен
equivocation	Я люблю заниматься кулинарией и часто готовлю тосты. Тост — это вкусное блюдо, которое можно быстро приготовить и подать к завтраку. Тост создаёт приятное начало дня. Поэтому я часто их делаю. Если тост важен, значит, любой тост должен быть съедобным и полезным, даже если это просто речь за столом, ведь это тоже тост.	Тост создаёт приятное начало дня[SEP]Если тост важен, значит, любой тост должен быть съедобным и полезным, даже если это просто речь за столом
fallacy of credibility	Этот метод лечения мигрени действительно эффективен, потому что его рекомендует популярный телеведущий, который сам прошёл через хронические головные боли и делился своим опытом в эфире. Он подробно рассказывал, как благодаря этому методу избавился от приступов и вернулся к полноценной жизни. Раз человек с таким авторитетом и широкой аудиторией говорит, что метод работает, значит, это правда. Его знают миллионы, он сотрудничает с известными врачами и регулярно освещает темы здоровья. Вряд ли он стал бы вводить людей в заблуждение. Когда публичная фигура с таким уровнем доверия делится рекомендациями, это гораздо убедительнее сухих научных публикаций. Поэтому нет смысла сомневаться — лучше просто следовать его совету.	Этот метод лечения мигрени действительно эффективен, потому что его рекомендует популярный телеведущий[SEP]Раз человек с таким авторитетом и широкой аудиторией говорит, что метод работает, значит, это правда
false dilemma	В обсуждении реформ полиции звучит радикальная позиция. Другого выбора нет: либо усиливаем полномочия полиции, рост преступности вызывает тревогу, и требуется оперативное реагирование. Закон должен давать инструменты для борьбы с угрозами. либо преступность выйдет из-под контроля. Это усиливает давление на принятие жёстких решений.	Другого выбора нет: либо усиливаем полномочия полиции,[SEP]либо преступность выйдет из-под контроля.
faulty generalization	Я сходил в новую кофейню у дома и взял там капучино. Впечатление осталось странным. Одна чашка кофе в этой сети оказалась невкусной — значит, во всех их заведениях подают плохой кофе. Теперь думаю искать другое место.	Одна чашка кофе в этой сети оказалась невкусной — значит, во всех их заведениях подают плохой кофе
fallacy of credibility	В разговоре о криптовалютах один человек заявил: Биткоин — это будущее финансов, потому что его поддерживает известный музыкант, и добавил, что если влиятельный артист инвестирует в криптовалюту, значит это надёжное направление. Он подробно рассказывал о популярности этого музыканта и его влиянии на миллионы поклонников. По его мнению, успешный артист не стал бы рисковать своей репутацией, поддерживая сомнительные проекты. Он не анализировал рынок, волатильность или риски, считая, что авторитет известной личности уже является достаточным доказательством перспективности инвестиций.	Биткоин — это будущее финансов, потому что его поддерживает известный музыкант[SEP]если влиятельный артист инвестирует в криптовалюту, значит это надёжное направление
intentional	В обсуждении реформы здравоохранения один из депутатов предложил увеличить финансирование профилактических программ, чтобы снизить нагрузку на больницы в долгосрочной перспективе. Он ссылался на статистику по снижению хронических заболеваний в регионах с активной профилактикой. Оппонент ответил: «Вы так настаиваете на профилактике, потому что хотите сократить расходы на лечение и оставить людей без необходимой медицинской помощи ради экономии бюджета». Далее он заявил, что инициатор реформы якобы стремится «сэкономить на больных» и переложить ответственность на самих граждан. Вся дискуссия сместилась с анализа данных и эффективности программ на обсуждение предполагаемых корыстных мотивов политика.	Вы так настаиваете на профилактике, потому что хотите сократить расходы на лечение и оставить людей без необходимой медицинской помощи ради экономии бюджета
ad hominem	— Нам стоит увеличить инвестиции в возобновляемую энергетику. — Ты просто ангажирован и получаешь выгоду от экологических проектов, поэтому твои аргументы предвзяты и не имеют веса. Давайте обсуждать реальные цифры.	Ты просто ангажирован и получаешь выгоду от экологических проектов, поэтому твои аргументы предвзяты и не имеют веса
faulty generalization	На лекции преподаватель один раз запутался в объяснении темы. Один раз преподаватель ошибся — значит, все его лекции бесполезны и он плохо разбирается в предмете. После этого стало сложнее воспринимать материал.	Один раз преподаватель ошибся — значит, все его лекции бесполезны и он плохо разбирается в предмете
faulty generalization	Недавно общался с новым коллегой, и он опоздал на встречу. Это немного сбило планы команды. Один сотрудник нарушил договорённость — значит, в этом отделе все безответственные. Придётся учитывать это в работе.	Один сотрудник нарушил договорённость — значит, в этом отделе все безответственные
intentional	На заседании благотворительного фонда обсуждали рискованную акцию по сбору средств через агрессивную рекламу с манипулятивными изображениями. Руководитель настаивал: Да, мы используем шокирующие изображения и давим на эмоции людей, но это не важно — главное, что мы делаем это ради помощи нуждающимся. Если такие методы позволяют собрать больше денег, значит, они оправданы. Когда цель — спасение жизней, любые моральные сомнения и побочные эффекты отходят на второй план. Люди могут чувствовать дискомфорт, но благодаря этому мы спасём больше жизней. Разве это не важнее?	Да, мы используем шокирующие изображения и давим на эмоции людей, но это не важно — главное, что мы делаем это ради помощи нуждающимся[SEP]Когда цель — спасение жизней, любые моральные сомнения и побочные эффекты отходят на второй план
fallacy of extension	— Я считаю, что нужно поощрять удалённую работу там, где это возможно, чтобы улучшить баланс жизни и труда и снизить нагрузку на города. Это не универсальное решение, а один из вариантов. — То есть вы хотите закрыть все офисы и заставить людей навсегда сидеть дома без живого общения? Вы предлагаете разрушить командную работу, лишить людей социализации и превратить всех в изолированных работников перед экраном? Тогда компании просто перестанут нормально функционировать!	нужно поощрять удалённую работу там, где это возможно, чтобы улучшить баланс жизни и труда[SEP]вы хотите закрыть все офисы и заставить людей навсегда сидеть дома без живого общения
circular reasoning	В экономическом отчёте говорится: данная политика эффективна, поскольку она стимулирует рост экономики. Это видно по динамике показателей. А экономический рост обусловлен эффективностью политики. Следовательно, курс сохраняется.	данная политика эффективна, поскольку она стимулирует рост экономики[SEP]А экономический рост обусловлен эффективностью политики
ad populum	В обсуждении диеты он настаивал на своём выборе. Миллионы людей по всему миру придерживаются этого режима питания, значит, он однозначно полезен для здоровья. Научные публикации его не интересовали.	Миллионы людей по всему миру придерживаются этого режима питания, значит, он однозначно полезен для здоровья
circular reasoning	В политической теории поднимается вопрос легитимности власти. Данная власть легитимна, поскольку она признана легитимной обществом. А признание обществом обусловлено тем, что власть легитимна. Это влияет на уровень общественного доверия.	Данная власть легитимна, поскольку она признана легитимной обществом. А признание обществом обусловлено тем, что власть легитимна
intentional	— Я предлагаю сократить расходы на офис и перевести часть команды на удалённую работу, чтобы снизить издержки и повысить гибкость. — Вы продвигаете удалёнку не ради эффективности, а потому что хотите меньше контролировать сотрудников и упростить себе управление . На самом деле вам выгодно, чтобы люди работали без прозрачной отчётности и можно было списывать провалы на «дистанционный формат». Вы прикрываетесь экономией, но игнорируете падение командной вовлечённости и проблемы коммуникации, которые мы уже видели в прошлом году. Ваша настоящая цель — снять с себя ответственность за ежедневный контроль, а не улучшить процессы. Поэтому любые аргументы о гибкости выглядят как удобная ширма для ваших скрытых мотивов.	Вы продвигаете удалёнку не ради эффективности, а потому что хотите меньше контролировать сотрудников и упростить себе управление
equivocation	Я часто думаю о виде человека: внешний вид многое говорит о его привычках и образе жизни. Это помогает делать выводы. Если вид отражает содержание, а вид в языке определяет действие, значит внешний вид полностью определяет поведение, а значит по внешности можно точно судить о человеке. Поэтому ошибки быть не может. Я доверяю первому впечатлению.	Если вид отражает содержание, а вид в языке определяет действие, значит внешний вид полностью определяет поведение, а значит по внешности можно точно судить о человеке. Поэтому ошибки быть не может.
intentional	Я предложил сократить военные расходы и направить средства на социальные программы. Оппонент ответил: Вы хотите сократить армию не ради экономики, а потому что стремитесь ослабить страну и сделать её уязвимой. Он утверждал, что мои аргументы — лишь прикрытие для скрытых целей. При этом он не обсуждал бюджет или приоритеты, сосредоточившись на моих предполагаемых мотивах. В результате разговор о распределении ресурсов был заменён обсуждением намерений.	Вы хотите сократить армию не ради экономики, а потому что стремитесь ослабить страну и сделать её уязвимой
fallacy of extension	— Я считаю, что в университетах стоит поощрять академическую честность и строго наказывать за систематический плагиат, чтобы сохранить качество образования. Это важно для всех студентов. стоит строго наказывать за систематический плагиат чтобы поддерживать академическую честность — То есть вы хотите отчислять студентов за любую мелкую ошибку? вы предлагаете карать за малейшее совпадение текста и уничтожать судьбы студентов Тогда никто не сможет учиться, всех будут исключать за случайные совпадения! Это репрессивная система!	стоит строго наказывать за систематический плагиат чтобы поддерживать академическую честность[SEP]вы предлагаете карать за малейшее совпадение текста и уничтожать судьбы студентов
equivocation	Я считаю, что важно иметь крепкую кисть. Без неё невозможно выполнять точные действия и работать руками. Кисть создаёт детали и завершённость в работе. Значит, если я хорошо владею кистью для рисования, мои руки становятся сильнее и выносливее. Поэтому живопись заменяет физические тренировки.	Кисть создаёт детали и завершённость в работе. Значит, если я хорошо владею кистью для рисования, мои руки становятся сильнее и выносливее.
fallacy of extension	— Я считаю, что компании должны прозрачнее объяснять, как используются персональные данные пользователей, и давать больше контроля над ними, чтобы повысить доверие. — Значит, вы хотите полностью запретить сбор данных и остановить развитие технологий? Без данных не будет ни сервисов, ни удобства! Вы предлагаете откатить интернет на десятилетия назад!	компании должны прозрачнее объяснять, как используются персональные данные пользователей, и давать больше контроля над ними[SEP]Значит, вы хотите полностью запретить сбор данных и остановить развитие технологий
false causality	Я начал бегать по утрам в апреле, и примерно тогда же получил повышение на работе. Поскольку повышение произошло после того, как я начал бегать, выходит, утренние пробежки напрямую влияют на карьерный рост. Теперь советую всем коллегам начинать день с бега.	Поскольку повышение произошло после того, как я начал бегать, выходит, утренние пробежки напрямую влияют на карьерный рост
equivocation	Я часто думаю о корне проблем. Корень в растении — это основа, которая питает и удерживает его, без него всё погибает. Поэтому важно находить корень любой ситуации. Если удалить корень, проблема исчезает полностью. Значит, вырывая корни сорняков в огороде, я тренируюсь решать любые жизненные проблемы на глубинном уровне. Практика в саду превращается в универсальную философию.	Если удалить корень, проблема исчезает полностью. Значит, вырывая корни сорняков в огороде, я тренируюсь решать любые жизненные проблемы на глубинном уровне.
fallacy of credibility	Этот курс по программированию стоит пройти, потому что его рекомендует известный музыкант, который добился успеха в своей сфере. Он говорит, что навыки кодинга важны для будущего. Если такой знаменитый человек считает курс полезным, значит он действительно качественный. Музыкант много путешествует, общается с разными людьми и наверняка знает, какие навыки востребованы. Его успех показывает, что он умеет принимать правильные решения. Поэтому нет смысла проверять содержание курса или читать отзывы специалистов — достаточно довериться мнению человека, который уже достиг высот в своей карьере.	Этот курс по программированию стоит пройти, потому что его рекомендует известный музыкант[SEP]Если такой знаменитый человек считает курс полезным, значит он действительно качественный
ad populum	В обсуждении диеты один участник заявил: миллионы людей придерживаются кето-режима питания, следовательно, он безопасен и полезен для всех. Остальные слушатели кивнули, не требуя медицинских данных.	миллионы людей придерживаются кето-режима питания, следовательно, он безопасен и полезен для всех
ad hominem	На обсуждении городской застройки архитектор представил план озеленения. Но он известен своим высокомерием и пренебрежением к мнению жителей, поэтому его аргументы о благоустройстве нельзя воспринимать всерьёз. Проект вызвал споры.	Но он известен своим высокомерием и пренебрежением к мнению жителей, поэтому его аргументы о благоустройстве нельзя воспринимать всерьёз
intentional	— Я считаю, что школьную программу нужно обновить, добавить больше практических навыков и цифровой грамотности. — Вы хотите изменить программу, потому что на самом деле стремитесь разрушить традиционное образование и навязать детям свои идеологические взгляды. Ваши разговоры о «навыках будущего» — это прикрытие. Вы хотите убрать фундаментальные знания, чтобы новое поколение было легче контролировать и направлять в нужную сторону.	Вы хотите изменить программу, потому что на самом деле стремитесь разрушить традиционное образование и навязать детям свои идеологические взгляды
fallacy of credibility	В разговоре о культуре один человек говорит: Мы не должны менять школьную форму, потому что она всегда была такой, ведь на протяжении десятилетий ученики носили именно этот стиль, и это считалось правильным. Любые предложения обновить дизайн или сделать форму удобнее воспринимаются как угроза традициям. Считается, что если что-то существовало долгое время, то оно уже доказало свою ценность и не нуждается в изменениях. Даже если современные условия требуют другого подхода, это игнорируется. Основной аргумент строится на том, что прошлое само по себе является достаточным основанием для сохранения текущего положения вещей.	Мы не должны менять школьную форму, потому что она всегда была такой[SEP]на протяжении десятилетий ученики носили именно этот стиль, и это считалось правильным
faulty generalization	На приёме врач говорил очень кратко и не объяснил план лечения. Осталось чувство неопределённости. Один врач общался поверхностно — значит, все врачи этой клиники так же не вникают. Придётся искать другое место.	Один врач общался поверхностно — значит, все врачи этой клиники так же не вникают
fallacy of credibility	Этот криптовалютный проект перспективен, потому что его поддерживает известный предприниматель, который уже создал несколько успешных стартапов. Его опыт в бизнесе показывает, что он умеет выбирать выгодные направления. Если он инвестирует в этот проект и публично его одобряет, значит, у него есть будущее. Нет смысла анализировать техническую сторону или риски — авторитет предпринимателя уже подтверждает надёжность проекта.	Этот криптовалютный проект перспективен, потому что его поддерживает известный предприниматель
false causality	В нашем офисе стали чаще устраивать пятничные пицца-вечеринки, и почти сразу выросло количество закрытых проектов. Сотрудники действительно стали чаще задерживаться и обсуждать задачи. Поскольку рост результатов совпал с появлением пиццы по пятницам, значит именно эти вечеринки напрямую повысили эффективность команды. Теперь руководство хочет ввести их два раза в неделю.	Поскольку рост результатов совпал с появлением пиццы по пятницам, значит именно эти вечеринки напрямую повысили эффективность команды
faulty generalization	Я попробовал новый вид диеты по совету знакомого, но не почувствовал результата. Это разочаровало. Один опыт не дал эффекта — значит, такие диеты никому не помогают. Пожалуй, это не для меня.	Один опыт не дал эффекта — значит, такие диеты никому не помогают
equivocation	Я считаю, что важно следить за своим двором. Когда вокруг чисто и ухоженно, людям приятнее жить, повышается безопасность, появляется чувство уюта. Это влияет на качество жизни. Двор должен быть в порядке, чтобы всё функционировало правильно, значит, если порядок есть при дворе, всё управление становится эффективным. Поэтому достаточно навести чистоту вокруг дома, чтобы улучшить работу власти.	Двор должен быть в порядке, чтобы всё функционировало правильно, значит, если порядок есть при дворе, всё управление становится эффективным.
fallacy of credibility	В обсуждении культурных норм один человек говорит, что определённый обычай нельзя отменять. Мы обязаны следовать этому обычаю, потому что он передавался из поколения в поколение, и поэтому он является правильным сам по себе. Он считает, что традиции отражают коллективный опыт народа. Если что-то сохранялось веками, значит это уже доказало свою ценность. Любые изменения воспринимаются как угроза культурной идентичности. Даже если общество изменилось, это не повод пересматривать традиции, ведь их длительное существование считается достаточным доказательством их правильности.	Мы обязаны следовать этому обычаю, потому что он передавался из поколения в поколение[SEP]он является правильным сам по себе
faulty generalization	Я посмотрел лекцию одного преподавателя онлайн, и она была скучной. Было трудно дослушать до конца. Один преподаватель читает неинтересно — значит, все онлайн-курсы бесполезны. Лучше учиться офлайн.	Один преподаватель читает неинтересно — значит, все онлайн-курсы бесполезны
faulty generalization	Я попробовал один веганский бургер, и он мне не понравился — значит, вся веганская еда невкусная. Хотя друзья советуют разные места. Возможно, я просто не привык.	Я попробовал один веганский бургер, и он мне не понравился — значит, вся веганская еда невкусная
circular reasoning	На семинаре по экономике разбирали инфляцию. Политика эффективна, потому что она снижает инфляцию. Это приводили в отчёте. А инфляция снижается, потому что политика эффективна. Значит, курс менять не нужно.	Политика эффективна, потому что она снижает инфляцию[SEP]А инфляция снижается, потому что политика эффективна
fallacy of credibility	В споре о культурных нормах один человек заявил, что нужно сохранить старые обычаи. Он сказал: эти обычаи соблюдаются веками, значит, они правильные, и добавил, что традиции, прошедшие через поколения, не требуют доказательств. Он не рассматривал возможные изменения общества. Для него сама история обычая была достаточным аргументом.	эти обычаи соблюдаются веками, значит, они правильные[SEP]традиции, прошедшие через поколения, не требуют доказательств
ad hominem	— Нужно развивать общественный транспорт вместо личных авто. — Вы сами демонстративно избегаете общественных пространств и ведёте замкнутый образ жизни, следовательно ваши аргументы о транспорте не имеют силы. Это неубедительно.	Вы сами демонстративно избегаете общественных пространств и ведёте замкнутый образ жизни, следовательно ваши аргументы о транспорте не имеют силы
fallacy of relevance	— Экономисты отмечают рост теневой занятости: до 25% работников получают зарплату «в конвертах», что снижает налоговые поступления. — Но ведь у нас растёт число стартапов и инновационных проектов, привлекающих инвестиции со всего мира. Это формирует новую экономику. Разве стоит концентрироваться на серых зарплатах, когда появляются такие перспективные направления развития? Будущее за инновациями.	Но ведь у нас растёт число стартапов и инновационных проектов, привлекающих инвестиции со всего мира[SEP]Разве стоит концентрироваться на серых зарплатах, когда появляются такие перспективные направления развития
faulty generalization	Коллега опоздал на важную встречу без предупреждения. Это создало напряжение. Один сотрудник из отдела опоздал — значит, весь отдел безответственный. Руководство стало внимательнее следить за ними.	Один сотрудник из отдела опоздал — значит, весь отдел безответственный
circular reasoning	На обсуждении образовательной политики подняли вопрос о стандартах оценивания. Один участник заявил: система оценивания объективна, потому что обеспечивает беспристрастность результатов, и беспристрастность результатов определяется тем, что система оценивания объективна. Другие предложили внешнюю валидацию критериев.	система оценивания объективна, потому что обеспечивает беспристрастность результатов[SEP]беспристрастность результатов определяется тем, что система оценивания объективна
circular reasoning	В научном рецензировании оценивается статья. Работа качественная, так как соответствует высоким академическим стандартам. Однако соответствие стандартам подтверждается тем, что работа признана качественной. Это влияет на решение о публикации.	Работа качественная, так как соответствует высоким академическим стандартам[SEP]соответствие стандартам подтверждается тем, что работа признана качественной
appeal to emotion	В дебатах о расширении полномочий полиции один участник говорил о жертвах преступлений и их боли. Он описывал, как семьи живут в страхе и тревоге. Неужели вы готовы оставить преступников безнаказанными? Это несправедливо. Поэтому нужно дать полиции неограниченные полномочия.	Неужели вы готовы оставить преступников безнаказанными?[SEP]Поэтому нужно дать полиции неограниченные полномочия.
fallacy of extension	— В обсуждении городского транспорта я отметил, что стоит увеличить долю общественного транспорта и постепенно снижать зависимость от личных автомобилей в центре города. Это не означает запрет машин, а лишь приоритет для автобусов и трамваев в часы пик, чтобы уменьшить пробки и загрязнение воздуха, сохранив при этом доступ для тех, кому автомобиль действительно необходим. — О, так вы хотите полностью запретить личные автомобили и выгнать всех водителей из центра города навсегда? То есть людям нельзя будет доехать до работы, отвезти детей в школу или попасть в больницу? Вы предлагаете оставить всех без транспорта и заставить стоять в переполненных автобусах, как в каком-то антиутопическом будущем! Скоро, по вашей логике, начнут отбирать машины у населения и вводить штрафы за сам факт владения автомобилем. Это же прямое посягательство на свободу передвижения!	стоит увеличить долю общественного транспорта и постепенно снижать зависимость от личных автомобилей в центре города[SEP]вы хотите полностью запретить личные автомобили и выгнать всех водителей из центра города навсегда
ad hominem	В обсуждении культурной политики он предложил увеличить финансирование театров. Он сам стремится к признанию и славе, поэтому его аргументы о поддержке искусства продиктованы личными амбициями и не заслуживают доверия. Это выглядит как самореклама.	Он сам стремится к признанию и славе, поэтому его аргументы о поддержке искусства продиктованы личными амбициями и не заслуживают доверия
faulty generalization	Один рейс авиакомпании задержали — значит, эта авиакомпания всегда нарушает расписание. Я рассказал об этом друзьям. Они удивились.	Один рейс авиакомпании задержали — значит, эта авиакомпания всегда нарушает расписание
false dilemma	В вопросе образования звучит позиция: либо учителя строго придерживаются программы, не отклоняясь от утверждённых стандартов. Это объясняется необходимостью единообразия. либо качество обучения резко падает и возникает хаос. При этом творческий подход в преподавании не рассматривается как допустимый.	либо учителя строго придерживаются программы[SEP]либо качество обучения резко падает и возникает хаос
intentional	— Почему ты не согласен с внедрением системы слежения в офисе? — Ты против системы контроля, потому что хочешь скрыть, сколько времени тратишь на личные дела вместо работы, или тебе просто удобно ничего не делать без наблюдения начальства? Мы предлагаем прозрачность, а ты сразу сопротивляешься. Это наводит на мысли, что тебе есть что скрывать. Если ты честно работаешь, тебе нечего бояться. Значит, причина твоего несогласия — вовсе не забота о приватности.	Ты против системы контроля, потому что хочешь скрыть, сколько времени тратишь на личные дела вместо работы[SEP]тебе просто удобно ничего не делать без наблюдения начальства
fallacy of relevance	-- Я считаю, что дискуссии о вреде вегетарианства важны, потому что многие люди не получают достаточного количества белка и витаминов, отказываясь от мяса. Это может приводить к анемии и другим проблемам со здоровьем.  -- Но ведь вегетарианцы едят растения — а у нас миллионы бездомных голодают и не могут позволить себе даже хлеб, зачем тратить время на  дискуссии о вреде вегетарианства? Вегетарианцы могут поесть, а бездомные -- нет. Пока мы тут спорим, люди умирают от голода.	у нас миллионы бездомных голодают[SEP]зачем тратить время на  дискуссии о вреде вегетарианства
ad hominem	— Стоит ограничить использование телефонов в школах, чтобы снизить отвлекаемость. — Вы сами зависимы от гаджетов и не расстаётесь с экраном ни на минуту, поэтому ваши рассуждения о дисциплине не заслуживают доверия. Лучше бы вы начали с себя.	Вы сами зависимы от гаджетов и не расстаётесь с экраном ни на минуту, поэтому ваши рассуждения о дисциплине не заслуживают доверия
ad populum	Миллионы людей по всему миру верят в саентологию — от обычных офисных работников до знаменитостей вроде Тома Круза. Они находят в ней смысл, поддержку и духовный рост. Исходя из такого огромного числа последователей данной практики, саентология — это хорошая, правильная и полезная религия. Если бы в ней было что-то плохое или опасное, разве столько людей добровольно присоединились бы к ней? Их выбор — лучшее доказательство её ценности. Поэтому запрещать или даже критиковать саентологию — значит игнорировать волю миллионов и навязывать своё мнение большинству.	Миллионы людей[SEP]верят в саентологию[SEP]Исходя из[SEP]огромного числа последователей[SEP]саентология[SEP]хорошая[SEP]религия
fallacy of extension	— Я думаю, что в офисах можно внедрить гибкий график работы для некоторых сотрудников — это повышает продуктивность и снижает выгорание. Не все задачи требуют строгого присутствия с девяти до шести, и компании уже получают от этого выгоду. — То есть вы предлагаете вообще отменить рабочий график и позволить людям работать когда им вздумается? Отлично, тогда никто не будет выполнять задачи вовремя! Компании развалятся, потому что сотрудники будут появляться раз в неделю и делать вид, что работают. Вы хотите разрушить дисциплину и ответственность!	в офисах можно внедрить гибкий график работы для некоторых сотрудников[SEP]вообще отменить рабочий график и позволить людям работать когда им вздумается
false dilemma	— Я думаю, что в медицине важно сочетать государственное и частное финансирование, чтобы повысить качество услуг. — Нет, либо медицина полностью бесплатная и государственная, это единственный справедливый подход. Врачей и больницы можно реформировать, но система должна быть устойчивой. либо это полностью коммерческая система, где выживает сильнейший. Промежуточные модели объявляются неэффективными. Третьего не дано, потому что смешанные системы якобы только создают коррупцию. В итоге предлагается выбрать один из крайних вариантов без обсуждения нюансов.	либо медицина полностью бесплатная и государственная[SEP]либо это полностью коммерческая система, где выживает сильнейший[SEP]Третьего не дано
false dilemma	В обсуждении городской застройки звучит категоричное мнение. Только так можно спасти экономику города: либо мы застраиваем свободные территории жилыми комплексами, чтобы привлечь инвестиции и увеличить налоговую базу, спрос на жильё растёт. Развитие инфраструктуры подстраивается под строительство. либо город начнёт приходить в упадок. Сохранение зелёных зон и альтернативные планы развития не рассматриваются.	Только так можно спасти экономику города: либо мы застраиваем свободные территории жилыми комплексами,[SEP]либо город начнёт приходить в упадок.
equivocation	Я считаю, что союз людей важен: он даёт поддержку, объединяет усилия, помогает достигать целей. Но союз — это ещё и служебное слово. Союз соединяет элементы в единую структуру, будь то люди или слова. Если союз связывает, значит, любое объединение автоматически создаёт смысл и порядок. Поэтому любое объединение людей уже само по себе правильно и не требует дополнительного обоснования.	Союз соединяет элементы в единую структуру, будь то люди или слова. Если союз связывает, значит, любое объединение автоматически создаёт смысл и порядок.
false causality	В городе открыли несколько новых кофеен, и поток туристов заметно вырос. Местные власти обсуждают развитие инфраструктуры. Поскольку рост туризма произошёл сразу после открытия кофеен, можно считать, что именно они привлекли больше гостей в город.	Поскольку рост туризма произошёл сразу после открытия кофеен, можно считать, что именно они привлекли больше гостей в город
circular reasoning	В бизнес-стратегии обсуждали конкурентные преимущества. Компания обладает конкурентным преимуществом, поскольку опережает конкурентов, а опережение конкурентов обусловлено наличием конкурентного преимущества. Руководство использовало это как обоснование стратегии.	Компания обладает конкурентным преимуществом, поскольку опережает конкурентов, а опережение конкурентов обусловлено наличием конкурентного преимущества
circular reasoning	В юриспруденции рассматривали легитимность нормы. Норма легитимна, поскольку признана правовой системой. А признание правовой системой обусловлено тем, что норма легитимна. Суд сослался на это при вынесении решения.	Норма легитимна, поскольку признана правовой системой[SEP]признание правовой системой обусловлено тем, что норма легитимна
false dilemma	В обсуждении санкций политик сказал: Если мы не ужесточим меры сейчас, нас ждёт поражение. Другого пути просто нет. При этом дипломатические варианты не рассматривались.	Если мы не ужесточим меры сейчас, нас ждёт поражение. Другого пути просто нет.
equivocation	Я считаю, что важно правильно выбирать союзников. Союз делает людей сильнее, потому что объединяет ресурсы и усилия. В одиночку сложно добиться больших результатов. Союз соединяет элементы в единое целое. А соединение всегда усиливает структуру. Значит, любой союз делает систему крепче, даже если это просто соединение слов, которое усиливает смысл. Поэтому объединение всегда ведёт к усилению.	Союз соединяет элементы в единое целое. А соединение всегда усиливает структуру. Значит, любой союз делает систему крепче, даже если это просто соединение слов, которое усиливает смысл.
ad populum	На родительском собрании подняли вопрос школьной формы. Почти все школы страны придерживаются строгого дресс-кода, значит, это правильная практика. После этого спор быстро сошёл на нет.	Почти все школы страны придерживаются строгого дресс-кода, значит, это правильная практика
equivocation	Когда я работал на заводе, я понял, насколько важен правильный завод механизмов. Без завода ничего не будет работать, всё остановится. Завод запускает процессы, а если есть завод, значит, всё начинает действовать автоматически. Поэтому достаточно один раз настроить систему, и дальше она будет работать без контроля.	Завод запускает процессы, а если есть завод, значит, всё начинает действовать автоматически.
ad hominem	— Необходимо ужесточить правила обращения с персональными данными. — Ты просто параноик, постоянно ожидающий слежки, следовательно твои аргументы продиктованы тревожностью и не заслуживают доверия. Бизнесу это навредит.	Ты просто параноик, постоянно ожидающий слежки, следовательно твои аргументы продиктованы тревожностью и не заслуживают доверия
faulty generalization	Недавно я заказал товар через маркетплейс, и доставка задержалась. Было неудобно. Один заказ пришёл с опозданием — значит, вся платформа работает ненадёжно. Теперь думаю перейти на другой сервис.	Один заказ пришёл с опозданием — значит, вся платформа работает ненадёжно
faulty generalization	На онлайн-встрече у одного участника были проблемы со связью. Это мешало обсуждению. Если у одного человека плохое соединение, значит все онлайн-встречи неэффективны и всегда проходят с техническими сбоями. Некоторые начали жаловаться.	Если у одного человека плохое соединение, значит все онлайн-встречи неэффективны и всегда проходят с техническими сбоями
false dilemma	В вопросе миграционной политики нельзя оставаться в неопределённости. Либо мы полностью закрываем границы, чтобы защитить рынок труда и социальные системы. Это снизит давление на инфраструктуру и уменьшит конкуренцию за рабочие места. либо страна теряет контроль над миграционными потоками. В такой ситуации нужно принимать чёткие и жёсткие решения.	Либо мы полностью закрываем границы,[SEP]либо страна теряет контроль над миграционными потоками.
ad hominem	На встрече по культуре предложили увеличить финансирование театров. Автор — человек снобистский и презирающий массовую аудиторию, следовательно его аргументы о доступности искусства не заслуживают внимания. Давайте обсудим альтернативы.	Автор — человек снобистский и презирающий массовую аудиторию, следовательно его аргументы о доступности искусства не заслуживают внимания
equivocation	Я считаю, что важно иметь хороший лист резюме: аккуратный, понятный, структурированный. Лист — это то, что создаёт первое впечатление. В природе лист тоже выполняет важную функцию. Лист обеспечивает жизненные процессы, и если мой лист выглядит правильно, значит, моя карьера развивается естественно и успешно. Поэтому содержание резюме не так важно.	Лист обеспечивает жизненные процессы, и если мой лист выглядит правильно, значит, моя карьера развивается естественно и успешно
intentional	— Я считаю, что нужно ограничить использование смартфонов в школе, потому что это влияет на концентрацию и успеваемость учеников. — Вы предлагаете ограничения, потому что хотите установить тотальный контроль над детьми и подавить их свободу. Вам просто удобно, чтобы ученики были послушными и не задавали вопросов. Все разговоры о концентрации — это прикрытие для вашей авторитарной позиции. Вы не приводите конкретных исследований, потому что вам это не нужно — ваша цель контроль, а не образование. Поэтому ваши аргументы не заслуживают доверия, ведь они исходят из желания управлять, а не помогать детям учиться.	Вы предлагаете ограничения, потому что хотите установить тотальный контроль над детьми и подавить их свободу
fallacy of extension	— Мне кажется, что государству стоит постепенно стимулировать переход промышленности на более экологичные технологии, чтобы снизить выбросы и загрязнение воздуха. Это должно происходить поэтапно, с поддержкой бизнеса и учётом экономических реалий, иначе последствия будут слишком резкими для рабочих мест и экономики. — Прекрасно, значит вы хотите немедленно закрыть всю промышленность и оставить людей без работы ради абстрактной экологии? Заводы — под снос, фабрики — на металлолом, а миллионы людей пусть сидят без зарплаты? Конечно, воздух станет чище, когда никто ничего не производит! По вашей логике, экономика вообще не нужна, главное — чтобы деревья были довольны. Может, сразу вернёмся к землянкам и натуральному хозяйству?	государству стоит постепенно стимулировать переход промышленности на более экологичные технологии[SEP]вы хотите немедленно закрыть всю промышленность и оставить людей без работы ради абстрактной экологии
circular reasoning	При выборе инвестиционной стратегии аналитик ссылался на её надёжность. Стратегия надёжна, поскольку снижает риски портфеля, а снижение рисков является следствием того, что стратегия надёжна. Клиенту рекомендовали следовать ей.	Стратегия надёжна, поскольку снижает риски портфеля[SEP]снижение рисков является следствием того, что стратегия надёжна
faulty generalization	Недавно купил новую модель наушников, и они быстро сломались. Было неприятно. Одни наушники оказались бракованными — значит, вся продукция этого бренда ненадёжна. Больше не хочу их покупать.	Одни наушники оказались бракованными — значит, вся продукция этого бренда ненадёжна
false causality	В этом районе открыли новый фитнес-клуб, и через полгода средний вес жителей немного снизился. Люди стали чаще говорить о здоровье и активнее гулять. Раз снижение веса произошло после открытия клуба, значит именно фитнес-клуб стал причиной улучшения физической формы у жителей. Теперь предлагают строить такие клубы в каждом квартале.	Раз снижение веса произошло после открытия клуба, значит именно фитнес-клуб стал причиной улучшения физической формы у жителей
equivocation	Я люблю готовить дома и часто экспериментирую с рецептами. Главное — не мешать ингредиенты бездумно, иначе вкус получится странным. Нужно чувствовать баланс и понимать, когда вмешиваться, а когда дать процессу идти самому. Мешать — это создавать проблемы, а проблемы всегда ухудшают результат, особенно в работе с людьми. Поэтому я считаю, что если не мешать процессу, он всегда будет успешным, ведь отсутствие помех гарантирует хороший итог.	Мешать — это создавать проблемы, а проблемы всегда ухудшают результат[SEP]если не мешать процессу, он всегда будет успешным
false causality	В последние годы увеличилось количество людей, работающих удалённо, и одновременно вырос спрос на онлайн-курсы. Поскольку оба явления усиливаются одновременно, можно сделать вывод, что именно удалённая работа вызывает интерес к обучению.	Поскольку оба явления усиливаются одновременно, можно сделать вывод, что именно удалённая работа вызывает интерес к обучению
circular reasoning	В научной статье рассматривали обоснованность гипотезы. Гипотеза обоснована, потому что она подтверждается данными. А данные считаются подтверждающими, поскольку гипотеза обоснована. Статья прошла рецензирование без серьёзных замечаний.	Гипотеза обоснована, потому что она подтверждается данными. А данные считаются подтверждающими, поскольку гипотеза обоснована
circular reasoning	В HR обсуждают критерии отбора кандидатов. Кандидат подходит, поскольку демонстрирует соответствие профилю должности. Интервью это показало. А соответствие профилю вытекает из того, что кандидат подходит. Ему делают оффер.	Кандидат подходит, поскольку демонстрирует соответствие профилю должности[SEP]А соответствие профилю вытекает из того, что кандидат подходит
false causality	В прошлом году явка на выборах в стране X достигла рекордных восьмидесяти пяти процентов, а уже через полгода ВВП вырос на шесть процентов. Значит, высокая явка напрямую вызывает экономический рост. Возможно, когда граждане активны на выборах, они создают атмосферу доверия и стабильности, которую мгновенно улавливают инвесторы. Никакие налоговые льготы или реформы не нужны — достаточно, чтобы люди пришли на участки. Ведь каждый голос — это вклад в процветание!	В прошлом году явка на выборах[SEP]достигла рекордных восьмидесяти пяти процентов, а[SEP]через полгода ВВП вырос[SEP]Значит, высокая явка напрямую вызывает экономический рост
equivocation	Я часто думаю о том, как важно сохранять мир в семье. Без мира невозможно жить спокойно, постоянно возникают конфликты и напряжение. Мир нужно защищать и поддерживать, потому что без него всё разрушается. Мир требует усилий и ресурсов для сохранения. Значит, любые расходы на расширение влияния страны — это вклад в мир. Поэтому военные действия могут быть оправданы, если они якобы направлены на поддержание мира.	Мир нужно защищать и поддерживать, потому что без него всё разрушается. Мир требует усилий и ресурсов для сохранения. Значит, любые расходы на расширение влияния страны — это вклад в мир.
intentional	В обсуждении закона о видеонаблюдении эксперт приводит данные о снижении преступности при грамотном использовании камер. Оппонент отвечает: Вы поддерживаете камеры не ради безопасности, а потому что хотите расширить контроль государства над гражданами и ограничить свободы, поэтому ваши исследования неубедительны. Вы продвигаете модель тотального наблюдения, прикрываясь статистикой. На самом деле цель — усиление власти и сбор данных о людях. Любые цифры можно интерпретировать, но ваши намерения очевидны — контроль, а не защита.	Вы поддерживаете камеры не ради безопасности, а потому что хотите расширить контроль государства над гражданами и ограничить свободы
false dilemma	В экономической политике нужно определиться с приоритетами. Либо мы сокращаем государственные расходы до минимума, чтобы снизить дефицит бюджета и стабилизировать финансовую систему. Это потребует пересмотра социальных программ и инвестиций. либо продолжаем тратить и в итоге сталкиваемся с финансовым кризисом. Компромиссы в такой ситуации только откладывают неизбежное.	Либо мы сокращаем государственные расходы до минимума,[SEP]либо продолжаем тратить и в итоге сталкиваемся с финансовым кризисом.
ad hominem	В дебатах о приватности мессенджеров выступил активист. Он стремится к саморекламе и действует из тщеславия, поэтому его аргументы о правах пользователей не имеют ценности. Многие отвернулись от обсуждения.	Он стремится к саморекламе и действует из тщеславия, поэтому его аргументы о правах пользователей не имеют ценности
fallacy of credibility	— На заседании военного совета генерал Петров представил доклад о критическом состоянии тылового обеспечения армии. Он привёл данные: 40% грузовиков вышли из строя, запасы горючего на складах сократились до двухнедельного минимума, система снабжения медикаментами работает на пределе. Генерал предложил срочные меры: выделить дополнительные средства на ремонт техники, наладить новые маршруты снабжения, усилить охрану тыловых баз. Без этих мер, по его расчётам, боеспособность армии снизится на 30% в ближайшие три месяца. — Генерал Петров говорит о важности тыла, но он же никогда не был на передовой, ему не понять! Какой тыл может обсуждать человек, который всю войну провёл в штабе за тысячу километров от линии фронта? Он не знает, что такое окопы, миномётный огонь, нехватка патронов в решающий момент. Он никогда не видел, как солдаты гибнут из-за задержек снабжения. Его мнение о тыле не имеет никакого веса — он теоретик, а не практик. Настоящие решения должны принимать те, кто реально воевал, кто знает цену каждой минуте ожидания боеприпасов. Генерал Петров может строить красивые графики в своём кабинете, но он не понимает реальной войны.	Генерал Петров говорит о важности тыла, но он же никогда не был на передовой, ему не понять[SEP]Его мнение о тыле не имеет никакого веса — он теоретик
false causality	Каждый раз, когда я беру с собой зонт, дождя не случается. Это повторялось уже много раз подряд. Если отсутствие дождя совпадает с тем, что у меня есть зонт, значит именно зонт каким-то образом предотвращает дождь. Теперь ношу его даже в ясную погоду.	Если отсутствие дождя совпадает с тем, что у меня есть зонт, значит именно зонт каким-то образом предотвращает дождь
ad populum	На родительском собрании обсуждали стандартизацию тестов. Один родитель сказал: Все считают, что тесты IQ всесторонне оценивают интеллект, значит, это правда.	Все считают, что тесты IQ всесторонне оценивают интеллект, значит, это правда
fallacy of relevance	— Мы обсуждаем необходимость перехода на возобновляемые источники энергии: доля угля остаётся высокой, а выбросы CO2 продолжают расти. Это влияет на климат и здоровье населения. — Давайте лучше обсудим развитие культурных фестивалей и концертов, а не энергетику. Они привлекают туристов, повышают имидж страны. Почему мы говорим о выбросах, когда культура приносит реальные доходы и вдохновение людям? Это более заметный результат.	Давайте лучше обсудим развитие культурных фестивалей и концертов, а не энергетику[SEP]Почему мы говорим о выбросах, когда культура приносит реальные доходы и вдохновение людям
faulty generalization	Один коллега постоянно опаздывает на встречи — значит, все сотрудники этого отдела недисциплинированы. Это повлияло на моё отношение к команде.	Один коллега постоянно опаздывает на встречи — значит, все сотрудники этого отдела недисциплинированы
intentional	— Я предлагаю запретить использование личных телефонов на занятиях, чтобы повысить концентрацию студентов. — Вы хотите запретить телефоны, потому что на самом деле стремитесь установить тотальный контроль над студентами и подавить их свободу, а не улучшить учебный процесс. Такие меры всегда начинаются с мелочей, а заканчиваются ограничением прав. Вы не верите в самостоятельность студентов и пытаетесь навязать им свою систему. Это не забота об образовании, а желание управлять каждым аспектом их поведения.	Вы хотите запретить телефоны, потому что на самом деле стремитесь установить тотальный контроль над студентами и подавить их свободу
ad hominem	В споре о медиа один журналист предложил ужесточить стандарты проверки фактов. Ему ответили: Он сам известен предвзятостью и тенденциозностью, поэтому его аргументы о честной журналистике не заслуживают внимания. Это выглядит лицемерно.	Он сам известен предвзятостью и тенденциозностью, поэтому его аргументы о честной журналистике не заслуживают внимания
faulty generalization	Я начал читать книгу по рекомендации друга, но она оказалась скучной. Не смог продвинуться дальше нескольких глав. Одна книга этого автора не понравилась — значит, все его книги одинаково неинтересны. Больше брать его не буду.	Одна книга этого автора не понравилась — значит, все его книги одинаково неинтересны
intentional	Да, мы ввели жёсткие меры слежки за гражданами через цифровые сервисы, но наши намерения были направлены на борьбу с преступностью и защиту общества и мы хотели как лучше, даже если это привело к потере приватности и росту злоупотреблений системой. Технологии дают новые возможности для контроля, и их нужно использовать. Конечно, возникают риски, но безопасность важнее. Мы действовали исходя из необходимости. И хотя последствия вызывают вопросы, нельзя забывать о цели.	Да, мы ввели жёсткие меры слежки за гражданами через цифровые сервисы, но наши намерения были направлены на борьбу с преступностью и защиту общества[SEP]мы хотели как лучше, даже если это привело к потере приватности и росту злоупотреблений системой
fallacy of credibility	В разговоре о финансовых инвестициях один человек уверенно утверждает, что вложения в определённый стартап гарантированно принесут прибыль. Этот стартап точно успешен, потому что его поддержал известный актёр, который вложил в него значительную сумму и публично рассказал об этом в интервью. Он успешен, богат и окружён профессионалами, значит не станет рисковать без оснований. Если известный актёр инвестировал в проект, значит проект надёжен и принесёт доход всем остальным инвесторам. Его статус и опыт в бизнесе воспринимаются как достаточное доказательство, хотя фактические показатели компании не анализируются.	Этот стартап точно успешен, потому что его поддержал известный актёр[SEP]Если известный актёр инвестировал в проект, значит проект надёжен и принесёт доход всем остальным инвесторам
ad hominem	В обсуждении школьной формы родитель высказался против обязательного дресс-кода. Он сам демонстративно игнорирует любые правила и ведёт себя вызывающе, поэтому его аргументы против дисциплины не заслуживают внимания. Важно учитывать интересы всех.	Он сам демонстративно игнорирует любые правила и ведёт себя вызывающе, поэтому его аргументы против дисциплины не заслуживают внимания
ad populum	— Почему ты против локальных фермерских продуктов? — Они не находят массового спроса в супермаркетах следовательно, они хуже по качеству. Покупатели голосуют рублём.	Они не находят массового спроса в супермаркетах следовательно, они хуже по качеству
intentional	— Я предлагаю ограничить использование пластика, чтобы сократить загрязнение океанов. — Вы продвигаете эти ограничения не потому, что заботитесь об экологии, а на самом деле хотите продвинуть свои инвестиции в альтернативные материалы и заработать на этом. Это классическая схема: создать проблему, а потом предложить решение, в которое вы уже вложились. Ваши аргументы — это маркетинг, а не забота о природе.	Вы продвигаете эти ограничения не потому, что заботитесь об экологии[SEP]на самом деле хотите продвинуть свои инвестиции в альтернативные материалы и заработать на этом
appeal to emotion	В парламенте обсуждали цензуру интернета. Один депутат воскликнул: Молодёжь тонет в потоке опасной информации, их психика ломается, они теряют ориентиры. Неужели вам безразлично, во что превращаются наши дети? Поэтому необходимо жёстко ограничить весь контент в сети.	Неужели вам безразлично, во что превращаются наши дети? Поэтому необходимо жёстко ограничить весь контент в сети.
fallacy of relevance	— По данным исследований, уровень читательской грамотности среди подростков снизился на 20% за последние десять лет. Это влияет на способность анализировать информацию. — Давайте лучше поговорим о развитии музыкальной индустрии и росте числа концертов, а не о чтении книг. Молодёжь активно посещает мероприятия, развивается культурная жизнь. Разве это не более живой показатель интеллектуального развития, чем какие-то тесты на грамотность? Культура меняется.	Давайте лучше поговорим о развитии музыкальной индустрии и росте числа концертов, а не о чтении книг[SEP]Разве это не более живой показатель интеллектуального развития, чем какие-то тесты на грамотность
fallacy of relevance	— По данным МВД, уровень домашнего насилия вырос на 15%, и большинство случаев остаётся нераскрытым. Необходимы программы защиты пострадавших и усиление законодательства. — Зачем обсуждать семейные конфликты, когда в стране растёт уровень внешнеполитического влияния и укрепляется международная позиция? Это определяет будущее государства. Сначала нужно думать о глобальной роли страны, а потом уже о частных проблемах внутри семей.	Зачем обсуждать семейные конфликты, когда в стране растёт уровень внешнеполитического влияния и укрепляется международная позиция[SEP]Сначала нужно думать о глобальной роли страны, а потом уже о частных проблемах внутри семей
false causality	С тех пор как я начал слушать подкасты по утрам, у меня стало больше удачных сделок, и доход вырос почти на треть. Раньше такого не было. Значит, утренние подкасты напрямую влияют на финансовый успех и помогают принимать правильные решения.	С тех пор как я начал слушать подкасты по утрам, у меня стало больше удачных сделок
fallacy of extension	— Я думаю, что в компаниях полезно внедрять гибкий график работы там, где это возможно — это повышает продуктивность. — Значит, вы хотите, чтобы сотрудники приходили когда захотят и ничего не делали? Полный хаос, никакой дисциплины, бизнес просто развалится!	в компаниях полезно внедрять гибкий график работы там, где это возможно[SEP]Значит, вы хотите, чтобы сотрудники приходили когда захотят и ничего не делали
fallacy of credibility	Этот метод лечения эффективен, потому что его поддерживает известный спортсмен, который следит за своим здоровьем. Он утверждает, что благодаря этому подходу быстрее восстанавливается после тренировок. Если человек такого уровня говорит о пользе метода, значит он действительно работает. Спортсмен достиг высоких результатов и явно знает, что полезно для организма. Его опыт в спорте делает его мнение авторитетным. Нет необходимости консультироваться с врачами или изучать медицинские исследования — достаточно довериться рекомендациям человека, который доказал свою дисциплину и умение заботиться о здоровье.	Этот метод лечения эффективен, потому что его поддерживает известный спортсмен[SEP]Если человек такого уровня говорит о пользе метода, значит он действительно работает
ad populum	Когда обсуждали новую методику обучения, преподаватель заметил: она не получила поддержки среди большинства педагогов, значит, она неэффективна. Если бы метод работал, его бы уже приняли повсеместно.	она не получила поддержки среди большинства педагогов, значит, она неэффективна
circular reasoning	-- Мы должны ввести жёсткое регулирование алгоритмической торговли. Противники утверждают, что она просто нечестна, но это не обоснование. Нужны конкретные критерии.  -- Алгоритмическая торговля несправедлива, потому что она нечестная. А почему она нечестная? Потому что она несправедлива! Всё просто — если система нечестна, она несправедлива, и наоборот. Какие ещё нужны критерии?	Алгоритмическая торговля несправедлива, потому что она нечестная[SEP]она нечестная? Потому что она несправедлива
fallacy of credibility	В разговоре о диетах один человек сослался на медицинские исследования. Ему ответили: эта диета работает, потому что её рекламирует известный фитнес-блогер, у которого миллионы подписчиков. Если человек с такой популярностью утверждает её эффективность, значит она действительно полезна. Он демонстрирует отличную физическую форму и делится советами каждый день. Его внешний вид воспринимается как доказательство правильности рекомендаций, поэтому научные данные отходят на второй план.	эта диета работает, потому что её рекламирует известный фитнес-блогер[SEP]Если человек с такой популярностью утверждает её эффективность, значит она действительно полезна
circular reasoning	В бизнес-презентации прозвучало утверждение: стратегия является оптимальной, потому что она обеспечивает наилучший результат, а наилучший результат достигается благодаря оптимальности стратегии. Инвесторам предложили принять это без дополнительных метрик.	стратегия является оптимальной, потому что она обеспечивает наилучший результат, а наилучший результат достигается благодаря оптимальности стратегии
equivocation	Я всегда считал, что ключ к успеху — это понимание своих целей и умение находить решения в сложных ситуациях. Когда у тебя есть такой ключ, ты можешь открыть любые двери в жизни и добиться желаемого. Ключ должен подходить к замку и открывать его без усилий, значит и ключ к успеху должен буквально открывать возможности. Поэтому если у меня есть металлический ключ от офиса, у меня уже есть доступ к успеху, ведь он открывает дверь к работе и деньгам. Получается, что сам предмет уже обеспечивает мне продвижение вперёд.	Ключ должен подходить к замку и открывать его без усилий, значит и ключ к успеху должен буквально открывать возможности. Поэтому если у меня есть металлический ключ от офиса, у меня уже есть доступ к успеху, ведь он открывает дверь к работе и деньгам.
appeal to emotion	Вы предлагаете запретить дневные сериалы из-за рекламы? Посмотрите на наших бабушек: они целыми днями сидят одни в квартирах, ждут звонка от детей, которые годами не навещают. А вечером для них наступает единственная отрада — любимый сериал, где герои становятся их друзьями, а сюжет даёт повод жить до завтра. Эти герои заменяют им семью, тепло, смысл. Лишить их этого — значит обречь на полное одиночество и депрессию. Представьте: пожилая женщина, которая пережила войну и трудности, теперь сидит в тишине перед чёрным экраном и плачет от тоски. Это не регулирование — это жестокость. Неужели вы способны на такое? Отнять у стариков последнюю радость ради каких-то абстрактных правил — это не просто ошибочно, это бесчеловечно и морально неприемлемо.	предлагаете запретить дневные сериалы[SEP]Посмотрите на[SEP]бабушек[SEP]единственная отрада — любимый сериал[SEP]Неужели вы способны на такое? Отнять у стариков последнюю радость
fallacy of credibility	На семейном совете обсуждают, стоит ли менять традиционный формат свадебной церемонии. Один из родственников предлагает более современный вариант, но ему отвечают: Мы обязаны проводить свадьбу по старым обычаям, потому что любые изменения нарушат порядок, ведь наши предки всегда следовали этим традициям. Эти обряды передавались из поколения в поколение и считаются неотъемлемой частью культуры. Люди веками устраивали свадьбы именно так, и это воспринимается как доказательство правильности подхода. Отказ от традиции рассматривается как утрата связи с историей. Поэтому аргументы о практичности или удобстве игнорируются, а решение принимается исключительно на основании того, что так делали раньше.	Мы обязаны проводить свадьбу по старым обычаям[SEP]ведь наши предки всегда следовали этим традициям
intentional	Да, новая медицинская программа привела к тому, что некоторые пациенты столкнулись с побочными эффектами, и статистика осложнений выросла, но мы запускали её с благой целью — улучшить качество лечения и спасти как можно больше жизней. Любое нововведение несёт риски, но когда намерение — помочь людям и продвинуть медицину вперёд, такие риски становятся оправданными. Мы не можем стоять на месте из-за страха перед ошибками. Главное — что мы стремились к лучшему, а не избегали ответственности.	мы запускали её с благой целью — улучшить качество лечения и спасти как можно больше жизней[SEP]когда намерение — помочь людям и продвинуть медицину вперёд, такие риски становятся оправданными
circular reasoning	В разговоре о науке один эксперт утверждал значимость теории. Теория является обоснованной, потому что она имеет научное подтверждение, а научное подтверждение существует благодаря тому, что теория является обоснованной. В итоге её включили в учебную программу.	Теория является обоснованной, потому что она имеет научное подтверждение, а научное подтверждение существует благодаря тому, что теория является обоснованной
intentional	Когда обсуждали вакцинацию, я признал, что возможны редкие побочные эффекты, но подчеркнул, что программа необходима. мы внедряли эту программу с самыми чистыми намерениями — защитить население и снизить смертность любой ценой, даже если часть людей столкнётся с осложнениями. Да, статистика показывает рост отдельных реакций, но риски не так важны, когда цель — здоровье нации и коллективная безопасность, ради которой допустимы отдельные жертвы. Важно понимать, что без этих мер последствия были бы хуже, и именно намерения определяют правильность решений.	мы внедряли эту программу с самыми чистыми намерениями — защитить население и снизить смертность любой ценой[SEP]риски не так важны, когда цель — здоровье нации и коллективная безопасность, ради которой допустимы отдельные жертвы
appeal to emotion	На ток-шоу говорили о слежке. Один эксперт сказал: Это сложный вопрос. Представьте похищенного ребёнка, которого можно было бы найти по камерам? Родители живут в аду ожидания. Неужели вы откажетесь от такой возможности, поэтому камеры должны быть везде.	Представьте похищенного ребёнка, которого можно было бы найти по камерам[SEP]Неужели вы откажетесь от такой возможности, поэтому камеры должны быть везде
false dilemma	В обсуждении экологической политики часто звучат радикальные предложения. Придётся выбирать: либо мы полностью закрываем угольную промышленность. Вопрос энергетической безопасности остаётся крайне чувствительным, особенно для регионов, зависящих от добычи. Переход на альтернативные источники требует времени и инвестиций. либо мы окончательно разрушаем экологию и здоровье граждан. Промежуточные меры рассматриваются как недостаточно эффективные, поскольку не дают мгновенного результата, а значит, только откладывают неизбежное решение.	Придётся выбирать: либо мы полностью закрываем угольную промышленность.[SEP]либо мы окончательно разрушаем экологию и здоровье граждан.
equivocation	Я считаю, что дисциплина необходима в жизни. Без неё невозможно добиться успеха, соблюдать порядок и двигаться вперёд. Дисциплина формирует структуру и делает деятельность осмысленной. Она лежит в основе развития. Поэтому я спокойно отношусь к обучению. Если я изучаю дисциплины, значит, я уже становлюсь дисциплинированным человеком, ведь процесс сам по себе формирует порядок.	Дисциплина формирует структуру и делает деятельность осмысленной. Она лежит в основе развития.[SEP]Если я изучаю дисциплины, значит, я уже становлюсь дисциплинированным человеком
fallacy of credibility	Этот способ обучения языкам эффективен, потому что его рекомендует известный блогер, который выучил несколько языков и делится своим опытом в социальных сетях. Он рассказывает о методах, которые помогли ему достичь результата. Если человек с таким количеством подписчиков и опытом говорит, что метод работает, значит это правда. Его успехи подтверждают эффективность подхода. Нет необходимости проверять методику научно или сравнивать с другими способами обучения. Достаточно довериться мнению человека, который уже достиг результата и делится своим опытом.	Этот способ обучения языкам эффективен, потому что его рекомендует известный блогер[SEP]Если человек с таким количеством подписчиков и опытом говорит, что метод работает, значит это правда
circular reasoning	В сфере HR обсуждали объективность оценки кандидатов. Оценка является объективной, потому что основана на объективных критериях. Это считалось гарантией справедливости. Однако объективные критерии признаются таковыми, поскольку используются в объективной оценке. Подход выглядел самоподтверждающимся.	Оценка является объективной, потому что основана на объективных критериях[SEP]объективные критерии признаются таковыми, поскольку используются в объективной оценке
appeal to emotion	В дискуссии о миграции один политик сказал: люди боятся выходить на улицы, тревога растёт с каждым днём. Разве можно игнорировать этот страх? Семьи хотят чувствовать себя защищёнными. Поэтому необходимо ужесточить миграционную политику.	Разве можно игнорировать этот страх?[SEP]Поэтому необходимо ужесточить миграционную политику.
false dilemma	В разговоре о транспорте один чиновник сказал: существует только один путь — запретить личные автомобили в центре города. Он говорит о пробках и загрязнении воздуха. Приводит данные о загруженности дорог. иначе движение окончательно парализуется. Делается акцент на необходимости радикальных ограничений.	существует только один путь — запретить личные автомобили в центре города[SEP]иначе движение окончательно парализуется
fallacy of relevance	— Учёные предлагают увеличить финансирование программ по защите биоразнообразия: за последние 30 лет исчезло около 15% видов животных в регионе. Это влияет на экосистему и сельское хозяйство. — Разве можно сейчас думать о каких-то редких животных, когда фермеры терпят убытки из-за роста цен на топливо и удобрения? Сельское хозяйство — основа экономики региона, и без поддержки фермеров мы потеряем продовольственную безопасность. Сначала нужно стабилизировать аграрный сектор, а уже потом заниматься экологией.	Разве можно сейчас думать о каких-то редких животных, когда фермеры терпят убытки из-за роста цен на топливо и удобрения
false dilemma	В бюджетной политике у нас есть только два пути. Экономика переживает непростой период, доходы снижаются, а обязательства государства растут. При этом необходимо финансировать здравоохранение, образование и инфраструктуру, иначе качество жизни начнёт ухудшаться. Либо мы резко повышаем налоги, даже если это вызывает недовольство бизнеса и населения. В таком случае бюджет быстро наполняется, но экономическая активность может замедлиться. либо мы полностью отказываемся от социальных расходов и оставляем людей без поддержки. Это приведёт к сокращению программ помощи и росту неравенства. В таких условиях нельзя рассчитывать на постепенные изменения или гибкие решения, потому что ситуация требует жёсткого выбора уже сейчас.	В бюджетной политике у нас есть только два пути[SEP]Либо мы резко повышаем налоги[SEP]либо мы полностью отказываемся от социальных расходов и оставляем людей без поддержки
circular reasoning	Преподаватель отметил: данный метод обучения результативен, потому что приводит к высоким результатам студентов. В то же время высокие результаты студентов обусловлены результативностью метода. Студенты ожидали более конкретных доказательств.	данный метод обучения результативен, потому что приводит к высоким результатам студентов[SEP]высокие результаты студентов обусловлены результативностью метода
fallacy of relevance	— Исследования показывают, что уровень финансовой грамотности населения остаётся низким: многие люди не понимают условий кредитов и попадают в долговые ловушки. Нужны образовательные программы. — А вы знаете, что количество пользователей мобильных банковских приложений выросло вдвое за последние три года? Люди активно используют технологии. Разве можно говорить о финансовой неграмотности, когда цифровые сервисы так популярны среди населения?	А вы знаете, что количество пользователей мобильных банковских приложений выросло вдвое за последние три года[SEP]Разве можно говорить о финансовой неграмотности, когда цифровые сервисы так популярны среди населения
ad populum	На семинаре по финансовой грамотности обсуждали криптовалюты. Один участник заявил: более 70% молодых инвесторов активно покупают криптоактивы, значит, это надёжный способ вложения капитала. Он сослался на популярные приложения и рост пользовательской базы.	более 70% молодых инвесторов активно покупают криптоактивы, значит, это надёжный способ вложения капитала
fallacy of relevance	— В городе зафиксирован рост преступности на 15%, особенно в ночное время, из-за недостатка освещения и патрулей. Это требует увеличения бюджета на безопасность. — Давайте лучше обсудим развитие спорта и строительство новых стадионов, а не криминальную статистику и патрулирование улиц. Спорт объединяет людей и снижает социальное напряжение. Почему вы концентрируетесь на преступлениях, когда можно инвестировать в здоровье нации?	Давайте лучше обсудим развитие спорта и строительство новых стадионов, а не криминальную статистику и патрулирование улиц[SEP]Почему вы концентрируетесь на преступлениях, когда можно инвестировать в здоровье нации
fallacy of credibility	На семейном совете обсуждали, стоит ли детям пользоваться смартфонами. Один из старших членов семьи настаивал на запрете, аргументируя это традицией. Мы должны запретить смартфоны детям, потому что раньше обходились без них и это считалось нормой и раз наши предки воспитывали детей без технологий, значит такой подход правильный и сегодня. Он утверждал, что любые современные изменения разрушают проверенные временем методы воспитания. При этом не учитывались исследования о цифровой грамотности, адаптации детей к современному миру и образовательных возможностях технологий.	Мы должны запретить смартфоны детям, потому что раньше обходились без них и это считалось нормой[SEP]раз наши предки воспитывали детей без технологий, значит такой подход правильный и сегодня
intentional	В дискуссии о вакцинации врач привёл данные клинических исследований, подтверждающих безопасность препарата. Пациент ответил: Вы настаиваете на вакцинации не потому что есть научные доказательства, а потому что хотите выполнить план и получить бонусы от фармкомпаний. Ваша настоящая цель — заработать на пациентах, а не заботиться об их здоровье. Он полностью проигнорировал медицинские данные и сосредоточился на предполагаемой финансовой заинтересованности врача, утверждая, что рекомендации продиктованы исключительно корыстью.	Вы настаиваете на вакцинации не потому что есть научные доказательства, а потому что хотите выполнить план и получить бонусы от фармкомпаний. Ваша настоящая цель — заработать на пациентах, а не заботиться об их здоровье
false causality	Многие успешные блогеры активно занимаются спортом и ведут здоровый образ жизни. Раз успех в блогинге часто соседствует с физической активностью, значит именно спорт способствует росту популярности в интернете. Это становится рекомендацией для новичков.	Раз успех в блогинге часто соседствует с физической активностью, значит именно спорт способствует росту популярности в интернете
circular reasoning	В обсуждении городского планирования прозвучало: Проект устойчив, поскольку он экологически сбалансирован, а экологическая сбалансированность вытекает из устойчивости проекта. Поэтому предлагается ускорить согласования.	Проект устойчив, поскольку он экологически сбалансирован, а экологическая сбалансированность вытекает из устойчивости проекта
faulty generalization	В прошлом году сеть магазинов решила конкурировать с крупными ритейлерами через агрессивное снижение цен. Они снизили цены на 30–40% по всему ассортименту, запустили рекламную кампанию «Самые низкие цены в городе» и проработали в таком режиме полгода. В итоге компания накопила огромные долги перед поставщиками, не смогла покрыть операционные расходы и объявила банкротство. Я внимательно следил за этой историей — это классический пример того, как стратегия низких цен ведёт прямиком к краху. После этого случая я сделал твёрдый вывод: снижение цен всегда ведёт к банкротству. Любая компания, которая пытается конкурировать через цены, обречена на провал. Рынок не прощает слабости — как только вы снижаете цены, вы запускаете цепную реакцию, из которой нет выхода. Маржа падает, долг растёт, поставщики требуют предоплату, клиенты привыкают к скидкам и уходят, как только вы попытаетесь вернуть нормальные цены. Никакая компания не может выдержать ценовую войну — это математически невозможно. Даже если временно удастся привлечь клиентов, в долгосрочной перспективе это всегда заканчивается катастрофой. «Домашний уголок» — не исключение, а правило. Один этот случай доказал: стратегия низких цен — это билет в один конец к банкротству. Всегда. Без исключений.	сеть магазинов[SEP]снизили цены[SEP]В итоге компания[SEP]объявила банкротство[SEP]я сделал[SEP]вывод: снижение цен всегда ведёт к банкротству
intentional	Да, мы запустили рекламную кампанию с преувеличенными обещаниями, и часть клиентов осталась недовольна, но мы делали это, потому что искренне хотели вдохновить людей и привлечь внимание к нашему продукту и когда цель — развитие бизнеса и создание рабочих мест, такие маркетинговые преувеличения оправданы. Без ярких заявлений нас бы просто не заметили на рынке. Иногда нужно немного приукрасить, чтобы пробиться. Главное — что продукт в итоге приносит пользу, даже если ожидания были завышены.	мы делали это, потому что искренне хотели вдохновить людей и привлечь внимание к нашему продукту[SEP]когда цель — развитие бизнеса и создание рабочих мест, такие маркетинговые преувеличения оправданы
circular reasoning	В обсуждении налоговой политики экономист настаивал на пересмотре ставок для малого бизнеса. Снижение налогов оправдано, потому что оно стимулирует предпринимательскую активность, а рост активности объясняется тем, что налоги снижены. Он добавил, что динамика рынка сама подтверждает правильность такого подхода.	Снижение налогов оправдано, потому что оно стимулирует предпринимательскую активность, а рост активности объясняется тем, что налоги снижены
ad hominem	Обсуждали реформу полиции. Этот активист известен своей агрессивностью и склонностью к радикальным лозунгам, значит его аргументы о безопасности общества не заслуживают внимания. Вопрос сложный и многослойный.	Этот активист известен своей агрессивностью и склонностью к радикальным лозунгам, значит его аргументы о безопасности общества не заслуживают внимания
faulty generalization	Несколько учеников в классе не сделали домашнее задание — значит, весь класс безответственный. Учитель был недоволен ситуацией. Он решил ужесточить правила для всех.	Несколько учеников в классе не сделали домашнее задание — значит, весь класс безответственный
faulty generalization	Вчера на приёме терапевт долго не смог поставить диагноз и отправил на анализы. Один врач не разобрался — значит, все врачи некомпетентны. После этого не хочется обращаться в поликлинику.	Один врач не разобрался — значит, все врачи некомпетентны
circular reasoning	Юрист обосновывает легитимность решения суда ссылкой на правоприменительную практику. Решение является легитимным, поскольку соответствует правомерной практике, а практика считается правомерной, потому что включает такие легитимные решения. Остальная аргументация касается процедур.	Решение является легитимным, поскольку соответствует правомерной практике, а практика считается правомерной, потому что включает такие легитимные решения
false dilemma	-- Я считаю, что усиление безопасности не обязательно должно означать отказ от свободы. Можно внедрить точечный контроль, например, следить за подозрительными транзакциями или использовать анализ открытых данных без тотальной слежки. Главное — сохранить судебный надзор и прозрачность, тогда можно найти баланс.  -- Нет, так не получится. Мы стоим перед жёстким выбором: либо мы вводим тотальную слежку за всеми гражданами и обеспечиваем абсолютную безопасность, либо мы сохраняем свободу и тогда неизбежно сталкиваемся с ростом преступности и терроризма. Никаких других способов защиты общества не существует — и это надо признать. Всякие полумеры только создадут иллюзию безопасности, а на деле оставят нас уязвимыми.	либо мы вводим тотальную слежку за всеми гражданами и обеспечиваем абсолютную безопасность, либо мы сохраняем свободу и тогда неизбежно сталкиваемся с ростом преступности
fallacy of relevance	— Городские власти предлагают повысить тарифы на воду на 15% для модернизации изношенной инфраструктуры: 40% труб требуют срочной замены, иначе возможны аварии. — А вы знаете, что наш город вошёл в топ-10 туристических направлений страны? Поток туристов вырос на 25%, гостиницы заполнены. Разве логично повышать тарифы, когда экономика и так развивается благодаря туризму? Это может отпугнуть гостей.	А вы знаете, что наш город вошёл в топ-10 туристических направлений страны[SEP]Разве логично повышать тарифы, когда экономика и так развивается благодаря туризму
intentional	В споре о регулировании интернета я предложил ввести ограничения на распространение фейков. Оппонент сказал: Вы хотите бороться с фейками не ради правды, а потому что стремитесь контролировать информацию и подавлять инакомыслие. Он утверждал, что любые доводы о защите пользователей — лишь прикрытие. При этом он не обсуждал реальные последствия дезинформации, сосредоточившись на предполагаемых мотивах. В итоге разговор о проблеме фейков был подменён обсуждением намерений.	Вы хотите бороться с фейками не ради правды, а потому что стремитесь контролировать информацию и подавлять инакомыслие
ad populum	— Ты правда думаешь, что эта криптовалюта надёжна? — Её сейчас покупают миллионы инвесторов по всему миру, значит, она точно перспективная. Вряд ли бы такой массовый интерес возник без серьёзных оснований.	Её сейчас покупают миллионы инвесторов по всему миру, значит, она точно перспективная
false dilemma	В энергетической стратегии обсуждают атомную энергетику. Придётся признать: либо строить новые АЭС. Это обеспечивает стабильную генерацию. Но вызывает опасения по безопасности. либо страна останется без надёжных источников энергии. Альтернативные комбинации не рассматриваются.	Придётся признать: либо строить новые АЭС.[SEP]либо страна останется без надёжных источников энергии.
intentional	Политик оправдывает запуск дорогого проекта без тендера, который вызвал критику в СМИ. Мы отказались от тендера, потому что хотели быстрее реализовать проект и принести пользу гражданам без бюрократических задержек, иначе всё затянулось бы на годы. Время было критическим фактором, и мы не могли ждать. Да, процедура была нарушена, но результат важнее формальностей. Когда цель — благо общества, допустимы нестандартные решения и отступления от правил, если они ускоряют процесс и дают ощутимый эффект.	Мы отказались от тендера, потому что хотели быстрее реализовать проект и принести пользу гражданам без бюрократических задержек[SEP]Когда цель — благо общества, допустимы нестандартные решения и отступления от правил
false dilemma	В здравоохранении необходимо пересмотреть финансирование. Единственный вариант — резко увеличить расходы на медицину, даже если это потребует сокращения других статей бюджета. Это позволит улучшить качество услуг и модернизировать инфраструктуру. Здоровье граждан становится приоритетом. иначе система окончательно деградирует, и помощь станет недоступной. В таких условиях перераспределение ресурсов или оптимизация расходов не рассматриваются.	Единственный вариант — резко увеличить расходы на медицину[SEP]иначе система окончательно деградирует
false causality	Каждый раз, когда я пью чай перед экзаменом, я сдаю его успешно. Даже самые сложные предметы даются легче. Если успешная сдача экзаменов происходит после чашки чая, значит чай каким-то образом влияет на результат и обеспечивает хорошие оценки. Это мой личный ритуал.	Если успешная сдача экзаменов происходит после чашки чая, значит чай каким-то образом влияет на результат и обеспечивает хорошие оценки
fallacy of extension	— Я думаю, что в компаниях полезно проводить анонимные опросы сотрудников для выявления проблем в коллективе и улучшения условий труда. — То есть вы хотите поощрять доносы и создать атмосферу тотального недоверия в коллективе? Вы предлагаете превратить рабочие места в поле подозрений, где каждый жалуется на каждого? Это разрушит команды!	в компаниях полезно проводить анонимные опросы сотрудников для выявления проблем в коллективе[SEP]То есть вы хотите поощрять доносы и создать атмосферу тотального недоверия в коллективе
fallacy of credibility	— Я нашёл исследования, показывающие, что пластиковые пакеты можно эффективно перерабатывать и снижать их вред. — Ваши выводы нельзя воспринимать всерьёз, потому что вы не эколог и не имеете профильного образования, вы не изучали устойчивое развитие и не участвовали в экологических проектах. Без научной подготовки невозможно правильно интерпретировать такие исследования. Даже если вы читали отчёты международных организаций, отсутствие диплома в области экологии делает ваши аргументы несостоятельными. Только специалисты с академическим бэкграундом могут оценивать влияние пластика на окружающую среду, а мнение остальных не имеет научной ценности.	Ваши выводы нельзя воспринимать всерьёз, потому что вы не эколог и не имеете профильного образования
appeal to emotion	Обсуждали запрет определённых книг. Некоторые защищали свободу мысли. Неужели вы хотите, чтобы опасные идеи разрушали умы молодых людей? Общество может потерять ориентиры. Поэтому такие книги необходимо запрещать.	Неужели вы хотите, чтобы опасные идеи разрушали умы молодых людей?[SEP]Поэтому такие книги необходимо запрещать.
fallacy of relevance	— Университетское исследование показало, что 60% выпускников не работают по специальности из-за несоответствия программ требованиям рынка. Работодатели жалуются на нехватку практических навыков, а студенты — на устаревшие курсы. Нужно реформировать учебные планы и усилить сотрудничество с индустрией. — Давайте лучше поговорим о том, как у нас развивается киберспорт, а не о каких-то там образовательных программах. В стране уже более 10 миллионов игроков, проводятся международные турниры с призовыми фондами в миллионы долларов. Разве не это будущее индустрии развлечений и технологий, которое приносит реальные деньги? Образование само подтянется под новые тренды.	Давайте лучше поговорим о том, как у нас развивается киберспорт, а не о каких-то там образовательных программах[SEP]Разве не это будущее индустрии развлечений и технологий, которое приносит реальные деньги
ad populum	— Почему ты не используешь этот язык программирования? — Его выбирает крайне малое число разработчиков а значит он бесперспективен. Нет смысла тратить время на нишевые технологии.	Его выбирает крайне малое число разработчиков а значит он бесперспективен
false causality	После того как в районе открыли фитнес-клуб, выросли цены на недвижимость. Район стал престижнее. Раз рост цен последовал за открытием клуба, значит именно фитнес-центр повысил стоимость жилья.	Раз рост цен последовал за открытием клуба, значит именно фитнес-центр повысил стоимость жилья
ad hominem	— Следует ограничить шум в ночное время. — Ты просто раздражительный и нетерпимый к людям, поэтому твои аргументы о тишине не имеют веса. Город живёт круглосуточно.	Ты просто раздражительный и нетерпимый к людям, поэтому твои аргументы о тишине не имеют веса
false dilemma	Есть только один правильный вариант — полностью перейти на возобновляемую энергетику. Ископаемые ресурсы истощаются, а климат меняется. Это требует срочных решений. иначе нас ждёт энергетический коллапс в ближайшие годы. Частичные меры кажутся недостаточными. Нужно действовать быстро и радикально, чтобы избежать кризиса и обеспечить стабильность.	Есть только один правильный вариант — полностью перейти на возобновляемую энергетику.[SEP]иначе нас ждёт энергетический коллапс в ближайшие годы.
faulty generalization	Мой коллега опоздал на важную встречу. Это вызвало недовольство. Один сотрудник нарушил дисциплину — значит, весь отдел работает безответственно и не соблюдает сроки. Руководство задумалось о мерах.	Один сотрудник нарушил дисциплину — значит, весь отдел работает безответственно и не соблюдает сроки
ad hominem	В обсуждении философии морали он выдвинул тезис о релятивизме. Он известен своей аморальностью и склонностью оправдывать любые поступки, поэтому его аргументы о морали несостоятельны. Это неудивительно.	Он известен своей аморальностью и склонностью оправдывать любые поступки, поэтому его аргументы о морали несостоятельны
circular reasoning	На конференции по ИИ обсуждали качество модели. Модель считается точной, поскольку она выдаёт корректные прогнозы, а корректность прогнозов обусловлена тем, что модель является точной. Доклад вызвал интерес у аудитории.	Модель считается точной, поскольку она выдаёт корректные прогнозы, а корректность прогнозов обусловлена тем, что модель является точной
false causality	После запуска рекламной кампании в социальных сетях увеличилось число подписчиков и одновременно выросли продажи, что ясно показывает эффективность именно этой рекламы как главного фактора роста.	После запуска рекламной кампании в социальных сетях увеличилось число подписчиков и одновременно выросли продажи
false causality	С момента появления в доме нового питомца я стал чаще выходить на улицу и чувствовать себя лучше, поэтому очевидно, что именно животное напрямую улучшает общее самочувствие.	С момента появления в доме нового питомца я стал чаще выходить на улицу и чувствовать себя лучше
intentional	— Нужно сократить использование автомобилей в центре города, чтобы снизить загрязнение воздуха. — Вы продвигаете эту идею не из заботы об экологии, а потому что хотите развивать свой бизнес общественного транспорта и увеличить прибыль. Ваши аргументы — это маркетинг. Вы используете экологию как инструмент для заработка.	Вы продвигаете эту идею не из заботы об экологии, а потому что хотите развивать свой бизнес общественного транспорта и увеличить прибыль
fallacy of credibility	В разговоре о бизнесе кто-то говорит: Этот стартап обязательно станет успешным, ведь его поддерживает известный инвестор, который ранее вложился в несколько крупных компаний. Если такой авторитетный предприниматель верит в проект, значит это уже достаточное доказательство его перспективности. Его прошлые успехи воспринимаются как гарантия правильности текущих решений. Люди считают, что если он разбогател, значит всегда принимает верные инвестиционные решения. В результате игнорируются риски и анализ рынка, а основным аргументом становится имя инвестора.	Этот стартап обязательно станет успешным[SEP]Если такой авторитетный предприниматель верит в проект, значит это уже достаточное доказательство его перспективности
intentional	Когда я принял решение закрыть филиал в регионе, многие сотрудники возмущались, ведь более ста человек потеряли работу. Но я действовал исключительно из лучших побуждений, потому что хотел спасти компанию от банкротства и сохранить рабочие места в целом, даже если это означало болезненные сокращения. Да, это привело к росту безработицы в городе и падению местной экономики, но важно понимать контекст: если бы мы не сделали этого шага, рухнула бы вся сеть. главное — мои намерения были направлены на общее благо, а последствия вторичны по сравнению с высокой целью сохранения бизнеса. Поэтому критика в мой адрес несправедлива.	я действовал исключительно из лучших побуждений, потому что хотел спасти компанию от банкротства и сохранить рабочие места в целом[SEP]главное — мои намерения были направлены на общее благо, а последствия вторичны по сравнению с высокой целью сохранения бизнеса
fallacy of relevance	— В больницах не хватает оборудования для ранней диагностики рака: МРТ и КТ работают с перегрузкой, запись на месяцы вперёд. Это приводит к позднему выявлению и снижению выживаемости. — Давайте лучше обсудим развитие велоинфраструктуры, а не закупку томографов; велодорожки снижают нагрузку на транспорт и улучшают здоровье. Разве можно думать о дорогом оборудовании, когда можно недорого повысить активность горожан?	Давайте лучше обсудим развитие велоинфраструктуры, а не закупку томографов[SEP]Разве можно думать о дорогом оборудовании, когда можно недорого повысить активность горожан
ad hominem	В дискуссии о транспорте предложили выделенные полосы для автобусов. Оппонент заявил: Он сам не водит и пренебрегает автомобилистами, поэтому его аргументы продиктованы личной неприязнью и не заслуживают доверия. Это ущемит водителей.	Он сам не водит и пренебрегает автомобилистами, поэтому его аргументы продиктованы личной неприязнью и не заслуживают доверия
false causality	В городе увеличили количество уличных фонарей, и одновременно снизилось число вечерних прогулок. Люди стали реже выходить ночью. Раз эти события совпали по времени, значит именно яркое освещение уменьшило желание гулять и повлияло на поведение жителей. Это неожиданное последствие изменений.	Раз эти события совпали по времени, значит именно яркое освещение уменьшило желание гулять и повлияло на поведение жителей
false dilemma	Технологические компании стремительно развиваются, и вопрос регулирования становится всё острее. Другого пути просто нет: либо государство вводит полный контроль над цифровыми платформами, тогда можно защитить пользователей и предотвратить злоупотребления. Сейчас алгоритмы работают без прозрачности, и это вызывает тревогу. либо технологии выйдут из-под контроля и начнут диктовать свои правила. Оставлять всё на саморегуляцию слишком рискованно.	Другого пути просто нет: либо государство вводит полный контроль над цифровыми платформами,[SEP]либо технологии выйдут из-под контроля и начнут диктовать свои правила.
ad populum	— Почему ты уверен, что этот сериал стоит смотреть? — Его смотрят миллионы зрителей и он занимает первые строчки рейтингов, значит, он качественный. Массовая популярность говорит сама за себя.	Его смотрят миллионы зрителей и он занимает первые строчки рейтингов, значит, он качественный
circular reasoning	В школе обсуждали дисциплину учеников. Правило обязательно к исполнению, потому что обладает нормативной обязательностью, а его нормативная обязательность вытекает из того, что правило обязательно к исполнению. Учителя пытались усилить контроль.	Правило обязательно к исполнению, потому что обладает нормативной обязательностью, а его нормативная обязательность вытекает из того, что правило обязательно к исполнению
fallacy of credibility	Вы предлагаете реформу школьной программы, ссылаясь на современные исследования в педагогике и когнитивной психологии, но ваши аргументы нельзя воспринимать всерьёз, потому что у вас нет педагогического образования и опыта преподавания в школе. У вас нет диплома учителя, нет стажа работы с детьми и нет практики ведения уроков в реальных классах. Без этого невозможно понять, как дети воспринимают материал и какие методы действительно работают. Даже если вы читали научные статьи и анализировали зарубежный опыт, отсутствие профильного образования делает ваши выводы поверхностными. Образовательные реформы должны обсуждать только дипломированные педагоги и методисты, а не люди со стороны.	ваши аргументы нельзя воспринимать всерьёз[SEP]у вас нет педагогического образования и опыта преподавания в школе
fallacy of relevance	— В исследовании показано, что использование соцсетей более 4 часов в день связано с ростом тревожности и депрессии у подростков. — Но ведь технологии двигают прогресс, и компании в этой сфере создают тысячи рабочих мест. Разве можно критиковать соцсети, когда они являются двигателем экономики?	Но ведь технологии двигают прогресс[SEP]Разве можно критиковать соцсети, когда они являются двигателем экономики
false causality	В последние годы люди стали чаще пользоваться приложениями для медитации, и одновременно снизился уровень стресса среди офисных работников. Так как оба явления происходят одновременно, делается вывод, что именно приложения снижают стресс у всех пользователей. Это объясняет популярность цифровых практик.	Так как оба явления происходят одновременно, делается вывод, что именно приложения снижают стресс у всех пользователей
faulty generalization	Один раз банк заблокировал мой перевод без объяснений — значит, вся банковская система работает ненадёжно. Этот случай заставил нервничать. Теперь опасаюсь крупных операций.	Один раз банк заблокировал мой перевод без объяснений — значит, вся банковская система работает ненадёжно
false causality	Многие отмечают, что в дни, когда они слушают подкасты по дороге на работу, рабочий день проходит продуктивнее. Это повторяется довольно часто. Если продуктивность выше именно после прослушивания подкастов, значит подкасты напрямую повышают эффективность работы. Теперь стоит сделать это ежедневной привычкой.	Если продуктивность выше именно после прослушивания подкастов, значит подкасты напрямую повышают эффективность работы
faulty generalization	Я попробовал новый фитнес-клуб, и тренер оказался невнимательным. Это разочаровало. Один тренер плохо выполнял работу — значит, в этом клубе все тренеры такие же. Возможно, стоит поискать другое место.	Один тренер плохо выполнял работу — значит, в этом клубе все тренеры такие же
fallacy of credibility	На форуме по технологиям один участник утверждал, что новая операционная система абсолютно безопасна. Эта система надёжна, потому что её хвалит известный предприниматель из Кремниевой долины, который создал несколько успешных стартапов. Он говорил об этом в интервью и делился своим положительным опытом. Если такой влиятельный человек одобряет продукт, значит он действительно качественный и безопасный. Его успех в бизнесе воспринимается как гарантия правильности оценки. Поэтому нет необходимости анализировать технические уязвимости или отчёты специалистов.	Эта система надёжна, потому что её хвалит известный предприниматель из Кремниевой долины[SEP]Если такой влиятельный человек одобряет продукт, значит он действительно качественный и безопасный
false causality	После установки новых окон в квартире счета за электричество стали ниже. Зима выдалась мягче обычного. Если уменьшение расходов произошло после замены окон и наблюдается вместе с этим изменением, значит именно окна снизили потребление энергии. Стоит поменять окна во всех комнатах.	Если уменьшение расходов произошло после замены окон и наблюдается вместе с этим изменением, значит именно окна снизили потребление энергии
ad hominem	На конференции он поддержал идею универсального базового дохода. Однако он известен своей склонностью избегать труда и жить за счёт других, следовательно его аргументы продиктованы личной выгодой и неубедительны. Экономика требует иного подхода.	Однако он известен своей склонностью избегать труда и жить за счёт других, следовательно его аргументы продиктованы личной выгодой и неубедительны
fallacy of credibility	В разговоре о семейных ролях один человек предлагает равноправие. Ему отвечают: Так было принято в нашей культуре на протяжении поколений, значит это правильно, и раз традиция сохранялась так долго, её нельзя ставить под сомнение. Современные аргументы о равенстве игнорируются. Главным доводом выступает ссылка на традицию.	Так было принято в нашей культуре на протяжении поколений, значит это правильно[SEP]раз традиция сохранялась так долго, её нельзя ставить под сомнение
circular reasoning	В университете обсуждали аккредитацию программы. Программа качественная, потому что выпускники показывают высокий уровень подготовки. Это часто приводят как аргумент. А высокий уровень подготовки у выпускников потому, что программа качественная. Поэтому её продлевают без изменений.	Программа качественная, потому что выпускники показывают высокий уровень подготовки[SEP]А высокий уровень подготовки у выпускников потому, что программа качественная
equivocation	Я думаю о значении предлогов в жизни: иногда мы ищем предлог, чтобы что-то сделать или избежать ответственности. Предлог помогает объяснить действия, а предлог в языке связывает слова, значит, если я правильно использую предлоги в речи, мои оправдания станут более убедительными и приемлемыми. Поэтому я уделяю внимание грамматике, чтобы лучше объяснять свои поступки.	Предлог помогает объяснить действия, а предлог в языке связывает слова, значит, если я правильно использую предлоги в речи, мои оправдания станут более убедительными и приемлемыми.
false dilemma	Либо университеты полностью переходят на онлайн-обучение, что позволяет снизить расходы и расширить доступ к образованию. Студенты могут учиться из любой точки мира. Это кажется современным и технологичным подходом. либо система высшего образования устаревает и теряет актуальность. Считается, что традиционные формы обучения не выдерживают конкуренции. Возможность сочетания очного и дистанционного форматов почти не обсуждается, потому что её считают половинчатой мерой.	Либо университеты полностью переходят на онлайн-обучение,[SEP]либо система высшего образования устаревает и теряет актуальность.
false causality	Когда в компании начали проводить тимбилдинги, выросли продажи, сотрудники стали лучше взаимодействовать и чаще заключать сделки. Клиенты тоже стали лояльнее. Это означает, что именно тимбилдинги напрямую увеличивают прибыль бизнеса.	Когда в компании начали проводить тимбилдинги, выросли продажи
ad populum	В медицинском чате кто-то написал: Эта вакцина вызывает сомнения, ведь многие люди отказываются от неё, значит, она опасна. Он опирался на массовые настроения.	Эта вакцина вызывает сомнения, ведь многие люди отказываются от неё, значит, она опасна
fallacy of extension	— Я считаю, что в некоторых случаях стоит разрешать удалённую работу, если задачи это позволяют. Это может повысить эффективность. — Значит, вы хотите, чтобы офисы исчезли, а люди перестали взаимодействовать вообще? То есть никакой командной работы, только изоляция? Вы предлагаете разрушить корпоративную культуру! По вашей логике, люди должны сидеть по домам и не общаться!	в некоторых случаях стоит разрешать удалённую работу, если задачи это позволяют[SEP]Значит, вы хотите, чтобы офисы исчезли, а люди перестали взаимодействовать вообще
intentional	В школе обсуждали запрет телефонов. Учитель поддержал инициативу, а ученик возразил. Ему ответили: Ты против запрета, потому что на самом деле хочешь продолжать сидеть в телефоне на уроках и ничего не делать, а не думаешь о свободе. Другой добавил: Твоя цель — избегать учёбы, а не защищать свои права. Аргументы о цифровых навыках не обсуждались.	Ты против запрета, потому что на самом деле хочешь продолжать сидеть в телефоне на уроках и ничего не делать[SEP]Твоя цель — избегать учёбы, а не защищать свои права
appeal to emotion	В дебатах о запрете определённых книг один активист сказал: родители переживают, что их дети читают опасные идеи. Как вы можете позволить этому происходить? Это вызывает тревогу за будущее поколения. Поэтому такие книги нужно запретить.	Как вы можете позволить этому происходить?[SEP]Поэтому такие книги нужно запретить.
fallacy of credibility	На экологическом форуме обсуждали вред пластиковых пакетов для морской фауны. Один из участников привёл данные международных исследований и отчётов ООН, но ему ответили: вы не можете всерьёз рассуждать о загрязнении океанов, потому что у вас нет степени в океанологии, а значит, ваши аргументы не заслуживают доверия. Несмотря на то что он ссылался на проверенные источники и приводил конкретные цифры, его мнение полностью отвергли. Слушатели решили, что только учёные с профильными дипломами имеют право говорить об экологии, а все остальные не способны правильно интерпретировать даже опубликованные данные. В итоге обсуждение свелось к оценке статуса говорящего, а не к анализу представленных фактов.	вы не можете всерьёз рассуждать о загрязнении океанов, потому что у вас нет степени в океанологии[SEP]ваши аргументы не заслуживают доверия
intentional	Когда я рассказал друзьям, что решил инвестировать в экологические стартапы, потому что вижу перспективу в устойчивых технологиях, один из них усмехнулся: Ты вкладываешься в «зелёные» проекты не из убеждений, а потому что хочешь выглядеть прогрессивным и заработать на модной теме. Он начал объяснять, что мои аргументы про снижение выбросов и новые технологии — это всего лишь попытка прикрыть желание получить быструю прибыль и повысить свой статус в обществе. При этом он даже не стал обсуждать сами проекты или их бизнес-модель, полностью сосредоточившись на моих якобы скрытых намерениях. В результате разговор о рисках и потенциале инвестиций так и не состоялся, потому что его заменили догадки о моих мотивах.	Ты вкладываешься в «зелёные» проекты не из убеждений, а потому что хочешь выглядеть прогрессивным и заработать на модной теме
circular reasoning	Эколог объяснял эффективность новой политики утилизации. Политика результативна, поскольку снижает объём отходов, а снижение отходов обусловлено её результативностью. Власти планируют масштабирование инициативы.	Политика результативна, поскольку снижает объём отходов, а снижение отходов обусловлено её результативностью
fallacy of credibility	Мы должны придерживаться классической программы обучения в университете, потому что она используется десятилетиями и доказала свою правильность через поколения студентов. Многие выдающиеся специалисты получили образование именно по этой системе, и это подтверждает её эффективность. Если методика работала раньше, нет оснований её менять. Новые подходы могут быть не проверены и привести к снижению качества образования. Традиционная система уже доказала свою ценность временем, поэтому любые реформы выглядят рискованными. Лучше сохранить проверенные методы, чем внедрять экспериментальные решения.	Мы должны придерживаться классической программы обучения в университете[SEP]она используется десятилетиями и доказала свою правильность через поколения студентов
fallacy of credibility	На семейном совете обсуждали, стоит ли продолжать традицию ранних браков, когда люди вступают в брак сразу после школы. Один из членов семьи сказал: мы обязаны сохранять эту практику без изменений, ведь это важная часть культурного наследия, потому что наши предки веками создавали семьи именно таким образом. Он утверждает, что любые попытки изменить возраст вступления в брак разрушают устоявшиеся нормы и ведут к деградации общества. По его мнению, если традиция существовала так долго, значит она уже доказала свою правильность. Поэтому обсуждение современных подходов к браку кажется ему лишним и даже опасным.	мы обязаны сохранять эту практику без изменений[SEP]потому что наши предки веками создавали семьи именно таким образом
fallacy of extension	— Я думаю, что в новостях стоит чётче отделять факты от мнений, чтобы аудитория понимала, где информация, а где интерпретация. Это повысит доверие к СМИ. в новостях важно отделять факты от мнений для большей прозрачности — это стандарт качества. — Понятно, вы хотите запретить журналистам высказывать любые мнения и оставить только сухие сообщения? Отлично! Пусть СМИ станут скучными бюллетенями без анализа! Вы предлагаете убить журналистику!	в новостях важно отделять факты от мнений для большей прозрачности[SEP]запретить журналистам высказывать любые мнения и оставить только сухие сообщения
fallacy of extension	— Я считаю, что в университетах стоит давать студентам больше свободы в выборе курсов, чтобы они могли формировать индивидуальную траекторию обучения. — Понятно! Значит, вы хотите полностью отменить обязательную программу и оставить студентов без базовых знаний? Каждый будет учить что угодно, и никто ничего не будет знать системно!	в университетах стоит давать студентам больше свободы в выборе курсов[SEP]Значит, вы хотите полностью отменить обязательную программу и оставить студентов без базовых знаний
circular reasoning	На заседании совета директоров обсуждали репутацию компании. Компания обладает высокой репутацией, так как пользуется доверием клиентов, а доверие клиентов проистекает из высокой репутации компании. Это стало аргументом в пользу расширения.	Компания обладает высокой репутацией, так как пользуется доверием клиентов, а доверие клиентов проистекает из высокой репутации компании
fallacy of extension	— Я считаю, что социальные сети должны активнее модерировать откровенно вредный и дезинформационный контент. Это поможет снизить распространение фейков без ограничения нормального общения. — Значит, вы хотите ввести тотальную цензуру и запретить людям свободно высказывать любые мнения в интернете? Вы предлагаете, чтобы каждая публикация проходила проверку, а несогласных просто удаляли? Это уже не интернет, а контролируемая пропагандистская платформа!	социальные сети должны активнее модерировать откровенно вредный и дезинформационный контент[SEP]вы хотите ввести тотальную цензуру и запретить людям свободно высказывать любые мнения в интернете
fallacy of credibility	Один инвестор говорит: Эта стратегия работает, потому что её рекомендует известный миллиардер, добившийся успеха на рынке и если человек заработал состояние, его советы автоматически являются надёжными и правильными. Он не анализирует условия, в которых миллиардер действовал, или различия в ресурсах. Тем не менее ссылка на богатство используется как доказательство универсальной применимости стратегии. Другие мнения игнорируются, потому что они исходят от менее известных людей.	Эта стратегия работает, потому что её рекомендует известный миллиардер, добившийся успеха на рынке[SEP]если человек заработал состояние, его советы автоматически являются надёжными и правильными
equivocation	Я всегда считал, что порядок в жизни начинается с мелочей. Когда дома всё разложено по местам, становится легче сосредоточиться и работать продуктивно. Порядок — это когда всё находится на своих местах, значит, если расставить приоритеты, они тоже будут буквально лежать передо мной. Поэтому я записываю задачи на листках и раскладываю их по столу. Так я вижу свои приоритеты физически и уверен, что именно это и есть настоящий порядок в делах и мыслях.	Порядок — это когда всё находится на своих местах, значит, если расставить приоритеты, они тоже будут буквально лежать передо мной
intentional	— Я предлагаю сократить бюджет на рекламные интеграции и перераспределить средства в продуктовую разработку: метрики удержания падают, и это видно по когортному анализу. — Вы продвигаете сокращение маркетинга, потому что хотите скрыть провалы продуктовой команды и избежать ответственности за отток пользователей и низкое качество. На самом деле вы стремитесь урезать видимость проблемы, чтобы не сравнивали результаты каналов и продукта. Ваши таблицы можно интерпретировать иначе. Если мы сократим рекламу, мы потеряем приток, и цифры станут ещё хуже. Похоже, мотив — защитить свою зону, а не улучшить бизнес в целом.	Вы продвигаете сокращение маркетинга, потому что хотите скрыть провалы продуктовой команды и избежать ответственности за отток пользователей[SEP]На самом деле вы стремитесь урезать видимость проблемы, чтобы не сравнивали результаты каналов и продукта
fallacy of credibility	В разговоре о городской политике активист предлагает новые меры по озеленению. В ответ чиновник говорит: Ваши предложения не имеют значения, потому что вы не занимаете официальной должности и не участвуете в управлении городом, и добавляет, что без статуса представителя власти вы не можете давать значимые рекомендации. Он не обсуждает сами идеи и их возможную пользу.	Ваши предложения не имеют значения, потому что вы не занимаете официальной должности и не участвуете в управлении городом[SEP]без статуса представителя власти вы не можете давать значимые рекомендации
equivocation	Я уверен, что важно иметь прочный фундамент знаний. Без базы невозможно двигаться дальше. Основа удерживает всё здание и делает его устойчивым. Значит, если я укрепляю фундамент дома, я одновременно укрепляю свои знания и становлюсь умнее. Поэтому строительные навыки напрямую влияют на интеллект.	Основа удерживает всё здание и делает его устойчивым. Значит, если я укрепляю фундамент дома, я одновременно укрепляю свои знания и становлюсь умнее.
ad hominem	В дискуссии о свободе слова он выступил против цензуры. Он любит провоцировать и искать скандалы, поэтому его аргументы о защите свободы слова недостоверны. Участники усомнились в искренности позиции.	Он любит провоцировать и искать скандалы, поэтому его аргументы о защите свободы слова недостоверны
fallacy of extension	— Я думаю, что в университетах стоит пересмотреть систему оценивания, чтобы уменьшить стресс у студентов. Например, можно добавить больше промежуточной обратной связи вместо одной финальной оценки. Это не отменяет требований, а делает процесс обучения более гибким. — То есть вы хотите полностью отменить оценки и дипломы, чтобы никто ни за что не отвечал? Прекрасно, давайте выдавать дипломы всем подряд просто за присутствие! Вы предлагаете уничтожить саму идею качества образования, где никто не будет знать, кто что умеет! По вашей логике, хирургом сможет стать любой, кто просто «старался», независимо от навыков!	в университетах стоит пересмотреть систему оценивания, чтобы уменьшить стресс у студентов[SEP]То есть вы хотите полностью отменить оценки и дипломы, чтобы никто ни за что не отвечал
fallacy of relevance	— В регионе фиксируется нехватка питьевой воды: запасы снизились на 30%, а качество ухудшилось из-за загрязнения рек. Необходимо инвестировать в очистные сооружения. — Зачем говорить о воде, когда у нас такой высокий уровень безработицы среди молодёжи? До 35% выпускников не могут найти работу. Сначала создайте рабочие места, а потом уже обсуждайте экологию.	Зачем говорить о воде, когда у нас такой высокий уровень безработицы среди молодёжи[SEP]Сначала создайте рабочие места, а потом уже обсуждайте экологию
false causality	В последние годы выросло число людей, изучающих иностранные языки онлайн, и одновременно увеличилось количество путешествий за границу. Поскольку оба явления усилились одновременно, можно заключить, что именно онлайн-курсы языков вызывают рост международных поездок. Это объясняет популярность образовательных платформ.	Поскольку оба явления усилились одновременно, можно заключить, что именно онлайн-курсы языков вызывают рост международных поездок
fallacy of credibility	В обсуждении школьной формы один родитель говорит, что её нужно сохранить. Школьная форма должна оставаться обязательной, потому что так было всегда в нашей стране, и это часть культурного наследия. Он считает, что отказ от формы приведёт к потере дисциплины. Если традиция школьной формы существует десятилетиями, значит она правильная и менять её нельзя. Аргумент строится исключительно на длительности существования практики, без анализа её реальной эффективности или влияния на учеников.	Школьная форма должна оставаться обязательной, потому что так было всегда в нашей стране[SEP]Если традиция школьной формы существует десятилетиями, значит она правильная и менять её нельзя
equivocation	Когда я работаю над текстами, я всегда думаю о стиле и предложениях. Предложение должно быть чётким, понятным, логически завершённым, иначе читатель запутается и потеряет нить мысли. Хорошие предложения делают текст убедительным и красивым. Если предложение должно быть продуманным и уместным, значит любое предложение требует оценки и принятия. А раз предложения принимают, то и мои деловые предложения автоматически должны приниматься, ведь они тоже предложения. Поэтому, когда я предлагаю проект, его не стоит обсуждать — он уже по своей природе должен быть принят.	Если предложение должно быть продуманным и уместным, значит любое предложение требует оценки и принятия. А раз предложения принимают, то и мои деловые предложения автоматически должны приниматься, ведь они тоже предложения.
ad hominem	Экономисты из международного фонда предлагают ввести санкции против соседней страны из-за нарушения торговых соглашений. Их анализ показывает, что целевые ограничения на экспорт сырья могут изменить поведение режима без ущерба для гражданского населения. Однако этим людям нельзя верить — они сами угнетатели, годами диктующие условия беднейшим странам и требующие приватизации жизненно важных отраслей в обмен на кредиты. Какое право имеют те, кто сам строит системы зависимости, судить о справедливости санкций? Их мнение об экономических санкциях не имеет значения — за каждым их предложением скрывается стремление усилить контроль над слабыми экономиками.	этим людям нельзя верить — они сами угнетатели[SEP]Их мнение об экономических санкциях не имеет значения
faulty generalization	Недавно я поехал на такси, и водитель плохо знал дорогу. Пришлось подсказывать. Один водитель оказался некомпетентным — значит, все водители этого сервиса плохо ориентируются в городе. Это вызывает сомнения.	Один водитель оказался некомпетентным — значит, все водители этого сервиса плохо ориентируются в городе
false causality	В компании ввели гибкий график, и через некоторое время сотрудники стали чаще улыбаться. Поскольку эти изменения совпали по времени, можно утверждать, что именно гибкий график напрямую повышает уровень счастья работников.	Поскольку эти изменения совпали по времени, можно утверждать, что именно гибкий график напрямую повышает уровень счастья работников
fallacy of extension	— Я считаю, что в городах с плотной застройкой нужно постепенно расширять зоны с ограничением автомобильного движения в центре и развивать общественный транспорт. Это не означает полный запрет машин: экстренные службы, жители и доставка должны иметь доступ. Но уменьшение транзитного потока снизит шум, загрязнение и сделает улицы безопаснее для пешеходов и велосипедистов. — То есть вы хотите полностью запретить автомобили во всех городах и выгнать людей из машин навсегда? Прекрасно! Тогда как, по-вашему, будут работать врачи, курьеры, родители с детьми? Вы предлагаете превратить центр в музей без жизни, где нельзя ни доехать, ни привезти товары? Завтра вы закроете парковки, послезавтра введёте штрафы за сам факт владения машиной, а потом вообще заставите всех пересесть на телеги! Это удар по экономике, по свободе передвижения и по здравому смыслу.	нужно постепенно расширять зоны с ограничением автомобильного движения в центре[SEP]То есть вы хотите полностью запретить автомобили во всех городах и выгнать людей из машин навсегда
false causality	После того как я начал пить больше воды, мои тренировки стали проходить легче, и я быстрее восстанавливаюсь. Значит, именно увеличение потребления воды напрямую улучшает спортивные результаты.	После того как я начал пить больше воды, мои тренировки стали проходить легче
false causality	Я заметил, что в дни, когда беру с собой зонт, дождь почти всегда начинается, даже если прогноз его не обещал. Это повторялось много раз. Значит, сам факт того, что я беру зонт, каким-то образом влияет на погоду.	Я заметил, что в дни, когда беру с собой зонт, дождь почти всегда начинается
circular reasoning	На конференции по менеджменту обсуждали корпоративную культуру. Эта компания обладает сильной культурой, так как её сотрудники демонстрируют высокую вовлечённость. А высокая вовлечённость объясняется тем, что культура в компании сильная. В итоге делают вывод о необходимости тиражирования практик.	Эта компания обладает сильной культурой, так как её сотрудники демонстрируют высокую вовлечённость. А высокая вовлечённость объясняется тем, что культура в компании сильная
false causality	С введением новых школьных учебников повысились результаты экзаменов у учеников. Учителя довольны изменениями. Поскольку улучшение оценок произошло после замены учебников, значит именно новые книги стали причиной повышения успеваемости.	Поскольку улучшение оценок произошло после замены учебников, значит именно новые книги стали причиной повышения успеваемости
fallacy of relevance	— По отчётам МВД, уровень домашнего насилия вырос на 18%, а число обращений в кризисные центры увеличилось вдвое. — Зачем обсуждать семейные конфликты, когда у нас проблемы с миграцией? Поток приезжих растёт, инфраструктура не справляется. Сначала нужно навести порядок с миграцией, а потом уже заниматься частными случаями.	Зачем обсуждать семейные конфликты, когда у нас проблемы с миграцией[SEP]Сначала нужно навести порядок с миграцией, а потом уже заниматься частными случаями
ad hominem	На лекции о морали студент задал критический вопрос. Преподаватель ответил, что этот студент известен своим цинизмом и пренебрежением к нормам, поэтому его аргументы не заслуживают внимания. Аудитория замолчала.	Преподаватель ответил, что этот студент известен своим цинизмом и пренебрежением к нормам, поэтому его аргументы не заслуживают внимания
ad hominem	В споре о вегетарианстве один участник привёл данные о здоровье. Оппонент ответил: Он демонстративно следует модным диетам и ищет одобрения, поэтому его аргументы — это стремление к саморекламе и они не заслуживают внимания. Поговорим о традициях.	Он демонстративно следует модным диетам и ищет одобрения, поэтому его аргументы — это стремление к саморекламе и они не заслуживают внимания
equivocation	Я люблю гулять по паркам и наблюдать за природой. Особенно красиво, когда листья меняют цвет осенью. Это создаёт особую атмосферу и настроение. Лист — это часть дерева, которая отражает его состояние и здоровье. Если я подписываю лист документа, значит я тоже фиксирую состояние и придаю ему значение. Поэтому любые документы, которые я подписываю, автоматически становятся правильными. Ведь лист уже отражает суть, и моя подпись лишь подтверждает это.	Лист — это часть дерева, которая отражает его состояние и здоровье. Если я подписываю лист документа, значит я тоже фиксирую состояние и придаю ему значение.
false dilemma	— Может, стоит реформировать полицию постепенно? — Либо мы радикально меняем всю систему сразу, либо преступность выйдет из-под контроля. Третьего не дано. Он отверг идеи пилотных проектов.	Либо мы радикально меняем всю систему сразу, либо преступность выйдет из-под контроля. Третьего не дано.
appeal to emotion	В дебатах о контроле за рождаемостью один участник говорил о свободе выбора. Другой сосредоточился на демографическом страхе. Он описал стареющее общество и одиночество будущего. Неужели вы хотите, чтобы страна вымерла? В зале повисло напряжение. Поэтому рождаемость нужно строго регулировать.	Неужели вы хотите, чтобы страна вымерла?[SEP]Поэтому рождаемость нужно строго регулировать.
fallacy of credibility	— Новое лекарство требует клинических испытаний, прежде чем его можно рекомендовать пациентам, иначе есть риск побочных эффектов. — Это средство безопасно, потому что его рекламирует известная певица, значит оно точно работает. Она рассказывает, как сама принимала препарат и чувствует себя прекрасно. Если такой популярный человек говорит о пользе лекарства, значит сомневаться не стоит. Её успех и известность воспринимаются как гарантия достоверности, хотя она не имеет медицинского образования и не участвовала в исследованиях.	Это средство безопасно, потому что его рекламирует известная певица, значит оно точно работает[SEP]Если такой популярный человек говорит о пользе лекарства, значит сомневаться не стоит
appeal to emotion	На ток-шоу обсуждали запрет определённых книг. Один из гостей говорил о том, как дети могут быть травмированы содержанием. Родители боятся за их моральное состояние. Как вы можете позволить этому проникать в их умы? Это угроза будущему. Следовательно, такие книги нужно запретить.	Как вы можете позволить этому проникать в их умы?[SEP]Следовательно, такие книги нужно запретить.
fallacy of relevance	— Либертарианская программа отмены всех социальных пособий, полной дерегуляции фармацевтического рынка и упразднения государственного контроля за качеством продуктов приведёт к росту детской смертности и обнищанию пожилых людей. Нужно обсудить эти риски.  — Но ведь либертарианство — это про свободу! Разве свобода может быть опасной или вредной? Свобода — это высшая ценность человечества, к которой стремились все великие мыслители. Все хотят свободы — кто же будет против свободы? Люди веками боролись за неё, гибли на баррикадах ради неё. Как можно критиковать идеологию, которая стоит на стороне свободы? Если вы против этих мер, значит, вы на стороне принуждения и угнетения. А кто хочет жить в обществе без свободы?	Либертарианская программа отмены[SEP]социальных пособий[SEP]приведёт к росту[SEP]смертности и обнищанию[SEP]Но ведь либертарианство — это про свободу! Разве свобода может быть опасной или вредной
fallacy of relevance	— Экономисты предупреждают о росте инфляции до 12% и снижении реальных доходов населения, что уже отражается на уровне потребления. — Но вы посмотрите, сколько у нас новых торговых центров открылось за последний год, это десятки тысяч квадратных метров. Люди активно покупают, бизнес развивается. Разве можно говорить о кризисе доходов при таком строительном буме?	Но вы посмотрите, сколько у нас новых торговых центров открылось за последний год[SEP]Разве можно говорить о кризисе доходов при таком строительном буме
appeal to emotion	В дебатах о депортациях выступающий говорил о страхе и напряжении в городах. Неужели вы хотите просыпаться каждое утро с ощущением угрозы? Слова повисли в воздухе. Значит нужно выдворять всех подозрительных без суда.	Неужели вы хотите просыпаться каждое утро с ощущением угрозы?[SEP]Значит нужно выдворять всех подозрительных без суда.
ad hominem	— Нужно реформировать систему высшего образования. — Ты просто озлоблен на систему из-за личных неудач, поэтому твои аргументы искажены обидой и не имеют веса. Давай обсуждать реальные предложения.	Ты просто озлоблен на систему из-за личных неудач, поэтому твои аргументы искажены обидой и не имеют веса
fallacy of relevance	— Нам нужно внедрить цифровые учебники во всех классах: это снизит нагрузку на рюкзаки детей, упростит обновление материалов и даст доступ к интерактивным заданиям.  — Зачем вообще обсуждать цифровые учебники, если в школьной столовой до сих пор не ремонтировали вытяжку? Дети едят в душном помещении с запахом жира — это гораздо актуальнее, чем какие-то планшеты.	Зачем[SEP]обсуждать цифровые учебники, если в[SEP]столовой[SEP]не ремонтировали вытяжку[SEP]это гораздо актуальнее, чем[SEP]планшеты
circular reasoning	Экономист объясняет устойчивость рынка. Рынок устойчив, потому что демонстрирует стабильность показателей, а стабильность показателей вытекает из того, что рынок устойчив. Далее приводятся графики за прошлые годы.	Рынок устойчив, потому что демонстрирует стабильность показателей, а стабильность показателей вытекает из того, что рынок устойчив
fallacy of credibility	В разговоре о криптовалютах один человек уверенно заявляет, что рынок полностью безопасен и не подвержен серьёзным рискам. Популярный блогер-миллионник сказал, что криптовалюта — надёжное вложение, значит это правда, и сомневаться в этом нет причин. Этот блогер известен своими путешествиями и мотивационными видео, у него миллионы подписчиков и высокая репутация в интернете. Он регулярно делится своими инвестиционными успехами и демонстрирует дорогой образ жизни. По мнению говорящего, человек, достигший такого уровня популярности и финансового успеха, точно понимает, куда стоит вкладывать деньги. Поэтому нет необходимости анализировать рынок, изучать волатильность или читать финансовые отчёты — достаточно следовать советам этого авторитетного инфлюенсера.	Популярный блогер-миллионник сказал, что криптовалюта — надёжное вложение, значит это правда
ad hominem	Конечно, он выступает за легализацию и расширение алгоритмической торговли — он же сам владеет хедж-фондом, который на этом зарабатывает миллионы! Ему выгодно, чтобы рынок был максимально нерегулируемым, ведь чем больше автоматизированных сделок, тем выше его прибыль. Как можно всерьёз воспринимать его аргументы о «повышении ликвидности» или «эффективности рынка»? За всем этим стоит лишь жажда наживы. Он не заботится о стабильности финансовой системы — ему важно только одно: увеличить свой счёт в банке. Поэтому его мнение не заслуживает внимания.	он[SEP]за легализацию[SEP]алгоритмической торговли[SEP]Ему выгодно[SEP]Как можно всерьёз воспринимать его аргументы[SEP]За[SEP]этим стоит[SEP]жажда наживы
ad hominem	— Я предлагаю ввести прозрачные правила финансирования партий. — Ты сам связан с закулисными договорённостями и действуешь из корыстных мотивов, поэтому твои доводы о прозрачности лицемерны и неубедительны. Не надо делать вид реформатора.	Ты сам связан с закулисными договорённостями и действуешь из корыстных мотивов, поэтому твои доводы о прозрачности лицемерны и неубедительны
appeal to emotion	На дебатах о слежке сказали: Каждый потерянный человек — это чья-то трагедия, чья-то сломанная жизнь. Как вы сможете жить с мыслью, что это можно было предотвратить? Поэтому нужно следить за всеми. Это цена безопасности.	Как вы сможете жить с мыслью, что это можно было предотвратить? Поэтому нужно следить за всеми.
false causality	С тех пор как я начал носить умные часы, я стал чаще проходить больше шагов за день и чувствовать себя лучше, следовательно, сами часы улучшают физическую форму и здоровье, а не мои привычки.	С тех пор как я начал носить умные часы, я стал чаще проходить больше шагов за день и чувствовать себя лучше
fallacy of relevance	— Аналитики предупреждают о рисках внедрения системы распознавания лиц: возможны ошибки идентификации, утечки данных и нарушение приватности граждан. Нужны чёткие регуляции. — А вы знаете, что благодаря цифровым технологиям в прошлом году удалось раскрыть на 25% больше преступлений и сократить время расследований? Это серьёзный прогресс для правоохранительных органов. Разве стоит говорить о рисках, когда технологии уже доказали свою эффективность в борьбе с преступностью? Главное — безопасность, а остальное вторично.	А вы знаете, что благодаря цифровым технологиям в прошлом году удалось раскрыть на 25% больше преступлений и сократить время расследований[SEP]Разве стоит говорить о рисках, когда технологии уже доказали свою эффективность в борьбе с преступностью
intentional	На родительском собрании один из родителей сказал директору: вы уже решили игнорировать жалобы на буллинг, или просто не хотите портить статистику школы ? Вопрос прозвучал после отчёта о дисциплине. Он сразу предполагал, что администрация скрывает проблемы ради показателей. Вместо обсуждения конкретных случаев разговор перешёл в обвинения. Директор пытался объяснить меры, но каждое слово воспринималось как оправдание. Такая формулировка не даёт конструктивного диалога, потому что изначально приписывает мотивы, не проверяя факты и не анализируя действия школы.	вы уже решили игнорировать жалобы на буллинг, или просто не хотите портить статистику школы
fallacy of credibility	В обсуждении изменения школьной программы один родитель сказал: Новая система обучения абсолютно эффективна, ведь её поддержал известный актёр, который недавно выступал на образовательной конференции. Этот актёр рассказывал, как важно развивать креативность у детей и отходить от устаревших методов преподавания. Если знаменитый и успешный человек одобряет эту реформу, значит она действительно полезна. Он сам достиг огромного успеха в карьере, стал примером для миллионов, а значит, явно понимает, как нужно воспитывать и обучать новое поколение. Зачем анализировать педагогические исследования и статистику успеваемости, если можно довериться мнению человека, который доказал свою успешность на практике и пользуется уважением общества?	Новая система обучения абсолютно эффективна, ведь её поддержал известный актёр[SEP]Если знаменитый и успешный человек одобряет эту реформу, значит она действительно полезна
faulty generalization	Недавно я воспользовался услугами автосервиса. Машину сделали дольше, чем обещали. Один сервис задержал ремонт — значит, все автосервисы ненадёжны и не соблюдают сроки. Придётся учиться чинить самому.	Один сервис задержал ремонт — значит, все автосервисы ненадёжны и не соблюдают сроки
fallacy of relevance	— Тесты интеллекта помогают выявлять одарённых детей из неблагополучных семей, которые иначе могли бы остаться незамеченными системой. Это один из немногих инструментов, дающих шанс ребёнку из провинции попасть в сильную школу или получить стипендию. — Зачем нам тесты интеллекта, когда у нас разбитые дороги и очереди в поликлиниках? Вместо того чтобы мерить детям коэффициент ума, лучше почините асфальт и наймите нормальных врачей. Пока люди не могут доехать до работы без тряски, любые разговоры о психологических тестах — пустая трата бюджета.	Зачем нам тесты интеллекта, когда у нас разбитые дороги
false causality	После того как компания обновила логотип, её акции начали расти на бирже. Инвесторы проявили больше интереса. Так как рост стоимости акций произошёл сразу после ребрендинга, значит именно новый логотип повысил ценность компании в глазах рынка. Дизайн оказался ключевым фактором успеха.	Так как рост стоимости акций произошёл сразу после ребрендинга, значит именно новый логотип повысил ценность компании в глазах рынка
ad populum	— Почему ты не рассматриваешь эту вакансию? — Её почти никто не выбирает среди выпускников и она не пользуется спросом, значит, это плохая карьерная перспектива. Я лучше пойду туда, куда идут все.	Её почти никто не выбирает среди выпускников и она не пользуется спросом, значит, это плохая карьерная перспектива
appeal to emotion	На обсуждении закрытия границ один политик говорил о страхе перед неизвестным. Люди чувствуют угрозу своему будущему. Неужели вы хотите жить в постоянной тревоге? Это изматывает. Поэтому границы нужно закрыть полностью.	Неужели вы хотите жить в постоянной тревоге?[SEP]Поэтому границы нужно закрыть полностью.
circular reasoning	В образовательной политике обсуждают стандарты качества школ. Школа считается качественной, потому что демонстрирует высокий уровень обучения, а высокий уровень обучения определяется качеством школы. Это лежит в основе рейтингов.	Школа считается качественной, потому что демонстрирует высокий уровень обучения, а высокий уровень обучения определяется качеством школы
fallacy of credibility	В дискуссии о науке один участник заявил: Эта теория верна, потому что её поддерживает известный нобелевский лауреат, и добавил, что если признанный учёный одобряет идею, значит она не может быть ошибочной. Он подробно рассказывал о достижениях этого учёного и его вкладе в науку. По его мнению, авторитет лауреата автоматически подтверждает правильность любой поддерживаемой им теории. Он не анализировал доказательства или критику, считая, что мнение авторитетного учёного является достаточным доказательством истины.	Эта теория верна, потому что её поддерживает известный нобелевский лауреат[SEP]если признанный учёный одобряет идею, значит она не может быть ошибочной
false causality	Я начал пить больше воды по утрам, и в тот же период у меня появилось больше свободного времени. Если изменения произошли одновременно, значит именно увеличение потребления воды каким-то образом освободило мой график.	Если изменения произошли одновременно, значит именно увеличение потребления воды каким-то образом освободило мой график
faulty generalization	Недавно знакомый жаловался на онлайн-курс. Один курс оказался бесполезным — значит, все онлайн-курсы не дают знаний. Он решил больше не учиться в таком формате.	Один курс оказался бесполезным — значит, все онлайн-курсы не дают знаний
intentional	Да, программа по переселению жителей из аварийного жилья была реализована с нарушениями, и некоторые семьи получили квартиры хуже прежних, но мы действовали из искреннего желания улучшить условия жизни людей и избавить их от опасных домов и даже если возникли проблемы, главное — наши благие намерения, а не отдельные негативные случаи. Невозможно провести такую масштабную реформу без ошибок. Важно, что мы стремились к лучшему. Со временем все недочёты будут исправлены.	мы действовали из искреннего желания улучшить условия жизни людей и избавить их от опасных домов[SEP]даже если возникли проблемы, главное — наши благие намерения, а не отдельные негативные случаи
fallacy of extension	— Я считаю, что школьную программу по истории стоит периодически обновлять с учётом новых исследований и источников — это нормальная научная практика. Речь не о переписывании всего курса, а о корректировке отдельных тем, где появились новые данные или более точные интерпретации событий. Это помогает ученикам получать более полное и современное понимание прошлого. — О, ясно! Значит, вы хотите полностью переписать всю историю страны под текущую политическую повестку и стереть прошлое? Сегодня «обновим» пару тем, а завтра отменим все учебники, объявим героев злодеями и будем каждый год менять версии событий! По вашей логике, истины вообще не существует — только удобные трактовки. Это же путь к тому, что дети перестанут понимать, где правда, а где выдумка!	школьную программу по истории стоит периодически обновлять с учётом новых исследований и источников[SEP]Значит, вы хотите полностью переписать всю историю страны под текущую политическую повестку и стереть прошлое
equivocation	Я думаю о том, как важно иметь энергию. Энергия позволяет действовать, достигать целей и справляться с трудностями. Энергия совершает работу и измеряется количественно. Если у меня много жизненной энергии, значит, я обладаю измеримым запасом, который можно тратить, как физическую энергию. Поэтому я стараюсь «накопить» её заранее.	Энергия совершает работу и измеряется количественно. Если у меня много жизненной энергии, значит, я обладаю измеримым запасом, который можно тратить, как физическую энергию.
false dilemma	Сайентология требует официального признания как религии в нашей стране. Либо мы разрешаем сайентологию наравне с другими религиями, либо мы вынуждены запретить все религии без исключения. Другого выбора нет! Если мы откажем сайентологии в статусе религии, это будет дискриминация по религиозному признаку. А если мы признаём право одних верить в Бога, мы обязаны признать право других верить в инопланетянина Ксану. Принцип свободы совести не допускает исключений: либо все религии свободны, либо ни одна. Если сегодня мы запретим сайентологию, завтра кто-то потребует запретить ислам как «религию терроризма», послезавтра — христианство как «религию колониализма». Куда это нас приведёт? Полный запрет всех религий и возврат к атеистическому тоталитаризму! Либо мы принимаем сайентологию как законную религию, либо мы открываем ящик Пандоры, из которого вырвется запрет на любую веру. Третьего пути не существует: либо сайентология легальна, либо все религии вне закона.	Сайентология требует официального признания как религии[SEP]Либо[SEP]разрешаем сайентологию наравне с другими религиями, либо[SEP]вынуждены запретить все религии[SEP]Другого выбора нет
intentional	— Я считаю, что нужно ввести больше общественных обсуждений перед принятием законов. — Вы настаиваете на обсуждениях не ради демократии, а потому что хотите затянуть процесс принятия решений и заблокировать любые реформы, которые вам невыгодны. Вы используете процедуру как инструмент саботажа. Все ваши слова о прозрачности — это лишь способ остановить изменения.	Вы настаиваете на обсуждениях не ради демократии, а потому что хотите затянуть процесс принятия решений и заблокировать любые реформы, которые вам невыгодны
fallacy of extension	— Я считаю, что некоторые старые промышленные предприятия стоит модернизировать с учетом экологических стандартов, чтобы снизить выбросы и улучшить качество воздуха в городе. Речь не о закрытии всех заводов, а о постепенном внедрении фильтров, новых технологий и контроле за загрязнением, чтобы сохранить и рабочие места, и здоровье людей. — То есть вы хотите закрыть все заводы и оставить людей без работы ради идеальной экологии? Вам, видимо, всё равно, что тысячи семей окажутся без дохода, города превратятся в призраки, а экономика рухнет! По вашей логике, лучше вообще запретить промышленность, чтобы воздух был стерильно чистым, а люди сидели без денег и перспектив. Вы предлагаете утопию, где никто ничего не производит, но почему-то все счастливы!	некоторые старые промышленные предприятия стоит модернизировать с учетом экологических стандартов[SEP]То есть вы хотите закрыть все заводы и оставить людей без работы ради идеальной экологии
faulty generalization	Один студент на лекции постоянно отвлекался и не слушал преподавателя, из-за чего пропустил важные моменты. Это бросалось в глаза. Значит, все студенты этого курса несерьёзно относятся к учёбе. Сложно работать с такой группой.	Один студент на лекции постоянно отвлекался и не слушал преподавателя[SEP]Значит, все студенты этого курса несерьёзно относятся к учёбе
appeal to emotion	В разговоре о запрете митингов чиновник заявил: беспорядки пугают обычных граждан, нарушают их покой. Неужели вы хотите, чтобы улицы превратились в хаос? Люди устали от напряжения. Поэтому любые протесты нужно запретить.	Неужели вы хотите, чтобы улицы превратились в хаос?[SEP]Поэтому любые протесты нужно запретить.
fallacy of relevance	— В регионе ухудшается качество воздуха из-за угольных электростанций, уровень вредных частиц превышает норму вдвое. — Разве можно думать об экологии, когда тысячи людей могут потерять работу при закрытии станций? Это приведёт к росту безработицы и социальной напряжённости. Сначала нужно обеспечить рабочие места.	Разве можно думать об экологии, когда тысячи людей могут потерять работу при закрытии станций
false dilemma	В образовательной политике стоит вопрос о роли домашних заданий. Либо мы полностью их отменяем, чтобы снизить нагрузку на учеников и дать им больше времени на отдых и развитие. Это может улучшить психологическое состояние детей. либо продолжаем перегружать их и получаем выгорание уже в школьные годы. Баланс здесь невозможен, потому что система требует чёткого решения.	Либо мы полностью их отменяем,[SEP]либо продолжаем перегружать их и получаем выгорание уже в школьные годы.
ad hominem	В разговоре о городской застройке он предложил сохранить исторические кварталы. Он просто сентиментальный романтик, не способный принимать прагматичные решения, поэтому его аргументы о сохранении наследия не стоит учитывать. Проект утвердили без правок.	Он просто сентиментальный романтик, не способный принимать прагматичные решения, поэтому его аргументы о сохранении наследия не стоит учитывать
faulty generalization	В кафе мне перепутали заказ и принесли другое блюдо. Пришлось ждать замену. Одна ошибка в заказе — значит, весь персонал кафе невнимателен и часто ошибается. Теперь выбираю другие места.	Одна ошибка в заказе — значит, весь персонал кафе невнимателен и часто ошибается
equivocation	Я люблю проводить время на даче, особенно летом, когда можно отдохнуть от городской суеты. Там всё просто и спокойно: сад, грядки, свежий воздух. Иногда соседи просят помочь с какими-то делами, и я не отказываю. Дача — это когда ты что-то даёшь другим, помогаешь, делишься ресурсами и временем, а такие поступки всегда ценятся и укрепляют отношения. Поэтому я считаю, что каждая дача должна приносить пользу людям, иначе она теряет смысл и становится бесполезной.	Дача — это когда ты что-то даёшь другим, помогаешь, делишься ресурсами и временем, а такие поступки всегда ценятся[SEP]каждая дача должна приносить пользу людям
ad hominem	На лекции обсуждали влияние искусства на общество. Лектор известен своим высокомерием и презрением к аудитории, следовательно его аргументы о гуманистической роли искусства не заслуживают доверия. Студенты слушали скептически.	Лектор известен своим высокомерием и презрением к аудитории, следовательно его аргументы о гуманистической роли искусства не заслуживают доверия
fallacy of extension	"На дискуссии о студенческом плагиате один участник осторожно заметил: ""Интеллектуальная собственность сложна, и не всегда легко понять, где заканчивается цитирование и начинается плагиат — особенно для первокурсников, которые впервые сталкиваются с академическими правилами"". Его оппонент тут же воскликнул: ""Ага, значит, по-вашему, плагиат нужно оправдывать, ведь разобраться невозможно! Завтра студенты будут просто копировать целые книги, а вы им будете хлопать в ладоши — 'молодцы, разобрались с трудной темой!' А через год вообще отмените экзамены — зачем думать самим, если можно скопировать всё с первой ссылки в поиске?"""	Интеллектуальная собственность сложна[SEP]не всегда легко понять, где заканчивается цитирование и начинается плагиат[SEP]значит, по-вашему, плагиат нужно оправдывать, ведь разобраться невозможно
intentional	В обсуждении повышения тарифов на транспорт чиновник заявил: Вы критикуете повышение цен не потому что заботитесь о гражданах, а потому что хотите набрать политические очки и привлечь протестный электорат. На самом деле ваша цель — использовать недовольство людей для собственной выгоды, а не решить проблему транспорта. Он проигнорировал аргументы о росте расходов населения и сосредоточился на мотивах оппонента.	Вы критикуете повышение цен не потому что заботитесь о гражданах, а потому что хотите набрать политические очки и привлечь протестный электорат. На самом деле ваша цель — использовать недовольство людей для собственной выгоды, а не решить проблему транспорта
faulty generalization	Мне не понятно, почему кто-то критикует соцсети за поверхностное общение. Я подписан на трёх друзей в соцсетях, и мы отлично общаемся: делимся новостями, поддерживаем друг друга, даже планируем встречи онлайн. Значит, соцсети идеальны для общения всех людей и являются лучшим инструментом для человеческого взаимодействия в современном мире.	Я подписан на трёх друзей в соцсетях, и мы отлично общаемся[SEP]Значит, соцсети идеальны для общения всех
false dilemma	В вопросе образования учителей утверждается: либо мы повышаем требования до максимума и отсекаем большинство кандидатов, чтобы обеспечить качество. Обсуждаются программы подготовки и повышения квалификации, но они игнорируются. либо получаем слабую систему образования. Такой подход исключает возможность постепенного улучшения кадров.	либо мы повышаем требования до максимума и отсекаем большинство кандидатов,[SEP]либо получаем слабую систему образования.
appeal to emotion	— Нужны ли ограничения на СМИ? — В новостях столько тревоги и боли, что люди теряют опору. Подумайте, как это разрывает их изнутри Это нельзя оставлять как есть. Разве вы допустите дальнейшую панику, поэтому независимые медиа нужно закрыть.	Подумайте, как это разрывает их изнутри[SEP]Разве вы допустите дальнейшую панику, поэтому независимые медиа нужно закрыть.
circular reasoning	В медицинской статье утверждалось, что этот препарат эффективен, поскольку демонстрирует клиническую результативность. При этом его клиническая результативность объясняется тем, что препарат эффективен. Автор ссылался на наблюдения, но ключевой аргумент оставался замкнутым.	этот препарат эффективен, поскольку демонстрирует клиническую результативность[SEP]его клиническая результативность объясняется тем, что препарат эффективен
fallacy of credibility	В разговоре о питании один человек утверждал: Эта диета абсолютно полезна, ведь её рекомендует известная модель с мировым именем, и добавил, что если человек с идеальной фигурой говорит, что это работает, значит это правда. Он описывал, как модель делится своим рационом в социальных сетях и вдохновляет миллионы людей. По его мнению, внешний вид и популярность модели являются доказательством эффективности её советов. Он не учитывал медицинские исследования или рекомендации врачей, считая, что успех и внешний вид знаменитости уже подтверждают правильность её подхода к питанию.	Эта диета абсолютно полезна, ведь её рекомендует известная модель с мировым именем[SEP]если человек с идеальной фигурой говорит, что это работает, значит это правда
false dilemma	Перед человечеством стоит простой и однозначный выбор: либо мы немедленно отказываемся от всех ископаемых видов топлива и переходим на 100% возобновляемую энергетику в течение ближайших пяти лет, либо мы обрекаем планету на необратимую экологическую катастрофу. Другого пути просто не существует! Любые компромиссы, постепенные переходы или гибридные решения — это всего лишь самоуспокоение и отсрочка неизбежного. Если мы не закроем все нефтяные вышки, газовые месторождения и угольные шахты сегодня, завтра будет поздно — уровень моря поднимется, климат станет непредсказуемым, а миллионы людей потеряют дома. Поэтому мы должны действовать решительно: немедленно запретить добычу нефти и газа, закрыть все угольные электростанции, прекратить финансирование любых проектов, связанных с ископаемым топливом. Да, это приведёт к временным экономическим трудностям, безработице в энергетическом секторе и росту цен на энергию. Но это необходимая жертва ради спасения планеты. Либо мы выбираем чистое будущее сегодня, либо мы выбираем смерть завтра — третьего не дано!	либо мы немедленно отказываемся от всех ископаемых видов топлива[SEP]либо мы обрекаем планету на необратимую экологическую катастрофу
fallacy of relevance	— В компании выявлены проблемы с безопасностью данных: утечки персональной информации клиентов происходят всё чаще, что может привести к штрафам и потере доверия. — А вы знаете, что наш бренд узнаваем в 90% стран и имеет миллионы подписчиков в социальных сетях? Мы активно развиваем маркетинг и укрепляем репутацию. Разве можно говорить о проблемах безопасности, когда компания так успешно продвигается глобально?	А вы знаете, что наш бренд узнаваем в 90% стран и имеет миллионы подписчиков в социальных сетях[SEP]Разве можно говорить о проблемах безопасности, когда компания так успешно продвигается глобально
circular reasoning	Психолог объясняет устойчивость личности. Личность устойчива, потому что проявляет последовательное поведение, а последовательность поведения вытекает из того, что личность устойчива. Затем обсуждаются факторы среды.	Личность устойчива, потому что проявляет последовательное поведение, а последовательность поведения вытекает из того, что личность устойчива
equivocation	Я считаю, что важно следствие своих действий, потому что именно оно показывает результат. Всё, что мы делаем, приводит к определённым последствиям. Следствие выявляет причины и устанавливает истину. Если есть следствие, значит, можно точно определить правильность действий. Поэтому по одному результату можно судить о полной правильности всего процесса.	Следствие выявляет причины и устанавливает истину. Если есть следствие, значит, можно точно определить правильность действий.
faulty generalization	На конференции один докладчик говорил путано и без структуры. Было сложно следить за мыслью. Значит, все такие конференции бесполезны. Не вижу смысла их посещать.	На конференции один докладчик говорил путано и без структуры[SEP]Значит, все такие конференции бесполезны
ad hominem	На панели о медиа один эксперт говорил о вреде кликбейта. Коллега заметил: он сам склонен к преувеличениям и драматизации, поэтому его критика кликбейта не заслуживает доверия. Разговор ушёл от темы алгоритмов.	он сам склонен к преувеличениям и драматизации, поэтому его критика кликбейта не заслуживает доверия
faulty generalization	В клинике мне пришлось ждать приёма дольше назначенного времени. Очередь почти не двигалась. Один раз приём задержали — значит, в этой клинике всегда плохо организована работа и всех принимают с опозданием. В следующий раз подумаю, идти ли сюда.	Один раз приём задержали — значит, в этой клинике всегда плохо организована работа и всех принимают с опозданием
circular reasoning	В экономике обсуждают устойчивость валюты. Валюта стабильна, потому что демонстрирует устойчивость на рынке. При этом её устойчивость объясняется тем, что валюта считается стабильной. Это влияет на доверие инвесторов.	Валюта стабильна, потому что демонстрирует устойчивость на рынке[SEP]её устойчивость объясняется тем, что валюта считается стабильной
appeal to emotion	На обсуждении ограничения прав заключённых один участник говорил о преступлениях. Он описывал страдания жертв. Почему вы больше заботитесь о преступниках, чем о пострадавших? Это вызвало эмоциональную реакцию. Поэтому условия содержания нужно ужесточить.	Почему вы больше заботитесь о преступниках, чем о пострадавших?[SEP]Поэтому условия содержания нужно ужесточить.
circular reasoning	В комитете обсуждали безопасность продукта. Продукт безопасен, потому что он не причиняет вреда пользователям. Это считалось главным аргументом. А вреда нет, потому что продукт безопасен. Поэтому выпуск одобрили.	Продукт безопасен, потому что он не причиняет вреда пользователям[SEP]А вреда нет, потому что продукт безопасен
fallacy of extension	— Я считаю, что в здравоохранении стоит развивать профилактику заболеваний и регулярные обследования для снижения нагрузки на систему. Это долгосрочная стратегия. — Понятно, вы хотите заменить лечение бесконечными проверками и заставить людей постоянно ходить по врачам? Значит, никто не будет лечиться, только обследоваться! Вы предлагаете абсурдную систему, где диагноз важнее лечения!	в здравоохранении стоит развивать профилактику заболеваний и регулярные обследования[SEP]вы хотите заменить лечение бесконечными проверками и заставить людей постоянно ходить по врачам
fallacy of credibility	Мы должны продолжать проводить корпоративные собрания именно в таком формате, как это делалось раньше. Этот формат правильный, потому что он используется в компании с момента её основания, и помог ей добиться успеха. Если практика существовала долгие годы, значит она уже доказала свою эффективность. Изменения могут нарушить устоявшиеся процессы и привести к снижению продуктивности. Когда система работает, нет необходимости её менять. Традиции в бизнесе часто являются основой стабильности и роста.	Этот формат правильный, потому что он используется в компании с момента её основания[SEP]Если практика существовала долгие годы, значит она уже доказала свою эффективность
fallacy of relevance	— В компаниях наблюдается гендерный разрыв в зарплатах: женщины получают в среднем на 20% меньше за аналогичную работу. — Зачем обсуждать разницу в зарплатах, когда в мире растёт геополитическая напряжённость и конфликты? Это куда серьёзнее. Сначала обеспечьте безопасность страны, а потом уже решайте внутренние вопросы оплаты труда.	Зачем обсуждать разницу в зарплатах, когда в мире растёт геополитическая напряжённость и конфликты[SEP]Сначала обеспечьте безопасность страны, а потом уже решайте внутренние вопросы оплаты труда
intentional	— Ты действительно считаешь, что стоит сократить финансирование науки? — Ты предлагаешь сокращение бюджета науки не потому, что это экономически оправдано, а потому что хочешь перенаправить средства в проекты, которые лично тебе выгодны и на самом деле игнорируешь долгосрочные последствия ради краткосрочной выгоды. Наука не даёт мгновенной отдачи, и это тебя раздражает. Ты смотришь только на цифры здесь и сейчас. Но за этим стоит желание перераспределить ресурсы в свою пользу.	Ты предлагаешь сокращение бюджета науки не потому, что это экономически оправдано, а потому что хочешь перенаправить средства в проекты, которые лично тебе выгодны[SEP]на самом деле игнорируешь долгосрочные последствия ради краткосрочной выгоды
circular reasoning	На медицинской конференции рассматривали протокол лечения. Данный протокол клинически обоснован, поскольку его эффективность подтверждается его обоснованностью. При этом отмечается, что эффективность как раз объясняется тем, что протокол клинически обоснован. Вопрос о сравнительных испытаниях отложили.	Данный протокол клинически обоснован, поскольку его эффективность подтверждается его обоснованностью[SEP]эффективность как раз объясняется тем, что протокол клинически обоснован
intentional	— Ты не думаешь, что стоит пересмотреть свой стиль руководства, потому что сотрудники жалуются на постоянное давление? — Ты сейчас критикуешь меня, потому что хочешь ослабить дисциплину и получить больше свободы без контроля? Я вижу, к чему это ведёт: стоит только дать слабину, и работа сразу начнёт страдать. Твои слова о «здоровой атмосфере» звучат красиво, но на деле это попытка снизить требования. Ты просто хочешь, чтобы с тебя меньше спрашивали. Поэтому я не собираюсь менять подход, основанный на жёсткой ответственности.	Ты сейчас критикуешь меня, потому что хочешь ослабить дисциплину и получить больше свободы без контроля?
equivocation	Я люблю охоту, потому что она требует терпения, внимания и стратегии. Охота развивает стремление к цели и настойчивость, значит охота формирует сильный характер. Когда у меня появляется охота что-то сделать, я воспринимаю это как сигнал к действию. Значит, любое желание уже делает меня дисциплинированным и целеустремлённым, как опытного охотника.	Охота развивает стремление к цели и настойчивость, значит охота формирует сильный характер.
fallacy of relevance	-- Мы предлагаем ввести запрет на любое новое строительство в прибрежной зоне. Это единственный способ сохранить экосистему и предотвратить эрозию берегов. Учёные уже зафиксировали необратимые изменения из-за застройки прошлых лет.  -- Но ведь у нас здесь такие невероятные красивые закаты — разве возможность любоваться с набережной этим зрелищем не важнее, чем какие-то там формальные законы? Посмотрите, как солнце садится за горизонт, и вода становится розовой. Неужели вы готовы это потерять ради бумажек и правил?	Но ведь у нас здесь такие невероятные красивые закаты — разве возможность любоваться с набережной этим зрелищем не важнее, чем какие-то там формальные законы
faulty generalization	Недавно я заказал еду через новое приложение, и курьер опоздал почти на час. Это испортило вечер. Один заказ привезли с большой задержкой — значит, сервис всегда работает медленно и все доставки у них опаздывают. Больше пользоваться им не хочется.	Один заказ привезли с большой задержкой — значит, сервис всегда работает медленно и все доставки у них опаздывают
circular reasoning	В психологии обсуждали достоверность теста личности. Тест достоверен, потому что точно отражает личностные черты. Но точность отражения черт выводится из того, что тест достоверен. Его включили в методические рекомендации.	Тест достоверен, потому что точно отражает личностные черты[SEP]точность отражения черт выводится из того, что тест достоверен
ad hominem	На семинаре по этике ИИ студент предложил ограничить использование распознавания лиц. Преподаватель ответил: Вы известны своей паранойей и недоверием к любым технологиям, поэтому ваши аргументы о рисках слежки преувеличены и несостоятельны. Группа замолчала.	Вы известны своей паранойей и недоверием к любым технологиям, поэтому ваши аргументы о рисках слежки преувеличены и несостоятельны
false causality	После выхода нового сезона популярного сериала резко выросли продажи попкорна, особенно в супермаркетах. Это показывает, что именно сериал стимулирует людей покупать больше закусок для просмотра.	После выхода нового сезона популярного сериала резко выросли продажи попкорна
ad populum	-- Я не рекомендую полагаться на натуропатию при лечении рака: нет ни одного крупного клинического исследования, подтверждающего её эффективность, зато есть множество случаев, когда пациенты отказывались от химиотерапии в пользу трав и теряли драгоценное время. Это опасно.  -- Посмотрите вокруг: все же лечатся натуропатией, значит, она эффективнее традиционной химии. Травы, настойки, специальные диеты – миллионы людей используют эти методы. Если бы они не работали, разве было бы столько последователей? Очевидно, народная мудрость не обманывает.	Посмотрите вокруг: все же лечатся натуропатией, значит, она эффективнее традиционной химии
circular reasoning	В банке обсуждали риск-модель. Модель надёжна, так как корректно оценивает риск, а корректность оценки риска обусловлена её надёжностью. Решили расширить её применение на новые портфели.	Модель надёжна, так как корректно оценивает риск, а корректность оценки риска обусловлена её надёжностью
false dilemma	В вопросе цифровой безопасности звучит жёсткое утверждение: существует только одно правильное решение — это полный контроль за данными пользователей, чтобы предотвратить киберугрозы. При этом остаются без внимания вопросы приватности и прав граждан. Технологические компании и государство должны искать баланс. либо утечки данных и кибератаки станут нормой, что приведёт к потере доверия к цифровым сервисам. Такое представление ограничивает спектр возможных подходов.	существует только одно правильное решение — это полный контроль за данными пользователей,[SEP]либо утечки данных и кибератаки станут нормой,
fallacy of extension	— Я думаю, что родителям стоит обсуждать с подростками риски интернета и устанавливать разумные ограничения без тотального контроля. Это вопрос безопасности. — Понятно, вы хотите следить за каждым шагом детей и лишить их любой личной свободы в сети? Значит, никакой приватности, только контроль! Вы предлагаете превратить дом в тюрьму!	родителям стоит обсуждать с подростками риски интернета и устанавливать разумные ограничения[SEP]вы хотите следить за каждым шагом детей и лишить их любой личной свободы в сети
intentional	Да, наш фонд использовал часть пожертвований на административные расходы, включая дорогие офисы и маркетинг. Но мы делали это, потому что наши намерения были направлены на расширение влияния и привлечение большего количества помощи нуждающимся . Без инвестиций в инфраструктуру мы не смогли бы расти. Да, сейчас это выглядит как перерасход, но в будущем это окупится. Когда цель — увеличить масштаб благотворительности и помочь большему числу людей, такие расходы полностью оправданы . Нужно смотреть на долгосрочный эффект, а не на отдельные статьи бюджета.	мы делали это, потому что наши намерения были направлены на расширение влияния и привлечение большего количества помощи нуждающимся[SEP]Когда цель — увеличить масштаб благотворительности и помочь большему числу людей, такие расходы полностью оправданы
fallacy of credibility	В разговоре о вакцинации один участник привёл данные Всемирной организации здравоохранения и результаты клинических испытаний, подтверждающие безопасность вакцин. Однако его оппонент отмахнулся от этих аргументов. Он заявил: ваши доводы не имеют значения, потому что у вас нет медицинского образования и вы не врач, а значит, вы не можете делать выводы о таких сложных вопросах. Он добавил, что только дипломированные иммунологи и практикующие врачи имеют право высказываться о вакцинации. Даже если человек умеет читать научные статьи и правильно интерпретировать статистику, отсутствие профильного диплома, по его мнению, автоматически делает все аргументы несостоятельными. В итоге он отказался обсуждать сами данные и сосредоточился исключительно на статусе собеседника, утверждая, что без медицинской лицензии любое мнение — это просто дилетантство.	ваши доводы не имеют значения, потому что у вас нет медицинского образования и вы не врач
faulty generalization	В одной поездке поезд опоздал на 40 минут — значит, железная дорога всегда работает с задержками. Поэтому стараюсь выбирать другие виды транспорта.	В одной поездке поезд опоздал на 40 минут — значит, железная дорога всегда работает с задержками
ad populum	Когда речь зашла о переходе на удалённую работу, он уверенно заявил: более 70% сотрудников предпочитают дистанционный формат, следовательно, он наиболее продуктивен. Иного вывода быть не может.	более 70% сотрудников предпочитают дистанционный формат, следовательно, он наиболее продуктивен
appeal to emotion	На заседании обсуждали расширение полномочий спецслужб. Один чиновник сказал: в мире становится всё опаснее, люди живут в тревоге и не знают, что принесёт завтра. Неужели вы готовы оставить семьи без защиты? В новостях каждый день показывают трагедии и разрушенные судьбы. Поэтому необходимо ввести тотальную слежку за гражданами.	Неужели вы готовы оставить семьи без защиты?[SEP]Поэтому необходимо ввести тотальную слежку за гражданами.
appeal to emotion	Обсуждали запрет определённых книг. Один выступающий заявил: Эти тексты могут разрушить внутренний мир подростков, вызвать тревогу и страх. Подумайте о том, как легко ранить неокрепшую психику. Они остаются один на один с этим. Значит такие книги нужно изъять из доступа.	Подумайте о том, как легко ранить неокрепшую психику.[SEP]Значит такие книги нужно изъять из доступа.
fallacy of relevance	— В медицинском исследовании указано, что уровень вакцинации снизился на 15%, что повышает риск вспышек инфекционных заболеваний. — Зачем обсуждать вакцинацию, когда у нас проблемы с доступом к качественному образованию в сельских районах? Школы недоукомплектованы, учителей не хватает, дети отстают. Сначала обеспечьте равный доступ к образованию, а потом уже говорите о прививках. Это фундамент развития общества.	Зачем обсуждать вакцинацию, когда у нас проблемы с доступом к качественному образованию в сельских районах[SEP]Сначала обеспечьте равный доступ к образованию, а потом уже говорите о прививках
fallacy of credibility	Работник одной из ведущих фармацевтических компаний говорит о вреде легких наркотиков — значит, ему можно верить. Ведь его компания — лауреат премии «Инновация года» в здравоохранении, поставляет лекарства в 50 стран и десятилетиями задаёт стандарты в медицинской этике. Если такой эксперт говорит, что даже «лёгкие» вещества разрушают мозг, это не мнение — это научный факт!	Работник одной из ведущих фармацевтических компаний говорит о вреде легких наркотиков — значит, ему можно верить. Ведь его компания — лауреат премии[SEP]в здравоохранении
appeal to emotion	На слушаниях о военной операции один генерал сказал: Ситуация сложная. Представьте семьи, которые каждую ночь слышат взрывы и прячутся в подвалах? Их дети растут в ужасе и боли. Как вы можете бездействовать, поэтому нужно ввести войска.	Представьте семьи, которые каждую ночь слышат взрывы и прячутся в подвалах[SEP]Как вы можете бездействовать, поэтому нужно ввести войска
ad populum	— Я думаю о переходе на домашнее обучение. — Мало кто выбирает этот формат, значит, он неэффективен. После этого разговор сместился к социальным навыкам детей.	Мало кто выбирает этот формат, значит, он неэффективен
fallacy of extension	— Я считаю, что в демократическом обществе нужно меньше ограничивать критику государственных органов в интернете. Сейчас слишком много административных дел за «неуважение к власти» за посты, которые по сути являются политической сатирой или выражением недовольства. Свобода слова — это основа демократии: люди должны иметь право открыто обсуждать действия чиновников, не боясь штрафов за каждую резкую фразу. Это не призыв к насилию, а здоровый общественный диалог. — Значит, вы хотите, чтобы люди могли массово рассылать в мессенджерах фейковые сообщения «В торговом центре бомба, все бегите!» и сеять панику среди тысяч людей? То есть по вашему, любой может писать в соцсетях что угодно, даже если это напрямую угрожает жизни других? Вы предлагаете полную вседозволенность под прикрытием «свободы слова»! Завтра кто-то опубликует координаты школы с надписью «Здесь завтра стрельба», послезавтра будет призывать к поджогам административных зданий — и всё это будет «здоровым общественным диалогом» по вашей логике? Вы вообще понимаете, к чему ведёт ваша позиция? Это не свобода слова — это анархия и прямая угроза общественной безопасности. Никакое общество не может существовать, если каждый может безнаказанно распространять ложные сообщения об угрозах в интернете. Ваша идея опасна и должна быть отвергнута.	в демократическом обществе нужно меньше ограничивать критику государственных органов в интернете[SEP]Значит, вы хотите, чтобы люди могли массово рассылать в мессенджерах фейковые сообщения[SEP]даже если это напрямую угрожает жизни других
false causality	Когда я начал носить умные часы, стал чаще достигать своих целей по шагам и активности. Это совпало с периодом, когда я решил заняться здоровьем. Так как улучшение физической формы произошло после покупки часов, значит именно они заставляют меня быть более активным. Теперь рекомендую их всем знакомым.	Так как улучшение физической формы произошло после покупки часов, значит именно они заставляют меня быть более активным
fallacy of extension	— Я думаю, что в школах можно сократить количество стандартизированных тестов и больше использовать проектную работу — это развивает навыки анализа и сотрудничества. Тесты важны, но не должны быть единственным способом оценки. — То есть вы предлагаете полностью отменить экзамены и перестать проверять знания учеников вообще? Отлично, пусть каждый получает оценки просто так! Вы хотите разрушить систему оценки и сделать образование формальностью без реальных критериев!	в школах можно сократить количество стандартизированных тестов и больше использовать проектную работу[SEP]полностью отменить экзамены и перестать проверять знания учеников вообще
intentional	В обсуждении реформы здравоохранения политик заявил: «Мы приняли эти изменения, потому что хотели сделать медицину доступнее для всех граждан. Наши намерения были чистыми, поэтому временные проблемы и очереди не имеют решающего значения.» Он не анализировал реальные последствия реформы.	Мы приняли эти изменения, потому что хотели сделать медицину доступнее для всех граждан. Наши намерения были чистыми, поэтому временные проблемы и очереди не имеют решающего значения
ad hominem	— Нужно реформировать судебную систему, чтобы повысить её независимость. — Ты сам человек с репутацией манипулятора и склонностью к нечестным методам, поэтому твои аргументы о справедливости не вызывают доверия. Это звучит лицемерно.	Ты сам человек с репутацией манипулятора и склонностью к нечестным методам, поэтому твои аргументы о справедливости не вызывают доверия
fallacy of relevance	— Университеты фиксируют резкое падение уровня подготовки абитуриентов: средний балл по математике снизился на 12 пунктов за пять лет, а преподаватели жалуются, что первокурсники не справляются с базовыми задачами. Это требует реформы школьной программы и повышения квалификации учителей. — Давайте лучше обсудим развитие туризма в регионе, а не качество образования школьников и экзамены. В прошлом году поток туристов вырос на 40%, открылось 120 новых гостиниц и кафе. Это реальные деньги и рабочие места. Разве не важнее сейчас поддержать индустрию, которая приносит доход, чем спорить о школьных программах? Экономика должна быть в приоритете, иначе никакие знания не помогут.	Давайте лучше обсудим развитие туризма в регионе, а не качество образования школьников и экзамены[SEP]Разве не важнее сейчас поддержать индустрию, которая приносит доход, чем спорить о школьных программах
fallacy of credibility	В обсуждении налоговой политики один участник предлагает снизить налоги для малого бизнеса, приводя экономические расчёты. Другой отвечает: Эта идея правильная, потому что её поддерживает известный миллиардер и инвестор, который добился огромного успеха. Если такой богатый человек считает это эффективным, значит это верное решение. Он использует финансовый успех как доказательство правоты, не анализируя сами аргументы.	Эта идея правильная, потому что её поддерживает известный миллиардер и инвестор[SEP]Если такой богатый человек считает это эффективным, значит это верное решение
fallacy of relevance	— Университет планирует сократить научные лаборатории из-за нехватки финансирования. Уже закрыты три исследовательских центра, десятки аспирантов потеряли гранты, а публикационная активность упала на 25%. Это напрямую влияет на инновации и технологическое развитие страны. — Давайте лучше обсудим, как студенты проводят свободное время и развивают креативность, а не судьбу лабораторий? В кампусе почти нет культурных мероприятий, клубов по интересам и арт-пространств. Без творческой среды университет теряет душу и привлекательность для абитуриентов. Если не создать насыщенную студенческую жизнь, сюда просто никто не будет поступать, и никакие лаборатории уже не понадобятся.	Давайте лучше обсудим, как студенты проводят свободное время и развивают креативность, а не судьбу лабораторий[SEP]Без творческой среды университет теряет душу и привлекательность для абитуриентов
fallacy of extension	— Я считаю, что нужно тщательнее проверять качество продуктов питания, особенно в массовом производстве для защиты здоровья людей. Это не означает запрет бизнеса, а лишь усиление стандартов. — То есть вы предлагаете закрыть все пищевые производства и оставить людей без еды из-за бесконечных проверок? Вы хотите, чтобы каждый завод утонул в бюрократии, а продукты стали недоступными и дорогими? Тогда скоро мы будем стоять в очередях за хлебом, потому что никто не сможет пройти ваши «идеальные» проверки! Это разрушит всю экономику.	нужно тщательнее проверять качество продуктов питания, особенно в массовом производстве[SEP]вы предлагаете закрыть все пищевые производства и оставить людей без еды из-за бесконечных проверок
false dilemma	В международной политике часто звучат резкие заявления. Страны обсуждают санкции, экономическое давление и дипломатические меры. Либо мы вводим максимально жёсткие санкции против оппонента, чтобы заставить его изменить поведение и показать силу, поскольку мягкость воспринимается как слабость. Долгосрочные последствия таких решений при этом остаются за рамками обсуждения. либо полностью отказываемся от давления и позволяем ему действовать безнаказанно, потому что любые промежуточные меры якобы бесполезны.	Либо мы вводим максимально жёсткие санкции против оппонента[SEP]либо полностью отказываемся от давления и позволяем ему действовать безнаказанно
false causality	Когда в офисе поставили новые эргономичные кресла, через пару месяцев сотрудники стали реже брать больничные. Значит, именно замена кресел улучшила здоровье коллектива и снизила заболеваемость. Руководство теперь планирует обновить мебель во всех филиалах.	Когда в офисе поставили новые эргономичные кресла, через пару месяцев сотрудники стали реже брать больничные. Значит, именно замена кресел улучшила здоровье коллектива и снизила заболеваемость
ad populum	В разговоре о вакцинации кто-то сказал: многие избегают этой прививки, значит, она небезопасна. Это вызвало тревогу у слушателей.	многие избегают этой прививки, значит, она небезопасна
false dilemma	В обсуждении энергетики подчёркивается зависимость от импорта. Придётся выбирать: либо мы полностью переходим на собственные ресурсы, это подаётся как гарантия независимости. При этом говорится о рисках поставок и ценах. Упоминаются геополитические факторы. либо страна окажется в постоянной уязвимости. Возможности сотрудничества не рассматриваются.	Придётся выбирать: либо мы полностью переходим на собственные ресурсы,[SEP]либо страна окажется в постоянной уязвимости.
fallacy of extension	— Я думаю, что нужно проводить регулярные проверки качества школьного питания, чтобы избежать нарушений и отравлений, ведь это напрямую влияет на здоровье детей. — Значит, вы хотите установить тотальный контроль над школами и подозревать всех работников в преступлениях? Вы предлагаете превратить столовые в режимные объекты с постоянными инспекциями! Люди не смогут нормально работать под таким давлением. Это разрушит систему образования!	нужно проводить регулярные проверки качества школьного питания, чтобы избежать нарушений и отравлений[SEP]Значит, вы хотите установить тотальный контроль над школами и подозревать всех работников в преступлениях
equivocation	Я думаю о том, как важно держать зуб на проблему. Когда у тебя есть зуб, ты не забываешь и стремишься решить вопрос. Зуб делает отношение острым и заставляет действовать решительно. В инструменте зуб помогает резать и обрабатывать. Значит, если у меня есть зуб на ситуацию, я способен буквально разрезать любую проблему и быстро её решить, без лишних усилий.	Зуб делает отношение острым и заставляет действовать решительно.[SEP]Значит, если у меня есть зуб на ситуацию, я способен буквально разрезать любую проблему и быстро её решить
equivocation	Я уверен, что важно иметь чистую репутацию. Это основа доверия и уважения со стороны других людей. Чистота требует отсутствия грязи, значит, если я буду чаще стирать одежду, моя репутация станет лучше. Я уделяю много внимания внешнему виду и аккуратности. Мне кажется, что это напрямую влияет на то, как меня воспринимают и насколько мне доверяют.	Чистота требует отсутствия грязи, значит, если я буду чаще стирать одежду, моя репутация станет лучше
ad hominem	— Вакцинация снижает распространение инфекций и защищает уязвимые группы. — Вы известны своей склонностью к панике и драматизации, поэтому ваши аргументы о рисках эпидемий преувеличены и неубедительны. Не нужно нагнетать.	Вы известны своей склонностью к панике и драматизации, поэтому ваши аргументы о рисках эпидемий преувеличены и неубедительны
fallacy of extension	— Я считаю, что врачи должны учитывать психологическое состояние пациентов при лечении хронических заболеваний — это влияет на эффективность терапии. Комплексный подход даёт лучшие результаты. — Значит, вы хотите заменить медицину психологическими разговорами и отказаться от реального лечения? Отлично, пусть люди лечатся беседами вместо лекарств! Вы предлагаете игнорировать науку и превратить медицину в разговорный клуб!	врачи должны учитывать психологическое состояние пациентов при лечении хронических заболеваний[SEP]заменить медицину психологическими разговорами и отказаться от реального лечения
ad populum	— Саентология официально признана религиозной организацией в нескольких странах, включая США. У неё есть зарегистрированные церкви, налоговые льготы как у религиозной структуры, и десятки тысяч последователей по всему миру. Чтобы оценить её, нужно изучать её учение, практики и влияние на последователей, а не полагаться на мемы в соцсетях. — Все говорят, что саентология — обман, значит, так оно и есть. Посмотрите на любой опрос: 9 из 10 людей считают её сектой. В топе запросов в поисковике — «саентология обман». Даже ваши друзья посмеются, если вы скажете, что это нормальная религия. Большинство не может ошибаться! Когда миллионы людей единодушно видят проблему, это уже не мнение — это факт.	Все говорят, что саентология — обман, значит, так оно и есть
intentional	— Я считаю, что нужно повысить налоги для сверхбогатых, чтобы сократить неравенство. — Вы продвигаете эту идею не потому, что заботитесь о справедливости, а на самом деле хотите наказать успешных людей и перераспределить ресурсы в свою пользу. Это не борьба с неравенством, а зависть, замаскированная под политику.	Вы продвигаете эту идею не потому, что заботитесь о справедливости[SEP]на самом деле хотите наказать успешных людей и перераспределить ресурсы в свою пользу
appeal to emotion	На встрече с избирателями говорили о цензуре искусства. Оратор описывал шок и возмущение людей. Неужели вы позволите оскорблять ваши чувства на сцене? Зал загудел. Поэтому такие произведения нужно запретить и наказать авторов.	Неужели вы позволите оскорблять ваши чувства на сцене?[SEP]Поэтому такие произведения нужно запретить и наказать авторов.
intentional	— Новая медицинская программа требует дополнительных испытаний, потому что есть сообщения о побочных эффектах у пациентов. — Вы задаёте эти вопросы о безопасности не потому, что действительно беспокоитесь о здоровье пациентов — на самом деле вы хотите затормозить внедрение программы и защитить интересы конкурирующих фармкомпаний. Все ваши сомнения — это часть стратегии. Вы прикрываетесь заботой о людях, но на деле работаете против инноваций. Если бы вы действительно думали о пациентах, вы бы поддержали ускоренное внедрение лечения.	Вы задаёте эти вопросы о безопасности не потому, что действительно беспокоитесь о здоровье пациентов — на самом деле вы хотите затормозить внедрение программы и защитить интересы конкурирующих фармкомпаний
ad hominem	— Я считаю, что удалённая работа повышает баланс жизни и труда. — Вы сами избегаете личных встреч и склонны к социальной изоляции, поэтому ваши аргументы о пользе удалёнки не заслуживают доверия. Это просто удобная позиция для вас.	Вы сами избегаете личных встреч и склонны к социальной изоляции, поэтому ваши аргументы о пользе удалёнки не заслуживают доверия
false causality	Я заметил, что в те дни, когда слушаю классическую музыку, мне легче концентрироваться. Это совпадение повторялось много раз. Если концентрация улучшается именно в дни с классической музыкой, значит она напрямую повышает когнитивные способности и делает работу эффективнее. Поэтому включаю её перед задачами.	Если концентрация улучшается именно в дни с классической музыкой, значит она напрямую повышает когнитивные способности и делает работу эффективнее
fallacy of relevance	— По данным аналитиков, уровень безработицы среди молодёжи достиг 18%, многие выпускники не могут найти работу по полгода и дольше. — Зачем обсуждать безработицу, когда уровень инфляции влияет на всех граждан без исключения? Цены растут, покупательная способность падает. Пока инфляция не взята под контроль, разговоры о трудоустройстве вторичны.	Зачем обсуждать безработицу, когда уровень инфляции влияет на всех граждан без исключения[SEP]Пока инфляция не взята под контроль, разговоры о трудоустройстве вторичны
faulty generalization	Я недавно скачал новое приложение для заметок и попробовал его в работе. Один раз приложение зависло при сохранении файла — значит, все такие приложения ненадёжны и постоянно теряют данные. После этого я стал осторожнее относиться к подобным инструментам.	Один раз приложение зависло при сохранении файла — значит, все такие приложения ненадёжны и постоянно теряют данные
ad populum	Я сомневаюсь в пользе энергетических напитков. Но их регулярно употребляет огромное количество людей, значит, они безопасны. Массовое потребление воспринимается как доказательство.	их регулярно употребляет огромное количество людей, значит, они безопасны
equivocation	Я думаю о том, как важно иметь направление в жизни. Без него легко потеряться и тратить время впустую. Направление задаёт путь, значит, если я буду чаще смотреть на компас, я лучше пойму, куда двигаться в жизни. Я даже ношу с собой маленький компас и периодически проверяю его. Это помогает мне чувствовать, что я не сбиваюсь с курса и двигаюсь правильно.	Направление задаёт путь, значит, если я буду чаще смотреть на компас, я лучше пойму, куда двигаться в жизни
false causality	В последние годы люди стали чаще пользоваться велосипедами, и одновременно снизился уровень стресса в городе. Это обсуждают эксперты. Поскольку оба показателя изменились вместе, значит именно езда на велосипеде снижает стресс у населения. Поэтому предлагают развивать велоинфраструктуру как основную меру.	Поскольку оба показателя изменились вместе, значит именно езда на велосипеде снижает стресс у населения
intentional	— Я предлагаю сократить количество обязательных отчётов в нашем отделе, потому что сотрудники тратят до 30% рабочего времени на заполнение форм, которые никто не читает. Это снижает продуктивность и демотивирует людей. — Вы так настаиваете на сокращении отчётности, потому что хотите скрыть реальные результаты своей работы и уменьшить контроль над собой и на самом деле стремитесь создать удобную зону, где можно не отвечать за провалы проектов. Ваши разговоры о продуктивности — это лишь прикрытие. Я вижу, что вы пытаетесь ослабить прозрачность, чтобы никто не заметил, где именно вы не справляетесь. Если убрать отчёты, станет невозможно отследить ошибки, а значит, вы сможете перекладывать ответственность на других. Вы не предлагаете улучшение процессов — вы пытаетесь защитить себя от оценки. И это очевидно по тому, как активно вы продвигаете эту идею.	Вы так настаиваете на сокращении отчётности, потому что хотите скрыть реальные результаты своей работы и уменьшить контроль над собой[SEP]на самом деле стремитесь создать удобную зону, где можно не отвечать за провалы проектов
intentional	— IQ-тесты имеют серьёзные ограничения: они измеряют лишь узкий спектр когнитивных способностей, игнорируют креативность, эмоциональный интеллект и практические навыки. Многие исследования показывают, что результаты тестов коррелируют с социально-экономическим статусом семьи, а не с реальным потенциалом ребёнка. — Конечно, тесты важны, ведь если их отменить, как мы будем продвигать своих детей в лучшие школы? Мои дети отлично справляются с тестами, и я вложил в их подготовку годы и немалые средства. А вы выступаете против тестов только потому, что ваши дети не могут конкурировать по результатам — за вашими «гуманистическими» аргументами скрывается простое желание убрать барьер, который мешает вашему ребёнку попасть туда, куда он не проходит по заслугам. Ваша настоящая цель — не справедливость, а протолкнуть своё потомство в элитные школы любой ценой.	Конечно, тесты важны, ведь если их отменить, как мы будем продвигать своих детей в лучшие школы?
fallacy of relevance	— Водоканал фиксирует утечки до 28% воды в сетях из-за изношенных труб. Это приводит к перебоям и росту тарифов. Нужна программа модернизации на 5 лет с поэтапной заменой. — Зачем обсуждать трубы и утечки, когда у нас нехватка врачей в сельских районах? Там на 10 тысяч жителей приходится один терапевт. Сначала решим кадровый кризис в медицине, а потом уже говорить о водоснабжении и инфраструктуре.	Зачем обсуждать трубы и утечки, когда у нас нехватка врачей в сельских районах[SEP]Сначала решим кадровый кризис в медицине, а потом уже говорить о водоснабжении
ad populum	На встрече предпринимателей обсуждали франшизы. Практически никто не инвестирует в этот сегмент, значит, он убыточен. Даже не стали изучать рынок глубже.	Практически никто не инвестирует в этот сегмент, значит, он убыточен
circular reasoning	В отчёте стартапа говорилось: продукт востребован, поскольку пользуется высоким спросом. Однако высокий спрос объясняется тем, что продукт востребован. Инвесторы запросили дополнительные данные.	продукт востребован, поскольку пользуется высоким спросом[SEP]высокий спрос объясняется тем, что продукт востребован
circular reasoning	В юридической практике обсуждается справедливость закона. Закон справедлив, потому что он обеспечивает равенство. При этом равенство считается достигнутым, поскольку закон является справедливым. Это используется для обоснования его неизменности.	Закон справедлив, потому что он обеспечивает равенство[SEP]равенство считается достигнутым, поскольку закон является справедливым
intentional	В обсуждении гуманитарной помощи один чиновник сказал: мы распределяли ресурсы так, как считали нужным, потому что хотели быстрее помочь пострадавшим и не терять время на бюрократию, даже если это привело к неравномерному распределению и злоупотреблениям. Да, часть помощи не дошла до нуждающихся, но наши намерения были направлены на срочную поддержку, и это важнее отдельных ошибок и недочётов. В экстренных ситуациях невозможно действовать идеально.	мы распределяли ресурсы так, как считали нужным, потому что хотели быстрее помочь пострадавшим и не терять время на бюрократию[SEP]наши намерения были направлены на срочную поддержку, и это важнее отдельных ошибок и недочётов
faulty generalization	Я слышал, как один менеджер грубо разговаривал с клиентом — значит, все менеджеры этой компании так общаются. Это произошло во время визита в офис. После этого не хочется иметь с ними дело.	Я слышал, как один менеджер грубо разговаривал с клиентом — значит, все менеджеры этой компании так общаются
faulty generalization	Я сходил на тренировку к новому тренеру, и занятие показалось неэффективным. Упражнения были странными. Одно занятие не дало результата — значит, все тренеры этого клуба плохие. Думаю сменить место.	Одно занятие не дало результата — значит, все тренеры этого клуба плохие
false dilemma	На дебатах о здравоохранении прозвучало: Либо медицина полностью бесплатная для всех, либо люди остаются без помощи. Третьего не дано. Вопрос о страховых моделях даже не поднимался.	Либо медицина полностью бесплатная для всех, либо люди остаются без помощи. Третьего не дано.
ad populum	Экономист комментирует курс валют. Большинство аналитиков в медиапространстве ожидает укрепления валюты по этой причине, прогноз верен. Противоположные модели не рассматриваются.	Большинство аналитиков в медиапространстве ожидает укрепления валюты по этой причине, прогноз верен
intentional	В компании обсуждали внедрение KPI для сотрудников. Один менеджер выступил против, указав на риск искажения мотивации. Руководитель ответил: «Вы критикуете KPI, потому что хотите скрыть низкую продуктивность своей команды и избежать прозрачной оценки. На самом деле вы боитесь, что показатели покажут реальные результаты вашей работы.» Дальнейший разговор о метриках был прекращён.	Вы критикуете KPI, потому что хотите скрыть низкую продуктивность своей команды и избежать прозрачной оценки. На самом деле вы боитесь, что показатели покажут реальные результаты вашей работы
false dilemma	Развитие искусственного интеллекта вызывает всё больше споров среди регуляторов. Другого пути просто нет: либо мы полностью запрещаем использование ИИ в ключевых сферах, таких как медицина и финансы. Это должно защитить людей от возможных ошибок алгоритмов. Многие опасаются автоматизированных решений. либо отдаём технологии полную свободу, позволяя компаниям внедрять любые решения без контроля. В этом случае инновации развиваются быстрее, но риски возрастают. Варианты постепенного регулирования или тестирования в ограниченных условиях практически не рассматриваются как серьёзные.	Другого пути просто нет: либо мы полностью запрещаем использование ИИ в ключевых сферах,[SEP]либо отдаём технологии полную свободу,
faulty generalization	Я попробовал новый фитнес-клуб рядом с домом. Тренажёр оказался сломан. В одном зале оборудование не работало — значит, во всех их клубах техника в плохом состоянии. Пожалуй, поищу другой вариант.	В одном зале оборудование не работало — значит, во всех их клубах техника в плохом состоянии
equivocation	Я люблю работать с листом бумаги: на нём можно записывать идеи, рисовать, планировать. Это помогает организовать мысли. Если лист хранит информацию и структуру, а лист растения поддерживает жизнь, значит любой лист поддерживает развитие, а значит записи на листе автоматически улучшают жизнь. Поэтому достаточно записывать, чтобы всё наладилось. Это простой способ.	Если лист хранит информацию и структуру, а лист растения поддерживает жизнь, значит любой лист поддерживает развитие, а значит записи на листе автоматически улучшают жизнь. Поэтому достаточно записывать, чтобы всё наладилось.
false dilemma	В дискуссии о школьной дисциплине предлагаются жёсткие меры. Либо мы вводим строгие правила и наказания за малейшие нарушения, чтобы восстановить порядок. Учителя жалуются на снижение уважения к учебному процессу. либо школа превратится в место, где никто не соблюдает никаких норм. Такой подход не учитывает возможности воспитательных и мотивационных методов.	Либо мы вводим строгие правила и наказания за малейшие нарушения,[SEP]либо школа превратится в место, где никто не соблюдает никаких норм.
faulty generalization	Я попробовал новый банк и столкнулся с тем, что карта не сработала в магазине. Было неловко на кассе. Один раз карта этого банка не прошла — значит, у них вся система ненадёжна и постоянно даёт сбои. Теперь думаю закрыть счёт.	Один раз карта этого банка не прошла — значит, у них вся система ненадёжна и постоянно даёт сбои
faulty generalization	Один проект в компании провалился и не достиг целей, несмотря на вложенные ресурсы. Это обсуждали на встрече. Значит, все подобные проекты обречены на неудачу. Возможно, не стоит их запускать.	Один проект в компании провалился и не достиг целей[SEP]Значит, все подобные проекты обречены на неудачу
false causality	После того как в компании установили настольный теннис в комнате отдыха, сотрудники стали чаще задерживаться на работе. Атмосфера стала более живой. Если это произошло сразу после появления стола, значит именно он повысил вовлечённость сотрудников и их готовность работать дольше. Руководство считает это хорошим решением.	Если это произошло сразу после появления стола, значит именно он повысил вовлечённость сотрудников и их готовность работать дольше
equivocation	Я считаю, что мир должен стремиться к гармонии. Мир — это огромная система, где всё взаимосвязано, где важно избегать конфликтов. Мир — это отсутствие войны, значит, если нет войны, то всё в мире уже находится в идеальном состоянии. Поэтому любые проблемы можно игнорировать, пока нет открытых конфликтов.	Мир — это отсутствие войны, значит, если нет войны, то всё в мире уже находится в идеальном состоянии.
equivocation	Я давно думаю о том, как важно сохранять мир в обществе. Люди должны договариваться, избегать конфликтов, искать компромиссы, ведь только так можно жить спокойно и развиваться. Мир нужно поддерживать любой ценой, потому что мир — это отсутствие войны. А раз весь мир — это и есть наша планета, значит, нужно поддерживать его в любом состоянии. Поэтому любые изменения климата не так уж важны — главное, чтобы не было конфликтов между странами.	Мир нужно поддерживать любой ценой, потому что мир — это отсутствие войны. А раз весь мир — это и есть наша планета, значит, нужно поддерживать его в любом состоянии.
false causality	В нашем офисе начали ставить живые растения на столы, и через пару месяцев сотрудники стали реже брать больничные. Атмосфера действительно стала приятнее. Раз улучшение самочувствия совпало по времени с появлением растений, значит именно они укрепили здоровье коллектива. Теперь планируют закупить ещё больше зелени.	Раз улучшение самочувствия совпало по времени с появлением растений, значит именно они укрепили здоровье коллектива
false causality	В университете открыли новый коворкинг, и через год увеличилось число стартапов среди студентов. Это активно обсуждается. Поскольку рост стартапов последовал за появлением коворкинга, значит именно он стал причиной предпринимательской активности студентов. Такие пространства нужно создавать повсеместно.	Поскольку рост стартапов последовал за появлением коворкинга, значит именно он стал причиной предпринимательской активности студентов
fallacy of credibility	На обсуждении прав человека один участник приводит аргументы о необходимости защиты свободы слова. Ему отвечают: ваше мнение не имеет веса, потому что, несмотря на аргументы, вы не являетесь юристом и не имеете юридического образования. У вас нет опыта работы в правовой сфере и вы не знакомы с судебной практикой. Следовательно, ваши выводы не могут считаться обоснованными.	ваше мнение не имеет веса[SEP]вы не являетесь юристом и не имеете юридического образования
false dilemma	Стандартизированные тесты — единственная объективная основа для приёма в университеты. Либо мы оцениваем всех по единым тестам, либо возвращаемся к коррумпированной системе, где поступают только дети чиновников и богатых родителей. Другого выхода нет! Если отказаться от тестов, как мы вообще будем решать, кого принимать? По симпатии приёмной комиссии? По связям родителей? По красивому сочинению, которое мог написать репетитор? Без объективных цифр мы неминуемо скатимся к произволу и коррупции. Да, тесты несовершенны — но это цена объективности. Либо мы держимся за тесты как за последнюю опору справедливости, либо открываем двери для вседозволенности и протекционизма. Третьего пути не существует: либо единые тесты для всех, либо коррупция и хаос.	Стандартизированные тесты — единственная объективная основа для приёма в университеты. Либо[SEP]оцениваем всех по единым тестам, либо возвращаемся к коррумпированной системе[SEP]Другого выхода нет
faulty generalization	На встрече партнёров один из них не пришёл без предупреждения. Это создало неудобства. Один партнёр сорвал встречу — значит, все компании из этой сферы ненадёжны. Теперь к таким предложениям относятся осторожнее.	Один партнёр сорвал встречу — значит, все компании из этой сферы ненадёжны
fallacy of extension	— Я думаю, что родителям стоит объяснять детям правила безопасности в интернете и ограничивать доступ к опасному контенту, чтобы защитить их. — То есть вы хотите тотально контролировать детей и лишить их любой свободы в интернете? Вы предлагаете следить за каждым их шагом и запрещать всё подряд! Это воспитание в страхе!	родителям стоит объяснять детям правила безопасности в интернете и ограничивать доступ к опасному контенту[SEP]То есть вы хотите тотально контролировать детей и лишить их любой свободы в интернете
circular reasoning	В экономическом обзоре утверждалось, что рынок стабилен. Рынок стабилен, потому что отсутствуют значительные колебания. Аналитики указывали на текущие показатели. А отсутствие колебаний объясняется тем, что рынок стабилен. Это укрепило уверенность инвесторов.	Рынок стабилен, потому что отсутствуют значительные колебания[SEP]А отсутствие колебаний объясняется тем, что рынок стабилен
equivocation	Я считаю, что важно иметь мотив в жизни: понимать, зачем ты что-то делаешь, какие цели преследуешь. Это придаёт действиям смысл и энергию. Мотив — это основа мелодии, которая повторяется и задаёт ритм, значит мотив должен звучать и направлять всё остальное. Поэтому если у меня есть мотив, мои действия автоматически становятся гармоничными и успешными, как музыкальное произведение. Ошибок просто не может быть.	Мотив — это основа мелодии, которая повторяется и задаёт ритм, значит мотив должен звучать и направлять всё остальное. Поэтому если у меня есть мотив, мои действия автоматически становятся гармоничными и успешными, как музыкальное произведение.
fallacy of extension	— Я думаю, что врачи должны уделять больше времени объяснению диагнозов пациентам, чтобы те лучше понимали лечение. Это помогает повысить доверие и соблюдение рекомендаций. — Значит, вы хотите, чтобы врачи перестали лечить и только бесконечно разговаривали с пациентами? Замечательно! Очереди увеличатся в разы, помощь будет оказываться медленнее, зато все будут слушать длинные лекции! Вы предлагаете заменить медицину болтовнёй, где времени на реальные процедуры просто не останется!	врачи должны уделять больше времени объяснению диагнозов пациентам, чтобы те лучше понимали лечение[SEP]вы хотите, чтобы врачи перестали лечить и только бесконечно разговаривали с пациентами
ad populum	— Я считаю, что этот философский подход заслуживает внимания. — Он маргинализирован и не поддерживается академическим сообществом поэтому, он ошибочен. Серьёзные идеи всегда получают признание большинства учёных.	Он маргинализирован и не поддерживается академическим сообществом поэтому, он ошибочен
false dilemma	Реформа университетов вызывает оживлённые обсуждения. Финансирование сокращается, конкуренция растёт, и вузы ищут новые модели. Придётся выбирать: либо полностью коммерциализировать образование, делая упор на платные программы и рыночные механизмы. Это может повысить эффективность. либо университеты потеряют качество и станут неконкурентоспособными. В такой логике альтернативные подходы остаются в стороне.	Придётся выбирать: либо полностью коммерциализировать образование,[SEP]либо университеты потеряют качество и станут неконкурентоспособными.
circular reasoning	В обсуждении стартапа основатель говорит о его потенциале. Проект перспективен, так как обладает высоким потенциалом роста. А потенциал роста очевиден, потому что проект перспективен. На этом строится презентация для инвесторов.	Проект перспективен, так как обладает высоким потенциалом роста. А потенциал роста очевиден, потому что проект перспективен
circular reasoning	В технологической компании обсуждают надёжность нового алгоритма. Алгоритм надёжен, потому что демонстрирует стабильную работу, а стабильность его работы объясняется тем, что алгоритм надёжен. Это убеждает руководство внедрить его в продукт.	Алгоритм надёжен, потому что демонстрирует стабильную работу, а стабильность его работы объясняется тем, что алгоритм надёжен
false causality	В те месяцы, когда я ношу часы, у меня чаще проходят удачные встречи, значит часы каким-то образом влияют на исход переговоров. Это уже стало личным наблюдением.	В те месяцы, когда я ношу часы, у меня чаще проходят удачные встречи
intentional	В благотворительной организации решили использовать агрессивную рекламу с шокирующими изображениями, чтобы привлечь больше пожертвований. Когда волонтёры выразили сомнения, руководитель сказал: Да, эти методы вызывают дискомфорт, но мы действуем с благими намерениями, и главное — спасти как можно больше людей. Он настаивал, что эмоциональное давление оправдано, если оно увеличивает сбор средств. По его мнению, этические вопросы вторичны по сравнению с целью. Он добавил, что критика таких методов означает непонимание масштабов проблемы и нежелание действовать решительно ради помощи нуждающимся.	Да, эти методы вызывают дискомфорт, но мы действуем с благими намерениями, и главное — спасти как можно больше людей
appeal to emotion	— Стоит ли вводить комендантский час? — Ночи стали временем тревоги и слухов, улицы пустеют. Неужели вы хотите, чтобы страх стал нормой? Это давит на всех. Поэтому необходимо запретить выход после десяти и строго наказывать нарушителей.	Неужели вы хотите, чтобы страх стал нормой?[SEP]Поэтому необходимо запретить выход после десяти и строго наказывать нарушителей.
appeal to emotion	На обсуждении наказаний говорили о жестоких преступниках. Их жертвы испытывали невыносимую боль. Разве можно позволить им жить дальше? Это несправедливо. Поэтому смертная казнь необходима.	Разве можно позволить им жить дальше?[SEP]Поэтому смертная казнь необходима.
ad populum	На форуме обсуждали удалённую работу. Один пользователь утверждал: Многие компании массово переходят на удалёнку — значит, это наиболее продуктивная модель. Он ссылался на отчёты HR-агентств.	Многие компании массово переходят на удалёнку — значит, это наиболее продуктивная модель
intentional	— Мы должны сократить выбросы, даже если это замедлит экономический рост в краткосрочной перспективе. — Вы говорите это не из-за экологии, а потому что хотите ограничить промышленность и ослабить экономику страны, продвигая идеологическую повестку. Ваши доводы о климате — это инструмент давления. Вы игнорируете реальные последствия для рабочих мест. На самом деле вас интересует не природа, а изменение экономической модели любой ценой.	Вы говорите это не из-за экологии, а потому что хотите ограничить промышленность и ослабить экономику страны
false causality	После того как компания ввела дресс-код, клиенты стали чаще оставлять положительные отзывы, и рейтинг вырос. Это говорит о том, что внешний вид сотрудников напрямую влияет на удовлетворённость клиентов.	После того как компания ввела дресс-код, клиенты стали чаще оставлять положительные отзывы
appeal to emotion	На заседании обсуждали расширение полномочий спецслужб. Один из выступающих сказал: люди каждый день живут в тревоге, слыша новости о нападениях. Неужели вы готовы оставить семьи без защиты? Вечером родители провожают детей взглядом, боясь, что те не вернутся. Поэтому необходимо разрешить тотальную слежку за всеми гражданами.	Неужели вы готовы оставить семьи без защиты?[SEP]Поэтому необходимо разрешить тотальную слежку за всеми гражданами
fallacy of relevance	— Исследования показывают, что переработки приводят к снижению продуктивности на 20% и росту выгорания среди сотрудников. Нужно ограничить сверхурочную работу. — Разве можно обсуждать рабочие часы, когда глобальная конкуренция усиливается и компании борются за выживание на международных рынках? Если мы снизим нагрузку, бизнес проиграет. Сначала обеспечьте конкурентоспособность экономики, а потом уже говорите о комфорте сотрудников.	Разве можно обсуждать рабочие часы, когда глобальная конкуренция усиливается и компании борются за выживание на международных рынках[SEP]Сначала обеспечьте конкурентоспособность экономики, а потом уже говорите о комфорте сотрудников
circular reasoning	В социологии обсуждают валидность опроса. Опрос валиден, потому что корректно измеряет общественные установки. Методология описана подробно. А корректность измерения обусловлена тем, что опрос валиден. Результаты публикуют без оговорок.	Опрос валиден, потому что корректно измеряет общественные установки[SEP]А корректность измерения обусловлена тем, что опрос валиден
intentional	— Почему ты не отвечал на сообщения клиентов в течение двух дней? — Ты задаёшь это, потому что хочешь найти повод обвинить меня и показать начальству свою эффективность, а не решить проблему с коммуникацией. Я вижу, как ты постоянно подчёркиваешь чужие ошибки. Вместо того чтобы обсудить нагрузку и перераспределить задачи, ты сразу ищешь виноватых. Это не про клиентов, это про твоё желание выглядеть лучше на фоне других. Если бы ты хотел помочь, ты бы предложил решение, а не задавал такие вопросы.	Ты задаёшь это, потому что хочешь найти повод обвинить меня и показать начальству свою эффективность
intentional	В университете студент оспорил оценку, предоставив аргументы и примеры ошибок в проверке. Преподаватель ответил: Ты пытаешься пересмотреть оценку не потому, что считаешь её несправедливой, а потому что хочешь получить более высокий балл без дополнительных усилий. Он утверждал, что подобные обращения всегда продиктованы желанием улучшить результат любым способом. В результате разбор работы не состоялся, а разговор перешёл к обсуждению мотивов студента. Преподаватель отказался рассматривать конкретные замечания, считая их лишь прикрытием.	Ты пытаешься пересмотреть оценку не потому, что считаешь её несправедливой, а потому что хочешь получить более высокий балл без дополнительных усилий
appeal to emotion	На дебатах о миграции политик сказал: Экономика нуждается в рабочих. Представьте, что преступник нападает на вашу семью и оказывается приезжим без документов? Этот страх останется с вами навсегда. Как вы можете рисковать, поэтому миграцию нужно резко сократить.	Представьте, что преступник нападает на вашу семью и оказывается приезжим без документов[SEP]Как вы можете рисковать, поэтому миграцию нужно резко сократить
ad populum	В юридической дискуссии один участник сказал: Эта правовая позиция не получила поддержки в большинстве судебных решений, значит, она неверна. Коллеги продолжили анализ практики.	Эта правовая позиция не получила поддержки в большинстве судебных решений, значит, она неверна
equivocation	Я заметил, что мотив играет важную роль в музыке: именно он делает мелодию узнаваемой и эмоциональной. Без мотива композиция теряет смысл и становится пустой. Мотив задаёт направление и объясняет, почему звучит музыка. Если есть мотив, значит есть причина. А раз у человека есть мотив, то его поступки оправданы, потому что они не случайны. Поэтому нельзя осуждать действия людей — у них всегда есть мотив, а значит они действуют правильно.	Мотив задаёт направление и объясняет, почему звучит музыка. Если есть мотив, значит есть причина. А раз у человека есть мотив, то его поступки оправданы
equivocation	Я часто работаю с кистью, когда рисую, и понимаю, насколько важно владеть инструментом. Кисть позволяет передать детали, создать образ, выразить идею. Но кисть — это ещё и часть руки. Кисть управляет движением и результатом, а раз я тренирую кисть в рисовании, значит, мои действия в целом становятся точнее и успешнее. Поэтому навыки в рисовании делают меня эффективным во всём.	Кисть управляет движением и результатом, а раз я тренирую кисть в рисовании, значит, мои действия в целом становятся точнее и успешнее
ad hominem	— Следует ввести ограничения на рекламу азартных игр. — Ты сам регулярно играешь и скрываешь долги, значит твои аргументы о регулировании продиктованы личной выгодой и не заслуживают доверия. Это очевидно всем.	Ты сам регулярно играешь и скрываешь долги, значит твои аргументы о регулировании продиктованы личной выгодой и не заслуживают доверия
equivocation	Я думаю о союзе как о важной форме объединения людей: вместе легче достигать целей и поддерживать друг друга. Это усиливает результат. Если союз соединяет элементы, как союз соединяет слова, значит любой союз делает структуру правильной, а значит любое объединение уже гарантирует успех. Поэтому не важно, кого объединять. Главное — сам факт союза.	Если союз соединяет элементы, как союз соединяет слова, значит любой союз делает структуру правильной, а значит любое объединение уже гарантирует успех. Поэтому не важно, кого объединять.
fallacy of credibility	В дискуссии о сохранении исторического центра города один из участников категорически выступил против современных архитектурных решений. Он заявил: мы обязаны сохранять старый облик города без изменений, ведь наши предки веками строили именно так, и это доказало свою правильность. Любые новые здания, по его мнению, разрушают культурную преемственность и нарушают гармонию, сложившуюся исторически. Он подчеркнул, что традиционная архитектура формировалась столетиями и отражает мудрость поколений. Поэтому любые попытки внедрить современные стили — это отход от проверенных временем принципов. Даже если новые здания более энергоэффективны и удобны, это не имеет значения, потому что главное — следовать традиции. В его логике сам факт длительного существования архитектурного стиля является достаточным основанием считать его единственно правильным.	мы обязаны сохранять старый облик города без изменений, ведь наши предки веками строили именно так
false causality	Когда в офисе установили новые растения, сотрудники стали реже брать больничные, и атмосфера заметно улучшилась. Люди чаще улыбаются и дольше остаются на работе. Значит, именно наличие растений напрямую укрепляет здоровье и снижает заболеваемость среди сотрудников.	Когда в офисе установили новые растения, сотрудники стали реже брать больничные
appeal to emotion	Обсуждали запрет суррогатного материнства. Один из выступающих описал моральную боль и внутренние конфликты. Неужели вы хотите, чтобы дети рождались в таких условиях? Слова прозвучали обвинительно. Поэтому суррогатное материнство должно быть полностью запрещено.	Неужели вы хотите, чтобы дети рождались в таких условиях?[SEP]Поэтому суррогатное материнство должно быть полностью запрещено.
ad hominem	— Нужно развивать общественный транспорт вместо личных авто. — Ты сам не водишь машину и испытываешь неприязнь к автомобилистам, поэтому твои аргументы необъективны. Это личная позиция, а не анализ.	Ты сам не водишь машину и испытываешь неприязнь к автомобилистам, поэтому твои аргументы необъективны
fallacy of relevance	— Анализ показал, что городские автобусы опаздывают в среднем на 15–20 минут, что снижает эффективность общественного транспорта и увеличивает нагрузку на дороги. — Давайте лучше поговорим о развитии велосипедной культуры и здорового образа жизни, а не о расписании автобусов и транспортных задержках? Всё больше людей пересаживаются на велосипеды. Это более важный тренд, чем проблемы общественного транспорта, которые постепенно решатся сами. Нужно смотреть в будущее.	Давайте лучше поговорим о развитии велосипедной культуры и здорового образа жизни, а не о расписании автобусов и транспортных задержках[SEP]Это более важный тренд, чем проблемы общественного транспорта, которые постепенно решатся сами
fallacy of extension	— Я думаю, что стоит увеличить финансирование профилактической медицины, чтобы предотвращать болезни, а не только лечить их. Это дополнение, а не замена лечения. нужно увеличить финансирование профилактической медицины без отказа от лечения заболеваний — это снизит нагрузку. — Значит, вы хотите перестать лечить людей и просто читать им лекции о здоровье? Вы предлагаете оставить больных без помощи и надеяться, что профилактика всё решит? По вашей логике, медицина вообще станет бесполезной!	нужно увеличить финансирование профилактической медицины без отказа от лечения заболеваний[SEP]Значит, вы хотите перестать лечить людей и просто читать им лекции о здоровье
ad hominem	— Нужно повысить требования к городской застройке. — Вы склонны к показному элитизму и презрению к обычным жителям, значит ваши аргументы о стандартах — это предвзятость и их можно не учитывать. Это звучит высокомерно.	Вы склонны к показному элитизму и презрению к обычным жителям, значит ваши аргументы о стандартах — это предвзятость и их можно не учитывать
equivocation	Я много размышляю о духе. Сильный дух помогает преодолевать трудности, не сдаваться и идти к цели, несмотря на препятствия. Это внутренняя опора человека. Если дух даёт силу и поддержку, значит он может действовать самостоятельно. А раз дух — это также нечто существующее вне тела, то он способен влиять на события независимо от меня. Поэтому, если у меня сильный дух, он сам решит многие проблемы без моего участия.	Если дух даёт силу и поддержку, значит он может действовать самостоятельно. А раз дух — это также нечто существующее вне тела, то он способен влиять на события независимо от меня.
fallacy of relevance	— В IT-секторе растёт проблема утечки данных: за прошлый год произошло более 200 крупных инцидентов, затронувших миллионы пользователей. — Давайте лучше поговорим о развитии креативных индустрий и кино, а не о технических сбоях и утечках. Фильмы и сериалы формируют общественное сознание и приносят доход. Это куда важнее для культуры.	Давайте лучше поговорим о развитии креативных индустрий и кино, а не о технических сбоях и утечках
faulty generalization	Недавно я скачал новое приложение для заметок и решил протестировать его в течение дня. Интерфейс показался удобным, но опыт быстро испортился. Один раз приложение зависло при сохранении заметки — значит, все подобные сервисы работают нестабильно. Теперь не вижу смысла доверять таким инструментам.	Один раз приложение зависло при сохранении заметки — значит, все подобные сервисы работают нестабильно
intentional	Да, мы внедрили агрессивную стратегию продаж, оказывая давление на клиентов, но наши намерения были направлены на рост компании и сохранение рабочих мест. В условиях конкуренции нельзя действовать мягко. Да, некоторые клиенты остались недовольны, но это неизбежно. Когда цель — стабильность бизнеса и защита сотрудников от увольнений, такие методы можно считать оправданными. Мы действовали ради общего блага.	Да, мы внедрили агрессивную стратегию продаж, оказывая давление на клиентов, но наши намерения были направлены на рост компании и сохранение рабочих мест[SEP]Когда цель — стабильность бизнеса и защита сотрудников от увольнений, такие методы можно считать оправданными
ad populum	Он отказался от редкой профессии, объяснив это так: её почти никто не выбирает, значит, в ней нет перспектив. Популярные направления всегда надёжнее.	её почти никто не выбирает, значит, в ней нет перспектив
false causality	Когда я перестал пить кофе по вечерам, я стал лучше спать. Так как изменение привычки произошло раньше улучшения сна, значит отказ от кофе напрямую вызвал этот эффект. Теперь избегаю кофе после обеда.	Так как изменение привычки произошло раньше улучшения сна, значит отказ от кофе напрямую вызвал этот эффект
fallacy of extension	— Я думаю, что стоит ограничить использование одноразового пластика в упаковке продуктов, где есть доступные альтернативы. Это уменьшит загрязнение, не влияя сильно на удобство. — То есть вы хотите запретить весь пластик и оставить людей без нормальной упаковки продуктов? Вы предлагаете, чтобы еда портилась быстрее и стала дороже? Тогда давайте вообще откажемся от современной логистики и будем хранить всё в листьях!	стоит ограничить использование одноразового пластика в упаковке продуктов, где есть доступные альтернативы[SEP]вы хотите запретить весь пластик и оставить людей без нормальной упаковки продуктов
circular reasoning	На обсуждении образовательной реформы поднимался вопрос качества программ. Программа является качественной, потому что соответствует высоким стандартам качества. Это считалось достаточным обоснованием. В то же время высокие стандарты качества определяются тем, что реализуются в качественной программе. Вопрос критериев остался неясным.	Программа является качественной, потому что соответствует высоким стандартам качества[SEP]высокие стандарты качества определяются тем, что реализуются в качественной программе
fallacy of credibility	В разговоре о реформе образования один участник говорит: Новая система обучения правильная, потому что её поддержал известный миллиардер и технологический лидер, и если человек такого уровня одобряет реформу, значит она точно эффективна. Он подчёркивает, что этот предприниматель создал успешные компании и понимает будущее технологий. По его мнению, этого достаточно, чтобы доверять его взглядам на школу. При этом не обсуждаются реальные последствия реформы, исследования или опыт учителей. Авторитет бизнесмена используется как основной довод, заменяющий анализ образовательной практики.	Новая система обучения правильная, потому что её поддержал известный миллиардер и технологический лидер[SEP]если человек такого уровня одобряет реформу, значит она точно эффективна
ad hominem	Он утверждает, что минимализм помогает сосредоточиться на главном. Но сам он одержим демонстративным потреблением и постоянно хвастается покупками, значит его аргументы о ценности простоты не имеют веса. Возможно, стоит услышать другие мнения.	сам он одержим демонстративным потреблением и постоянно хвастается покупками, значит его аргументы о ценности простоты не имеют веса
fallacy of credibility	В разговоре о культурных нормах один человек настаивал, что определённый дресс-код должен оставаться неизменным. Мы должны соблюдать этот стиль одежды, потому что он существует в нашей культуре уже сотни лет, и люди всегда следовали этим правилам. Раз обычай закрепился исторически, значит он правильный и не нуждается в изменениях. Любые попытки адаптировать его под современные условия воспринимаются как нарушение традиций. По его мнению, именно сохранение таких норм поддерживает культурную идентичность и связь с прошлым.	Мы должны соблюдать этот стиль одежды, потому что он существует в нашей культуре уже сотни лет[SEP]Раз обычай закрепился исторически, значит он правильный и не нуждается в изменениях
false causality	В стране увеличилось число электромобилей, и одновременно снизился уровень шума в городах. Поскольку оба изменения произошли одновременно, значит именно рост числа электромобилей является основной причиной снижения городского шума. Это подтверждает их пользу.	Поскольку оба изменения произошли одновременно, значит именно рост числа электромобилей является основной причиной снижения городского шума
fallacy of relevance	— Исследования показывают, что использование пластика в упаковке увеличилось на 60% за последние десять лет, что приводит к загрязнению океанов и гибели морских животных. — Давайте лучше поговорим о развитии космической программы и запуске новых спутников, а не о пластиковых отходах. Это укрепляет международный престиж страны. Разве не важнее технологическое лидерство, чем локальные экологические проблемы?	Давайте лучше поговорим о развитии космической программы и запуске новых спутников, а не о пластиковых отходах[SEP]Разве не важнее технологическое лидерство, чем локальные экологические проблемы
faulty generalization	На прошлой неделе один врач в поликлинике не смог поставить точный диагноз — значит, все врачи там некомпетентны. После этого случая я стал сомневаться в качестве лечения. Возможно, стоит искать другую клинику.	На прошлой неделе один врач в поликлинике не смог поставить точный диагноз — значит, все врачи там некомпетентны
equivocation	Я уверен, что важно следить за своим видом. Внешний вид многое говорит о человеке: аккуратность, стиль, уверенность — всё это влияет на впечатление. Хороший вид помогает производить правильное впечатление и добиваться успеха. Поэтому я начал изучать грамматику. Если вид важен, а в языке тоже есть вид, значит, освоив грамматические виды, я смогу улучшить свой внешний вид и стать более привлекательным для окружающих. Это логично.	Хороший вид помогает производить правильное впечатление и добиваться успеха.[SEP]Если вид важен, а в языке тоже есть вид, значит, освоив грамматические виды, я смогу улучшить свой внешний вид и стать более привлекательным для окружающих.
ad populum	На обсуждении культурной политики прозвучало мнение: Общественность в массе отвергает современное искусство — значит, оно не имеет ценности. Финансирование решили сократить.	Общественность в массе отвергает современное искусство — значит, оно не имеет ценности
fallacy of extension	— Мне кажется, что в школах стоит сократить объём домашних заданий в младших классах чтобы дети не перегружались и успевали отдыхать. — То есть вы хотите вообще отменить домашние задания и сделать обучение полностью бесполезным? Дети ничего не будут повторять, забудут всё и вырастут необразованными!	в школах стоит сократить объём домашних заданий в младших классах[SEP]вы хотите вообще отменить домашние задания и сделать обучение полностью бесполезным
circular reasoning	В технологической компании заявили: алгоритм является оптимальным, поскольку демонстрирует наилучшую производительность. Инженеры ссылались на тесты. А наилучшая производительность достигается потому, что алгоритм оптимален. Решение внедрили без доработок.	алгоритм является оптимальным, поскольку демонстрирует наилучшую производительность[SEP]А наилучшая производительность достигается потому, что алгоритм оптимален
fallacy of credibility	На конференции по журналистике один участник раскритиковал распространение фейковых новостей и предложил меры по проверке фактов. В ответ ему сказали: Ваши рассуждения о медиа не заслуживают доверия, поскольку, несмотря на аргументы и примеры, у вас нет опыта работы в крупных редакциях и журналистского образования. Вы никогда не работали в новостных агентствах, не проходили редакторскую проверку материалов и не сталкивались с реальными дедлайнами. Без этого невозможно понять специфику профессии. Даже если вы анализируете публикации и приводите данные, отсутствие профессионального статуса делает ваши выводы сомнительными. О медиа должны говорить только профессиональные журналисты.	Ваши рассуждения о медиа не заслуживают доверия[SEP]у вас нет опыта работы в крупных редакциях и журналистского образования
faulty generalization	— Криптовалюты — это технология с разными уровнями надёжности. Биткоин работает более 15 лет без взлома сети, многие биржи имеют страховку активов, а блокчейн-аудит позволяет отслеживать транзакции. Риски есть, но их можно минимизировать через диверсификацию и выбор проверенных платформ. — Один случай с криптовалютой привёл к краже миллиарда долларов на бирже FTX, значит, все криптовалюты — это мошенничество и лотерея для легкомысленных. Если одна биржа обманула клиентов, все остальные делают то же самое. Каждый, кто покупает крипту, обречён на потерю денег. Не имеет значения, биткоин это или эфириум — все они созданы для обогащения мошенников. Раз один проект оказался скамом, вся индустрия криптовалют изначально порочна и должна быть запрещена.	Один случай с криптовалютой привёл к краже миллиарда долларов на бирже FTX, значит, все криптовалюты — это мошенничество и лотерея
fallacy of relevance	— В отчёте полиции указано, что раскрываемость преступлений снизилась на 15%, а доверие граждан к правоохранительным органам падает. — Зачем обсуждать работу полиции, когда у нас проблемы с дорогами и транспортом? Люди ежедневно стоят в пробках по два часа. Это более ощутимая проблема для большинства, чем статистика преступлений. Сначала дороги.	Зачем обсуждать работу полиции, когда у нас проблемы с дорогами и транспортом[SEP]Это более ощутимая проблема для большинства
false dilemma	Развитие искусственного интеллекта вызывает всё больше споров. Компании внедряют алгоритмы в разные сферы, от медицины до финансов. Либо мы полностью разрешаем использование ИИ без ограничений, чтобы не отставать в технологической гонке. Это позволит ускорить инновации и привлечь инвестиции. либо мы тормозим развитие и оказываемся на обочине мирового прогресса. В таком контексте осторожные подходы воспринимаются как препятствие для роста.	Либо мы полностью разрешаем использование ИИ без ограничений[SEP]либо мы тормозим развитие и оказываемся на обочине мирового прогресса
equivocation	Я стараюсь соблюдать дисциплину: вставать вовремя, выполнять задачи, следовать плану. Это помогает достигать целей. Но дисциплина — это ещё и учебный предмет. Дисциплина формирует порядок и структуру, будь то поведение или знания. Если я изучаю дисциплины, значит, я автоматически становлюсь более упорядоченным и организованным человеком. Поэтому сам факт обучения уже гарантирует высокий уровень самоконтроля.	Дисциплина формирует порядок и структуру, будь то поведение или знания. Если я изучаю дисциплины, значит, я автоматически становлюсь более упорядоченным и организованным человеком.
fallacy of credibility	Этот образовательный курс по развитию детей действительно эффективен, потому что его одобряет известный предприниматель, который построил успешную компанию и часто говорит о важности саморазвития. Он утверждает, что именно такие курсы помогают формировать мышление лидера. Если человек с таким авторитетом в бизнесе рекомендует эту программу, значит она работает. Его успех доказывает, что он понимает, какие навыки важны для будущего. Нет смысла анализировать методику курса или искать научные подтверждения — достаточно довериться мнению человека, который уже достиг выдающихся результатов. Его рекомендации можно воспринимать как руководство к действию.	Этот образовательный курс по развитию детей действительно эффективен, потому что его одобряет известный предприниматель[SEP]Если человек с таким авторитетом в бизнесе рекомендует эту программу, значит она работает
faulty generalization	На занятии один ученик не смог решить задачу у доски. Учитель выглядел разочарованным. Один ученик не справился — значит, весь класс не понимает тему. Это вызвало обсуждение среди родителей.	Один ученик не справился — значит, весь класс не понимает тему
intentional	Да, мы приняли решение повысить цены на лекарства, и это ударило по многим пациентам. Но мы сделали это, потому что искренне хотели инвестировать в разработку новых препаратов и спасти больше жизней в будущем, наши намерения были стратегически важными. Без прибыли не будет инноваций. Когда цель — долгосрочное развитие медицины и создание новых методов лечения, временное ухудшение доступности лекарств можно считать оправданным. Мы смотрим вперёд.	мы сделали это, потому что искренне хотели инвестировать в разработку новых препаратов и спасти больше жизней в будущем, наши намерения были стратегически важными[SEP]Когда цель — долгосрочное развитие медицины и создание новых методов лечения, временное ухудшение доступности лекарств можно считать оправданным
ad populum	В политическом ток-шоу прозвучало: большинство избирателей поддерживает этот закон, значит, он справедлив. После этого аргумента аплодисменты усилились.	большинство избирателей поддерживает этот закон, значит, он справедлив
appeal to emotion	На собрании жителей обсуждали усиление полиции. Один мужчина сказал: В каждом дворе может скрываться опасность, и никто не придёт на помощь вовремя. Люди уже боятся засыпать ночью. Неужели вы хотите жить в постоянном страхе? Поэтому полиции нужно дать право задерживать без ордера.	Неужели вы хотите жить в постоянном страхе? Поэтому полиции нужно дать право задерживать без ордера.
ad hominem	— Киты играют ключевую роль в морских экосистемах: они регулируют популяции других видов, способствуют циркуляции питательных веществ и поглощают углерод. Многие виды находятся под угрозой из-за коммерческого китобойного промысла, загрязнения океанов и изменения климата. Международные конвенции призывают к сохранению китов как части глобального биоразнообразия.  — Не слушайте этих защитников китов, они просто лицемерные городские сумасшедшие! Сидят в своих квартирах, пьют латте и кричат о спасении китов, которые от них в десяти тысячах километров. Ни один из них никогда не был на море, не видел настоящих рыбаков, не понимает, как люди зарабатывают на жизнь. Они выглядят смешно в своих веганских свитерах и с плакатами с мультяшными китами. Как можно всерьёз воспринимать людей, которые больше переживают о животных, чем о собственных семьях?	Не слушайте этих защитников китов, они просто лицемерные городские сумасшедшие!
fallacy of extension	— Я думаю, что в социальных сетях стоит жёстче модерировать откровенно оскорбительный и травмирующий контент, чтобы защитить пользователей от систематического буллинга. Это не про запрет мнений, а про базовые нормы общения. — Ага, вы хотите полностью запретить любую критику и оставить только одобрительные комментарии! Значит, нельзя будет сказать ничего негативного, всё должно быть стерильно и одинаково? Вы предлагаете превратить интернет в место, где люди боятся выражать мысли, потому что любое слово удалят! Это же цензура в чистом виде!	в социальных сетях стоит жёстче модерировать откровенно оскорбительный и травмирующий контент[SEP]вы хотите полностью запретить любую критику и оставить только одобрительные комментарии
ad hominem	Не слушайте его, когда он говорит, что наказание за употребление марихуаны нужно смягчить. Он сам травку курит — разве можно доверять мнению человека, который зависим от этого? Если бы он был трезвым и ответственным гражданином, он бы понимал, насколько это разрушительно для общества. Его слова — просто оправдание собственного поведения.	Не слушайте его[SEP]Он сам травку курит
circular reasoning	В отчёте говорится о достоверности статистики. Данные достоверны, потому что отражают реальные показатели, а реальность показателей подтверждается тем, что данные достоверны. Далее приводятся источники сбора информации.	Данные достоверны, потому что отражают реальные показатели, а реальность показателей подтверждается тем, что данные достоверны
false causality	-- Я полагаю, что уровень осведомлённости граждан напрямую связан с их способностью к критическому мышлению, а не с количеством часов, проведённых у экрана. Человек может смотреть новости сутками, но если он не умеет анализировать источники, он останется дезинформированным. Также считаю, что при ограниченном потреблении медиа развитое критическое мышление позволяет извлекать максимум пользы.  -- Люди, смотрящие телевизор, лучше осведомлены, значит, просмотр телевизора делает людей умнее, повышает их IQ и гарантирует успех в жизни. Посмотрите на статистику: в семьях, где телевизор работает по несколько часов в день, дети чаще отвечают на вопросы викторин. Если бы телевидение не развивало интеллект, то зачем бы оно существовало столько лет? Очевидно, что чем больше смотреть, тем выше эрудиция, а значит, и успех в карьере обеспечен.	Люди, смотрящие телевизор, лучше осведомлены, значит, просмотр телевизора делает людей умнее
false dilemma	В международной политике сейчас напряжённая ситуация. Либо мы вводим жёсткие санкции против всех недружественных стран, несмотря на экономические последствия, либо демонстрируем слабость и теряем влияние на мировой арене. Полумеры воспринимаются как нерешительность. Если не действовать решительно, партнёры начнут сомневаться в нашей способности защищать свои интересы. Да, санкции могут ударить по собственной экономике, но это цена за сохранение статуса и безопасности. В противном случае страна рискует оказаться в изоляции без рычагов влияния.	Либо мы вводим жёсткие санкции против всех недружественных стран,[SEP]либо демонстрируем слабость и теряем влияние на мировой арене.
faulty generalization	Я однажды потерял багаж при перелёте этой авиакомпанией — значит, у них постоянно теряют вещи пассажиров. Путешествие тогда получилось стрессовым. С тех пор избегаю их рейсов.	Я однажды потерял багаж при перелёте этой авиакомпанией — значит, у них постоянно теряют вещи пассажиров
faulty generalization	Я однажды воспользовался услугами фрилансера, и он сорвал сроки. Проект затянулся. Значит, все фрилансеры ненадёжны. Теперь ищу только штатных сотрудников.	Я однажды воспользовался услугами фрилансера, и он сорвал сроки[SEP]Значит, все фрилансеры ненадёжны
intentional	В споре о климате учёный привёл данные о выбросах. Его оппонент сказал: Вы говорите об изменении климата, потому что хотите получить гранты и финансирование для своих исследований, а не потому что есть реальная проблема. Он добавил: Ваша цель — поддерживать страх, чтобы не потерять деньги и влияние. Аргументы о научных данных были проигнорированы.	Вы говорите об изменении климата, потому что хотите получить гранты и финансирование для своих исследований[SEP]Ваша цель — поддерживать страх, чтобы не потерять деньги и влияние
circular reasoning	В науке о данных говорят: Метрика релевантна, поскольку точно отражает качество модели. Её используют в отчётах. Точность отражения качества объясняется релевантностью метрики. Поэтому альтернативы не рассматривают.	Метрика релевантна, поскольку точно отражает качество модели[SEP]Точность отражения качества объясняется релевантностью метрики
circular reasoning	В обсуждении этики ИИ прозвучало утверждение: Алгоритм справедлив, потому что не допускает предвзятости, а отсутствие предвзятости определяется его справедливостью. Это стало аргументом в пользу его внедрения.	Алгоритм справедлив, потому что не допускает предвзятости, а отсутствие предвзятости определяется его справедливостью
fallacy of extension	— Я считаю, что детям полезно давать карманные деньги с раннего возраста, чтобы учить их финансовой ответственности. Это помогает им понимать ценность денег и планировать расходы, но суммы должны быть разумными. — То есть вы хотите переложить на детей всю финансовую ответственность семьи и заставить их зарабатывать на своё содержание? Вы предлагаете, чтобы ребёнок сам платил за еду, одежду и школу? Это превращает детство в экономическую борьбу за выживание!	детям полезно давать карманные деньги с раннего возраста, чтобы учить их финансовой ответственности[SEP]вы хотите переложить на детей всю финансовую ответственность семьи и заставить их зарабатывать на своё содержание
faulty generalization	На собеседовании один кандидат не смог ответить на базовые вопросы — значит, все выпускники этого вуза слабо подготовлены. Мы как раз обсуждали найм. Возможно, стоит пересмотреть источники кандидатов.	На собеседовании один кандидат не смог ответить на базовые вопросы — значит, все выпускники этого вуза слабо подготовлены
ad hominem	Он предложил усилить контроль за качеством продуктов питания. Он сам пренебрегает здоровым образом жизни и постоянно питается вредной едой, поэтому его аргументы не заслуживают внимания. Это выглядит лицемерно.	Он сам пренебрегает здоровым образом жизни и постоянно питается вредной едой, поэтому его аргументы не заслуживают внимания
faulty generalization	Я сходил в новое кафе в центре города. Обслуживание оказалось медленным. В одном кафе долго обслуживали — значит, все заведения в этом районе работают плохо. В следующий раз выберу другое место.	В одном кафе долго обслуживали — значит, все заведения в этом районе работают плохо
faulty generalization	Недавно я остановился в отеле, и уборка в номере была не очень тщательной. Это сразу бросилось в глаза. В одном номере плохо убрали — значит, во всём отеле низкий уровень сервиса. В следующий раз выберу другой вариант.	В одном номере плохо убрали — значит, во всём отеле низкий уровень сервиса
false dilemma	Вопрос регулирования социальных сетей становится всё более острым. Либо вводится строгая цензура контента, чтобы предотвратить распространение дезинформации и экстремизма. Это позволит контролировать информационное пространство. либо платформы превращаются в хаотичную среду без правил. В таких условиях пользователи теряют доверие, а общество — устойчивость.	Либо вводится строгая цензура контента,[SEP]либо платформы превращаются в хаотичную среду без правил.
false causality	За последние годы выросло число людей, практикующих йогу, и одновременно снизился уровень стресса в опросах населения. Следовательно, именно распространение йоги стало причиной общего улучшения психологического состояния общества.	За последние годы выросло число людей, практикующих йогу, и одновременно снизился уровень стресса в опросах населения
circular reasoning	При оценке научной теории один исследователь заявил: теория является достоверной, потому что подтверждается проверенными данными, а данные считаются проверенными, поскольку подтверждают достоверность теории. Это мнение поддержали коллеги.	теория является достоверной, потому что подтверждается проверенными данными, а данные считаются проверенными, поскольку подтверждают достоверность теории
ad hominem	— Я считаю, что школьную программу нужно сократить, оставив базовые дисциплины. — Ты просто стремишься упростить жизнь себе и избегаешь усилий, значит твои аргументы о перегрузке учеников не заслуживают доверия. Это слишком удобная позиция.	Ты просто стремишься упростить жизнь себе и избегаешь усилий, значит твои аргументы о перегрузке учеников не заслуживают доверия
false dilemma	В вопросе военных расходов звучит утверждение: есть только два варианта — либо мы резко увеличиваем оборонный бюджет, чтобы обеспечить безопасность страны. При этом не анализируются дипломатические и экономические инструменты. Важно учитывать баланс расходов. либо государство становится уязвимым перед внешними угрозами. Такой подход игнорирует промежуточные решения.	есть только два варианта — либо мы резко увеличиваем оборонный бюджет,[SEP]либо государство становится уязвимым перед внешними угрозами.
equivocation	Я уверен, что важно держать форму. Хорошая форма помогает быть энергичным, продуктивным и уверенным в себе. Форма задаёт структуру, как грамматическая форма определяет правильность речи. Если я соблюдаю формы в языке, значит, моя физическая форма тоже будет идеальной. Поэтому достаточно говорить грамотно, чтобы оставаться в отличной физической форме.	Форма задаёт структуру, как грамматическая форма определяет правильность речи. Если я соблюдаю формы в языке, значит, моя физическая форма тоже будет идеальной.
ad hominem	— Следует усилить меры против коррупции. — Ты сам неоднократно действовал в личных интересах и искал выгоду в обход правил, следовательно твои аргументы о борьбе с коррупцией неискренни. Это очевидное противоречие.	Ты сам неоднократно действовал в личных интересах и искал выгоду в обход правил, следовательно твои аргументы о борьбе с коррупцией неискренни
false causality	После того как компания изменила логотип на более современный, продажи в следующем квартале выросли на 20%. Маркетологи активно обсуждают это изменение. Так как рост продаж последовал сразу за обновлением логотипа, значит именно редизайн стал ключевой причиной увеличения выручки. Теперь планируют чаще менять визуальный стиль.	Так как рост продаж последовал сразу за обновлением логотипа, значит именно редизайн стал ключевой причиной увеличения выручки
false causality	В последние годы в городе активно открываются кофейни, и одновременно растёт число фрилансеров. Люди всё чаще работают вне офисов. Поскольку рост числа фрилансеров произошёл вместе с увеличением количества кофеен, можно сделать вывод, что именно кофейни способствуют переходу людей на свободную занятость. Это новая экономическая модель.	Поскольку рост числа фрилансеров произошёл вместе с увеличением количества кофеен, можно сделать вывод, что именно кофейни способствуют переходу людей на свободную занятость
fallacy of relevance	— В отчёте экологов говорится, что уровень пластика в реках увеличился на 50% за последние 10 лет, что угрожает биоразнообразию и качеству воды. — Разве можно сейчас обсуждать пластиковое загрязнение, когда экономика переживает спад и малый бизнес закрывается тысячами предприятий ежегодно? Люди теряют работу. Сначала нужно поддержать предпринимателей и экономику, а потом уже заниматься экологическими инициативами. Это вопрос приоритетов.	Разве можно сейчас обсуждать пластиковое загрязнение, когда экономика переживает спад и малый бизнес закрывается тысячами предприятий ежегодно[SEP]Сначала нужно поддержать предпринимателей и экономику, а потом уже заниматься экологическими инициативами
fallacy of credibility	Этот блогер точно разбирается в международной политике и его прогнозы стоит учитывать. Его анализ верен, потому что он популярный инфлюенсер с миллионами подписчиков, и его часто приглашают на интервью. Если человек обладает широкой аудиторией и признанием, значит его мнение заслуживает доверия. Он уверенно комментирует мировые события и делает смелые выводы, которые находят отклик у зрителей. Когда так много людей следят за его мнением, это говорит о его авторитете. Не обязательно проверять его источники или сравнивать с академическими исследованиями, ведь его популярность уже подтверждает значимость его взглядов.	Его анализ верен, потому что он популярный инфлюенсер с миллионами подписчиков[SEP]Если человек обладает широкой аудиторией и признанием, значит его мнение заслуживает доверия
circular reasoning	В экономическом анализе рассматривают устойчивость рынка. Рынок стабилен, поскольку он демонстрирует предсказуемое поведение. Это важно для инвесторов. А предсказуемость поведения объясняется тем, что рынок стабилен. Поэтому его считают безопасным.	Рынок стабилен, поскольку он демонстрирует предсказуемое поведение[SEP]А предсказуемость поведения объясняется тем, что рынок стабилен
faulty generalization	Я сходил на лекцию приглашённого спикера. Один спикер говорил скучно — значит, все такие мероприятия бесполезны. Больше не хочется тратить время.	Один спикер говорил скучно — значит, все такие мероприятия бесполезны
false causality	В последние годы увеличилось количество подкастов, и одновременно вырос интерес к самообразованию. Люди чаще изучают новые темы. Поскольку оба процесса происходят параллельно, значит именно подкасты вызывают рост интереса к обучению.	Поскольку оба процесса происходят параллельно, значит именно подкасты вызывают рост интереса к обучению
false causality	-- В этом году мы внедрили в школе систему электронных дневников, и успеваемость по математике выросла на 12%. Но я считаю, что это связано с тем, что учителя стали активнее использовать интерактивные задания, а не с самими дневниками.  -- А я вижу чёткую закономерность: с тех пор как дети начали каждый день заходить в электронный дневник и видеть свои оценки, они стали больше учиться. Значит, электронный дневник напрямую повышает успеваемость. Раньше без него оценки были хуже, а теперь лучше — и это не случайность.	с тех пор как дети начали каждый день заходить в электронный дневник и видеть свои оценки, они стали больше учиться. Значит, электронный дневник напрямую повышает успеваемость
false dilemma	В разговоре о транспорте утверждают: либо мы полностью пересаживаем всех на общественный транспорт, чтобы снизить нагрузку на дороги. Личные автомобили рассматриваются как проблема. Экологические аргументы усиливают позицию. либо города окончательно встанут в пробках, и ситуация станет неуправляемой. Такой подход игнорирует комбинированные решения.	либо мы полностью пересаживаем всех на общественный транспорт,[SEP]либо города окончательно встанут в пробках,
false dilemma	Третьего не дано: либо мы увеличиваем оборонный бюджет. Это укрепляет безопасность и модернизирует армию, но требует перераспределения средств из других сфер. Социальные программы могут оказаться недофинансированными. либо мы сокращаем расходы и остаёмся уязвимыми. В таком случае снижается уровень защиты и готовности к внешним угрозам. Решение необходимо принимать в условиях ограниченных ресурсов.	Третьего не дано: либо мы увеличиваем оборонный бюджет[SEP]либо мы сокращаем расходы и остаёмся уязвимыми
faulty generalization	На тренировке новичок быстро устал и ушёл раньше. Один человек не выдержал нагрузку — значит, эта программа не подходит никому. Тренер удивился такому выводу.	Один человек не выдержал нагрузку — значит, эта программа не подходит никому
ad populum	— Стоит ли внедрять эту образовательную реформу? — Её поддерживает подавляющее большинство избирателей следовательно, она правильная. Политика должна следовать общественному мнению.	Её поддерживает подавляющее большинство избирателей следовательно, она правильная
ad populum	— Стоит ли внедрять эту терапию в клиническую практику? — Большинство пациентов предпочитает именно этот метод, значит, он наиболее эффективен. Люди же не выбирают то, что им не помогает.	Большинство пациентов предпочитает именно этот метод, значит, он наиболее эффективен
ad hominem	В разговоре о корпоративной этике предложили ужесточить кодекс поведения. Инициатор — человек интриган и склонен к манипуляциям, значит его аргументы о честности и прозрачности не имеют веса. Давайте двигаться дальше.	Инициатор — человек интриган и склонен к манипуляциям, значит его аргументы о честности и прозрачности не имеют веса
false causality	Я обратил внимание, что каждый раз, когда перед встречей пью зелёный чай, переговоры проходят успешно. Это происходило уже много раз. Если успех совпадает с употреблением чая, значит именно он влияет на исход переговоров. Поэтому я сделал его обязательной частью подготовки.	Если успех совпадает с употреблением чая, значит именно он влияет на исход переговоров
fallacy of relevance	— В университетах сокращается финансирование научных исследований, что приводит к оттоку молодых учёных за границу. — Но ведь у нас активно развивается индустрия развлечений: открываются новые кинотеатры, фестивали, концерты. Это делает жизнь ярче и привлекает людей. Зачем обсуждать науку, когда культурная жизнь становится такой насыщенной?	Но ведь у нас активно развивается индустрия развлечений: открываются новые кинотеатры, фестивали, концерты[SEP]Зачем обсуждать науку, когда культурная жизнь становится такой насыщенной
false dilemma	В вопросе регулирования интернета часто звучит тревожная риторика. Другого пути просто нет: либо мы вводим жёсткую цензуру, чтобы защитить общество от вредной информации. Распространение фейков и экстремистского контента вызывает опасения. либо интернет окончательно станет источником угроз и разрушит общественные институты. В такой логике игнорируются более точечные и сбалансированные меры.	Другого пути просто нет: либо мы вводим жёсткую цензуру,[SEP]либо интернет окончательно станет источником угроз и разрушит общественные институты.
ad populum	Я предложил нестандартный маркетинговый подход, но услышал в ответ: такие стратегии почти не применяются на рынке, значит, они не работают. Дискуссия на этом закончилась.	такие стратегии почти не применяются на рынке, значит, они не работают
ad populum	На лекции по философии студент заметил: Эту концепцию почти никто не принимает сегодня, значит, она ложна. Преподаватель не стал спорить.	Эту концепцию почти никто не принимает сегодня, значит, она ложна
ad populum	— Стоит ли публиковать препринты без рецензирования? — Ведущие лаборатории массово так делают, и это стало доминирующей практикой, значит, это научно корректно. Давай не будем усложнять.	Ведущие лаборатории массово так делают, и это стало доминирующей практикой, значит, это научно корректно
intentional	— Я считаю, что нужно ограничить рекламу фастфуда рядом со школами, потому что это влияет на здоровье детей. — Вы выступаете за ограничения рекламы не из заботы о детях, а потому что хотите продвинуть интересы своих знакомых в индустрии здорового питания и на самом деле пытаетесь вытеснить конкурентов под видом социальной ответственности. Ваши доводы звучат благородно, но слишком совпадают с интересами определённых компаний. Вы говорите о здоровье, но игнорируете свободу выбора. Если следовать вашей логике, можно запретить всё подряд. Это не защита детей — это лоббирование бизнеса под прикрытием морали. И чем активнее вы это продвигаете, тем очевиднее ваши настоящие мотивы.	Вы выступаете за ограничения рекламы не из заботы о детях, а потому что хотите продвинуть интересы своих знакомых в индустрии здорового питания[SEP]на самом деле пытаетесь вытеснить конкурентов под видом социальной ответственности
ad populum	В корпоративной среде обсуждали переход на удалённую работу. Большинство крупных компаний уже вернуло сотрудников в офис и придерживается традиционной модели поэтому  следовательно, офисный формат объективно более продуктивен. Нам не стоит идти против этой тенденции.	Большинство крупных компаний уже вернуло сотрудников в офис и придерживается традиционной модели поэтому  следовательно, офисный формат объективно более продуктивен
false dilemma	Вопрос регулирования интернета становится всё более острым. Единственный выход — это ввести строгую государственную цензуру онлайн-контента, чтобы защитить пользователей от опасной информации. Сейчас в сети распространяется множество фейков, экстремистских материалов и вредных идей, которые могут влиять на общество. Платформы не справляются с модерацией, и ситуация выходит из-под контроля. иначе интернет превратится в полностью неконтролируемое пространство хаоса, где невозможно обеспечить безопасность. В таких условиях мягкие меры или саморегуляция выглядят недостаточными и неэффективными.	Единственный выход — это ввести строгую государственную цензуру онлайн-контента[SEP]иначе интернет превратится в полностью неконтролируемое пространство хаоса
equivocation	Я стараюсь поддерживать порядок в доме и в жизни. Порядок важен: он помогает не терять вещи, быстрее находить решения и чувствовать контроль над ситуацией. Когда вокруг порядок, и в голове становится яснее. Порядок означает, что всё находится на своих местах и подчиняется правилам. Значит, если я навёл порядок в комнате, то и в жизни автоматически устанавливается правильный порядок, и проблемы сами выстраиваются и решаются. Поэтому иногда достаточно просто убрать стол, чтобы наладить судьбу.	Порядок означает, что всё находится на своих местах и подчиняется правилам. Значит, если я навёл порядок в комнате, то и в жизни автоматически устанавливается правильный порядок, и проблемы сами выстраиваются и решаются.
circular reasoning	В научном сообществе обсуждают достоверность новой теории происхождения сознания. Эта теория является достоверной, поскольку её выводы обладают научной обоснованностью, а научная обоснованность этих выводов объясняется тем, что теория достоверна. Поэтому многие исследователи склонны принимать её без дополнительных проверок.	Эта теория является достоверной, поскольку её выводы обладают научной обоснованностью, а научная обоснованность этих выводов объясняется тем, что теория достоверна
fallacy of relevance	— Вопрос о защите персональных данных становится всё более актуальным: утечки затрагивают миллионы пользователей ежегодно. — Но ведь в нашем городе активно развивается велосипедная инфраструктура и строятся новые дорожки? Это улучшает экологию. Зачем обсуждать цифровую безопасность, когда можно говорить о здоровом образе жизни и транспорте будущего?	Но ведь в нашем городе активно развивается велосипедная инфраструктура и строятся новые дорожки[SEP]Зачем обсуждать цифровую безопасность, когда можно говорить о здоровом образе жизни и транспорте будущего
ad populum	— Стоит ли внедрять open-source в госсекторе? — Большинство ведомств его избегает из этого следует, подход небезопасен. Лучше держаться проприетарных решений.	Большинство ведомств его избегает из этого следует, подход небезопасен
circular reasoning	На конференции по ИИ обсуждали качество модели. Модель является точной, потому что её прогнозы совпадают с реальностью. А совпадение с реальностью объясняется тем, что модель является точной. Поэтому её рекомендовали к внедрению.	Модель является точной, потому что её прогнозы совпадают с реальностью. А совпадение с реальностью объясняется тем, что модель является точной
false causality	Чем больше времени люди проводят в социальных сетях, тем чаще они жалуются на усталость, значит именно соцсети вызывают хроническую усталость. Это видно по опросам пользователей.	Чем больше времени люди проводят в социальных сетях, тем чаще они жалуются на усталость, значит именно соцсети вызывают хроническую усталость
circular reasoning	В научной дискуссии обсуждают новую теорию сознания. Теория является состоятельной, так как она логически непротиворечива. Это делает её привлекательной для исследователей. А её непротиворечивость обусловлена тем, что теория состоятельна. Поэтому её принимают как рабочую гипотезу.	Теория является состоятельной, так как она логически непротиворечива[SEP]А её непротиворечивость обусловлена тем, что теория состоятельна
appeal to emotion	Представьте ребёнка, которого похитили навсегда из-за того, что родители не установили приложение для отслеживания его местоположения каждые 30 секунд. Представьте мать, которая до конца жизни будет слышать в голове смех своего сына, а увидит только пустую кроватку. Каждый день пропадают десятки детей — и всё потому, что мы цепляемся за абстрактное «право на приватность»! Если вы любите своих детей, вы обязаны поддержать закон об обязательной геолокации для всех несовершеннолетних. Отказ — это не принципиальность, это преступная халатность. Ваш ребёнок может стать следующим — неужели вы готовы на это ради «свободы»?	Представьте ребёнка, которого похитили[SEP]из-за того, что родители не установили приложение для отслеживания[SEP]Если вы любите своих детей, вы обязаны поддержать закон
false causality	Каждый раз, когда выходит новый сезон сериала, я начинаю чаще готовить дома. Это уже стало привычкой. Поскольку эти события происходят одновременно, значит именно выход сериала мотивирует меня готовить. Без него, похоже, этого бы не происходило.	Поскольку эти события происходят одновременно, значит именно выход сериала мотивирует меня готовить
fallacy of extension	-- Наша тюремная система переполнена, а рецидив остаётся высоким. Я предлагаю смягчить уголовные наказания за ненасильственные преступления и сосредоточиться на реабилитации, чтобы люди могли вернуться к нормальной жизни и перестать нарушать закон. Такой подход уже работает в нескольких европейских странах.  -- Значит, вы хотите, чтобы преступники безнаказанно совершали сколько угодно злодеяний, разрушая общество изнутри? Вы предлагаете выпустить на свободу всех, кто украл, обманул или нанёс вред, и сделать вид, что ничего не случилось? Это же полная анархия!	предлагаю смягчить уголовные наказания[SEP]Значит, вы хотите, чтобы преступники безнаказанно совершали сколько угодно злодеяний
false dilemma	В обсуждении энергетической стратегии звучит жёсткая позиция: придётся выбирать: либо мы полностью переходим на возобновляемые источники энергии, несмотря на текущие ограничения инфраструктуры и стоимости технологий. При этом игнорируется возможность комбинирования разных источников энергии и постепенного перехода. Важно учитывать стабильность энергосистемы и потребности промышленности. либо мы продолжаем зависеть от ископаемого топлива и неизбежно разрушаем экологию. Такой подход подталкивает к радикальным решениям без учёта промежуточных шагов и адаптивных стратегий.	придётся выбирать: либо мы полностью переходим на возобновляемые источники энергии,[SEP]либо мы продолжаем зависеть от ископаемого топлива и неизбежно разрушаем экологию.
false causality	В этом году в университете обновили дизайн сайта и сделали его более современным, а также увеличилось число поданных заявок от абитуриентов. Новый интерфейс стал более удобным и привлекательным. Так как рост числа заявок произошёл сразу после обновления сайта, значит именно редизайн стал причиной увеличения интереса со стороны поступающих. Теперь администрация считает, что внешний вид сайта — ключевой фактор набора студентов.	Так как рост числа заявок произошёл сразу после обновления сайта, значит именно редизайн стал причиной увеличения интереса со стороны поступающих
false dilemma	В вопросе вакцинации формулируется жёсткая позиция. Либо мы делаем вакцинацию обязательной для всех, чтобы достичь коллективного иммунитета и остановить распространение заболеваний. Это подаётся как единственный способ защитить систему здравоохранения. либо эпидемии будут повторяться снова и снова, перегружая больницы. В такой логике индивидуальный выбор не рассматривается как значимый фактор.	Либо мы делаем вакцинацию обязательной для всех,[SEP]либо эпидемии будут повторяться снова и снова,
intentional	Во время обсуждения безопасности один человек спрашивает: «Вы перестанете критиковать эту систему или вам просто нравится подрывать доверие к институтам и создавать панику среди людей?». Вопрос сформулирован так, что любое несогласие выглядит как вредительство. Вместо ответа на аргументы собеседник вынужден оправдываться, что у него нет злых намерений.	Вы перестанете критиковать эту систему или вам просто нравится подрывать доверие к институтам и создавать панику среди людей?
ad hominem	В дебатах о криптовалютах один участник привёл экономические расчёты. Его оппонент сказал: Он уже участвовал в сомнительных финансовых схемах, следовательно его нынешние аргументы о криптовалютах не заслуживают доверия. Не стоит опираться на такие источники.	Он уже участвовал в сомнительных финансовых схемах, следовательно его нынешние аргументы о криптовалютах не заслуживают доверия
appeal to emotion	В парламенте обсуждали цензуру. Один депутат заявил: общество тонет в потоке тревожной информации. Неужели вы хотите, чтобы люди жили в постоянной панике? Это разрушает психику. Значит, государство должно решать, что можно публиковать.	Неужели вы хотите, чтобы люди жили в постоянной панике?[SEP]Значит, государство должно решать, что можно публиковать
circular reasoning	В научной дискуссии обсуждается обоснованность гипотезы. Гипотеза обоснована, так как подтверждается теорией, а теория считается подтверждённой, поскольку поддерживает эту обоснованную гипотезу. После этого идут ссылки на литературу.	Гипотеза обоснована, так как подтверждается теорией, а теория считается подтверждённой, поскольку поддерживает эту обоснованную гипотезу
fallacy of extension	— Я считаю, что врачам важно объяснять пациентам альтернативные методы лечения, если они научно обоснованы и могут дополнять основную терапию. Это помогает людям чувствовать контроль над своим здоровьем. — Значит, вы хотите заменить традиционную медицину народными средствами и лечить всё травами вместо лекарств? Вы предлагаете отказаться от науки и вернуть людей в эпоху, когда болезни лечили заговорами? Это опасно и безответственно!	врачам важно объяснять пациентам альтернативные методы лечения, если они научно обоснованы[SEP]Значит, вы хотите заменить традиционную медицину народными средствами и лечить всё травами вместо лекарств
ad hominem	— Сексуальное образование в школах должно включать не только анатомию, но и вопросы согласия, уважения границ и эмоциональной зрелости в отношениях. Ранние разговоры о согласии снижают риски насилия и помогают подросткам строить здоровые отношения. Исследования показывают: страны с комплексным сексуальным образованием имеют меньше случаев подросткового насилия. — Он просто старый девственник, завидующий чужой сексуальной жизни, поэтому его мнение неважно. Сидит в четырёх стенах со своими книжками, а толку от него ноль — сам ни с кем не строил отношений, а теперь лезет учить других, как жить. Кто вообще его слушает? Настоящие эксперты — это люди с жизненным опытом, а не те, кто боится даже заговорить с противоположным полом.	Он просто старый девственник, завидующий чужой сексуальной жизни, поэтому его мнение неважно
fallacy of extension	— Я считаю, что в компаниях стоит внедрять гибкий график работы там, где это возможно, для повышения продуктивности. Это не отменяет дисциплину, а даёт сотрудникам больше баланса. — То есть вы хотите отменить рабочее время вообще и позволить людям работать когда угодно или не работать вовсе? Прекрасно! Тогда давайте закроем офисы и забудем про ответственность. По вашей логике, работа — это хаос!	в компаниях стоит внедрять гибкий график работы там, где это возможно, для повышения продуктивности[SEP]вы хотите отменить рабочее время вообще и позволить людям работать когда угодно или не работать вовсе
fallacy of extension	— Я думаю, что в обществе важно говорить о психическом здоровье и снижать стигму вокруг терапии. Это помогает людям обращаться за помощью. — Значит, вы хотите отправить всех людей к психотерапевтам и объявить нормальную жизнь болезнью? Вы предлагаете лечить каждого?	в обществе важно говорить о психическом здоровье и снижать стигму вокруг терапии[SEP]вы хотите отправить всех людей к психотерапевтам и объявить нормальную жизнь болезнью
ad hominem	На встрече жильцов обсуждали установку камер видеонаблюдения. Один из соседей выступил против. Другой сказал: Он постоянно конфликтует с соседями и ведёт себя агрессивно, поэтому его аргументы о приватности не стоит принимать всерьёз. Очевидно, у него свои причины.	Он постоянно конфликтует с соседями и ведёт себя агрессивно, поэтому его аргументы о приватности не стоит принимать всерьёз
equivocation	Я считаю, что важно не мешать другим работать: не отвлекать, не создавать лишнего шума. Это помогает всем быть продуктивнее. Не мешать — значит не создавать препятствий, а мешать — это ещё и перемешивать, значит, если я перестану что-либо перемешивать, я автоматически перестану мешать людям. Поэтому я избегаю любых действий с перемешиванием, чтобы не нарушать рабочий процесс.	Не мешать — значит не создавать препятствий, а мешать — это ещё и перемешивать, значит, если я перестану что-либо перемешивать, я автоматически перестану мешать людям.
ad hominem	"На совещании по финансовой грамотности один участник резко возразил: ""Не слушайте его о вреде займов — он транжира и должник, у него куча долговых обязательств перед родными, знакомыми и кредитными компаниями. Он сам живёт в долг, берёт деньги на кофе и новые кроссовки, а теперь поучает других жить по средствам? Это лицемерие! Как можно всерьёз воспринимать человека, который не может контролировать свои расходы, но при этом осуждает чужие решения?"""	Не слушайте его[SEP]он транжира и должник[SEP]Это лицемерие
fallacy of relevance	— Анализ бюджета показал, что расходы на чиновничий аппарат выросли на 30%, тогда как финансирование социальных программ сокращается. Это вызывает недовольство населения и требует пересмотра приоритетов. — Но ведь у нас в городе нет крупного концертного зала мирового уровня, и артисты не приезжают, из-за чего культурная жизнь стагнирует. Туристы выбирают другие города. Разве не важнее развивать культуру, чем считать зарплаты чиновников? Это влияет на имидж региона.	Но ведь у нас в городе нет крупного концертного зала мирового уровня, и артисты не приезжают[SEP]Разве не важнее развивать культуру, чем считать зарплаты чиновников
intentional	Я знаю, что наше приложение собирает больше пользовательских данных, чем заявлено в политике конфиденциальности. Но мы делали это с намерением улучшить пользовательский опыт и предложить более точные рекомендации, а не нарушать доверие. Да, это спорный шаг, но без данных невозможно развитие технологий. Пользователи получают удобство и персонализацию. Когда цель — создать лучший продукт и повысить качество сервиса, некоторые компромиссы с приватностью допустимы.	Но мы делали это с намерением улучшить пользовательский опыт и предложить более точные рекомендации[SEP]Когда цель — создать лучший продукт и повысить качество сервиса, некоторые компромиссы с приватностью допустимы
fallacy of relevance	— Анализ транспортной системы показал, что пробки в часы пик увеличивают время в пути на 40%, а экономические потери от этого оцениваются в миллиарды рублей ежегодно. Эксперты предлагают развивать общественный транспорт и ограничить въезд в центр. — А вы знаете, что наш город недавно получил международную премию за архитектурное развитие и благоустройство общественных пространств? Это признание на глобальном уровне. Разве стоит концентрироваться на пробках и транспорте, когда нас уже считают одним из самых красивых городов региона?	А вы знаете, что наш город недавно получил международную премию за архитектурное развитие и благоустройство общественных пространств[SEP]Разве стоит концентрироваться на пробках и транспорте, когда нас уже считают одним из самых красивых городов региона
fallacy of extension	— Я считаю, что стоит усилить контроль за качеством лекарств на рынке, чтобы исключить подделки. Это вопрос безопасности. нужно усилить контроль за качеством лекарств для предотвращения подделок на рынке — это важно. — То есть вы хотите запретить половину лекарств и оставить людей без лечения? Вы предлагаете убрать всё, что не идеально? По вашей логике, пациенты просто останутся без необходимых препаратов!	нужно усилить контроль за качеством лекарств для предотвращения подделок на рынке[SEP]То есть вы хотите запретить половину лекарств и оставить людей без лечения
circular reasoning	В дискуссии о налоговой политике обсуждали её обоснованность. Политика обоснована, потому что базируется на рациональных принципах. Это звучит убедительно. Рациональные принципы лежат в основе, потому что политика обоснована. Значит, корректировки не требуются.	Политика обоснована, потому что базируется на рациональных принципах[SEP]Рациональные принципы лежат в основе, потому что политика обоснована
appeal to emotion	Обсуждая военную операцию, один из участников сказал: Там гибнут люди, их крики о помощи никто не слышит. Неужели вы сможете остаться в стороне? Эти страдания невозможно игнорировать. Значит, мы обязаны вмешаться силой.	Неужели вы сможете остаться в стороне?[SEP]Значит, мы обязаны вмешаться силой.
fallacy of relevance	— В стране наблюдается снижение рождаемости на 10% за последние пять лет, что создаёт демографические риски. — Разве можно говорить о рождаемости, когда уровень инфляции достиг двузначных значений? Цены растут быстрее доходов. Сначала стабилизируйте экономику, а потом уже обсуждайте демографию.	Разве можно говорить о рождаемости, когда уровень инфляции достиг двузначных значений[SEP]Сначала стабилизируйте экономику, а потом уже обсуждайте демографию
fallacy of extension	— Я думаю, что в детских садах стоит больше внимания уделять эмоциональному развитию детей и навыкам общения, а не только академическим занятиям. — То есть вы хотите, чтобы детей вообще не учили ничему полезному, кроме разговоров о чувствах? Прекрасно! Пусть они не умеют читать, считать, писать — зато будут обсуждать эмоции весь день! Вы предлагаете полностью разрушить систему образования с самого детства!	в детских садах стоит больше внимания уделять эмоциональному развитию детей и навыкам общения[SEP]вы хотите, чтобы детей вообще не учили ничему полезному, кроме разговоров о чувствах
fallacy of credibility	Вы утверждаете, что статья в СМИ содержит недостоверную информацию и приводите источники, опровергающие её. Однако вам отвечают: ваша критика не имеет значения, потому что вы не работаете профессиональным журналистом и не имеете редакторского опыта и без принадлежности к крупному медиа вы не обладаете авторитетом для оценки качества журналистских материалов. При этом игнорируются приведённые вами факты и ссылки. Собеседник настаивает, что только сотрудники признанных редакций могут определять, что является правдой, а что нет. Даже если независимые исследования подтверждают вашу позицию, отсутствие формального статуса используется как основание для отказа рассматривать аргументы по существу.	ваша критика не имеет значения, потому что вы не работаете профессиональным журналистом и не имеете редакторского опыта[SEP]без принадлежности к крупному медиа вы не обладаете авторитетом для оценки качества журналистских материалов
faulty generalization	Я прочитал один отзыв, где клиент жалуется на грубость курьера — значит, вся служба доставки ведёт себя так. Мы выбираем сервис для корпоративных заказов.	Я прочитал один отзыв, где клиент жалуется на грубость курьера — значит, вся служба доставки ведёт себя так
false causality	В последние годы увеличилось количество онлайн-курсов, и одновременно выросло число людей, меняющих профессию. Рынок труда стал более гибким. Поскольку оба процесса идут параллельно, значит именно онлайн-курсы вызывают массовую смену профессий. Образование стало главным драйвером перемен.	Поскольку оба процесса идут параллельно, значит именно онлайн-курсы вызывают массовую смену профессий
fallacy of relevance	— В городе наблюдается нехватка парковочных мест: количество автомобилей выросло на 30% за пять лет, а инфраструктура осталась прежней. Это приводит к пробкам и конфликтам между жителями. — Давайте лучше поговорим о развитии цифровой экономики, а не о парковках. IT-сектор растёт на 20% в год и создаёт новые рабочие места. Будущее за технологиями, а не за машинами во дворах. Нужно смотреть вперёд, а не зацикливаться на бытовых проблемах.	Давайте лучше поговорим о развитии цифровой экономики, а не о парковках[SEP]Будущее за технологиями, а не за машинами во дворах
fallacy of extension	— Мне кажется, что нужно разумно регулировать цены на жизненно важные лекарства, чтобы они были доступнее. Это важно для людей с хроническими заболеваниями. — Прекрасно! Вы хотите полностью контролировать фармацевтический рынок и уничтожить частные компании! Давайте государство будет решать, что производить и по какой цене! Это конец медицины!	нужно разумно регулировать цены на жизненно важные лекарства, чтобы они были доступнее[SEP]Вы хотите полностью контролировать фармацевтический рынок и уничтожить частные компании
ad hominem	— Нужно усилить защиту персональных данных в приложениях. — Ты одержим идеей тотальной приватности и подозреваешь всех в злых намерениях, поэтому твои доводы о рисках утечек преувеличены и несостоятельны. Не надо драматизировать.	Ты одержим идеей тотальной приватности и подозреваешь всех в злых намерениях, поэтому твои доводы о рисках утечек преувеличены и несостоятельны
faulty generalization	Один таксист вел себя грубо и спорил о маршруте — значит, все таксисты невежливы и конфликтны. Теперь стараюсь избегать поездок.	Один таксист вел себя грубо и спорил о маршруте — значит, все таксисты невежливы и конфликтны
intentional	Когда стартап провалился и инвесторы потеряли деньги, основатель объяснил ситуацию так: я принимал рискованные решения, потому что искренне хотел создать продукт, который изменит жизнь миллионов людей к лучшему, даже если это означало игнорирование предупреждений аналитиков. Да, стратегия оказалась ошибочной, но важно, что мои намерения были направлены на инновации и прогресс, а не на личную выгоду, поэтому ошибки можно оправдать. Без риска невозможно развитие, и именно мотивация должна быть главным критерием оценки.	я принимал рискованные решения, потому что искренне хотел создать продукт, который изменит жизнь миллионов людей к лучшему[SEP]важно, что мои намерения были направлены на инновации и прогресс, а не на личную выгоду, поэтому ошибки можно оправдать
circular reasoning	В споре о культуре один участник оценивал произведение искусства. Произведение является выдающимся, потому что оно обладает высокой художественной ценностью, а художественная ценность определяется тем, что произведение является выдающимся. Обсуждение продолжилось.	Произведение является выдающимся, потому что оно обладает высокой художественной ценностью, а художественная ценность определяется тем, что произведение является выдающимся
faulty generalization	Недавно заказал еду через приложение, и заказ приехал холодным. Курьер извинился. Если один заказ доставили плохо, значит сервис в целом всегда работает некачественно. Удалю приложение.	Если один заказ доставили плохо, значит сервис в целом всегда работает некачественно
fallacy of relevance	— В стране растёт уровень преступности: количество краж увеличилось на 22%, а раскрываемость падает. — Но ведь в последнее время активно развивается киноиндустрия и выходит всё больше качественных фильмов? Это повышает культурный уровень общества. Разве не стоит сосредоточиться на поддержке искусства, которое формирует ценности?	Но ведь в последнее время активно развивается киноиндустрия и выходит всё больше качественных фильмов[SEP]Разве не стоит сосредоточиться на поддержке искусства
ad hominem	— Стоит ограничить использование пластика в упаковке. — Ты сам не следуешь экологичным привычкам, значит твои аргументы о пластике лицемерны и неубедительны. Это вопрос регулирования, а не личного поведения.	Ты сам не следуешь экологичным привычкам, значит твои аргументы о пластике лицемерны и неубедительны
fallacy of credibility	Во время обсуждения налоговой политики один участник представил расчёты и экономические модели. Однако другой ответил: вы не экономист и не имеете профильного образования, поэтому ваши расчёты не имеют ценности. Он подчеркнул, что только люди с дипломом по экономике могут анализировать налоговую систему. Даже если аргументы логичны и подкреплены данными, отсутствие формального образования делает их недействительными. Он отказался обсуждать сами цифры и сосредоточился на статусе собеседника, утверждая, что без диплома любые выводы — это просто догадки.	вы не экономист и не имеете профильного образования, поэтому ваши расчёты не имеют ценности
fallacy of relevance	— В университете снизился уровень преподавания: студенты жалуются на устаревшие программы и отсутствие практики. — Давайте лучше поговорим о международных рейтингах университета, а не о жалобах студентов — мы поднялись на 20 позиций за два года. Пока вуз растёт в рейтингах, внутренние проблемы не так критичны. Главное — сохранить внешний престиж.	Давайте лучше поговорим о международных рейтингах университета, а не о жалобах студентов[SEP]Пока вуз растёт в рейтингах, внутренние проблемы не так критичны
fallacy of relevance	— В школах необходимо обновить учебные программы по информатике, так как они не соответствуют современным требованиям рынка труда. — Зачем обсуждать программы, когда дети проводят слишком много времени в социальных сетях и теряют навыки живого общения? Психологи фиксируют рост зависимости. Сначала решите проблему цифровой зависимости, а потом говорите об обучении технологиям.	Зачем обсуждать программы, когда дети проводят слишком много времени в социальных сетях и теряют навыки живого общения[SEP]Сначала решите проблему цифровой зависимости, а потом говорите об обучении технологиям
intentional	— Повышение налогов на недвижимость может помочь финансировать инфраструктуру и социальные программы. — Вы поддерживаете повышение налогов только потому, что хотите наказать успешных людей и перераспределить их деньги в свою пользу. Вам не важны дороги или школы — вы просто завидуете тем, у кого есть собственность. Ваша настоящая цель — ослабить частную инициативу и усилить зависимость людей от государства. Поэтому ваши аргументы не заслуживают доверия.	Вы поддерживаете повышение налогов только потому, что хотите наказать успешных людей и перераспределить их деньги в свою пользу[SEP]Ваша настоящая цель — ослабить частную инициативу и усилить зависимость людей от государства
fallacy of credibility	На обсуждении медицинских методов один участник критикует популярную терапию, ссылаясь на исследования. Другой отвечает: Этот метод эффективен, потому что его поддерживает известный блогер с медицинским каналом, у которого большая аудитория, и если он рекомендует лечение, значит оно действительно работает. Он считает, что популярность и доверие аудитории заменяют научные доказательства. В результате мнение блогера становится главным аргументом.	Этот метод эффективен, потому что его поддерживает известный блогер с медицинским каналом[SEP]и если он рекомендует лечение, значит оно действительно работает
faulty generalization	На курсе по программированию один модуль оказался плохо структурирован. Из-за этого пришлось тратить больше времени. Раз один модуль сделан слабо, значит, весь курс в целом некачественный. Думаю бросить обучение.	Раз один модуль сделан слабо, значит, весь курс в целом некачественный
appeal to emotion	В дискуссии о беженцах один политик говорил о росте преступности и страхе жителей. Люди ощущают потерю контроля над ситуацией. Неужели вы хотите, чтобы ваши дети росли в опасности? Это тревожит всех. Поэтому необходимо полностью остановить приём беженцев.	Неужели вы хотите, чтобы ваши дети росли в опасности?[SEP]Поэтому необходимо полностью остановить приём беженцев.
circular reasoning	Аналитик финансового рынка оценивал устойчивость фонда. Фонд стабилен, потому что демонстрирует устойчивые показатели доходности. Это внушает доверие инвесторам. Однако его устойчивые показатели обусловлены тем, что фонд стабилен, что и служит основанием для дальнейших вложений.	Фонд стабилен, потому что демонстрирует устойчивые показатели доходности[SEP]его устойчивые показатели обусловлены тем, что фонд стабилен
fallacy of relevance	— В городе за последние два года уровень загрязнения воздуха превысил допустимые нормы на 35%, особенно из-за старого общественного транспорта и промышленных выбросов. У жителей фиксируется рост заболеваний дыхательных путей. Экологи предлагают обновить автопарк и ввести фильтры на предприятиях. — А вы знаете, что в прошлом году наш город вошёл в топ-5 туристических направлений страны по версии международного рейтинга? К нам приезжают тысячи гостей, развивается гостиничный бизнес. Разве стоит заострять внимание на экологических проблемах, когда экономика показывает такой рост и привлекательность региона?	А вы знаете, что в прошлом году наш город вошёл в топ-5 туристических направлений страны по версии международного рейтинга[SEP]Разве стоит заострять внимание на экологических проблемах, когда экономика показывает такой рост и привлекательность региона
ad hominem	— Я против полного перехода городского транспорта на безналичную оплату. По данным соцопроса, 38% пожилых людей не владеют смартфонами, а 22% не имеют банковских карт. Автоматические турникеты без кассиров создадут барьер для пенсионеров, людей с низким доходом и тех, кто по религиозным убеждениям избегает цифровых технологий. В Стокгольме после подобной реформы количество жалоб от пожилых пассажиров выросло на 300%. Предлагаю сохранить наличные кассы как минимум в 40% транспорта на переходный период в 3 года. — Не слушайте его, он просто старый брюзга, который ничего не понимает в современных технологиях. Посмотрите на него: сидит с бумажной газетой, до сих пор пользуется кнопочным телефоном, а в метро платит мелочью из кармана. Ему уже за шестьдесят, он всю жизнь работал бухгалтером на бумаге — откуда ему знать, как устроен цифровой мир? Его аргументы — это страх перед переменами и нежелание учиться новому. Такие люди всегда сопротивляются прогрессу: в 19 веке они кричали, что поезда убьют лошадей, в 20-м — что компьютеры заменят людей. Сейчас они боятся бесконтактной оплаты. Его мнение не стоит того, чтобы тратить на него время — он просто не в ногу со временем.	Не слушайте его, он просто старый брюзга[SEP]ничего не понимает в современных технологиях
false dilemma	В обсуждении миграционной политики звучат разные мнения. Но другого выбора нет: либо полностью закрыть границы, чтобы защитить рынок труда, либо столкнуться с неконтролируемым наплывом мигрантов. Экономика не может бесконечно поглощать новых работников. Это создаёт давление на социальные системы. Поэтому необходимо принять жёсткие меры, даже если они вызывают споры.	другого выбора нет: либо полностью закрыть границы,[SEP]либо столкнуться с неконтролируемым наплывом мигрантов.
fallacy of extension	— Я думаю, что в школьной программе стоит немного сократить объём домашнего задания в начальных классах и оставить больше времени для отдыха и игр. Речь не о снижении качества образования, а о том, чтобы дети не перегружались и сохраняли интерес к учёбе. Учителя всё равно смогут давать ключевые знания, просто без избыточной нагрузки, которая часто вызывает стресс у младших школьников. — То есть вы считаете, что детям вообще не нужно учиться и можно полностью отменить домашние задания? Прекрасно, давайте тогда вырастим поколение ленивых людей, которые не умеют ни читать, ни считать! Пусть они только играют и развлекаются, а потом окажутся совершенно не готовы к взрослой жизни. По вашей логике, школа вообще не нужна — можно сразу закрыть все учебные заведения и оставить детей на улице!	в школьной программе стоит немного сократить объём домашнего задания в начальных классах[SEP]детям вообще не нужно учиться и можно полностью отменить домашние задания
faulty generalization	Один знакомый инвестировал в криптовалюту и потерял деньги — значит, все инвестиции в крипту приводят к убыткам. Лучше держаться подальше от этого рынка.	Один знакомый инвестировал в криптовалюту и потерял деньги — значит, все инвестиции в крипту приводят к убыткам
ad populum	В университете обсуждали отмену лекций. Один студент сказал: Мало кто посещает занятия очно, значит, лекции утратили смысл и их нужно отменить. Он ссылался на посещаемость.	Мало кто посещает занятия очно, значит, лекции утратили смысл и их нужно отменить
false dilemma	В университете обсуждали формат экзаменов. Один преподаватель заявил: Существует только один правильный подход — полностью перейти на тесты. Иначе образование потеряет объективность. Некоторые коллеги предлагали смешанную систему, но их не слушали.	Существует только один правильный подход — полностью перейти на тесты. Иначе образование потеряет объективность.
fallacy of credibility	В дискуссии о журналистике один человек отметил, что независимые блогеры иногда публикуют более оперативную и точную информацию, чем традиционные СМИ. В ответ ему сказали: информация от блогеров не заслуживает доверия, потому что у них нет статуса профессиональных журналистов, у них нет дипломов факультетов журналистики и опыта работы в крупных редакциях. Без этого невозможно соблюдать стандарты проверки фактов и объективности. Даже если блогер приводит источники и публикует документы, его материалы нельзя считать надёжными. Только журналисты, работающие в признанных медиа и имеющие профессиональное образование, могут считаться источниками достоверной информации. Все остальные — это просто любители, чьи публикации не имеют веса.	информация от блогеров не заслуживает доверия, потому что у них нет статуса профессиональных журналистов
fallacy of relevance	— Введение электронного голосования вызывает вопросы безопасности: эксперты указывают на риски взлома и непрозрачности подсчёта голосов. — Но ведь у нас в стране активно развивается космическая программа, запускаются новые спутники и миссии — это показатель научного прогресса и технологического лидерства. Разве стоит сомневаться в цифровых системах, когда мы достигаем таких успехов в космосе?	Но ведь у нас в стране активно развивается космическая программа, запускаются новые спутники и миссии[SEP]Разве стоит сомневаться в цифровых системах, когда мы достигаем таких успехов в космосе
fallacy of credibility	Я считаю, что этот препарат действительно эффективен. Он помогает, потому что его рекомендует известный спортсмен мирового уровня, и его успех и физическая форма подтверждают надёжность его рекомендаций. Он следит за своим здоровьем и использует только лучшие средства. Если профессиональный атлет выбирает этот препарат, значит, он работает. Его достижения — лучшее доказательство. Нет необходимости изучать медицинские исследования, когда есть такой наглядный пример.	Он помогает, потому что его рекомендует известный спортсмен мирового уровня[SEP]его успех и физическая форма подтверждают надёжность его рекомендаций
appeal to emotion	В обсуждении смертной казни прозвучало: Представьте боль семей, которые потеряли близких? Эта рана не заживает. Как можно говорить о пощаде, значит смертная казнь необходима.	Представьте боль семей, которые потеряли близких[SEP]Как можно говорить о пощаде, значит смертная казнь необходима
fallacy of extension	— Я думаю, что некоторые школьные предметы стоит обновить, добавив больше практических навыков и современных знаний вместо избыточной теории. Это не значит, что базовые дисциплины не нужны, но программа должна отражать реальную жизнь, чтобы выпускники лучше ориентировались в финансах, технологиях и коммуникации. — То есть вы хотите полностью убрать из школ всю теорию и оставить только примитивные бытовые навыки без знаний? Вы предлагаете превратить образование в кружок «как оплатить счёт» и «как включить компьютер»? Тогда зачем вообще учителя, учебники, экзамены? Пусть дети вообще не учат математику, литературу и физику, ведь это «избыточная теория»! Ваша идея ведёт к тому, что вырастет поколение, которое не умеет мыслить, анализировать и понимать сложные вещи.	некоторые школьные предметы стоит обновить, добавив больше практических навыков и современных знаний[SEP]вы хотите полностью убрать из школ всю теорию и оставить только примитивные бытовые навыки без знаний
fallacy of extension	— Я считаю, что в школах стоит уменьшить объём домашних заданий в младших классах. Это снижает перегрузку. — То есть вы хотите вообще отменить домашние задания и сделать обучение поверхностным и бесполезным? Это деградация!	в школах стоит уменьшить объём домашних заданий в младших классах[SEP]вы хотите вообще отменить домашние задания и сделать обучение поверхностным и бесполезным
intentional	Вы так рьяно защищаете тесты IQ, потому что они оправдывают вашу систему оценки в школе! Вам удобно клеймить детей как «низкоинтеллектуальных», чтобы не признавать, что ваша методика преподавания не справляется с разными типами мышления. Если бы вы допустили, что тесты не отражают реальный потенциал, пришлось бы перестраивать всю программу — а это лишняя работа и риск потерять контроль. Так что ваши аргументы о «научности» — всего лишь прикрытие для сохранения статус-кво и своей профессиональной значимости.	Вы[SEP]защищаете тесты IQ, потому что они оправдывают вашу систему[SEP]Вам удобно[SEP]чтобы не признавать, что[SEP]методика[SEP]не справляется
fallacy of extension	— Я считаю, что в новостях важно чётко отделять факты от мнений и аналитики — это повысит доверие аудитории. Комментарии могут быть, но должны быть обозначены. — То есть вы хотите запретить журналистам высказывать мнения и оставить только сухие факты без анализа? Прекрасно! Тогда СМИ превратятся в бездушные ленты цифр, где никто ничего не объясняет! Вы предлагаете лишить общество интерпретации и дискуссии.	в новостях важно чётко отделять факты от мнений и аналитики[SEP]То есть вы хотите запретить журналистам высказывать мнения и оставить только сухие факты без анализа
ad populum	— Почему ты отвергаешь эту философскую концепцию? — Её не принимает большинство современных мыслителей, значит, она ложна. Я предпочитаю более признанные теории.	Её не принимает большинство современных мыслителей, значит, она ложна
faulty generalization	Я попробовал один раз заниматься йогой и не почувствовал никакого эффекта — значит, йога вообще не помогает людям улучшить здоровье. Поэтому решил больше не тратить на это время.	Я попробовал один раз заниматься йогой и не почувствовал никакого эффекта — значит, йога вообще не помогает людям улучшить здоровье
equivocation	Я люблю гулять в бору: там чистый воздух, тишина, ощущение спокойствия и силы природы. Бор создаёт условия для восстановления и очищения, значит бор полезен для здоровья. Когда я пришёл к стоматологу, он использовал бор для лечения. Значит, любое использование бора всегда приносит пользу и улучшает состояние человека, ведь бор связан с оздоровлением.	Бор создаёт условия для восстановления и очищения, значит бор полезен для здоровья.
ad populum	В аналитическом отчёте указали: подавляющее большинство пользователей выбирает эту платформу а значит она объективно лучше конкурентов. На этом основании предложили закрыть альтернативные сервисы.	подавляющее большинство пользователей выбирает эту платформу а значит она объективно лучше конкурентов
appeal to emotion	На дебатах о военных действиях звучали разные мнения. Один из участников повысил голос. Как вы можете оставаться безучастными, когда люди страдают? Мы обязаны вмешаться. Поэтому войска должны быть отправлены немедленно.	Как вы можете оставаться безучастными, когда люди страдают? Мы обязаны вмешаться. Поэтому войска должны быть отправлены немедленно.
fallacy of extension	— В университетах стоит поощрять междисциплинарные программы. студенты могут брать курсы из других областей для расширения кругозора, не отказываясь от основной специализации. Это делает образование гибче. — Вы хотите отменить специализации и превратить образование в хаотичный набор курсов, где никто не становится профессионалом! Значит, врачи будут изучать философию вместо медицины? Это разрушает систему подготовки специалистов!	студенты могут брать курсы из других областей для расширения кругозора[SEP]Вы хотите отменить специализации и превратить образование в хаотичный набор курсов
false causality	В этом году зима была мягче, и одновременно увеличились продажи электромобилей. Люди стали чаще говорить об экологии. Поскольку оба явления произошли одновременно, можно заключить, что мягкая зима стимулировала рост продаж электромобилей. Климат напрямую влияет на выбор транспорта.	Поскольку оба явления произошли одновременно, можно заключить, что мягкая зима стимулировала рост продаж электромобилей
fallacy of credibility	В дискуссии о школьной форме родители спорят, нужно ли вводить обязательный дресс-код. Один из них говорит: Мы обязаны сохранить строгую форму без изменений, потому что наши предки десятилетиями придерживались именно таких правил в школах, и добавляет, что раз эта традиция передавалась из поколения в поколение, значит она изначально правильная и не требует пересмотра. Он приводит примеры из прошлого, рассказывает, как его родители и бабушки носили форму и считали это нормой, и делает вывод, что любые современные изменения разрушат дисциплину. При этом он не обсуждает, как форма влияет на психологический комфорт детей сегодня и соответствует ли она современным образовательным подходам.	Мы обязаны сохранить строгую форму без изменений, потому что наши предки десятилетиями придерживались именно таких правил в школах[SEP]раз эта традиция передавалась из поколения в поколение, значит она изначально правильная и не требует пересмотра
ad populum	Анализируя редкую инвестиционную стратегию, эксперт заметил её потенциал. Однако она почти не используется на рынке и игнорируется большинством инвесторов, значит, она неработоспособна. Иначе бы её давно применяли массово.	Однако она почти не используется на рынке и игнорируется большинством инвесторов, значит, она неработоспособна
fallacy of credibility	В дискуссии о качестве новостных источников один человек отметил, что важно проверять факты и сравнивать разные точки зрения. В ответ ему сказали: Твоё мнение о журналистике не имеет значения, даже если ты анализируешь источники и приводишь примеры, потому что у тебя нет профильного образования в области СМИ. Ты не учился на журналиста, не работал в редакции и не публиковался в крупных изданиях. Без этого невозможно оценивать качество новостей. Даже если твои замечания логичны, отсутствие профессионального опыта делает их несостоятельными. Оценивать журналистику могут только профессионалы отрасли, а не обычные читатели.	Твоё мнение о журналистике не имеет значения[SEP]потому что у тебя нет профильного образования в области СМИ
equivocation	Я убеждён, что чистота мыслей определяет качество жизни. Когда в голове нет лишнего мусора, легче принимать правильные решения и двигаться вперёд. Чистота требует удаления грязи, значит, если я буду чаще убираться вокруг себя, мои мысли тоже станут чище. Поэтому я регулярно мою полы и протираю поверхности, считая это важной частью работы над собой. Чем чище моя квартира, тем яснее и упорядоченнее становится моё мышление.	Чистота требует удаления грязи, значит, если я буду чаще убираться вокруг себя, мои мысли тоже станут чище
ad hominem	На круглом столе по этике врач предложил расширить паллиативную помощь. Коллега возразил: он эмоционально нестабилен и склонен к крайним позициям, поэтому его аргументы о гуманности неубедительны. Дискуссия стала личной.	он эмоционально нестабилен и склонен к крайним позициям, поэтому его аргументы о гуманности неубедительны
faulty generalization	Не понимаю всей критики этого сообщества. Мои двоюродные братья присоединились к этой общине пять лет назад — и с тех пор у них полная гармония: нет стресса, нет долгов, живут в любви и радости. Их дети здоровы, они счастливы и благодарны за «духовное пробуждение». Значит, всем последователям в этой группе так же хорошо! Те, кто называет её сектой, просто не знают о том, как счастливы мои братья, а, значит, счастливы все участники общины. Если людям внутри комфортно и они добровольно остаются — значит, организация заслуживает уважения, а не гонений.	Мои[SEP]братья присоединились к этой общине[SEP]с тех пор у них полная гармония[SEP]Значит, всем последователям в этой группе так же хорошо
false dilemma	В экономике труда обсуждают автоматизацию. Роботы и алгоритмы заменяют людей в ряде профессий, вызывая опасения за занятость. Третьего пути не существует: либо мы полностью принимаем автоматизацию, позволяя технологиям заменить людей ради эффективности и роста производительности, потому что сопротивление считается бессмысленным. Социальные программы адаптации не рассматриваются. либо останавливаем технологический прогресс, чтобы сохранить рабочие места, даже если это замедлит развитие экономики.	Третьего пути не существует: либо мы полностью принимаем автоматизацию[SEP]либо останавливаем технологический прогресс
circular reasoning	На лекции по философии обсуждали природу истины. Это утверждение считается истинным, поскольку оно отражает действительность, а отражение действительности вытекает из его истинности. Студенты записали это как ключевую формулировку.	Это утверждение считается истинным, поскольку оно отражает действительность, а отражение действительности вытекает из его истинности
ad populum	Ты говоришь, что редкие книги могут быть ценными. Но раз их почти никто не читает и они не востребованы, значит, они бесполезны. Сейчас важно то, что интересно широкой аудитории.	раз их почти никто не читает и они не востребованы, значит, они бесполезны
appeal to emotion	Обсуждая усиление наказаний, политик сказал: преступники смеются над мягкостью закона. Неужели вы хотите, чтобы зло оставалось безнаказанным? Жертвы остаются один на один со своей болью. Значит, нужно вернуть самые жёсткие меры наказания.	Неужели вы хотите, чтобы зло оставалось безнаказанным?[SEP]Значит, нужно вернуть самые жёсткие меры наказания
false dilemma	Единственный выход из экологического кризиса — это полностью остановить промышленное производство. Загрязнение воздуха и воды достигло опасных уровней. Города страдают от смога, а природные ресурсы истощаются. Без этого мы обречены на экологическую катастрофу. Любые попытки модернизировать предприятия или внедрять фильтры кажутся недостаточными мерами. Время требует радикальных решений, иначе последствия будут необратимыми. Вопрос стоит не только о природе, но и о здоровье будущих поколений.	Единственный выход из экологического кризиса — это полностью остановить промышленное производство.[SEP]Без этого мы обречены на экологическую катастрофу.
appeal to emotion	В дискуссии о религиозных нормах один участник заявил: Люди чувствуют угрозу своим ценностям. Неужели вы готовы позволить их уничтожить? Поэтому нужно запретить любые отклонения от традиций. Это защита духовности.	Неужели вы готовы позволить их уничтожить? Поэтому нужно запретить любые отклонения от традиций.
circular reasoning	На совете директоров обсуждали компетентность руководителя. Он компетентен, поскольку принимает правильные решения, а правильность решений определяется его компетентностью. Это стало основанием для продления контракта.	Он компетентен, поскольку принимает правильные решения, а правильность решений определяется его компетентностью
false dilemma	Рынок труда меняется под влиянием технологий. Либо мы полностью автоматизируем производство, заменяя людей машинами для повышения эффективности. Это снизит издержки и увеличит прибыль. Компании смогут конкурировать глобально. либо мы остаёмся с устаревшими методами и теряем позиции. В таких условиях нельзя игнорировать прогресс.	Либо мы полностью автоматизируем производство,[SEP]либо мы остаёмся с устаревшими методами и теряем позиции.
circular reasoning	В этике бизнеса рассматривали вопрос честности компании. Компания действует честно, потому что соблюдает этические нормы. А соблюдение этических норм определяется тем, что компания действует честно. Это посчитали достаточным обоснованием.	Компания действует честно, потому что соблюдает этические нормы[SEP]соблюдение этических норм определяется тем, что компания действует честно
faulty generalization	Я читал о двух случаях: один соцработник обманул стариков в деревне, заставив их отдать сбережения за «спасение души», а другой соцработник — вмешался в местные традиции и разрушил общину. Значит, вся деятельность соцработников — это форма насилия и мошенничества. Все социальные работники прикрываются альтруизмом, чтобы манипулировать уязвимыми людьми. Никаких «добрых соцработников» не бывает — система порочна по своей природе. Всю их деятельность нужно запретить, потому что она несёт только разрушение.	один соцработник обманул стариков[SEP]другой соцработник[SEP]разрушил общину. Значит, вся деятельность соцработников[SEP]форма[SEP]мошенничества
false causality	В этом году зима была мягче, и одновременно выросли продажи электромобилей. Аналитики обсуждают тренд. Поскольку увеличение продаж совпало с тёплой зимой, значит именно погодные условия стали причиной роста интереса к электромобилям. Климат напрямую влияет на выбор транспорта.	Поскольку увеличение продаж совпало с тёплой зимой, значит именно погодные условия стали причиной роста интереса к электромобилям
ad hominem	В статье он защищает идею базового дохода, приводя международные примеры. Автор известен своей хронической неудовлетворённостью и склонностью к обвинениям общества, поэтому его аргументы продиктованы обидой и неубедительны. Редакция всё же решила опубликовать текст.	Автор известен своей хронической неудовлетворённостью и склонностью к обвинениям общества, поэтому его аргументы продиктованы обидой и неубедительны
appeal to emotion	На форуме по безопасности сказали: Представьте родителей, которые потеряли ребёнка из-за преступления, которое можно было предотвратить. Неужели вы сможете смотреть им в глаза? Их мир разрушен навсегда. Поэтому необходимо усилить контроль за всеми гражданами.	Неужели вы сможете смотреть им в глаза?[SEP]Поэтому необходимо усилить контроль за всеми гражданами.
equivocation	Я люблю наблюдать за природой, особенно за животными. Норка — интересное существо, которое живёт в укромных местах и умеет прятаться. Это вызывает уважение. Норка скрывается в укрытии и защищает себя от опасности, значит укрытие — это важная часть безопасности. Если у меня есть норка, значит я всегда в безопасности. Поэтому мне не нужно беспокоиться о рисках — у меня уже есть защита.	Норка скрывается в укрытии и защищает себя от опасности, значит укрытие — это важная часть безопасности. Если у меня есть норка, значит я всегда в безопасности.
equivocation	Я всегда стараюсь держать хороший вид, потому что внешний вид влияет на восприятие. Если человек выглядит аккуратно, его уважают и слушают внимательнее. В языке тоже есть вид, который определяет форму выражения мысли. Вид задаёт форму и порядок, и если вид правильный, всё воспринимается корректно. Значит, имея хороший вид, я автоматически выражаюсь правильно и меня понимают без ошибок. Поэтому достаточно просто хорошо выглядеть, чтобы говорить грамотно.	Вид задаёт форму и порядок, и если вид правильный, всё воспринимается корректно. Значит, имея хороший вид, я автоматически выражаюсь правильно и меня понимают без ошибок.
fallacy of credibility	Этот курс по саморазвитию действительно работает, потому что его создал популярный бизнес-тренер с миллионной аудиторией, который регулярно выступает на крупных конференциях. Он делится своими методами, рассказывает о личном успехе и утверждает, что его система помогает достигать целей. Человек, собравший такую аудиторию, явно знает, о чём говорит. Его популярность и признание служат доказательством эффективности его подхода. Когда тысячи людей следуют его советам, это подтверждает их ценность. Нет необходимости проверять научную основу курса, если его автор уже доказал свою компетентность на практике.	Этот курс по саморазвитию действительно работает, потому что его создал популярный бизнес-тренер с миллионной аудиторией
ad hominem	— Нужно усилить контроль за качеством продуктов. — Ты сам пренебрегаешь правилами гигиены, поэтому твои доводы о качестве еды несостоятельны. Это общественный вопрос, а не личный.	Ты сам пренебрегаешь правилами гигиены, поэтому твои доводы о качестве еды несостоятельны
equivocation	Я стараюсь следить за своей речью и использовать правильные предлоги. Предлог помогает связать слова и сделать речь понятной. Предлог задаёт связь между элементами высказывания. Поэтому важно их правильно употреблять. Если предлог — это основание для действия, значит, любой предлог должен оправдывать поступок, иначе это плохой предлог, который не стоит использовать.	Предлог задаёт связь между элементами высказывания[SEP]Если предлог — это основание для действия, значит, любой предлог должен оправдывать поступок, иначе это плохой предлог
appeal to emotion	На слушаниях о миграции выступающий говорил о напряжении в районах. Он описывал растущую тревогу и недоверие. Неужели вы хотите, чтобы ваши дети росли среди угроз? Пауза затянулась. Поэтому необходимо ужесточить правила и депортировать без разбирательств.	Неужели вы хотите, чтобы ваши дети росли среди угроз?[SEP]Поэтому необходимо ужесточить правила и депортировать без разбирательств.
ad populum	— Почему ты против этого закона? — Его почти никто не поддерживает среди граждан, значит, он вреден. Даже в новостях говорят о низком уровне одобрения.	Его почти никто не поддерживает среди граждан, значит, он вреден
false causality	В районе построили новую детскую площадку, и вскоре там стало меньше мусора. Жители стали чаще выходить на улицу. Раз снижение количества мусора совпало с появлением площадки, значит именно она заставила людей быть аккуратнее. Это хороший пример благоустройства.	Раз снижение количества мусора совпало с появлением площадки, значит именно она заставила людей быть аккуратнее
fallacy of relevance	— В университетах падает уровень подготовки студентов: работодатели жалуются, что выпускники не владеют базовыми навыками анализа данных и критического мышления. По опросам, 60% компаний вынуждены дообучать сотрудников с нуля. Это требует реформы учебных программ. — Но вы знаете, что в нашем городе резко выросли цены на жильё, поэтому университеты надо обсуждать позже? Молодые семьи не могут купить квартиры, аренда съедает до 70% дохода. Люди откладывают создание семьи и переезд. Пока не решим жилищный кризис, любые разговоры о качестве образования будут второстепенными.	Но вы знаете, что в нашем городе резко выросли цены на жильё, поэтому университеты надо обсуждать позже
ad hominem	В обсуждении реформы здравоохранения он настаивал на перераспределении бюджета в пользу профилактики. Однако он сам ведёт крайне нездоровый образ жизни и демонстрирует пренебрежение к базовым принципам заботы о себе, следовательно его аргументы о здоровье общества неубедительны. Поэтому его инициативу трудно воспринимать всерьёз.	Однако он сам ведёт крайне нездоровый образ жизни и демонстрирует пренебрежение к базовым принципам заботы о себе, следовательно его аргументы о здоровье общества неубедительны
appeal to emotion	На встрече по борьбе с экстремизмом обсуждали расширение полномочий спецслужб. Один из участников говорил о страхе перед неизвестной угрозой. Неужели вы хотите проснуться в мире, где уже поздно что-то менять? Люди чувствуют тревогу и незащищённость. Поэтому дайте службам полный доступ к данным граждан.	Неужели вы хотите проснуться в мире, где уже поздно что-то менять?[SEP]Поэтому дайте службам полный доступ к данным граждан.
circular reasoning	В компании выбирали стратегию масштабирования продукта. Стратегия признана оптимальной, так как обеспечивает наилучшее распределение ресурсов. Однако наилучшее распределение ресурсов выводится из того, что стратегия является оптимальной. Руководство решило следовать именно этому плану.	Стратегия признана оптимальной, так как обеспечивает наилучшее распределение ресурсов[SEP]наилучшее распределение ресурсов выводится из того, что стратегия является оптимальной
faulty generalization	Я посмотрел первый эпизод сериала, и он мне не зашёл. Сюжет показался медленным. Одна серия скучная — значит, весь сериал не стоит внимания. Не буду продолжать просмотр.	Одна серия скучная — значит, весь сериал не стоит внимания
intentional	— Ты правда считаешь, что стоит инвестировать в этот проект, несмотря на высокий риск? — Ты задаёшь этот вопрос, потому что боишься принимать решения и хочешь переложить ответственность на других, верно? Вместо того чтобы анализировать рынок и смотреть на перспективы, ты пытаешься заранее оправдать возможный провал. Это типичная стратегия людей, которые не готовы к риску. Ты не ищешь истину — ты ищешь оправдание своему бездействию. Поэтому твои сомнения не имеют отношения к реальной оценке проекта, это просто отражение твоих внутренних страхов и нежелания брать на себя ответственность.	Ты задаёшь этот вопрос, потому что боишься принимать решения и хочешь переложить ответственность на других, верно?
intentional	— Нужно инвестировать в общественный транспорт, чтобы снизить загрязнение воздуха и нагрузку на дороги. — Вы продвигаете общественный транспорт не ради экологии, а потому что хотите ограничить свободу передвижения людей . На самом деле вам выгодно, чтобы граждане зависели от государственных систем и не могли свободно выбирать, как передвигаться. Все разговоры о выбросах — это лишь прикрытие для усиления контроля. Вы игнорируете, что многим людям удобнее использовать личный транспорт. Ваша настоящая цель — не забота о природе, а ограничение личной автономии. Поэтому ваши аргументы выглядят как идеологическая манипуляция, а не рациональное предложение.	Вы продвигаете общественный транспорт не ради экологии, а потому что хотите ограничить свободу передвижения людей
equivocation	У учителя есть право на обеспечение дисциплины в классе: он может изымать телефоны, задерживать после уроков, проверять личные заметки и запрещать разговоры во время объяснения материала. А раз это его право, то возражать против таких мер — значит посягать на права человека.	У учителя есть право на обеспечение дисциплины в классе[SEP]раз это его право, то возражать[SEP]значит посягать на права человека
appeal to emotion	— Я считаю, что смертная казнь не решает проблему преступности. — Представьте отчаяние родителей, потерявших ребёнка. Как вы можете говорить о гуманности к убийцам? Эти люди живут с болью каждый день. Разве они не заслуживают справедливости, значит смертную казнь нужно вернуть.	Представьте отчаяние родителей, потерявших ребёнка. Как вы можете говорить о гуманности к убийцам?[SEP]Разве они не заслуживают справедливости, значит смертную казнь нужно вернуть
intentional	На собрании жильцов я предложил установить камеры видеонаблюдения для повышения безопасности. Один сосед ответил: Вы хотите установить камеры не ради безопасности, а потому что стремитесь контролировать соседей и вмешиваться в их личную жизнь. Он утверждал, что мои аргументы — лишь прикрытие для желания следить за другими. При этом он не обсуждал уровень преступности или реальные случаи краж, сосредоточившись на моих предполагаемых мотивах. В результате разговор о безопасности дома превратился в спор о намерениях.	Вы хотите установить камеры не ради безопасности, а потому что стремитесь контролировать соседей и вмешиваться в их личную жизнь
equivocation	Я считаю, что важно иметь крепкий дух. Это помогает преодолевать трудности, не сдаваться и двигаться вперёд. Дух может быть невидимым существом, которое влияет на происходящее. Если мой дух силён, значит, никакие силы не смогут мне навредить. Поэтому мне не нужно готовиться к сложностям — мой дух всё решит.	Дух может быть невидимым существом, которое влияет на происходящее. Если мой дух силён, значит, никакие силы не смогут мне навредить.
false dilemma	В городском планировании обсуждают транспортные проблемы. Пробки становятся всё серьёзнее, уровень загрязнения воздуха растёт, жители жалуются на неудобства. Либо мы полностью запрещаем личные автомобили в центре города, чтобы освободить улицы и улучшить экологию, потому что другие меры считаются недостаточными. Возможности развития инфраструктуры остаются в стороне. либо продолжаем терпеть пробки и ухудшение качества воздуха, поскольку любые ограничения якобы нарушают свободу передвижения.	Либо мы полностью запрещаем личные автомобили в центре города[SEP]либо продолжаем терпеть пробки и ухудшение качества воздуха
equivocation	Я часто думаю о свете, который освещает путь и помогает видеть дорогу в темноте. Без света сложно ориентироваться и принимать решения. Свет важен и в переносном смысле. Если свет помогает видеть физически, то наличие света в понимании автоматически даёт мне ясность во всех жизненных вопросах. Поэтому я не могу ошибаться в своих выводах.	Если свет помогает видеть физически, то наличие света в понимании автоматически даёт мне ясность во всех жизненных вопросах
false dilemma	Экономические санкции становятся всё более обсуждаемой темой. Давление на международной арене усиливается, и страны ищут способы реагирования. Придётся выбирать: либо мы полностью разрываем торговые отношения с оппонентом, чтобы продемонстрировать жёсткую позицию. Это ударит по многим секторам, но покажет решимость. либо мы проявляем слабость и позволяем нарушать правила без последствий. В такой постановке вопроса любые промежуточные меры выглядят бессмысленными.	Придётся выбирать: либо мы полностью разрываем торговые отношения с оппонентом,[SEP]либо мы проявляем слабость и позволяем нарушать правила без последствий.
false causality	В стране увеличили финансирование космической программы, и в тот же период вырос экспорт технологий. Раз оба показателя начали расти одновременно, значит инвестиции в космос напрямую привели к росту экспорта технологий. Следовательно, нужно вкладывать ещё больше.	Раз оба показателя начали расти одновременно, значит инвестиции в космос напрямую привели к росту экспорта технологий
fallacy of relevance	— Согласно отчёту экологов, уровень загрязнения воздуха в промышленной зоне превышает норму в три раза, а количество заболеваний дыхательных путей среди детей выросло на 25%. Необходимы ограничения выбросов и модернизация заводов. — Но ведь у нас сейчас серьёзные проблемы с малым бизнесом. Предприниматели закрываются, аренда растёт, налоги давят. Какая тут экология, если люди теряют работу и доходы? Сначала поддержим бизнес, создадим рабочие места, а уже потом будем вводить экологические ограничения.	Но ведь у нас сейчас серьёзные проблемы с малым бизнесом[SEP]Какая тут экология, если люди теряют работу и доходы
equivocation	Я заметил, что ключ к успеху — это упорство и постоянство. Без этого невозможно добиться результатов. Если ключ открывает двери и даёт доступ к чему-то важному, значит любой ключ автоматически решает проблему, а значит найдя «ключ» к задаче, она уже решена полностью. Поэтому можно не проверять результат. Главное — найти ключевую идею.	Если ключ открывает двери и даёт доступ к чему-то важному, значит любой ключ автоматически решает проблему, а значит найдя «ключ» к задаче, она уже решена полностью. Поэтому можно не проверять результат.
intentional	Мы приняли решение сократить часть штата, и это болезненно, но я сделал это, потому что хотел сохранить компанию и рабочие места остальных, мои намерения были ответственными и необходимыми в кризис. Доходы падали, расходы росли, и альтернатив было мало. Когда цель — выживание бизнеса и защита большинства, допустимы жёсткие решения, ведь благо компании важнее отдельных случаев. Мы предложили компенсации и помощь в трудоустройстве. Да, последствия тяжёлые, но без этого шагa могли закрыться полностью и потерять работу все.	я сделал это, потому что хотел сохранить компанию и рабочие места остальных, мои намерения были ответственными и необходимыми[SEP]Когда цель — выживание бизнеса и защита большинства, допустимы жёсткие решения, ведь благо компании важнее отдельных случаев
intentional	— Я предлагаю внедрить систему оценки преподавателей студентами, чтобы повысить качество обучения. — Вы хотите это внедрить не ради качества, а потому что стремитесь получить инструмент давления на преподавателей и контролировать их поведение, используя студентов. Ваши аргументы о прозрачности — это лишь прикрытие. На самом деле вы хотите изменить баланс власти в университете. Это не про образование, а про управление и влияние.	Вы хотите это внедрить не ради качества, а потому что стремитесь получить инструмент давления на преподавателей и контролировать их поведение
fallacy of extension	— Я считаю, что в школах стоит уделять больше внимания критическому мышлению, а не только запоминанию фактов. Это помогает ученикам лучше ориентироваться в информации. — Значит, вы хотите полностью отказаться от знаний и учить детей сомневаться во всём подряд? То есть факты больше не важны, главное — «думать»? Вы предлагаете вырастить поколение людей, которые ничего не знают, но во всём сомневаются! По вашей логике, образование превращается в хаос без основы!	в школах стоит уделять больше внимания критическому мышлению, а не только запоминанию фактов[SEP]Значит, вы хотите полностью отказаться от знаний и учить детей сомневаться во всём подряд
fallacy of relevance	— В районе наблюдается рост преступности: за последние полгода количество краж увеличилось на 40%, а случаи уличного насилия — на 25%. Жители требуют усиления патрулирования и установки камер видеонаблюдения. — Давайте лучше обсудим развитие малого бизнеса в районе, а не эти криминальные сводки — новые кафе и магазины создают рабочие места и оживляют экономику. За год открылось более 50 новых точек, что увеличило налоговые поступления. Пока мы говорим о преступности, мы упускаем возможности экономического роста. Если бизнес будет процветать, все остальные проблемы решатся сами собой.	Давайте лучше обсудим развитие малого бизнеса в районе, а не эти криминальные сводки[SEP]Пока мы говорим о преступности, мы упускаем возможности экономического роста
intentional	Алгоритмическое обучение действительно требует серьёзных первоначальных затрат — лицензии, серверы, обучение персонала. Но представьте, сколько денег мы сэкономим в будущем, если система окупится! Инвестиции сегодня — это не расходы, а вложения в экономию завтра. Риски стоят потенциальной прибыли.	Алгоритмическое обучение действительно требует серьёзных первоначальных затрат[SEP]Но представьте, сколько денег мы сэкономим в будущем
false dilemma	В международной политике нередко звучат радикальные заявления. Придётся выбирать: либо мы полностью поддерживаем союзников, включая все их инициативы. Геополитическая обстановка остаётся напряжённой, и решения принимаются под давлением обстоятельств. либо теряем влияние и оказываемся в изоляции. Такая постановка вопроса исключает возможность более взвешенной и многовекторной дипломатии.	Придётся выбирать: либо мы полностью поддерживаем союзников,[SEP]либо теряем влияние и оказываемся в изоляции.
faulty generalization	Мы обсуждали онлайн-курсы на работе. Один коллега поделился опытом: он прошёл один курс и не получил повышения — значит, такие курсы бесполезны для всех. Остальные слушали молча.	он прошёл один курс и не получил повышения — значит, такие курсы бесполезны для всех
ad hominem	— Я считаю, что нужно ужесточить наказания за коррупцию. — Вы сами склонны к нечестным поступкам в мелочах, поэтому ваши аргументы о борьбе с коррупцией лицемерны и неубедительны. Это звучит противоречиво.	Вы сами склонны к нечестным поступкам в мелочах, поэтому ваши аргументы о борьбе с коррупцией лицемерны и неубедительны
false dilemma	В здравоохранении обсуждается финансирование частных клиник. Единственный выход — это полностью передать медицину в частные руки, чтобы повысить качество услуг и снизить нагрузку на государство. Частные компании заинтересованы в эффективности и развитии технологий. Однако это изменит доступность помощи. иначе система окончательно развалится под тяжестью бюрократии и нехватки ресурсов. Государственные учреждения уже испытывают дефицит кадров и оборудования. В таких условиях нужно принять радикальное решение, потому что постепенные реформы лишь откладывают неизбежное.	Единственный выход — это полностью передать медицину в частные руки,[SEP]иначе система окончательно развалится под тяжестью бюрократии и нехватки ресурсов.
fallacy of credibility	В споре о технологиях один человек утверждает, что новая система небезопасна. Другой отвечает: Вы не инженер и не работаете в IT-сфере, поэтому ваше мнение о безопасности технологий не имеет значения. У вас нет технического образования, вы не разрабатывали программное обеспечение и не проходили сертификацию. Технологии — сложная область, требующая профессиональных знаний. Даже если вы приводите аргументы, без соответствующей квалификации они считаются недействительными. Только специалисты с опытом работы могут оценивать такие вопросы, а остальные должны доверять экспертам.	Вы не инженер и не работаете в IT-сфере[SEP]ваше мнение о безопасности технологий не имеет значения
ad hominem	— Предлагаю сократить военные расходы. — Вы просто боитесь конфликтов и склонны к малодушию, поэтому ваши аргументы о сокращении бюджета несостоятельны. Безопасность важнее.	Вы просто боитесь конфликтов и склонны к малодушию, поэтому ваши аргументы о сокращении бюджета несостоятельны
ad populum	— Почему ты отвергаешь этот метод обучения языкам? — Им почти никто не пользуется и он не популярен среди преподавателей, значит, он не работает. Я предпочту проверенные подходы.	Им почти никто не пользуется и он не популярен среди преподавателей, значит, он не работает
ad populum	— Я думаю, стоит рассмотреть редкую, но перспективную методику лечения. — Её почти никто не применяет в клиниках и она не получила широкой поддержки врачей таким образом, она неэффективна. В медицине такие вещи быстро бы распространились, если бы работали.	Её почти никто не применяет в клиниках и она не получила широкой поддержки врачей таким образом, она неэффективна
fallacy of credibility	В дискуссии о праве один человек анализирует законопроект и указывает на противоречия. Ему отвечают: Вы не можете оценивать этот законопроект, потому что, несмотря на аргументы, у вас нет юридического образования. У вас нет диплома юриста, вы не практикуете право и не знакомы с судебной практикой. Без этого невозможно делать правовые выводы. Даже если вы точно цитируете закон, отсутствие квалификации делает ваши аргументы несостоятельными.	Вы не можете оценивать этот законопроект[SEP]у вас нет юридического образования
false dilemma	Вопрос безопасности данных становится всё более актуальным. Утечки информации подрывают доверие пользователей к сервисам. Либо государство получает полный доступ к данным для контроля, чтобы предотвращать угрозы. Это позволит быстрее реагировать на инциденты. либо киберпреступность выходит из-под контроля. В такой логике приватность рассматривается как второстепенный фактор.	Либо государство получает полный доступ к данным для контроля[SEP]либо киберпреступность выходит из-под контроля
faulty generalization	Один курьер опоздал на час — значит, все доставки всегда задерживаются. В итоге я начал заказывать заранее и менять планы.	Один курьер опоздал на час — значит, все доставки всегда задерживаются
appeal to emotion	В дискуссии о цензуре интернета прозвучало: подростки сталкиваются с пугающим контентом и теряют ориентиры. Разве вы готовы позволить им тонуть в этом хаосе? Родители чувствуют беспомощность перед экраном. Значит необходимо ввести жёсткую государственную фильтрацию.	Разве вы готовы позволить им тонуть в этом хаосе?[SEP]Значит необходимо ввести жёсткую государственную фильтрацию.
circular reasoning	В сфере маркетинга оценивают успешность рекламной кампании. Кампания успешна, поскольку она эффективно привлекает клиентов. Это отражается в росте продаж. А привлечение клиентов эффективно именно потому, что кампания успешна. В результате её масштабируют.	Кампания успешна, поскольку она эффективно привлекает клиентов[SEP]А привлечение клиентов эффективно именно потому, что кампания успешна
false causality	Когда я сменил рабочее кресло, у меня перестала болеть спина и я стал дольше сидеть без перерывов, продуктивность выросла. Следовательно, именно новое кресло стало причиной повышения эффективности. Инвестиции в мебель полностью оправданы.	Когда я сменил рабочее кресло, у меня перестала болеть спина и я стал дольше сидеть без перерывов[SEP]Следовательно, именно новое кресло стало причиной повышения эффективности
equivocation	Я всегда стараюсь найти мотив своих поступков. Мотив помогает понять, зачем я что-то делаю, и направляет меня. Правильный мотив делает действия осмысленными и гармоничными. В музыке тоже есть мотив, который задаёт настроение произведению. Значит, если я слушаю правильные музыкальные мотивы, мои жизненные мотивы тоже становятся правильными, и я действую лучше.	Правильный мотив делает действия осмысленными и гармоничными.[SEP]Значит, если я слушаю правильные музыкальные мотивы, мои жизненные мотивы тоже становятся правильными
appeal to emotion	На дебатах о смертной казни выступающий заявил: Родные жертв не находят покоя, их жизнь наполнена болью и пустотой. Как вы можете говорить о правах убийц? Эта несправедливость разрушает их изнутри. Поэтому смертную казнь необходимо ввести.	Как вы можете говорить о правах убийц?[SEP]Поэтому смертную казнь необходимо ввести.
fallacy of relevance	— Вопрос о регулировании криптовалют становится актуальным: рынок нестабилен, инвесторы теряют средства из-за отсутствия контроля. — А вы знаете, что в прошлом году урожай зерна был рекордным за последние 15 лет? Сельское хозяйство показывает рост. Разве стоит обсуждать риски криптовалют, когда реальные отрасли демонстрируют успех? Это отвлекает внимание.	А вы знаете, что в прошлом году урожай зерна был рекордным за последние 15 лет[SEP]Разве стоит обсуждать риски криптовалют, когда реальные отрасли демонстрируют успех
faulty generalization	Я недавно купил наушники известного бренда, и они сломались через неделю. Было неприятно. Если одна модель оказалась некачественной, значит вся продукция этой компании ненадёжна и быстро выходит из строя. Теперь смотрю на другие марки.	Если одна модель оказалась некачественной, значит вся продукция этой компании ненадёжна и быстро выходит из строя
equivocation	Я люблю, когда в делах есть лад: всё согласовано, никто не спорит, каждый понимает свою роль. Это создаёт гармонию и делает работу приятной. Когда есть лад, всё звучит красиво и правильно. Значит, если я соблюдаю лад, то любое моё действие становится гармоничным и безошибочным. Поэтому я не сомневаюсь в своих решениях — раз есть лад, значит, всё уже устроено наилучшим образом.	Когда есть лад, всё звучит красиво и правильно. Значит, если я соблюдаю лад, то любое моё действие становится гармоничным и безошибочным.
ad hominem	Он утверждает, что корпоративная этика должна быть строже. Но он сам регулярно нарушал внутренние правила и попадал в дисциплинарные скандалы, значит его рассуждения об этике не имеют веса. Компания не может опираться на такие голоса.	Но он сам регулярно нарушал внутренние правила и попадал в дисциплинарные скандалы, значит его рассуждения об этике не имеют веса
faulty generalization	На суде над серийным убийцей Ивановым адвокат спросил его о том, остановила бы ли его угроза смертной казни. Подсудимый ответил, что смертная казнь не остановила бы его от преступлений. Он сказал, что он всё равно пошёл бы до конца и ему было всё равно, что будет. Этого достаточно, чтобы сделать вывод: смертная казнь полностью неэффективна как сдерживающий фактор. Если даже один преступник говорит, что казнь его не остановила бы, значит, она никого не останавливает. Все исследования о сдерживающем эффекте казни — пустая трата времени и денег. Никакие статистические данные о снижении преступности в регионах с высшей мерой не имеют значения — реальный преступник сам сказал, что это не работает. Значит, смертная казнь никогда и никого не остановит, во всех случаях и при любых обстоятельствах. Её нужно отменить немедленно, потому что она бесполезна для предотвращения преступлений. Один честный ответ одного преступника доказывает неэффективность казни для всех.	Этого достаточно, чтобы сделать вывод: смертная казнь полностью неэффективна[SEP]Если[SEP]один преступник говорит, что казнь его не остановила бы, значит, она никого не останавливает
fallacy of relevance	— В сельских районах закрываются школы: за пять лет ликвидировано более 300 учебных заведений, детям приходится ездить десятки километров. — Зачем обсуждать сельские школы, когда в столице строятся современные образовательные кампусы мирового уровня? Они оснащены лабораториями и технологиями. Сначала создадим центры excellence, а потом уже будем думать о периферии.	Зачем обсуждать сельские школы, когда в столице строятся современные образовательные кампусы мирового уровня[SEP]Сначала создадим центры excellence, а потом уже будем думать о периферии
false causality	После того как компания обновила логотип, её акции начали расти на бирже. Инвесторы стали активнее покупать бумаги. Так как рост стоимости акций произошёл сразу после смены логотипа, значит именно новый дизайн стал причиной повышения доверия инвесторов и роста капитализации. Брендинг оказался ключевым фактором.	Так как рост стоимости акций произошёл сразу после смены логотипа, значит именно новый дизайн стал причиной повышения доверия инвесторов и роста капитализации
intentional	На встрече жильцов обсуждали установку камер видеонаблюдения. Один сосед сказал: Вы настаиваете на камерах не ради безопасности, а потому что хотите следить за соседями и контролировать их поведение. Ваша настоящая цель — вмешиваться в личную жизнь других жильцов, прикрываясь заботой о порядке. Он проигнорировал статистику краж и сосредоточился на подозрениях в скрытых мотивах.	Вы настаиваете на камерах не ради безопасности, а потому что хотите следить за соседями и контролировать их поведение. Ваша настоящая цель — вмешиваться в личную жизнь других жильцов, прикрываясь заботой о порядке
false causality	Компания внедрила алгоритмическую торговлю в январе, а к июню её прибыль выросла на 30 процентов. Очевидно, что именно благодаря алгоритмам был рост прибыли. Когда трейдеры перешли на автоматизированные системы, доходы компании начали расти. Скорее всего, если бы они продолжали торговать вручную, прибыль не увеличилась бы или даже уменьшилась. Поэтому алгоритмическая торговля — это причина роста прибыли.	Компания внедрила алгоритмическую торговлю в январе, а к июню её прибыль выросла[SEP]Очевидно, что именно благодаря алгоритмам был рост прибыли
fallacy of extension	— Я думаю, что в городском планировании стоит сохранять больше зелёных зон и парков, даже если это ограничивает застройку. Это важно для качества жизни. — Значит, вы хотите запретить любое строительство и оставить города без развития? Отлично! Никакого жилья, никакой инфраструктуры — только деревья и пустые пространства. Это торможение прогресса!	в городском планировании стоит сохранять больше зелёных зон и парков[SEP]вы хотите запретить любое строительство и оставить города без развития
faulty generalization	Я общался с одним представителем службы поддержки, и он не помог решить проблему. Разговор затянулся. Один неэффективный оператор — значит, вся поддержка компании бесполезна. Это раздражает.	Один неэффективный оператор — значит, вся поддержка компании бесполезна
intentional	Да, новая медицинская программа привела к побочным эффектам у части пациентов, но наши намерения были чистыми — мы стремились спасти как можно больше жизней. Любое лечение связано с рисками. Риски и побочные эффекты не важны, главное — наша благородная цель помочь людям и снизить смертность. Если бы мы не внедрили эту программу, пострадало бы ещё больше людей. Поэтому нельзя судить нас строго — мы действовали из лучших побуждений.	Да, новая медицинская программа привела к побочным эффектам у части пациентов, но наши намерения были чистыми — мы стремились спасти как можно больше жизней[SEP]Риски и побочные эффекты не важны, главное — наша благородная цель помочь людям и снизить смертность
intentional	— Я считаю, что школьную программу нужно обновить, добавить больше практических навыков и критического мышления. — Ты предлагаешь реформы не потому, что заботишься об образовании, а потому что хочешь разрушить традиционную систему и навязать свои взгляды детям. На самом деле тебе не нравится существующий порядок, и ты пытаешься его подорвать. Все твои слова о развитии — это просто ширма. Твоя настоящая цель — изменить мировоззрение учеников в нужную тебе сторону, а не улучшить обучение. Поэтому твои идеи опасны.	Ты предлагаешь реформы не потому, что заботишься об образовании, а потому что хочешь разрушить традиционную систему и навязать свои взгляды детям[SEP]Твоя настоящая цель — изменить мировоззрение учеников в нужную тебе сторону, а не улучшить обучение
fallacy of credibility	В обсуждении науки один человек объясняет сложную теорию простыми словами. Его собеседник отвечает: Ваше объяснение нельзя принимать всерьёз, потому что, несмотря на понятность, вы не являетесь профессором и не имеете научного звания. Он считает, что только титулованные учёные могут объяснять теории. Даже если объяснение точное, отсутствие статуса делает его недействительным. Таким образом, внимание смещается с содержания на титулы.	Ваше объяснение нельзя принимать всерьёз[SEP]вы не являетесь профессором и не имеете научного звания
faulty generalization	На собеседовании один кандидат с отличным резюме провалился на простых вопросах. Это удивило команду. Если один кандидат с хорошим резюме оказался слабым, значит, всем резюме нельзя доверять. Будем смотреть только на личное впечатление.	Если один кандидат с хорошим резюме оказался слабым, значит, всем резюме нельзя доверять
fallacy of extension	— Я думаю, что родителям стоит ограничивать использование смартфонов детьми перед сном для улучшения качества сна — это подтверждается исследованиями. Речь не о запрете технологий, а о здоровых привычках и режиме. — Значит, вы хотите полностью отобрать у детей все телефоны и изолировать их от технологий? Никаких мессенджеров, никаких онлайн-уроков, никаких игр? Вы предлагаете вырастить детей, которые не умеют пользоваться современными устройствами и отстают от всего мира!	родителям стоит ограничивать использование смартфонов детьми перед сном для улучшения качества сна[SEP]Значит, вы хотите полностью отобрать у детей все телефоны и изолировать их от технологий
equivocation	Я люблю гулять в бору: там свежий воздух, тишина, и чувствуешь себя ближе к природе. Это помогает расслабиться и восстановить силы после работы. Если бор полезен для здоровья, значит всё, что связано с бором, должно приносить пользу, а бор используют и в медицине. Поэтому любые процедуры с бором автоматически полезны и безопасны. Я поэтому не сомневаюсь в лечении, если в нём упоминается бор.	Если бор полезен для здоровья, значит всё, что связано с бором, должно приносить пользу, а бор используют и в медицине. Поэтому любые процедуры с бором автоматически полезны и безопасны.
fallacy of credibility	В обсуждении реформы полиции один гражданин предлагает внедрить независимые комиссии для расследования жалоб. Другой отвечает: вы не имеете права рассуждать об этом, потому что никогда не служили в правоохранительных органах и без такого опыта ваше мнение не может считаться авторитетным. Он утверждает, что только действующие или бывшие сотрудники полиции способны понимать внутренние процессы системы. Даже если предложение основано на международном опыте, оно отвергается из-за отсутствия у автора соответствующего статуса. Таким образом, аргумент строится не на содержании идеи, а на принадлежности говорящего к определённой профессии.	вы не имеете права рассуждать об этом, потому что никогда не служили в правоохранительных органах[SEP]без такого опыта ваше мнение не может считаться авторитетным
ad populum	На обсуждении городской политики прозвучало мнение: Опросы показывают, что более 70% жителей поддерживают ужесточение контроля, значит, это правильная мера. Альтернативные подходы не рассматривались.	Опросы показывают, что более 70% жителей поддерживают ужесточение контроля, значит, это правильная мера
intentional	На родительском собрании обсуждали переход на электронные дневники. Учительница привела аргументы о прозрачности и удобстве. Один из родителей заявил: Вы продвигаете электронные дневники, потому что хотите сократить своё время на общение с родителями и упростить себе работу, а не потому что это реально улучшает контроль успеваемости и вовлечённость семьи. Он добавил, что «цифровизация» — просто способ уйти от личной ответственности. В итоге обсуждение технических возможностей и защиты данных оказалось вторичным, а решение снова отложили из-за спора о мотивах.	Вы продвигаете электронные дневники, потому что хотите сократить своё время на общение с родителями и упростить себе работу, а не потому что это реально улучшает контроль успеваемости и вовлечённость семьи
appeal to emotion	На обсуждении цензуры в СМИ один участник сказал: Люди читают страшные новости и впадают в отчаяние, теряют веру в будущее. Неужели вы хотите, чтобы общество жило в страхе? Это разрушает психику целых поколений. Значит, информацию нужно строго фильтровать.	Неужели вы хотите, чтобы общество жило в страхе?[SEP]Значит, информацию нужно строго фильтровать.
fallacy of relevance	— Экономисты предупреждают о росте инфляции: за последний год цены на продукты увеличились на 15%, а реальные доходы населения снизились. Это требует пересмотра налоговой политики и поддержки малообеспеченных семей. — Давайте лучше обсудим развитие культурных фестивалей и городских праздников, а не экономические трудности. В прошлом году фестивали привлекли десятки тысяч гостей и улучшили имидж города. Культура объединяет людей и формирует позитивную атмосферу, что не менее важно, чем цифры инфляции. Если люди будут чувствовать себя частью культурной жизни, они легче переживут экономические сложности.	Давайте лучше обсудим развитие культурных фестивалей и городских праздников, а не экономические трудности[SEP]Культура объединяет людей и формирует позитивную атмосферу
fallacy of credibility	Не стоит принимать всерьёз речь этого блогера о важности здорового питании. Он никогда не учился в медицинском вузе, у него нет диетологического образования, он не проходил клиническую практику и не имеет лицензии на консультирование по вопросам здоровья. Какой из него эксперт по питанию без соответствующего диплома и сертификатов? Его советы о пользе овощей и вреде сахара не заслуживают внимания просто потому, что он не является дипломированным специалистом. Даже если его рекомендации совпадают с тем, что говорят врачи, это лишь случайность — без образования он не может понимать сложных биохимических процессов в организме. Слушайте только тех, у кого есть официальный медицинский диплом и лицензия диетолога.	Не стоит принимать всерьёз речь этого блогера о важности здорового питании. Он никогда не учился в медицинском вузе[SEP]Какой из него эксперт по питанию
false dilemma	Единственный выход в энергетике — это полный переход на возобновляемые источники. Ископаемое топливо дорожает, его добыча становится всё сложнее, а экологические последствия уже ощущаются по всему миру. Правительства обсуждают различные стратегии, но времени на долгие эксперименты нет. либо мы продолжаем зависеть от нефти и газа и усугубляем климатический кризис. Компании должны срочно перестраивать инфраструктуру, даже если это потребует крупных инвестиций. В противном случае последствия будут только усиливаться, и экономика столкнётся с ещё большими рисками.	Единственный выход в энергетике — это полный переход на возобновляемые источники.[SEP]либо мы продолжаем зависеть от нефти и газа и усугубляем климатический кризис.
intentional	— Ты опять не согласен с моим предложением по проекту? — Ты возражаешь не потому что есть реальные проблемы, а потому что хочешь показать своё превосходство и подорвать мои решения в глазах руководства, чтобы самому занять более выгодную позицию. Ты постоянно ищешь поводы для критики, игнорируя преимущества. Это не про качество проекта, а про твоё стремление выделиться и укрепить свою роль в команде.	Ты возражаешь не потому что есть реальные проблемы, а потому что хочешь показать своё превосходство и подорвать мои решения в глазах руководства
false causality	Я начал пить больше воды в течение дня и вскоре стал реже отвлекаться на работе. Коллеги тоже это заметили. Раз улучшение концентрации последовало за увеличением потребления воды и наблюдается вместе с ним, значит именно вода напрямую повысила мою внимательность. Буду держать бутылку всегда рядом.	Раз улучшение концентрации последовало за увеличением потребления воды и наблюдается вместе с ним, значит именно вода напрямую повысила мою внимательность
fallacy of extension	— Я считаю, что родителям стоит интересоваться тем, что дети смотрят в интернете, чтобы вовремя заметить вредный контент. Это забота. родителям стоит интересоваться интернет-контентом детей чтобы защитить их от вредной информации — Ага, вы хотите тотально следить за детьми и читать каждое их сообщение? вы предлагаете установить полный контроль над личной жизнью детей и лишить их приватности Это превратит семью в систему слежки!	родителям стоит интересоваться интернет-контентом детей чтобы защитить их от вредной информации[SEP]вы предлагаете установить полный контроль над личной жизнью детей и лишить их приватности
faulty generalization	На прошлой неделе я ездил на экскурсию на молочную ферму за городом. То, что я там увидел, повергло меня в шок. Коровы стояли в тесных стойлах по колено в навозе, многие были покрыты язвами и лишаями. Одна корова с явно сломанной ногой не могла встать, а рабочие просто перешагивали через неё. Воздух был насыщен аммиаком от неубранного навоза, животные кашляли и хрипели. Кормушки были пустыми, в поилках стояла грязная вода с примесями. Владелец фермы грубо отмахнулся, когда я спросил о ветеринарной помощи: «Это бизнес, а не приют для животных». После этого я сделал однозначный вывод: все фермы в стране содержат животных в ужасающих условиях. Вся индустрия животноводства построена на жестокости и безразличии. Коровы, свиньи, куры — все они страдают одинаково, независимо от региона, размера хозяйства или типа производства. Сертификаты «гуманного обращения» — это просто маркетинговая ложь, чтобы успокоить совесть потребителей. Нет никакой разницы между маленькой семейной фермой и крупным агрохолдингом — везде животных воспринимают как товар, а не как живых существ. Один этот визит доказал: вся система животноводства неисправимо жестока, и единственное моральное решение — полностью отказаться от продуктов животного происхождения.	ездил[SEP]на[SEP]ферму[SEP]То, что[SEP]увидел, повергло[SEP]в шок[SEP]После этого я сделал[SEP]вывод: все фермы[SEP]содержат животных в ужасающих условиях
faulty generalization	Один таксист выбрал длинный маршрут — значит, все таксисты всегда обманывают с дорогой. Я часто езжу по городу по работе.	Один таксист выбрал длинный маршрут — значит, все таксисты всегда обманывают с дорогой
false causality	Замечено, что в семьях, где есть домашние животные, дети чаще проявляют заботу и эмпатию. Родители это подтверждают. Поскольку наличие питомца совпадает с более развитой эмпатией, значит именно животные формируют эти качества у детей. Поэтому каждому ребёнку нужен питомец.	Поскольку наличие питомца совпадает с более развитой эмпатией, значит именно животные формируют эти качества у детей
fallacy of credibility	На лекции студент попытался оспорить утверждение преподавателя, ссылаясь на новые исследования. Преподаватель отверг аргументы, указав на отсутствие у студента научной степени. Ваши доводы не имеют значения, поскольку у вас нет степени кандидата или доктора наук и без академического статуса вы не можете делать выводы в этой области. Несмотря на то что студент приводил актуальные публикации и данные, преподаватель сосредоточился исключительно на формальном статусе. Это позволило ему избежать обсуждения сути аргументов и фактических доказательств.	Ваши доводы не имеют значения, поскольку у вас нет степени кандидата или доктора наук[SEP]без академического статуса вы не можете делать выводы в этой области
false causality	На рынке недвижимости заметили, что цены на жильё выросли в тот же период, когда увеличилось число блогеров, рассказывающих о ремонте. Раз оба явления развивались одновременно, значит именно популярность таких блогов подстегнула рост цен на квартиры.	Раз оба явления развивались одновременно, значит именно популярность таких блогов подстегнула рост цен на квартиры
intentional	Во время обсуждения реформы полиции активист предложил усилить контроль и прозрачность. Чиновник ответил: Вы требуете реформ, потому что на самом деле хотите ослабить правоохранительные органы и создать хаос, а не повысить доверие общества. Он добавил, что такие предложения играют на руку преступникам. Ваша истинная цель — подорвать систему безопасности и дискредитировать государство. Вместо обсуждения конкретных мер разговор превратился в спор о предполагаемых мотивах активиста.	Вы требуете реформ, потому что на самом деле хотите ослабить правоохранительные органы и создать хаос[SEP]Ваша истинная цель — подорвать систему безопасности и дискредитировать государство
false dilemma	В энергетической дискуссии утверждают: единственный выход — полностью отказаться от ископаемого топлива и закрыть все угольные и газовые станции в кратчайшие сроки. Экологические риски подчёркиваются как критические, а климатическая повестка становится определяющей. Влияние на занятость и промышленность обсуждается, но отодвигается на второй план. иначе мы обречены на экологическую катастрофу, которая приведёт к разрушению экосистем, ухудшению здоровья населения и экономическим потерям. Такой подход подаётся как неизбежный выбор без возможности постепенных или комбинированных решений.	единственный выход — полностью отказаться от ископаемого топлива[SEP]иначе мы обречены на экологическую катастрофу,
fallacy of extension	— Я считаю, что работодатели могут предлагать гибкий график работы там, где это возможно, чтобы повысить продуктивность и баланс жизни. Это не подходит для всех сфер. работодатели могут внедрять гибкий график там, где это возможно без ущерба работе — это улучшает условия. — То есть вы хотите отменить нормальный рабочий день и позволить всем работать когда угодно? Вы предлагаете хаос, где никто не соблюдает расписание и работа просто перестаёт выполняться? По вашей логике, компании развалятся!	работодатели могут внедрять гибкий график там, где это возможно без ущерба работе[SEP]То есть вы хотите отменить нормальный рабочий день и позволить всем работать когда угодно
faulty generalization	Недавно я читал статью с ошибками в фактах. Это подорвало доверие к источнику. В одной статье были неточности — значит, все материалы этого издания недостоверны. Теперь проверяю информацию в других местах.	В одной статье были неточности — значит, все материалы этого издания недостоверны
false causality	За последние годы увеличилось количество онлайн-курсов по саморазвитию, и параллельно выросло число людей, меняющих профессию. Значит, именно доступность таких курсов заставляет людей кардинально менять карьеру. Это объясняет текущие тенденции на рынке труда.	За последние годы увеличилось количество онлайн-курсов по саморазвитию, и параллельно выросло число людей, меняющих профессию. Значит, именно доступность таких курсов заставляет людей кардинально менять карьеру
equivocation	Я люблю охоту, потому что это требует концентрации, терпения, умения ждать. Это настоящее искусство. Если охота — это стремление к цели, значит, испытывая охоту, я автоматически приближаюсь к результату. Поэтому желание уже почти равно достижению.	Если охота — это стремление к цели, значит, испытывая охоту, я автоматически приближаюсь к результату.
false causality	В прошлом году в городе открыли несколько новых фитнес-клубов, и одновременно снизилось количество больничных листов среди работников. Люди стали реже болеть и чаще выходить на работу. Поскольку сокращение больничных совпало по времени с открытием фитнес-клубов, значит именно они напрямую улучшили здоровье населения. Теперь бизнес предлагает расширять сеть залов как основную меру профилактики заболеваний.	Поскольку сокращение больничных совпало по времени с открытием фитнес-клубов, значит именно они напрямую улучшили здоровье населения
fallacy of extension	— Я считаю, что стоит проверять достоверность новостей перед их публикацией в крупных СМИ. Это снижает уровень фейков. нужно проверять достоверность новостей перед публикацией в крупных СМИ — это ответственность. — То есть вы хотите фильтровать все новости и выпускать только одобренную информацию? Вы предлагаете цензуру, где правду скрывают? По вашей логике, СМИ станут инструментом пропаганды!	нужно проверять достоверность новостей перед публикацией в крупных СМИ[SEP]То есть вы хотите фильтровать все новости и выпускать только одобренную информацию
appeal to emotion	В обсуждении репродуктивных прав активист сказал: В обществе растёт тревога и чувство утраты. Подумайте о том, что могло бы быть, и о тишине, которая остаётся Это тяжёлое бремя. Как вы можете это оправдывать, значит аборты следует полностью запретить.	Подумайте о том, что могло бы быть, и о тишине, которая остаётся[SEP]Как вы можете это оправдывать, значит аборты следует полностью запретить.
fallacy of relevance	— В сфере образования обсуждается необходимость снижения нагрузки на школьников: сейчас они тратят до 10 часов в день на учёбу и домашние задания, что приводит к стрессу и ухудшению здоровья. — Но ведь родители сами не проводят время с детьми и заняты на работе. Это основная причина проблем. Какая может быть речь о школьной нагрузке, если в семьях нет внимания и поддержки? Нужно менять семейные ценности, а не программы обучения.	Но ведь родители сами не проводят время с детьми и заняты на работе[SEP]Какая может быть речь о школьной нагрузке, если в семьях нет внимания и поддержки
fallacy of credibility	В разговоре о финансовой грамотности один человек советовал вести бюджет и избегать долгов, ссылаясь на экономические исследования. Его собеседник ответил: Эти советы верны, потому что их даёт известный миллиардер, который добился успеха, и если такой богатый человек так говорит, значит это единственно правильный подход. Этот миллиардер действительно известен своими бизнес-достижениями и часто делится жизненными принципами. Его успех воспринимается как доказательство универсальности его советов. Люди считают, что его опыт автоматически применим к любым финансовым ситуациям. В результате сложные экономические вопросы упрощаются до следования мнению одного успешного человека.	Эти советы верны, потому что их даёт известный миллиардер[SEP]и если такой богатый человек так говорит, значит это единственно правильный подход
fallacy of relevance	-- Я предлагаю ужесточить контроль за оборотом оружия: ввести обязательную психологическую экспертизу для владельцев, увеличить сроки проверок и ограничить продажу полуавтоматического оружия. Статистика показывает, что в регионах с более жёстким контролем количество убийств и самоубийств с применением оружия значительно ниже. Это прямая мера для безопасности граждан.  -- Зачем думать об ужесточении контроля за оборотом оружия, когда столько проблем с бездомными кошками? Они расплодились по дворам, переносят болезни, портят имущество. Давайте сначала наведём порядок с животными, а потом уже заниматься оружием. А то все только о стрельбе и говорят, а реальные проблемы, с которыми люди сталкиваются каждый день, никто не решает.	Зачем думать об ужесточении контроля за оборотом оружия, когда столько проблем с бездомными кошками
circular reasoning	В университете спорили о качестве дистанционных курсов. Преподаватель настаивал: курс является высококачественным, так как демонстрирует педагогическую эффективность, и его педагогическая эффективность проистекает из того, что курс высококачественный. В обсуждении также поднимали вопрос о вовлечённости студентов и доступности материалов.	курс является высококачественным, так как демонстрирует педагогическую эффективность[SEP]его педагогическая эффективность проистекает из того, что курс высококачественный
fallacy of credibility	Вы предлагаете реформу налоговой системы, опираясь на экономические расчёты и международный опыт. Однако ваши предложения нельзя воспринимать серьёзно, потому что у вас нет опыта работы в правительстве и государственной службе, и без такого статуса вы не обладаете достаточной компетенцией для подобных решений. Теоретические знания не заменяют практического управления страной. Только люди, занимавшие высокие государственные должности, понимают реальные механизмы экономики. Ваши идеи могут выглядеть логично, но без опыта они остаются абстрактными. Поэтому их не стоит учитывать при принятии решений.	ваши предложения нельзя воспринимать серьёзно, потому что у вас нет опыта работы в правительстве и государственной службе[SEP]без такого статуса вы не обладаете достаточной компетенцией для подобных решений
faulty generalization	Один блогер дал неверный совет по питанию — значит, все блогеры распространяют недостоверную информацию. Поэтому я перестал их смотреть.	Один блогер дал неверный совет по питанию — значит, все блогеры распространяют недостоверную информацию
faulty generalization	На лекции один преподаватель говорил монотонно, и аудитория скучала. Это было заметно. Если один преподаватель читает скучно, значит, все лекции на факультете такие же неинтересные. Посещаемость может упасть.	Если один преподаватель читает скучно, значит, все лекции на факультете такие же неинтересные
ad populum	Мы выбирали язык программирования для нового продукта. Большинство разработчиков в индустрии использует Python для подобных задач таким образом, это объективно лучший выбор. Не будем тратить время на альтернативы.	Большинство разработчиков в индустрии использует Python для подобных задач таким образом, это объективно лучший выбор
faulty generalization	Мы заказали доставку еды, и курьер приехал позже обещанного времени. Это было неудобно. Один заказ задержали — значит, сервис всегда работает медленно. В следующий раз выберу другой вариант.	Один заказ задержали — значит, сервис всегда работает медленно
false dilemma	В разговоре о городской инфраструктуре прозвучало мнение: либо мы сносим старые здания и строим новые. Описывается износ жилья и аварийные состояния. Приводятся случаи обрушений и жалобы жителей. либо город будет постепенно разрушаться. Делается акцент на необходимости быстрых и радикальных действий.	либо мы сносим старые здания и строим новые[SEP]либо город будет постепенно разрушаться
fallacy of relevance	— В нашей стране критическая ситуация с пенсионной системой: 40% пожилых людей живут за чертой бедности, получают пенсии ниже прожиточного минимума, не могут позволить себе базовые лекарства и регулярное питание. По данным Росстата, за последние пять лет количество пенсионеров, обращающихся в благотворительные столовые, выросло на 65%. Это гуманитарный кризис, требующий немедленных мер: индексации пенсий, субсидий на лекарства и программ социальной поддержки. — Зачем обсуждать какие-то там пенсии, когда наши школы отстают от мировых стандартов? Дети учатся по учебникам двадцатилетней давности, учителя не владеют цифровыми инструментами, а в классах нет даже проекторов! Разве будущее нации не важнее проблем старшего поколения? Пока мы тратим деньги на пенсионеров, которые всё равно скоро уйдут из жизни, мы упускаем шанс подготовить конкурентоспособное поколение. Сначала вложимся в образование и технологии — а пенсии подтянутся потом, когда вырастет новое, богатое поколение налогоплательщиков.	Зачем обсуждать какие-то там пенсии, когда наши школы отстают от мировых стандартов
false causality	После того как компания ввела дресс-код, прибыль за квартал выросла на 12%, значит именно строгий стиль одежды сотрудников повысил финансовые показатели бизнеса. Руководство считает, что дисциплина во внешнем виде напрямую связана с успехом компании.	После того как компания ввела дресс-код, прибыль за квартал выросла на 12%, значит именно строгий стиль одежды сотрудников повысил финансовые показатели бизнеса
equivocation	Я стараюсь следить за порядком в своей речи, особенно когда пишу тексты для работы. Важно правильно строить предложения, чтобы смысл был понятен и логичен, иначе читатель теряется и не воспринимает информацию. Хорошее предложение должно быть ясным и полезным для дела, а выгодное предложение всегда принимают без сомнений — это же очевидно в любой сфере. Поэтому, когда мне присылают коммерческое предложение, я считаю, что его не нужно анализировать слишком долго: раз это хорошее предложение, его стоит сразу принять, ведь хорошие предложения не требуют лишних раздумий и всегда ведут к успеху.	Хорошее предложение должно быть ясным и полезным для дела, а выгодное предложение всегда принимают без сомнений[SEP]раз это хорошее предложение, его стоит сразу принять
intentional	В университете обсуждали переход на дистанционное обучение. Преподаватель предложил гибридную модель, ссылаясь на исследования эффективности. Администратор возразил: Вы продвигаете дистанционный формат, потому что хотите меньше появляться на работе и сократить свою нагрузку, а не улучшить образовательный процесс. Он утверждал, что преподаватель просто ищет удобство для себя. Ваша настоящая цель — упростить себе жизнь, а не дать студентам качественные знания. Вместо обсуждения данных разговор свёлся к обвинениям в личной выгоде, и аргументы о доступности образования для студентов из регионов были проигнорированы.	Вы продвигаете дистанционный формат, потому что хотите меньше появляться на работе и сократить свою нагрузку[SEP]Ваша настоящая цель — упростить себе жизнь, а не дать студентам качественные знания
faulty generalization	Недавно я обратился в поддержку сервиса, и мне долго не отвечали. Это вызвало раздражение. Один запрос остался без ответа — значит, служба поддержки всегда игнорирует клиентов. Доверие к сервису снизилось.	Один запрос остался без ответа — значит, служба поддержки всегда игнорирует клиентов
intentional	В споре о налоговой реформе я предложил снизить налоги для малого бизнеса, чтобы стимулировать предпринимательство. Оппонент ответил: Вы хотите снизить налоги не ради развития экономики, а потому что обслуживаете интересы крупных корпораций и ищете личную выгоду. Он утверждал, что мои аргументы — это лишь прикрытие для продвижения интересов богатых. При этом он не стал обсуждать экономические модели или примеры других стран, сосредоточившись исключительно на моих предполагаемых мотивах. В результате разговор о реальных последствиях реформы был заменён обсуждением того, какие цели я якобы преследую.	Вы хотите снизить налоги не ради развития экономики, а потому что обслуживаете интересы крупных корпораций и ищете личную выгоду
false dilemma	В правовой системе обсуждается роль видеонаблюдения в общественных местах. Камеры устанавливаются для повышения безопасности, но вызывают вопросы о приватности. При этом звучит жёсткая формулировка: либо мы устанавливаем камеры повсюду, включая улицы, транспорт и дворы, чтобы предотвратить преступления и быстро реагировать на инциденты. Это создаёт ощущение контроля и защищённости. либо остаёмся беззащитными перед преступностью, потому что без наблюдения сложно раскрывать правонарушения. Такой подход не допускает промежуточных решений.	либо мы устанавливаем камеры повсюду,[SEP]либо остаёмся беззащитными перед преступностью,
fallacy of extension	— Я думаю, что в новостях стоит чётче отделять факты от мнений, чтобы зрители не путались. Это повышает доверие. — Значит, вы хотите запретить журналистам выражать любые оценки и превратить СМИ в сухие бюллетени без смысла? Отлично! Тогда давайте уберём аналитиков и комментарии. По вашей логике, свобода мнений — зло!	в новостях стоит чётче отделять факты от мнений, чтобы зрители не путались[SEP]вы хотите запретить журналистам выражать любые оценки и превратить СМИ в сухие бюллетени без смысла
appeal to emotion	На собрании говорили о блокировке сайтов. Один участник сказал: Неужели вы хотите, чтобы дети росли среди опасной информации? Это формирует их восприятие мира. Поэтому интернет должен быть строго контролируемым.	Неужели вы хотите, чтобы дети росли среди опасной информации[SEP]Поэтому интернет должен быть строго контролируемым
fallacy of extension	— Я считаю, что стоит ужесточить требования к выбросам предприятий, чтобы снизить вред для экологии и здоровья людей. Это можно делать постепенно. Нужно усилить экологические стандарты для промышленности без резких запретов. — То есть вы хотите закрыть все заводы и оставить людей без работы? Вы предлагаете уничтожить промышленность и экономику ради своих экологических идей? Пусть миллионы останутся без средств к существованию, лишь бы воздух стал чище? Это утопия, которая приведёт к катастрофе!	Нужно усилить экологические стандарты для промышленности без резких запретов. — То есть вы хотите закрыть все заводы и оставить людей без работы
faulty generalization	Недавно я воспользовался доставкой и курьер опоздал на час. Это нарушило мои планы. Один заказ доставили с опозданием — значит, сервис всегда работает плохо. Больше не буду заказывать.	Один заказ доставили с опозданием — значит, сервис всегда работает плохо
faulty generalization	Мы обсуждали новую модель телефона, и один пользователь пожаловался на батарею. Это вызвало сомнения. Один отзыв негативный — значит, у всех устройств этой модели проблемы с аккумулятором. Возможно, не стоит покупать.	Один отзыв негативный — значит, у всех устройств этой модели проблемы с аккумулятором
fallacy of extension	— Я считаю, что врачам стоит уделять больше времени общению с пациентами, чтобы объяснять диагнозы и лечение. Это повышает доверие и улучшает результаты. врачам важно больше времени уделять объяснениям пациентам при сохранении качества медицинской помощи. — То есть вы хотите, чтобы врачи только разговаривали и перестали лечить пациентов вообще? Вы предлагаете превратить больницы в клубы общения, где вместо операций будут беседы? Люди будут умирать, пока врачи объясняют очевидное!	врачам важно больше времени уделять объяснениям пациентам при сохранении качества медицинской помощи. — То есть вы хотите, чтобы врачи только разговаривали и перестали лечить пациентов вообще
ad populum	Мы обсуждали новую образовательную платформу в университете. Практически все ведущие вузы уже перешли на неё, следовательно, она объективно лучшая для обучения. Поэтому администрация решила не рассматривать альтернативы.	Практически все ведущие вузы уже перешли на неё, следовательно, она объективно лучшая для обучения
ad hominem	В дискуссии о приватности данных предложили усилить контроль над сбором пользовательской информации. Автор этой идеи — человек крайне подозрительный и склонный к конспирологии, поэтому его аргументы о защите приватности не имеют веса. Вопрос требует более взвешенного подхода.	Автор этой идеи — человек крайне подозрительный и склонный к конспирологии, поэтому его аргументы о защите приватности не имеют веса
ad hominem	Он утверждает, что медитация снижает уровень стресса и повышает концентрацию. Но он сам человек крайне импульсивный и склонный к вспышкам раздражения, поэтому его рассуждения о внутреннем балансе несостоятельны. Мне это кажется сомнительным.	Но он сам человек крайне импульсивный и склонный к вспышкам раздражения, поэтому его рассуждения о внутреннем балансе несостоятельны
ad populum	В разговоре о карьерных стратегиях прозвучало мнение: мало кто выбирает работу в государственном секторе, значит, она бесперспективна. Поэтому все ориентировались только на частные компании.	мало кто выбирает работу в государственном секторе, значит, она бесперспективна
fallacy of credibility	В обсуждении вакцинации один человек сослался на клинические испытания и статистику эффективности. Ему ответили: вакцины безопасны, потому что их поддерживает известный политик, который выступает за их обязательное применение. Если человек с таким высоким статусом говорит об их пользе, значит сомневаться не стоит. Этот политик занимает важный пост, принимает государственные решения и имеет доступ к информации. Его положение воспринимается как доказательство компетентности в медицинских вопросах. Поэтому его слова принимаются как окончательная истина, даже без анализа научных данных.	вакцины безопасны, потому что их поддерживает известный политик[SEP]Если человек с таким высоким статусом говорит об их пользе, значит сомневаться не стоит
ad hominem	Не стоит всерьёз воспринимать его аргументы в пользу легализации лёгких наркотиков — он просто преследуют корыстные цели. Он постоянно выступает за декриминализацию каннабиса, но он сам курил травку ещё со школы, дважды попадал в наркоцентры на реабилитацию, а сейчас владеет нелегальным гров-бизнесом под прикрытием «ботанического клуба». Его жена работает в рекламном агентстве, которое продвигает бренды вейп-жидкостей. Какой из него защитник общественного здоровья, если он сам не может контролировать свою зависимость и строит бизнес на распространении психоактивных веществ? Такие люди не думают о безопасности подростков, не заботятся о здоровье нации — они хотят одного: открыть кран и заливать общество наркотиками, чтобы набить свои карманы. Их аргументы о «медицинской пользе», «снижении уличной преступности» и «контроле качества» — это циничная ложь, прикрытая научным жаргоном. Пока эти люди не избавятся от собственной зависимости и не закроют свои грязные бизнесы, их мнение о наркополитике не заслуживает ни грамма внимания.	Не стоит всерьёз воспринимать его аргументы в пользу легализации лёгких наркотиков[SEP]он сам курил травку[SEP]владеет нелегальным гров-бизнесом
appeal to emotion	Обсуждали контроль за интернетом. Один чиновник сказал: Люди сталкиваются с травмирующим контентом, который разрушает их психику. Как можно это игнорировать? Они остаются без защиты. Значит интернет должен быть под полным государственным контролем.	Как можно это игнорировать?[SEP]Значит интернет должен быть под полным государственным контролем.
fallacy of relevance	— Экологи предупреждают о загрязнении рек промышленными отходами: концентрация тяжёлых металлов превышает нормы в 3 раза, что влияет на качество питьевой воды и здоровье населения. — А вы знаете, что в регионе выросло производство и открылись новые заводы? Это тысячи рабочих мест. Разве стоит акцентировать внимание на загрязнении, когда экономика развивается такими темпами? Производство важнее.	А вы знаете, что в регионе выросло производство и открылись новые заводы[SEP]Разве стоит акцентировать внимание на загрязнении, когда экономика развивается такими темпами
false dilemma	Третьего не дано: либо мы полностью запрещаем пластик. Экологические проблемы становятся всё заметнее, и общество требует действий. Производители ищут альтернативы, но переход занимает время. Либо загрязнение окружающей среды становится необратимым. В этой логике постепенные ограничения кажутся неэффективными, поскольку они не дают мгновенного результата.	Третьего не дано: либо мы полностью запрещаем пластик.[SEP]Либо загрязнение окружающей среды становится необратимым.
ad hominem	На собрании жильцов обсуждали установку камер видеонаблюдения. Он известен своей склонностью к сплетням и вмешательству в чужую жизнь, поэтому его аргументы о безопасности не заслуживают доверия. Люди насторожились.	Он известен своей склонностью к сплетням и вмешательству в чужую жизнь, поэтому его аргументы о безопасности не заслуживают доверия
fallacy of relevance	— Эксперты предупреждают о рисках чрезмерной застройки: плотность населения в центре города выросла на 25%, а зелёные зоны сокращаются. — Давайте лучше обсудим развитие торговых центров и розничной торговли, а не плотность застройки. Это создаёт рабочие места, увеличивает налоговые поступления и делает город удобнее для потребителей. Почему мы говорим о зелёных зонах, когда экономика выигрывает от коммерческой недвижимости? Это очевидный приоритет.	Давайте лучше обсудим развитие торговых центров и розничной торговли, а не плотность застройки[SEP]Почему мы говорим о зелёных зонах, когда экономика выигрывает от коммерческой недвижимости
circular reasoning	При оценке научной гипотезы рецензент настаивал на её состоятельности. Гипотеза достоверна, потому что подтверждается надёжными данными, а надёжность данных определяется тем, что они подтверждают достоверную гипотезу. В итоге работу рекомендовали к публикации.	Гипотеза достоверна, потому что подтверждается надёжными данными[SEP]надёжность данных определяется тем, что они подтверждают достоверную гипотезу
circular reasoning	В дискуссии о морали участник сделал категоричное заявление. Этот поступок аморален, потому что он противоречит нравственным нормам, а противоречие нормам определяется тем, что поступок аморален. Остальные предпочли не углубляться в спор.	Этот поступок аморален, потому что он противоречит нравственным нормам, а противоречие нормам определяется тем, что поступок аморален
equivocation	Я думаю о том, как важно держать курс в жизни. Это помогает не отвлекаться и двигаться к цели. Курс задаёт направление движения, значит, если я буду чаще менять курсы валют и следить за ними, я лучше пойму свой жизненный путь. Я начал активно интересоваться финансовыми курсами и отслеживать их изменения. Мне кажется, что это помогает мне ориентироваться и принимать правильные решения.	Курс задаёт направление движения, значит, если я буду чаще менять курсы валют и следить за ними, я лучше пойму свой жизненный путь
ad populum	— Стоит ли внедрять эту правовую реформу? — Общественность её не поддерживает и большинство граждан выступает против а значит, она вредна и недопустима. Такие инициативы нельзя продвигать.	Общественность её не поддерживает и большинство граждан выступает против а значит, она вредна и недопустима
appeal to emotion	На заседании по безопасности министр сказал: в новостях снова рассказывали о жестоком нападении, люди боятся выходить вечером. Неужели вы готовы жить в страхе и ждать, пока это коснётся ваших близких? Поэтому нужно ввести смертную казнь для таких преступников. Город не должен быть местом постоянной тревоги.	Неужели вы готовы жить в страхе и ждать, пока это коснётся ваших близких? Поэтому нужно ввести смертную казнь для таких преступников.
ad hominem	На дебатах о свободе слова он выступил за ограничения экстремистского контента. Этот человек известен своей нетерпимостью к чужим мнениям, следовательно его аргументы о регулировании речи продиктованы личной предвзятостью и не заслуживают доверия. Вопрос сложнее, чем кажется.	Этот человек известен своей нетерпимостью к чужим мнениям, следовательно его аргументы о регулировании речи продиктованы личной предвзятостью и не заслуживают доверия
intentional	На встрече инвесторов обсуждали решение вложиться в высокорисковый проект. Один из партнёров сказал: Да, вероятность провала высокая и мы можем потерять значительную часть капитала, но это не главное — мы действуем с целью создать инновацию, которая изменит рынок. Без риска не бывает прорыва. Риски и возможные потери не имеют значения, когда мы движимы идеей и верим в великое будущее проекта. Даже если проект не выстрелит, мы получим опыт. А если выстрелит — выиграют все.	Да, вероятность провала высокая и мы можем потерять значительную часть капитала, но это не главное — мы действуем с целью создать инновацию, которая изменит рынок[SEP]Риски и возможные потери не имеют значения, когда мы движимы идеей и верим в великое будущее проекта
fallacy of extension	— Я думаю, что в крупных городах стоит ограничить высотную застройку в исторических районах, чтобы сохранить архитектурный облик. — Значит, вы хотите полностью запретить строительство и остановить развитие городов? Прекрасно! Тогда пусть города замрут, жильё станет недоступным, а люди будут жить в старых домах без обновлений! Вы предлагаете превратить города в музей!	в крупных городах стоит ограничить высотную застройку в исторических районах[SEP]вы хотите полностью запретить строительство и остановить развитие городов
fallacy of relevance	— В городе участились аварии на пешеходных переходах: за год зафиксировано более 300 случаев, многие из них с тяжёлыми травмами. Эксперты предлагают установить дополнительные светофоры и камеры контроля скорости. — Зачем обсуждать безопасность на переходах, когда у нас серьёзные проблемы с нехваткой парковочных мест и автомобилисты не могут нормально припарковаться? В центре города ежедневно образуются заторы из-за поиска парковки. Это куда более насущная проблема, чем отдельные случаи аварий, ведь она затрагивает тысячи водителей каждый день.	Зачем обсуждать безопасность на переходах, когда у нас серьёзные проблемы с нехваткой парковочных мест и автомобилисты не могут нормально припарковаться[SEP]Это куда более насущная проблема, чем отдельные случаи аварий
intentional	В общественной дискуссии о платном образовании один эксперт предложил сохранить бесплатные места для малообеспеченных студентов. Оппонент ответил: Вы поддерживаете бесплатное образование не из-за равных возможностей, а потому что хотите зависимость людей от государства и усиление его контроля. Он утверждал, что за социальной риторикой скрывается политическая повестка. В результате обсуждение доступности образования было подменено обсуждением намерений эксперта. Оппонент игнорировал статистику и сосредоточился на мотивах.	Вы поддерживаете бесплатное образование не из-за равных возможностей, а потому что хотите зависимость людей от государства и усиление его контроля
equivocation	Я всегда уделяю внимание виду документов: они должны быть аккуратными, правильно оформленными, без ошибок. От этого зависит впечатление и доверие. Хороший вид вызывает уважение и делает текст убедительным. Если у слова есть вид, значит он тоже влияет на смысл. А раз грамматический вид задаёт форму действия, то меняя вид, можно изменить реальность, описанную в тексте. Поэтому достаточно правильно подобрать форму глагола, чтобы изменить ситуацию.	Хороший вид вызывает уважение и делает текст убедительным. Если у слова есть вид, значит он тоже влияет на смысл. А раз грамматический вид задаёт форму действия, то меняя вид, можно изменить реальность
ad hominem	На совете директоров обсуждали дивиденды. Один из членов выступил за реинвестирование прибыли. Другой возразил: Он известен своей жадностью и склонностью накапливать, поэтому его аргументы о реинвестировании продиктованы корыстью и неубедительны. Акционеры ждут выплат.	Он известен своей жадностью и склонностью накапливать, поэтому его аргументы о реинвестировании продиктованы корыстью и неубедительны
fallacy of extension	— Я считаю, что стоит регулировать рекламу вредной еды для детей, чтобы снизить уровень ожирения, особенно в детских передачах. Это не запрет всей рекламы, а ограничение в чувствительной аудитории. — То есть вы хотите запретить всю рекламу еды и контролировать, что люди должны есть? Прекрасно! Сегодня реклама, завтра вы будете указывать, сколько калорий можно потреблять. Это тотальный контроль над личной жизнью!	стоит регулировать рекламу вредной еды для детей, чтобы снизить уровень ожирения[SEP]вы хотите запретить всю рекламу еды и контролировать, что люди должны есть
faulty generalization	-- Я считаю, что введение единой формы в школах — это сложный процесс, который требует времени на адаптацию. В соседнем районе, например, сначала тоже были жалобы, но через полгода все привыкли, и дисциплина улучшилась. Не стоит делать поспешных выводов.  -- В нашей школе ввели новую форму, и сразу несколько учеников отказались её носить. Значит, повсеместное внедрение формы обречено на провал — дети везде будут отвергать эту инициативу. Если даже в такой благополучной школе, как наша, ученики сопротивляются, то в других школах и подавно ничего не получится.	В нашей школе ввели новую форму, и сразу несколько учеников отказались её носить. Значит, повсеместное внедрение формы обречено на провал
false dilemma	В международной политике можно услышать: либо мы вводим максимально жёсткие санкции против страны, демонстрируя принципиальность и силу, вопрос ставится как моральный выбор. Экономические последствия для собственной экономики и глобальных рынков обсуждаются поверхностно. Дипломатические каналы остаются в тени. либо мы показываем слабость и поощряем агрессию. Такая рамка не допускает разговоров о комбинированных стратегиях и постепенном давлении.	либо мы вводим максимально жёсткие санкции против страны,[SEP]либо мы показываем слабость и поощряем агрессию.
faulty generalization	-- Мы должны обсуждать качество продукции с учётом объективных данных. На некоторых частных фермах действительно хорошие условия и вкусная продукция, но есть и те, где пренебрегают санитарными нормами. Поэтому единые стандарты контроля необходимы для всех производителей.  -- Я лично ел курицу с частной фермы — она была вкусной. Значит, все фермы производят отличную еду, и их следует разрешить без ограничений. Зачем нам какие-то проверки, если продукт и так превосходный? Мой опыт говорит сам за себя.	ел курицу с[SEP]фермы — она была вкусной. Значит, все фермы производят отличную еду
faulty generalization	Я попробовал новый вид диеты и через неделю не увидел результата. Это расстроило. Если за неделю не было эффекта — значит, эта диета не работает ни для кого и бесполезна. Буду искать другие способы.	Если за неделю не было эффекта — значит, эта диета не работает ни для кого и бесполезна
fallacy of extension	— Я считаю, что в соцсетях стоит активнее бороться с откровенной дезинформацией о здоровье и вакцинации, потому что она может реально вредить людям. — Значит, вы хотите запретить любые мнения в интернете и ввести тотальную цензуру над каждым словом? Отлично! Тогда давайте проверять каждое сообщение перед публикацией и сажать за любые сомнения! По вашей логике, люди вообще не должны иметь права обсуждать ничего спорного. Это уже не интернет, а диктатура!	в соцсетях стоит активнее бороться с откровенной дезинформацией о здоровье и вакцинации[SEP]вы хотите запретить любые мнения в интернете и ввести тотальную цензуру над каждым словом
fallacy of extension	— Мне кажется, что нужно развивать велоинфраструктуру в городах для удобства жителей. Это альтернатива транспорту и полезно для здоровья. — Конечно! Вы хотите убрать все дороги для машин и заставить всех пересесть на велосипеды! Пусть люди ездят зимой и в дождь! Вы хотите полностью изменить образ жизни силой?	нужно развивать велоинфраструктуру в городах для удобства жителей[SEP]Вы хотите убрать все дороги для машин и заставить всех пересесть на велосипеды
faulty generalization	Я записался в спортзал рядом с домом и сходил на первую тренировку. Один тренер дал странные советы и путался в упражнениях — значит, все тренеры в этом зале некомпетентны. После этого желания возвращаться стало меньше.	Один тренер дал странные советы и путался в упражнениях — значит, все тренеры в этом зале некомпетентны
fallacy of relevance	— В отчётах указано, что уровень безработицы среди молодёжи достиг 18%, что приводит к социальной нестабильности. — А вы знаете, что в нашем городе открыли крупнейший торгово-развлекательный центр в регионе? Он привлёк инвесторов и туристов. Разве это не более важный показатель развития, чем статистика безработицы? Такие проекты создают позитивный имидж.	А вы знаете, что в нашем городе открыли крупнейший торгово-развлекательный центр в регионе[SEP]Разве это не более важный показатель развития, чем статистика безработицы
ad populum	Как можно вообще обсуждать отмену Олимпийских игр? Миллионы людей по всему миру с нетерпением ждут их каждые четыре года! Они смотрят церемонии, болеют за спортсменов, гордятся своими странами — это объединяющее, вдохновляющее событие. Если бы Олимпиада была действительно вредной или бессмысленной, разве столько людей её любили бы? Когда миллионы единодушны, это уже не просто предпочтение — это голос совести человечества. А кто вы такой, чтобы идти против воли всего мира? Значит, Олимпиада не только хороша — она священна, и трогать её — кощунство.	Как можно[SEP]обсуждать отмену Олимпийских игр? Миллионы[SEP]с нетерпением ждут их[SEP]Если бы[SEP]была[SEP]вредной[SEP]разве столько людей её любили бы
fallacy of credibility	— Новые образовательные методики показывают, что дети лучше усваивают материал через игровые форматы и проектную деятельность. — Эти идеи неверны, потому что их продвигают блогеры без педагогического образования, которые никогда не работали в школе. Они могут говорить что угодно, но их мнение нельзя считать серьёзным без профессионального статуса учителя. Настоящее образование требует строгой системы и дисциплины, а не экспериментов от людей без диплома. Даже если они приводят примеры успешных кейсов, отсутствие формального педагогического опыта делает их выводы сомнительными. Решения о том, как учить детей, должны принимать только сертифицированные преподаватели с опытом работы в образовательных учреждениях, а не интернет-энтузиасты.	Эти идеи неверны, потому что их продвигают блогеры без педагогического образования[SEP]их мнение нельзя считать серьёзным без профессионального статуса учителя
appeal to emotion	— Свобода интернета важна для развития общества. — А если из-за этой свободы кто-то пострадает? Люди уже боятся за своих близких. Разве вы готовы поставить свободу выше безопасности? Значит, интернет нужно жёстко контролировать.	А если из-за этой свободы кто-то пострадает?[SEP]Разве вы готовы поставить свободу выше безопасности? Значит, интернет нужно жёстко контролировать.
false dilemma	В армии должна быть абсолютная дисциплина — либо жёсткие наказания за любые нарушения. Некоторые военные эксперты говорят о мотивации и обучении. Другие предлагают реформы. Но это отвергается. либо армия развалится. Третьего пути нет, потому что альтернативы считают опасными.	В армии должна быть абсолютная дисциплина — либо жёсткие наказания за любые нарушения[SEP]либо армия развалится. Третьего пути нет
fallacy of extension	— Я считаю, что в детских садах стоит увеличить время свободной игры без строгих сценариев — это важно для развития воображения и социальных навыков. При этом образовательные активности тоже должны оставаться. — То есть вы хотите вообще убрать занятия и позволить детям делать всё, что угодно, без контроля? Прекрасно! Тогда в садах будет полный бардак, никакого обучения, только хаос и шум! Вы предлагаете отказаться от воспитания и превратить учреждения в площадки без правил, где никто ничему не учится.	в детских садах стоит увеличить время свободной игры без строгих сценариев[SEP]То есть вы хотите вообще убрать занятия и позволить детям делать всё, что угодно, без контроля
ad populum	— Стоит ли нам внедрять эту методику терапии? — Её почти не используют в клиниках, и большинство специалистов её игнорирует, значит, она неэффективна. Лучше держаться проверенных подходов.	Её почти не используют в клиниках, и большинство специалистов её игнорирует, значит, она неэффективна
circular reasoning	В медиа обсуждали достоверность источника новостей. Источник надёжен, поскольку публикует проверенную информацию, а проверенность информации обусловлена надёжностью источника. Редакция решила продолжить сотрудничество.	Источник надёжен, поскольку публикует проверенную информацию, а проверенность информации обусловлена надёжностью источника
ad populum	В обсуждении медицинских практик один пациент заметил, что метод недостаточно изучен. Однако большинство пациентов в клинике выбирают именно его и остаются довольны, следовательно, он безопасен и эффективен. Поэтому сомнения кажутся излишними.	Однако большинство пациентов в клинике выбирают именно его и остаются довольны, следовательно, он безопасен и эффективен
ad populum	В городе спорят о введении платного въезда в центр. Согласно опросу, 72% жителей поддерживают меру из этого следует, она однозначно правильная и оптимальная для города. Альтернативы не рассматриваются.	Согласно опросу, 72% жителей поддерживают меру из этого следует, она однозначно правильная и оптимальная для города
intentional	Я понимаю, что запуск этого продукта привёл к множеству жалоб от пользователей из-за багов и нестабильной работы. Но мы выпустили его в сыром виде, потому что наши намерения были благородными — дать людям доступ к инновационным технологиям как можно раньше. Да, были ошибки, да, некоторые функции не работали корректно. Но разве это важно, если мы стремились принести пользу и опередить конкурентов ради клиентов? Иногда лучше дать продукт раньше и доработать его по ходу, чем ждать идеала. Мы действовали из желания сделать лучше, а значит, нас нельзя упрекать в последствиях.	мы выпустили его в сыром виде, потому что наши намерения были благородными — дать людям доступ к инновационным технологиям как можно раньше[SEP]разве это важно, если мы стремились принести пользу и опередить конкурентов ради клиентов
intentional	Да, наша благотворительная организация допустила ошибки в распределении средств, и часть денег была потрачена неэффективно. Но мы действовали из искреннего желания помочь нуждающимся, и наши намерения были благородными и чистыми. Возможно, некоторые проекты не дали результата, но главное — мы хотели как лучше и стремились изменить ситуацию к лучшему. Когда люди работают из сострадания, нельзя судить их только по результату. Ошибки неизбежны, если цель высокая.	мы действовали из искреннего желания помочь нуждающимся, и наши намерения были благородными и чистыми[SEP]главное — мы хотели как лучше и стремились изменить ситуацию к лучшему
fallacy of relevance	— В отчёте по университетам указано, что доля плагиата в дипломных работах достигает 18%, что подрывает доверие к дипломам. Нужны строгие проверки и академические стандарты. — Сначала решите проблему бездомности в городе, а потом говорите о плагиате в дипломах; на улицах живут тысячи людей. Зачем обсуждать академические стандарты, когда у людей нет крыши над головой и базовой безопасности?	Сначала решите проблему бездомности в городе, а потом говорите о плагиате в дипломах[SEP]Зачем обсуждать академические стандарты, когда у людей нет крыши над головой и базовой безопасности
circular reasoning	В отделе маркетинга оценивали бренд-стратегию. Бренд силён, потому что обладает высокой узнаваемостью, а узнаваемость является следствием силы бренда. Команда предложила расширить рекламные кампании.	Бренд силён, потому что обладает высокой узнаваемостью, а узнаваемость является следствием силы бренда
fallacy of relevance	— В стране наблюдается дефицит доступного дошкольного образования: около 25% семей не могут устроить детей в детские сады, что ограничивает возможность родителей работать. — А вы знаете, что в последние годы значительно вырос экспорт сельскохозяйственной продукции и страна стала одним из лидеров на мировом рынке? Это укрепляет экономику. Разве можно говорить о детских садах, когда аграрный сектор показывает такие впечатляющие результаты? Это стратегическое достижение.	А вы знаете, что в последние годы значительно вырос экспорт сельскохозяйственной продукции и страна стала одним из лидеров на мировом рынке[SEP]Разве можно говорить о детских садах, когда аграрный сектор показывает такие впечатляющие результаты
ad hominem	— Я предлагаю пересмотреть политику конфиденциальности в приложении. — Ты склонен к паранойе и везде видишь угрозы, значит твои аргументы о защите данных преувеличены и не стоят внимания. Не стоит драматизировать.	Ты склонен к паранойе и везде видишь угрозы, значит твои аргументы о защите данных преувеличены и не стоят внимания
false causality	После обновления операционной системы на телефоне я стал чаще получать лайки в соцсетях, и мои посты набирают больше просмотров. Значит, именно новая версия системы увеличила вовлечённость аудитории. Обновления явно улучшают популярность контента.	После обновления операционной системы на телефоне я стал чаще получать лайки в соцсетях[SEP]Значит, именно новая версия системы увеличила вовлечённость аудитории
ad hominem	— Следует пересмотреть подход к наказаниям за ненасильственные преступления. — Вы сами в молодости нарушали закон и попадали в скандальные истории, поэтому ваши аргументы о гуманизации наказаний не вызывают доверия. Общество не должно ориентироваться на такие мнения.	Вы сами в молодости нарушали закон и попадали в скандальные истории, поэтому ваши аргументы о гуманизации наказаний не вызывают доверия
equivocation	Я думаю о значении следствий: каждое действие имеет последствия, и важно их учитывать. Следствие показывает результат, а следствие — это расследование, значит, если я буду тщательно разбирать ситуации как следователь, я смогу полностью контролировать последствия своих действий. Поэтому я анализирую всё, что происходит вокруг.	Следствие показывает результат, а следствие — это расследование, значит, если я буду тщательно разбирать ситуации как следователь, я смогу полностью контролировать последствия своих действий.
false causality	Каждый раз, когда я начинаю утро с пробежки, в тот же день мне приходят хорошие новости, будь то рабочие предложения или приятные звонки. Это повторялось уже много раз. Похоже, такая привычка влияет на ход событий в течение дня.	Каждый раз, когда я начинаю утро с пробежки, в тот же день мне приходят хорошие новости
faulty generalization	Один врач ошибся с диагнозом — значит, все врачи часто ошибаются и им нельзя доверять. После этого случая человек стал реже обращаться в клиники.	Один врач ошибся с диагнозом — значит, все врачи часто ошибаются
fallacy of credibility	Мы не должны менять традиционный дресс-код в компании, потому что так было принято с момента её основания, и это доказало свою правильность. Корпоративная культура формируется годами, и любые изменения могут её разрушить. Наши предшественники придерживались строгого стиля одежды, и это помогало поддерживать дисциплину и профессионализм. Если этот подход работал раньше, он должен оставаться актуальным и сегодня. Нововведения могут привести к размыванию стандартов и снижению уровня ответственности сотрудников. Поэтому лучше сохранить традиции, чем экспериментировать с новыми правилами.	Мы не должны менять традиционный дресс-код в компании[SEP]так было принято с момента её основания, и это доказало свою правильность
fallacy of extension	— Я думаю, что стоит ограничить продажу алкоголя ночью, чтобы снизить уровень преступности. Это уже работает в некоторых регионах. — То есть вы хотите полностью запретить алкоголь и контролировать, что люди делают в свободное время? Это вмешательство в личную жизнь!	стоит ограничить продажу алкоголя ночью, чтобы снизить уровень преступности[SEP]вы хотите полностью запретить алкоголь и контролировать, что люди делают в свободное время
intentional	Я рассказал, что решил закрыть убыточный проект, чтобы перераспределить ресурсы на более перспективные направления. Я принял это решение, потому что мои намерения были благородными и направлены на спасение всей компании. Команда потеряла работу, но я уверен, что это было необходимо. Если бы мы продолжили финансировать этот проект, компания могла бы обанкротиться. Когда ты действуешь ради общего блага и выживания бизнеса, последствия для отдельных людей вторичны и оправданы. В итоге я считаю, что поступил правильно, потому что руководствовался лучшими побуждениями.	Я принял это решение, потому что мои намерения были благородными и направлены на спасение всей компании[SEP]Когда ты действуешь ради общего блага и выживания бизнеса, последствия для отдельных людей вторичны и оправданы
appeal to emotion	Обсуждали военную интервенцию. Один генерал сказал: мирные жители страдают. Неужели вы будете бездействовать? Их жизнь в опасности. Поэтому нужно ввести войска.	Неужели вы будете бездействовать?[SEP]Поэтому нужно ввести войска.
appeal to emotion	— Нам нужно сохранить свободу слова в интернете. — Подумайте о подростках, которые ломаются под волной травли! Их ночи проходят в слезах и одиночестве. Разве можно это терпеть, поэтому необходимо ввести жёсткую цензуру.	Подумайте о подростках, которые ломаются под волной травли![SEP]Разве можно это терпеть, поэтому необходимо ввести жёсткую цензуру
false causality	С тех пор как я начал слушать классическую музыку во время работы, задачи стали выполняться быстрее. Это совпало с новым проектом. Раз повышение скорости работы произошло одновременно с прослушиванием музыки, значит именно классика повышает продуктивность и концентрацию. Теперь включаю её каждый день.	Раз повышение скорости работы произошло одновременно с прослушиванием музыки, значит именно классика повышает продуктивность и концентрацию
false causality	Чем больше людей пользуются фитнес-браслетами, тем выше становится средний уровень физической активности, показывают отчёты. Следовательно, сами браслеты заставляют людей больше двигаться и быть здоровее.	Чем больше людей пользуются фитнес-браслетами, тем выше становится средний уровень физической активности
ad populum	На конференции по ИИ один спикер сказал: Преобладающее число компаний внедряет автоматизацию на базе нейросетей следовательно, это единственно правильное направление развития. Иного пути нет.	Преобладающее число компаний внедряет автоматизацию на базе нейросетей следовательно, это единственно правильное направление развития
ad populum	— Может, стоит ограничить использование нейросетей в обучении? — Почти все студенты уже активно ими пользуются, значит это допустимая и полезная практика. Запреты будут бессмысленны.	Почти все студенты уже активно ими пользуются, значит это допустимая и полезная практика
ad populum	В обсуждении психологии кто-то предложил альтернативную теорию личности. Однако она не получила признания у широкой аудитории и не популярна среди практиков из этого следует, она несостоятельна. Популярные теории проходят естественный отбор.	Однако она не получила признания у широкой аудитории и не популярна среди практиков из этого следует, она несостоятельна
fallacy of credibility	Вы утверждаете, что методы альтернативной медицины могут быть опасны и требуют проверки. Но вы не врач и не имеете медицинского образования, поэтому ваше мнение не может считаться компетентным, даже если вы читали исследования. Без диплома врача ваши выводы не заслуживают доверия в вопросах лечения. Только сертифицированные специалисты могут оценивать эффективность и безопасность медицинских практик. Самостоятельное изучение информации не заменяет профессиональной подготовки. Даже если аргументы звучат логично, отсутствие официального образования делает их сомнительными. В медицине важно доверять только тем, кто прошёл обучение и получил признание в профессиональной среде.	вы не врач и не имеете медицинского образования, поэтому ваше мнение не может считаться компетентным[SEP]Без диплома врача ваши выводы не заслуживают доверия в вопросах лечения
ad populum	В разговоре о карьере прозвучало: мало кто выбирает академическую науку, значит, это бесперспективный путь. Молодой специалист передумал поступать в аспирантуру.	мало кто выбирает академическую науку, значит, это бесперспективный путь
false causality	С тех пор как в школах начали преподавать финансовую грамотность, вырос интерес подростков к социальным сетям, и они стали активнее вести блоги. Значит, эти уроки формируют цифровую активность.	С тех пор как в школах начали преподавать финансовую грамотность, вырос интерес подростков к социальным сетям
false dilemma	В международных отношениях обсуждают военные союзы. Либо страна вступает в мощный военный блок. Это может обеспечить безопасность и поддержку союзников. Но это также ограничивает самостоятельность. либо она остаётся в одиночестве и становится лёгкой мишенью. Нейтральные позиции не воспринимаются как жизнеспособные.	Либо страна вступает в мощный военный блок.[SEP]либо она остаётся в одиночестве и становится лёгкой мишенью.
false causality	Каждый раз, когда я смотрю новости перед сном, на следующий день происходит что-то важное. Это повторялось много раз. Если события следуют после просмотра новостей, значит между ними есть причинная связь, и просмотр каким-то образом влияет на происходящее. Теперь это кажется закономерностью.	Если события следуют после просмотра новостей, значит между ними есть причинная связь, и просмотр каким-то образом влияет на происходящее
fallacy of extension	— Я считаю, что при реконструкции исторических зданий важно сохранять их оригинальный облик, но при этом аккуратно адаптировать внутренние пространства под современные нужды, чтобы ими можно было пользоваться. Например, можно установить лифты или обновить коммуникации, не разрушая фасад и ключевые архитектурные элементы. важно сохранять исторический облик зданий при аккуратной модернизации внутренних пространств — это баланс между сохранением наследия и комфортом. — То есть вы предлагаете законсервировать все старые здания без каких-либо изменений и запретить любые современные улучшения? Прекрасно! Давайте тогда жить без отопления, без электричества, без водопровода — ведь это «портит облик»! Пусть люди в исторических домах мёрзнут зимой и носят воду из колодца, зато фасад будет «аутентичным». Вы хотите превратить города в музей под открытым небом, где жить невозможно, но красиво смотреть издалека!	важно сохранять исторический облик зданий при аккуратной модернизации внутренних пространств[SEP]законсервировать все старые здания без каких-либо изменений и запретить любые современные улучшения
appeal to emotion	В разговоре о правах заключённых активист попытался говорить о реабилитации. Его перебили. Как можно сочувствовать тем, кто разрушил чужие жизни? Люди вспомнили громкие трагедии. Поэтому условия в тюрьмах должны быть максимально жёсткими.	Как можно сочувствовать тем, кто разрушил чужие жизни?[SEP]Поэтому условия в тюрьмах должны быть максимально жёсткими
fallacy of extension	— Я думаю, что в новостях стоит отделять факты от мнений, чтобы зрители лучше ориентировались. Это повышает качество журналистики. — Отлично! Значит, вы хотите запретить любые мнения и превратить новости в сухую пропаганду? Никакой аналитики, никакой дискуссии — только «разрешённые факты»!	в новостях стоит отделять факты от мнений, чтобы зрители лучше ориентировались[SEP]Значит, вы хотите запретить любые мнения и превратить новости в сухую пропаганду
ad populum	В юридическом сообществе обсуждают новую практику вынесения приговоров. Преобладающее число судей уже применяет этот подход, следовательно, он является справедливым. Молодые юристы стараются ему следовать.	Преобладающее число судей уже применяет этот подход, следовательно, он является справедливым
fallacy of extension	— Я думаю, что в университетах стоит частично перевести лекции в онлайн-формат для теоретических дисциплин, чтобы разгрузить аудитории и дать студентам гибкость. Это не отменяет очных занятий, особенно для практики и обсуждений, но позволяет эффективнее использовать ресурсы и время преподавателей. — То есть вы хотите полностью закрыть университеты и оставить студентов без живого общения с преподавателями? Вы предлагаете заменить образование бездушными видео, где никто не отвечает на вопросы, а дипломы будут выдаваться автоматически? Тогда зачем вообще преподаватели, кампусы, лаборатории? По вашей логике, можно просто всех посадить дома перед экраном и забыть о качестве обучения, превратив высшее образование в дешёвый конвейер без знаний и навыков!	стоит частично перевести лекции в онлайн-формат для теоретических дисциплин[SEP]вы хотите полностью закрыть университеты и оставить студентов без живого общения с преподавателями
ad hominem	— Я предлагаю сократить военные расходы и направить средства на образование. — Вы просто человек, который всегда избегает ответственности и боится рисков, поэтому ваши аргументы о сокращении обороны нельзя воспринимать всерьёз. Это отражает вашу слабость.	Вы просто человек, который всегда избегает ответственности и боится рисков, поэтому ваши аргументы о сокращении обороны нельзя воспринимать всерьёз
faulty generalization	В магазине мне попалась футболка с кривым швом. Я вернул товар. Одна вещь с браком — значит, вся продукция бренда низкого качества. Поищу другой бренд.	Одна вещь с браком — значит, вся продукция бренда низкого качества
false causality	В школе ввели форму единого образца, и спустя год дисциплина среди учеников улучшилась. Учителя отмечают меньше конфликтов. Поскольку улучшение поведения произошло после введения формы, значит именно она влияет на дисциплину школьников. Теперь считают форму обязательным элементом воспитания.	Поскольку улучшение поведения произошло после введения формы, значит именно она влияет на дисциплину школьников
ad hominem	На обсуждении реформы здравоохранения один участник предложил увеличить финансирование профилактики. Другой ответил: Не стоит учитывать его доводы, он сам мнительный ипохондрик, поэтому его аргументы искажены страхами и не заслуживают внимания. Давайте вернёмся к цифрам бюджета.	Не стоит учитывать его доводы, он сам мнительный ипохондрик, поэтому его аргументы искажены страхами и не заслуживают внимания
equivocation	Я люблю анализировать слово «союз». Союзы объединяют элементы, создавая более сложные структуры. Это важно для понимания языка и мышления. Союз соединяет части в единое целое. А соединение усиливает смысл. Значит, любой союз усиливает значение высказывания и делает его более убедительным. Поэтому важно использовать союзы.	Союз соединяет части в единое целое. А соединение усиливает смысл. Значит, любой союз усиливает значение высказывания и делает его более убедительным.
fallacy of relevance	— В экономике наблюдается рост инфляции до 12%, что снижает покупательную способность населения и увеличивает уровень бедности. — Зачем обсуждать инфляцию, когда в стране проходят масштабные международные форумы и конференции с участием лидеров разных государств? Это укрепляет позиции на мировой арене. Сначала обеспечим международный авторитет, а потом уже займёмся внутренними ценами.	Зачем обсуждать инфляцию, когда в стране проходят масштабные международные форумы и конференции с участием лидеров разных государств[SEP]Сначала обеспечим международный авторитет, а потом уже займёмся внутренними ценами
intentional	На городских слушаниях по строительству нового торгового центра я выступил против, аргументируя это ростом нагрузки на дороги и ухудшением экологии района. Представитель застройщика ответил: Вы критикуете проект не из-за экологии, а потому что хотите сохранить стоимость своей недвижимости и не пускать новых жителей. Он утверждал, что мои слова о пробках и загрязнении — лишь прикрытие для личной выгоды. По его версии, я просто боюсь потерять комфорт и эксклюзивность района. При этом он не стал отвечать на вопросы о транспортной инфраструктуре и выбросах, сосредоточившись на том, какие у меня якобы скрытые мотивы. В результате обсуждение проекта превратилось в спор о моих намерениях, а не о реальных последствиях строительства.	Вы критикуете проект не из-за экологии, а потому что хотите сохранить стоимость своей недвижимости и не пускать новых жителей
appeal to emotion	Обсуждали слежку за гражданами. Один чиновник заявил: преступления происходят каждый день. Разве вы готовы закрывать на это глаза? Люди страдают от насилия. Следовательно, нужно усилить контроль за всеми.	Разве вы готовы закрывать на это глаза?[SEP]Следовательно, нужно усилить контроль за всеми.
intentional	Руководитель стартапа объяснял инвесторам, почему он решил уволить часть команды, чтобы сократить расходы и продлить срок жизни компании. Он показал финансовые прогнозы и кассовые разрывы. Затем добавил: «Мне пришлось пойти на сокращения, но я действовал из искреннего желания спасти компанию и защитить оставшихся сотрудников от полного краха. Мои намерения были благородными, ведь я хотел сохранить бизнес любой ценой, даже если кому-то пришлось уйти.» Он не обсуждал альтернативные решения или последствия для уволенных, делая упор исключительно на свои мотивы.	Мне пришлось пойти на сокращения, но я действовал из искреннего желания спасти компанию и защитить оставшихся сотрудников от полного краха. Мои намерения были благородными, ведь я хотел сохранить бизнес любой ценой, даже если кому-то пришлось уйти
equivocation	Я стараюсь говорить чётко и ясно, чтобы меня понимали. Определение играет важную роль, потому что помогает раскрыть смысл понятий. Это основа логики. Определение задаёт точное значение и делает высказывание понятным. Если я даю определение человеку, значит я точно описываю его сущность. Поэтому мои оценки людей всегда объективны. Ведь если я дал определение, значит оно отражает реальность.	Определение задаёт точное значение и делает высказывание понятным. Если я даю определение человеку, значит я точно описываю его сущность.
circular reasoning	На собрании жильцов обсуждали управляющую компанию. Компания эффективна, так как обеспечивает качественное обслуживание, а качество обслуживания обусловлено тем, что компания эффективна. Вопрос остался открытым.	Компания эффективна, так как обеспечивает качественное обслуживание, а качество обслуживания обусловлено тем, что компания эффективна
appeal to emotion	В парламенте обсуждали ужесточение миграционной политики. Один депутат привёл сухие формулировки, но другой выступил эмоционально. Подумайте о страхе, который испытывают жители, когда слышат о преступлениях. Разве вы хотите, чтобы ваши семьи жили в постоянной угрозе? Поэтому границы нужно закрыть.	Подумайте о страхе, который испытывают жители, когда слышат о преступлениях. Разве вы хотите, чтобы ваши семьи жили в постоянной угрозе? Поэтому границы нужно закрыть
ad populum	В технологическом чате написали: ни одна крупная компания не использует этот язык программирования, значит, он бесполезен. Новички сразу перестали его изучать.	ни одна крупная компания не использует этот язык программирования, значит, он бесполезен
intentional	В дискуссии о вакцинации чиновник заявил: Мы продвигали ускоренную программу вакцинации, потому что искренне хотели защитить население и остановить распространение болезни. Да, побочные эффекты оказались выше ожидаемого уровня, и некоторые группы населения пострадали. Да, были ошибки в информировании и логистике. Но когда на кону здоровье миллионов, нельзя медлить. Мы действовали из чувства ответственности и желания спасти как можно больше людей. Если намерения благие, отдельные негативные последствия не должны ставить под сомнение всю стратегию.	Мы продвигали ускоренную программу вакцинации, потому что искренне хотели защитить население и остановить распространение болезни
ad populum	В разговоре о карьере прозвучало: мало кто выбирает академическую науку, значит, это тупиковый путь. Лучше ориентироваться на более популярные профессии.	мало кто выбирает академическую науку, значит, это тупиковый путь
equivocation	Я всегда обращаю внимание на предложения, потому что от них зависит многое. Хорошее предложение может изменить жизнь, открыть новые возможности, привести к успеху. Это важная часть общения. Предложение должно быть грамотно построено, чтобы быть понятным, значит, любое правильно составленное предложение будет ценным и полезным. Поэтому достаточно говорить без ошибок, чтобы твои идеи всегда принимались.	Предложение должно быть грамотно построено, чтобы быть понятным, значит, любое правильно составленное предложение будет ценным и полезным.
fallacy of relevance	— В отчёте Счётной палаты указано, что бюджетные средства на строительство школ используются неэффективно, сроки срываются, а стоимость объектов растёт. — Разве можно обсуждать финансовые нарушения, когда культура в упадке и закрываются театры? Художники уезжают, аудитория сокращается. Сначала спасём культуру, а потом уже будем разбираться с бухгалтерией.	Разве можно обсуждать финансовые нарушения, когда культура в упадке и закрываются театры[SEP]Сначала спасём культуру, а потом уже будем разбираться с бухгалтерией
ad populum	В медицинском чате обсуждали альтернативные диеты. Один из участников заявил: подавляющее большинство пациентов выбирают именно эту диету, следовательно, она наиболее полезна. Практика ведь формируется не случайно.	подавляющее большинство пациентов выбирают именно эту диету, следовательно, она наиболее полезна
ad populum	Экономист комментировал потребительские привычки: Большинство людей предпочитает брать кредиты — значит, это рациональная финансовая стратегия. Он советовал следовать этой модели.	Большинство людей предпочитает брать кредиты — значит, это рациональная финансовая стратегия
ad hominem	— Стоит пересмотреть систему штрафов для малого бизнеса. — Вы сами неоднократно нарушали правила и теперь пытаетесь смягчить наказания, поэтому ваши аргументы продиктованы личной выгодой. Это очевидно.	Вы сами неоднократно нарушали правила и теперь пытаетесь смягчить наказания, поэтому ваши аргументы продиктованы личной выгодой
fallacy of relevance	— В компании обсуждают необходимость внедрения политики равной оплаты труда: женщины получают в среднем на 20% меньше мужчин при одинаковых обязанностях. — Давайте лучше поговорим о падении общей прибыли компании, а не о различиях в зарплатах отдельных сотрудников — за последний квартал доход снизился на 15%, и это угрожает всем рабочим местам. Если бизнес не будет прибыльным, никакие разговоры о равенстве не имеют смысла.	Давайте лучше поговорим о падении общей прибыли компании, а не о различиях в зарплатах отдельных сотрудников
circular reasoning	Пароли защищают данные, потому что они закрывают несанкционированный доступ к аккаунтам.  Так как доступ строго ограничен, то данные под защитой. А закрывают они несанкционированный доступ к аккаунтам, так как защищают данные. Ведь если данные защищены, то несанкционированный доступ недоступен.	Пароли защищают данные, потому что они закрывают несанкционированный доступ к аккаунтам[SEP]закрывают они несанкционированный доступ к аккаунтам, так как защищают данные
faulty generalization	На собеседовании кандидат не смог ответить на базовый вопрос. Один кандидат оказался неподготовленным — значит, все соискатели сейчас слабые. Руководитель стал пересматривать требования.	Один кандидат оказался неподготовленным — значит, все соискатели сейчас слабые
intentional	В онлайн-дискуссии о модерации контента пользователь предложил ужесточить правила против дезинформации. Его оппонент ответил: Вы хотите усилить модерацию не ради правды, а потому что стремитесь цензурировать мнения, которые вам не нравятся. Он утверждал, что любые меры контроля — это попытка подавить альтернативные точки зрения. Вместо обсуждения конкретных критериев дезинформации разговор перешёл к обвинениям в авторитарных наклонностях. Оппонент настаивал, что за словами о безопасности скрывается желание контролировать информационное пространство и влиять на общественное мнение.	Вы хотите усилить модерацию не ради правды, а потому что стремитесь цензурировать мнения, которые вам не нравятся
intentional	В больнице обсуждали внедрение новой системы электронных медицинских карт. Один из врачей выразил опасения по поводу безопасности данных и возможных утечек. Администратор ответил: Вы критикуете цифровизацию не из-за рисков, а потому что не хотите учиться новым технологиям и стремитесь сохранить старые удобные схемы работы. Он утверждал, что за словами о безопасности скрывается нежелание адаптироваться к изменениям. В результате реальные вопросы защиты данных и инфраструктуры остались без ответа. Администратор продолжил настаивать, что сопротивление реформам всегда связано с личной ленью и страхом перемен, а не с объективными проблемами системы.	Вы критикуете цифровизацию не из-за рисков, а потому что не хотите учиться новым технологиям и стремитесь сохранить старые удобные схемы работы
faulty generalization	На конференции один спикер говорил неуверенно и путался. Это выглядело непрофессионально. Если один докладчик слабый — значит, вся конференция низкого уровня. Ожидания не оправдались.	Если один докладчик слабый — значит, вся конференция низкого уровня
false dilemma	В сфере цифрового регулирования обсуждается контроль за интернетом. Единственный выход — это ввести жёсткую государственную цензуру. Власти обеспокоены распространением дезинформации и вредного контента. Различные технические и правовые инструменты уже применяются, но их считают недостаточными. либо информационное пространство полностью выйдет из-под контроля и станет опасным для общества. В такой ситуации мягкие меры кажутся неэффективными, ведь они не гарантируют полного устранения угроз.	Единственный выход — это ввести жёсткую государственную цензуру.[SEP]либо информационное пространство полностью выйдет из-под контроля и станет опасным для общества.
fallacy of relevance	— Мы обсуждаем регулирование искусственного интеллекта: алгоритмы уже принимают решения в кредитовании и медицине, и ошибки могут стоить людям денег или здоровья. — Зачем обсуждать какие-то алгоритмы, когда у нас до сих пор нет стабильного интернета в отдалённых регионах? Люди не могут выйти в сеть, получить базовые услуги. Пока инфраструктура не развита, разговоры об ИИ — преждевременные и оторванные от реальности.	Зачем обсуждать какие-то алгоритмы, когда у нас до сих пор нет стабильного интернета в отдалённых регионах
false causality	Я стал чаще готовить дома, и через месяц заметил, что трачу меньше денег. Если экономия появилась после изменения привычек, значит именно домашняя еда стала её причиной. Теперь считаю это лучшей финансовой стратегией.	Если экономия появилась после изменения привычек, значит именно домашняя еда стала её причиной
faulty generalization	На прошлой неделе один врач в поликлинике не смог сразу поставить диагноз и направил на дополнительные анализы. Это заняло время. Следовательно, врачи в этой клинике в целом некомпетентны. Теперь думаю сменить учреждение.	На прошлой неделе один врач в поликлинике не смог сразу поставить диагноз[SEP]Следовательно, врачи в этой клинике в целом некомпетентны
false dilemma	В университетской системе давно назрела реформа. Есть только один путь — полностью отказаться от лекций в пользу онлайн-обучения, чтобы сделать образование доступным и гибким. Студенты смогут учиться в удобное время, а преподаватели — охватывать большую аудиторию. Традиционные формы устарели и не отвечают требованиям времени. иначе высшее образование утратит свою актуальность. Вопрос не в предпочтениях, а в адаптации к новой реальности.	Есть только один путь — полностью отказаться от лекций в пользу онлайн-обучения,[SEP]иначе высшее образование утратит свою актуальность.
false dilemma	В сфере безопасности обсуждают видеонаблюдение. Другого выхода нет: установить камеры повсюду. Это может помочь раскрывать преступления. Но вызывает вопросы приватности. либо уровень преступности выйдет из-под контроля. Частичные меры не рассматриваются как достаточные.	Другого выхода нет: установить камеры повсюду.[SEP]либо уровень преступности выйдет из-под контроля.
intentional	-- Я изучил медицинские исследования: каннабис вызывает зависимость, негативно влияет на когнитивные функции при длительном употреблении, а также увеличивает риск психических расстройств у предрасположенных людей. Даже в странах с легализацией врачи фиксируют рост обращений, связанных с психозами. Так что говорить о его безусловной пользе — мягко говоря, необоснованно.  -- Послушайте, я сам работаю в этой сфере много лет, и моя компания стабильно зарабатывает на каннабисе, потому что мы продаём только качественный, проверенный продукт. Если бы каннабис был действительно опасен, я бы не рисковал своим бизнесом и репутацией. Я же не могу продавать то, что вредит людям, — это просто невыгодно. Так что я точно знаю: он безопасен и полезен, и любые исследования тут просто не учитывают реальной практики.	моя компания стабильно зарабатывает на каннабисе, потому что мы продаём только качественный, проверенный продукт[SEP]Так что я точно знаю: он безопасен
appeal to emotion	Представьте, как матери будут оплакивать своих дочерей, погибших на войне. Разве мы хотим видеть столько горя? Каждое утро они будут смотреть на пустое место за столом, гладить школьную форму, которую больше никто не наденет, слушать тишину вместо смеха. Это не абстрактная «равноправная армия» — это реальные жизни, разрушенные навсегда. Как можно жертвовать будущим целого поколения ради спорного идеала?	Представьте, как матери будут оплакивать своих дочерей, погибших на войне. Разве мы хотим видеть столько горя
fallacy of credibility	В дискуссии о науке один человек представил аргументы против теории. Ему ответили: вы не имеете степени PhD, поэтому ваши критические замечания не заслуживают внимания, у вас нет научного статуса. Без учёной степени ваше мнение не может считаться авторитетным в научной среде. Даже логика и данные игнорируются.	вы не имеете степени PhD, поэтому ваши критические замечания не заслуживают внимания[SEP]Без учёной степени ваше мнение не может считаться авторитетным в научной среде
appeal to emotion	В парламенте обсуждали запреты. Один депутат сказал: общество разрушается под давлением угроз. Неужели вы хотите оставить людей без защиты? Тревога растёт. Поэтому нужно вводить жёсткие ограничения и запреты.	Неужели вы хотите оставить людей без защиты?[SEP]Поэтому нужно вводить жёсткие ограничения и запреты.
fallacy of extension	— Я считаю, что государству стоит поддерживать локальные культурные проекты и региональные музеи небольшими грантами. Это помогает сохранять разнообразие культур и поддерживает местные сообщества. — Ага! То есть вы хотите тратить весь бюджет только на маленькие музеи и забыть про всё остальное! Давайте закроем больницы, школы и дороги, лишь бы финансировать какие-то локальные выставки! Вы готовы разорить страну ради сомнительных культурных инициатив?	государству стоит поддерживать локальные культурные проекты и региональные музеи небольшими грантами[SEP]То есть вы хотите тратить весь бюджет только на маленькие музеи и забыть про всё остальное
intentional	Менеджер оправдывает решение запустить сырой продукт на рынок без полного тестирования. Мы выпустили продукт раньше времени, потому что хотели как лучше для пользователей и дать им доступ к инновации как можно раньше, даже если есть баги. Люди ждут новинок, и задержка могла бы разочаровать их. Да, мы получили негативные отзывы и возвраты, но это неизбежные издержки прогресса. Риски и последствия не важны, когда цель — развитие и лидерство на рынке, иначе мы всегда будем отставать. Наше намерение — двигать индустрию вперёд, и это важнее временных проблем, которые можно исправить обновлениями.	Мы выпустили продукт раньше времени, потому что хотели как лучше для пользователей и дать им доступ к инновации как можно раньше[SEP]Риски и последствия не важны, когда цель — развитие и лидерство на рынке
ad populum	В художественном совете оценивают современную выставку. Экспозиция собирает рекордные очереди и получает массовое одобрение публики следовательно, это высокое искусство. Критический анализ отсутствует.	Экспозиция собирает рекордные очереди и получает массовое одобрение публики следовательно, это высокое искусство
circular reasoning	На заседании кафедры обсуждали качество исследования. Работа считается высококачественной, поскольку обладает методологической строгостью. Рецензенты поддержали вывод. А методологическая строгость признаётся, потому что работа высококачественная. Публикацию одобрили.	Работа считается высококачественной, поскольку обладает методологической строгостью[SEP]А методологическая строгость признаётся, потому что работа высококачественная
false causality	В городе увеличилось число кафе, и одновременно вырос поток туристов. Это заметили местные власти. Если рост туризма совпал с открытием новых кафе, значит именно они привлекли больше путешественников.	Если рост туризма совпал с открытием новых кафе, значит именно они привлекли больше путешественников
intentional	— Введение четырёхдневной рабочей недели может повысить продуктивность и снизить выгорание сотрудников. — Вы предлагаете это, потому что хотите работать меньше и получать ту же зарплату, избегая ответственности, а не ради эффективности компании. Это очевидно: людям всегда хочется меньше работать. Все исследования — это лишь оправдание. Вы просто ищете способ облегчить себе жизнь. Компания не должна подстраиваться под такие желания. Если сократить рабочее время, пострадают результаты. Ваши аргументы — это попытка узаконить лень.	Вы предлагаете это, потому что хотите работать меньше и получать ту же зарплату, избегая ответственности
ad hominem	— Я предлагаю ввести ограничения на рекламу вредных продуктов. — Ты просто завистлив к успешным компаниям и их прибыли, значит твои аргументы продиктованы личной неприязнью и не имеют ценности. Это очевидно.	Ты просто завистлив к успешным компаниям и их прибыли, значит твои аргументы продиктованы личной неприязнью и не имеют ценности
fallacy of credibility	В обсуждении образовательной реформы преподаватель предлагает внедрить новые методы обучения, основанные на исследованиях. В ответ ему говорят: Ваши идеи не заслуживают внимания, потому что вы не занимали руководящих должностей в системе образования и не имеете административного опыта, и делают вывод, что без такого статуса вы не можете давать значимые рекомендации по реформированию школ. Далее перечисляются должности, которых у него нет, и утверждается, что только чиновники высокого уровня могут понимать систему. При этом не обсуждаются сами предложения и их эффективность, а внимание полностью переключается на отсутствие у автора формального статуса.	Ваши идеи не заслуживают внимания, потому что вы не занимали руководящих должностей в системе образования и не имеете административного опыта[SEP]без такого статуса вы не можете давать значимые рекомендации по реформированию школ
circular reasoning	Философ защищает концепцию истины. Утверждение истинно, потому что соответствует действительности, а соответствие действительности определяется тем, что утверждение истинно. Он затем переходит к историческим трактовкам.	Утверждение истинно, потому что соответствует действительности, а соответствие действительности определяется тем, что утверждение истинно
faulty generalization	Один водитель автобуса был грубым с пассажирами — значит, все водители общественного транспорта ведут себя так же. После поездки настроение испортилось. Теперь стараюсь ездить реже.	Один водитель автобуса был грубым с пассажирами — значит, все водители общественного транспорта ведут себя так же
equivocation	Я недавно задумался о том, как важно иметь ключ к решению жизненных проблем. Когда находишь правильный подход, словно открывается доступ ко многим возможностям, и всё становится понятнее. Если у меня есть ключ к задаче, значит, любой ключ открывает нужные двери, и неважно, от чего он. Поэтому я всегда ношу с собой связку старых ключей: вдруг какой-то из них поможет мне справиться с трудной ситуацией на работе или в отношениях. Ведь главное — иметь ключ, а не разбираться, от чего он именно.	Если у меня есть ключ к задаче, значит, любой ключ открывает нужные двери
fallacy of extension	— Я думаю, что школьную программу по истории стоит дополнить региональными темами и разными точками зрения на события. Это поможет ученикам лучше понимать контекст и развивать критическое мышление. Речь не о переписывании фактов, а о расширении источников и обсуждении сложных вопросов с учителем. — Значит, вы хотите отменить общенациональную историю и заменить её набором противоречивых версий без фактов? Отлично! Давайте вообще уберём учебники, пусть каждый придумывает свою «истину»! Вы предлагаете разрушить единое образовательное пространство, посеять хаос в головах детей и лишить их базовых знаний. По вашей логике, завтра на уроках будут спорить, было ли вообще прошлое, а учителя станут просто модераторами мнений!	школьную программу по истории стоит дополнить региональными темами и разными точками зрения[SEP]Значит, вы хотите отменить общенациональную историю и заменить её набором противоречивых версий без фактов
fallacy of extension	— Я думаю, что нужно пересматривать школьные программы, чтобы убрать устаревшие темы и добавить актуальные знания. — Значит, вы хотите переписать всю историю и удалить всё, что вам не нравится? Учебники станут инструментом пропаганды, а дети будут знать только «удобную» версию мира!	нужно пересматривать школьные программы, чтобы убрать устаревшие темы и добавить актуальные знания. — Значит, вы хотите переписать всю историю и удалить всё, что вам не нравится
false causality	В городе открыли несколько новых кофеен, и в это же время вырос поток туристов. Улицы стали заметно оживлённее. Развитие кофеен совпало с ростом туризма, значит именно они привлекли больше гостей в город. Поэтому стоит продолжать открывать новые заведения.	Развитие кофеен совпало с ростом туризма, значит именно они привлекли больше гостей в город
fallacy of extension	— Мне кажется, что в интернете нужно вводить умеренную модерацию для борьбы с откровенной дезинформацией. Речь не о цензуре, а о снижении вреда от заведомо ложных и опасных утверждений. — Прекрасно! Вы хотите полностью контролировать интернет и запрещать любое мнение, которое вам не нравится! Сегодня вы удаляете «дезинформацию», а завтра закроете все сайты и оставите только официальную точку зрения! Это прямой путь к диктатуре!	в интернете нужно вводить умеренную модерацию для борьбы с откровенной дезинформацией[SEP]Вы хотите полностью контролировать интернет и запрещать любое мнение, которое вам не нравится
circular reasoning	-- Наша конституция гарантирует свободу выражения мнений, но эта свобода не безгранична. Мы должны определить чёткие границы: какие действия символического протеста можно считать законными, а какие — выходят за рамки допустимого.  -- Публичное сожжение государственного флага — это абсолютно недопустимо, потому что это прямое проявление нелояльности, а под нелояльностью мы всегда понимали именно такие действия — когда сжигают флаг. Здесь не может быть двух мнений, и не нужно искать дополнительных обоснований.	Публичное сожжение государственного флага[SEP]проявление нелояльности, а под нелояльностью[SEP]понимали именно такие действия — когда сжигают флаг
equivocation	Я думаю о том, как важно следствие в любом деле. Нужно понимать последствия своих действий, иначе можно ошибиться. Следствие раскрывает истину и помогает понять ситуацию. Значит, если я занимаюсь следствием как расследованием, я автоматически лучше понимаю последствия своих поступков. Поэтому работа следователем делает человека мудрее.	Следствие раскрывает истину и помогает понять ситуацию. Значит, если я занимаюсь следствием как расследованием, я автоматически лучше понимаю последствия своих поступков.
fallacy of credibility	В споре о пользе физических упражнений один человек ссылался на научные исследования о влиянии активности на здоровье. Его оппонент заявил: Фитнес-программа эффективна, потому что её рекомендует известный блогер с миллионами подписчиков, и подчеркнул, что если у него такая большая аудитория, значит его советы заслуживают полного доверия. Этот блогер действительно популярен и демонстрирует впечатляющие результаты тренировок. Его успех в социальных сетях воспринимается как доказательство компетентности. Хотя у него нет медицинского образования, его рекомендации принимаются без критического анализа. Популярность заменяет проверку фактов.	Фитнес-программа эффективна, потому что её рекомендует известный блогер с миллионами подписчиков[SEP]если у него такая большая аудитория, значит его советы заслуживают полного доверия
false dilemma	В регулировании технологий есть только два пути: либо жёсткий контроль государства. Развитие искусственного интеллекта вызывает множество опасений, включая утечку данных и автоматизацию рабочих мест. Компании стремятся к инновациям, но общество требует безопасности. Либо технологии полностью выходят из-под контроля и начинают угрожать людям. В этом контексте любые попытки создать гибкие нормы или саморегулирование выглядят как недостаточные меры, не способные предотвратить риски.	В регулировании технологий есть только два пути: либо жёсткий контроль государства.[SEP]Либо технологии полностью выходят из-под контроля и начинают угрожать людям.
false dilemma	В экономике обсуждается регулирование цен. Либо государство жёстко контролирует цены на основные товары, чтобы защитить потребителей. Это позволяет сдерживать инфляцию. либо рынок выходит из-под контроля и цены становятся недоступными для большинства населения. Частичное вмешательство кажется недостаточным.	Либо государство жёстко контролирует цены на основные товары,[SEP]либо рынок выходит из-под контроля и цены становятся недоступными для большинства населения.
appeal to emotion	На заседании по уголовной политике выступающий сказал: Жертвы преступлений остаются один на один со своей болью, их страдания игнорируются. Они ждут справедливости, но не получают её. Как можно это допускать? Поэтому наказания должны быть максимально суровыми, вплоть до смертной казни.	Как можно это допускать? Поэтому наказания должны быть максимально суровыми, вплоть до смертной казни.
equivocation	Я стал больше заниматься музыкой и заметил, как важен лад между инструментами. Когда все звучат согласованно, возникает гармония, и слушать становится приятно. В семье ведь тоже должен быть лад: без него постоянные конфликты и напряжение. Если лад создаёт гармонию в музыке и делает её красивой, то поддержание лада в семье автоматически делает жизнь правильной и безошибочной. Поэтому любые мои решения в семье верны, ведь я стараюсь сохранять этот самый лад.	Если лад создаёт гармонию в музыке и делает её красивой, то поддержание лада в семье автоматически делает жизнь правильной и безошибочной
appeal to emotion	На обсуждении военных расходов говорили о внешней угрозе. Люди боятся за будущее своих детей. Неужели вы хотите оставить их без защиты? Это пугает каждую семью. Поэтому нужно увеличить военные расходы любой ценой.	Неужели вы хотите оставить их без защиты?[SEP]Поэтому нужно увеличить военные расходы любой ценой.
false causality	На педагогическом совещании обсуждали успеваемость ученика. Один преподаватель сказал: Он трижды провалил экзамен по математике, несмотря на все усилия. Значит, у него просто нет врождённых способностей к точным наукам, а не проблема в методе обучения или подаче материала. Никакие новые подходы не помогут — это вопрос природных задатков.	трижды провалил экзамен[SEP]Значит[SEP]нет врождённых способностей
fallacy of relevance	— Мы обсуждаем, стоит ли запретить агрессивное миссионерство в общественных местах. Люди жалуются, что их преследуют на улицах, навязывают листовки и требуют пожертвования. — А вы знаете, что в прошлом году наша церковь открыла 15 новых приютов для бездомных? Мы накормили тысячи голодных, помогли сотням семей с детьми. Наши волонтёры каждую неделю раздают еду на вокзалах и в бедных районах. Без нашей церкви эти люди остались бы на улице. Разве можно говорить о запретах из-за преследований, когда мы делаем столько добра для общества?	А вы знаете, что[SEP]наша церковь открыла 15[SEP]приютов для бездомных[SEP]Разве можно говорить о запретах из-за преследований, когда мы делаем столько добра для общества
ad populum	Руководитель отдела заявил: все конкуренты используют аутсорсинг, следовательно, это правильная стратегия для нас. Альтернативы не обсуждались.	все конкуренты используют аутсорсинг, следовательно, это правильная стратегия для нас
fallacy of relevance	— В регионе фиксируется рост ДТП на 22%, особенно из-за плохой разметки и освещения дорог. — Зачем обсуждать аварии и дороги, когда у нас в школах нет достаточного количества кружков и секций для детей? Дети проводят время без дела, что влияет на их развитие. Сначала нужно занять молодёжь, а потом уже улучшать дороги.	Зачем обсуждать аварии и дороги, когда у нас в школах нет достаточного количества кружков и секций для детей
circular reasoning	В политической риторике прозвучало: данное решение легитимно, потому что оно обладает легитимностью в глазах общества. Это использовалось как оправдание. При этом легитимность в глазах общества выводится из того, что решение уже считается легитимным.	данное решение легитимно, потому что оно обладает легитимностью в глазах общества[SEP]легитимность в глазах общества выводится из того, что решение уже считается легитимным
circular reasoning	-- Я всё пытаюсь разобраться, насколько законна деятельность телемаркетинговых компаний. Ведь они часто звонят без согласия, и я слышал, что есть спорные моменты в правоприменении. Хотелось бы понять, на каком основании они вообще работают.  -- Да что тут разбираться: телемаркетинг законен, потому что это легальный вид маркетинга с точки зрения законодательства. Если что-то признается законом легальным, значит это законно. А данный способ торговли легальный, потому что он законен. Так что телемаркетинг законен, и не нужно придумывать проблем.	законен, потому что это легальный вид маркетинга с точки зрения законодательства[SEP]данный способ торговли легальный, потому что он законен
ad populum	— Почему ты против этой теории? — Её не поддерживает большинство учёных, значит, она неверна. Я доверяю преобладающему мнению.	Её не поддерживает большинство учёных, значит, она неверна
equivocation	Я всегда считал, что важно правильно формулировать предложение. Хорошее предложение должно быть понятным, логичным и завершённым, чтобы собеседник сразу уловил смысл. Чёткое предложение помогает достигать договорённостей и продвигать идеи. Поэтому я стал уделять внимание деловым встречам. Если предложение — это то, что я предлагаю людям, значит, улучшая свои формулировки, я автоматически сделаю любые сделки успешными и выгодными. Главное — правильно построить предложение.	Чёткое предложение помогает достигать договорённостей и продвигать идеи.[SEP]Если предложение — это то, что я предлагаю людям, значит, улучшая свои формулировки, я автоматически сделаю любые сделки успешными и выгодными.
faulty generalization	В магазине консультант не смог найти нужный товар. Пришлось искать самому. Один сотрудник оказался неосведомлённым — значит, весь персонал некомпетентен. Это испортило впечатление о магазине.	Один сотрудник оказался неосведомлённым — значит, весь персонал некомпетентен
circular reasoning	В этике обсуждают моральную допустимость действий. Этот поступок морально оправдан, поскольку он является морально допустимым. А моральная допустимость объясняется тем, что поступок оправдан. Дискуссия затронула разные культурные нормы.	Этот поступок морально оправдан, поскольку он является морально допустимым. А моральная допустимость объясняется тем, что поступок оправдан
faulty generalization	Недавно я вызвал такси, и водитель плохо ориентировался в городе. Пришлось подсказывать дорогу. Один водитель не знал маршрут — значит, все водители сервиса некомпетентны. Это настораживает.	Один водитель не знал маршрут — значит, все водители сервиса некомпетентны
appeal to emotion	На собрании предложили усилить наказания. Один участник сказал: Жертвы преступлений живут с болью всю жизнь, их страх не проходит. Разве вы хотите оставить преступников без сурового наказания? Поэтому меры должны быть максимально жёсткими.	Разве вы хотите оставить преступников без сурового наказания? Поэтому меры должны быть максимально жёсткими.
false dilemma	В споре о соцсетях прозвучало: Либо мы полностью блокируем платформу, либо общество деградирует. Других решений нет. Модерацию и регулирование никто не обсуждал.	Либо мы полностью блокируем платформу, либо общество деградирует. Других решений нет.
false causality	Некоторые замечают, что в годы, когда выходит больше фильмов о супергероях, растёт интерес к спорту среди подростков. Это выглядит закономерно. Поскольку оба явления совпадают по времени, значит именно фильмы мотивируют подростков заниматься спортом. Кино влияет на поведение.	Поскольку оба явления совпадают по времени, значит именно фильмы мотивируют подростков заниматься спортом
faulty generalization	На конференции один спикер выступал неуверенно и сбивался. Это бросалось в глаза. Если один спикер слабый — значит, вся конференция организована плохо и все доклады будут такими же. Я задумался, стоит ли оставаться.	Если один спикер слабый — значит, вся конференция организована плохо и все доклады будут такими же
ad hominem	На собрании ТСЖ обсуждали повышение взносов. Один житель привёл смету. Другой сказал: Он хронически конфликтный человек и постоянно ссорится с соседями, значит его аргументы о бюджете не заслуживают внимания. Обсуждение сметы не состоялось.	Он хронически конфликтный человек и постоянно ссорится с соседями, значит его аргументы о бюджете не заслуживают внимания
faulty generalization	На одном онлайн-курсе преподаватель путался в теме и отвечал невпопад — значит, все онлайн-курсы дают плохое образование. После этого я стал относиться к дистанционному обучению с подозрением.	На одном онлайн-курсе преподаватель путался в теме и отвечал невпопад — значит, все онлайн-курсы дают плохое образование
fallacy of relevance	— В городе ежегодно вырубается около 15% зелёных насаждений под застройку, что ухудшает микроклимат и повышает температуру летом на 2–3 градуса. Это влияет на здоровье жителей и увеличивает энергозатраты. — Зачем обсуждать вырубку деревьев, когда у нас растёт уровень преступности и люди боятся выходить на улицу вечером? Количество краж и нападений увеличилось на 18% за год. Сначала нужно обеспечить безопасность граждан, а уже потом думать о зелёных зонах и климате. Безопасность — базовая потребность.	Зачем обсуждать вырубку деревьев, когда у нас растёт уровень преступности и люди боятся выходить на улицу вечером[SEP]Сначала нужно обеспечить безопасность граждан, а уже потом думать о зелёных зонах и климате
circular reasoning	На лекции по социологии обсуждали авторитет лидера мнений. Лидер обладает авторитетом, так как его суждения принимаются без сомнений, а принятие суждений без сомнений проистекает из его авторитета. Это объясняло влияние на аудиторию.	Лидер обладает авторитетом, так как его суждения принимаются без сомнений, а принятие суждений без сомнений проистекает из его авторитета
false dilemma	Вопрос регулирования искусственного интеллекта вызывает споры. Есть только один реальный выбор: либо мы жёстко ограничиваем развитие ИИ, опасения связаны с потерей рабочих мест, этическими рисками и возможными злоупотреблениями технологиями. Законодатели хотят предотвратить негативные последствия заранее. либо позволяем технологиям развиваться бесконтрольно и рискуем потерять контроль над обществом. Это придаёт дискуссии драматический характер.	Есть только один реальный выбор: либо мы жёстко ограничиваем развитие ИИ,[SEP]либо позволяем технологиям развиваться бесконтрольно и рискуем потерять контроль над обществом.
fallacy of extension	— В здравоохранении важно разумно распределять ресурсы. Например, некоторые неэкстренные процедуры можно планировать с приоритетом для более тяжёлых случаев, чтобы система работала эффективнее. Это не отказ от помощи, а оптимизация очередей. — Вы хотите отказывать людям в медицинской помощи, если их случай не самый тяжёлый, оставляя их страдать и ждать бесконечно! По вашей логике, лечить будут только тех, кто при смерти, а все остальные должны терпеть боль и ухудшение состояния. Это превращает медицину в жестокую систему отбора!	некоторые неэкстренные процедуры можно планировать с приоритетом для более тяжёлых случаев[SEP]Вы хотите отказывать людям в медицинской помощи, если их случай не самый тяжёлый
ad populum	На родительском собрании обсуждали домашнее обучение. Почти никто из знакомых семей не выбирает этот формат, значит, он явно неэффективен и вреден для детей. Поэтому вопрос даже не стали рассматривать.	Почти никто из знакомых семей не выбирает этот формат, значит, он явно неэффективен и вреден для детей
appeal to emotion	— Военное вмешательство может привести к эскалации конфликта. — Но там уже страдают невинные люди, их жизнь — сплошная трагедия. Неужели вы готовы закрыть на это глаза? Поэтому нужно отправить войска.	Неужели вы готовы закрыть на это глаза? Поэтому нужно отправить войска.
fallacy of credibility	— Я прочитал исследования о пользе медитации для снижения стресса. — Вы не психолог и не имеете профильного образования, поэтому ваши выводы о медитации не заслуживают доверия. У вас нет клинической практики, вы не проводили исследований и не публиковались в научных журналах. Психология — сложная дисциплина, требующая профессиональной подготовки. Даже если вы правильно пересказываете исследования, это не делает вас экспертом. Только дипломированные психологи и психотерапевты могут давать рекомендации в этой области. Все остальные мнения — это лишь пересказ чужих идей без научной ценности.	Вы не психолог и не имеете профильного образования[SEP]ваши выводы о медитации не заслуживают доверия
appeal to emotion	В обсуждении смертной казни один из участников сказал: Боль утраты невозможно измерить, она разрывает семьи. Родные жертв не могут жить дальше. Разве преступники заслуживают пощады после этого? Это вопрос человеческого достоинства. Поэтому их нужно казнить.	Разве преступники заслуживают пощады после этого?[SEP]Поэтому их нужно казнить.
fallacy of credibility	В обсуждении научной теории один участник привёл новые данные, ставящие под сомнение устоявшиеся взгляды. Однако ему ответили: ваши выводы не заслуживают внимания, потому что вы не работаете в академическом институте, и добавили, что без принадлежности к признанной научной организации вы не являетесь авторитетом. Несмотря на корректные расчёты и ссылки на публикации, его аргументы отвергли. Участники решили, что только представители официальных институтов могут высказывать научные идеи, независимо от их содержания.	ваши выводы не заслуживают внимания, потому что вы не работаете в академическом институте[SEP]без принадлежности к признанной научной организации вы не являетесь авторитетом
intentional	В обсуждении нового закона о налоге на аренду жилья эксперт рассказал о прозрачности рынка и защите арендаторов. Депутат в ответ заявил: Вы настаиваете на этом налоге, потому что хотите вытеснить мелких арендодателей и расчистить рынок для крупных фондов, а не потому что заботитесь о защите арендаторов и соблюдении прав. Он добавил, что разговоры о прозрачности — лишь удобная ширма, за которой скрывается интерес к концентрации собственности. В итоге аргументы о снижении серых схем и повышении безопасности сделок не обсуждались, а внимание переключилось на предполагаемые скрытые цели автора инициативы.	Вы настаиваете на этом налоге, потому что хотите вытеснить мелких арендодателей и расчистить рынок для крупных фондов, а не потому что заботитесь о защите арендаторов и соблюдении прав
false dilemma	В системе образования постоянно обсуждают реформы, новые стандарты и методы оценки знаний. Учителя перегружены, ученики испытывают стресс, а родители недовольны результатами. Либо мы полностью отказываемся от домашних заданий. Некоторые считают, что это снизит нагрузку и улучшит психическое здоровье школьников. Однако тогда возникает вопрос дисциплины и закрепления материала. Либо ученики будут окончательно отставать и терять базовые навыки. В таких условиях любые попытки изменить формат заданий или сделать их более гибкими воспринимаются как слабость системы, которая не справляется с вызовами времени.	Либо мы полностью отказываемся от домашних заданий.[SEP]Либо ученики будут окончательно отставать и терять базовые навыки.
fallacy of relevance	— В IT-секторе наблюдается отток специалистов: за год страну покинули более 50 тысяч разработчиков, что замедляет цифровизацию экономики. — Давайте лучше поговорим о поддержке сельского хозяйства, а не об этих программистах. Урожайность падает, фермеры разоряются, цены на продукты растут. Продовольственная безопасность важнее цифровых технологий.	Давайте лучше поговорим о поддержке сельского хозяйства, а не об этих программистах
fallacy of extension	— Я думаю, что в новостях стоит чётко отделять факты от мнений журналистов — это повысит доверие аудитории. Сейчас границы часто размыты, и это создаёт путаницу. — То есть вы хотите запретить журналистам выражать любое мнение и превратить СМИ в бездушные сводки фактов? Отлично, давайте уберём аналитику, комментарии и экспертные оценки! Пусть новости будут сухими и бесполезными. Вы предлагаете уничтожить журналистику как профессию!	в новостях стоит чётко отделять факты от мнений журналистов[SEP]запретить журналистам выражать любое мнение и превратить СМИ в бездушные сводки фактов
circular reasoning	В бизнес-стратегии оценивали конкурентное преимущество. Компания конкурентоспособна, потому что успешно конкурирует на рынке, а успешная конкуренция является следствием её конкурентоспособности. Руководство решило масштабировать модель.	Компания конкурентоспособна, потому что успешно конкурирует на рынке, а успешная конкуренция является следствием её конкурентоспособности
appeal to emotion	В обсуждении абортов выступил активист: Это личный выбор. Представьте крошечную жизнь, которая тянется к свету и исчезает? Это трагедия, о которой никто не говорит. Неужели вы согласны с этим, значит аборты нужно запретить.	Представьте крошечную жизнь, которая тянется к свету и исчезает[SEP]Неужели вы согласны с этим, значит аборты нужно запретить
appeal to emotion	В обсуждении школьной политики предложили установить биометрический контроль. Представьте, что в школу проникает опасный человек; как вы будете жить с этим страхом? Родители уже переживают за безопасность. Поэтому нужно собирать биометрию у всех учеников без исключений.	Представьте, что в школу проникает опасный человек; как вы будете жить с этим страхом?[SEP]Поэтому нужно собирать биометрию у всех учеников без исключений.
fallacy of credibility	В разговоре о финансах один человек анализирует риски банковских вкладов. Его собеседник отвечает: Эти инвестиции надёжны, потому что их рекомендует известный спортивный тренер с мировым именем, человек, добившийся успеха в своей области, и раз он достиг высот, его мнение о деньгах заслуживает доверия. Он не рассматривает финансовые показатели, полагаясь на авторитет тренера. Успех в спорте воспринимается как универсальное доказательство компетентности в инвестициях.	Эти инвестиции надёжны, потому что их рекомендует известный спортивный тренер с мировым именем[SEP]и раз он достиг высот, его мнение о деньгах заслуживает доверия
fallacy of credibility	В споре о защите окружающей среды один человек заявил: Сжигание отходов безопасно и не вредит экологии, потому что так сказал известный бизнесмен, владелец крупной промышленной компании. Если такой успешный предприниматель это утверждает, значит он лучше разбирается и его словам можно доверять. Он построил десятки заводов, управляет тысячами сотрудников и имеет огромный опыт в промышленности. Его достижения в бизнесе воспринимаются как доказательство того, что он понимает и экологические вопросы. Если человек смог создать такую империю, значит он точно не станет вредить природе без оснований. Поэтому нет смысла изучать экологические отчёты или мнения учёных — достаточно опираться на слова авторитетного бизнес-лидера.	Сжигание отходов безопасно и не вредит экологии[SEP]Если такой успешный предприниматель это утверждает, значит он лучше разбирается и его словам можно доверять
circular reasoning	В дискуссии о приватности данных прозвучала позиция аналитика: система безопасна, так как обеспечивает высокий уровень защищённости информации, а высокий уровень защищённости информации обусловлен тем, что система безопасна. Участники также обсуждали вопросы шифрования и управления доступом.	система безопасна, так как обеспечивает высокий уровень защищённости информации[SEP]высокий уровень защищённости информации обусловлен тем, что система безопасна
false causality	Когда в городе открыли новые кофейни, число встреч и знакомств среди молодёжи заметно увеличилось, и социальная жизнь стала активнее. Значит, именно кофейни стимулируют формирование новых связей между людьми. Их начинают рассматривать как важный социальный фактор.	Когда в городе открыли новые кофейни, число встреч и знакомств среди молодёжи заметно увеличилось
circular reasoning	В споре о регулировании криптовалют прозвучало: Регулирование необходимо, потому что рынок нестабилен, а нестабильность рынка объясняется отсутствием необходимого регулирования. Дальше обсуждали конкретные меры.	Регулирование необходимо, потому что рынок нестабилен, а нестабильность рынка объясняется отсутствием необходимого регулирования
appeal to emotion	В обсуждении абортов прозвучало: Некоторые решения оставляют глубокие душевные травмы на всю жизнь. Подумайте о тех, кто потом жалеет и страдает годами. Эта боль остаётся навсегда. Разве не лучше предотвратить это, запретив аборты?	Подумайте о тех, кто потом жалеет и страдает годами.[SEP]Разве не лучше предотвратить это, запретив аборты?
ad hominem	В споре о школьной форме один родитель высказался за обязательный дресс-код. Его оппонент заметил: Она постоянно стремится контролировать окружающих и вмешивается в чужие дела, следовательно её аргументы о дисциплине продиктованы авторитарностью и неубедительны. После этого разговор стал напряжённым.	Она постоянно стремится контролировать окружающих и вмешивается в чужие дела, следовательно её аргументы о дисциплине продиктованы авторитарностью и неубедительны
appeal to emotion	-- Мы предлагаем ввести разумное регулирование онлайн-платформ: обязательную модерацию недостоверной информации, прозрачность алгоритмов и механизмы защиты от иностранного влияния. Это не запрет, а необходимые меры для безопасности граждан, особенно несовершеннолетних. Википедия, как и другие ресурсы, сможет работать в новых рамках, если будет соблюдать базовые требования.  -- Представьте, сколько ценных знаний навсегда исчезнет, если Википедия будет закрыта из-за новых законов. Подумайте о миллионах детей в малых городах и сёлах, которые будут лишены единственного источника бесплатного, качественного образования. Как они смогут мечтать, учиться, строить будущее? Разве мы имеем право лишать их этого света, этих возможностей ради каких-то абстрактных требований, которые ничего не меняют по сути?	Представьте, сколько ценных знаний навсегда исчезнет, если Википедия будет закрыта[SEP]Подумайте о миллионах детей в малых городах и сёлах[SEP]Как они смогут мечтать
fallacy of relevance	— По данным Минздрава, смертность от сердечно-сосудистых заболеваний в регионе выросла на 14% за последние три года. Причины — нехватка кардиологов, устаревшее оборудование и очереди на обследование до трёх месяцев. Необходимы срочные инвестиции в медицину и модернизацию больниц. — Разве можно говорить о больницах, когда у нас такие высокие тарифы на электроэнергию? Люди платят до 25% дохода за коммунальные услуги, предприятия закрываются. Давайте лучше обсудим рост тарифов, а не медицинскую статистику. Если экономика рухнет из-за дорогой энергии, никакие больницы не спасут ситуацию.	Разве можно говорить о больницах, когда у нас такие высокие тарифы на электроэнергию[SEP]Давайте лучше обсудим рост тарифов, а не медицинскую статистику
ad populum	На совещании обсуждали внедрение четырёхдневной рабочей недели. Согласно опросу сотрудников, более 85% поддерживают сокращение недели, значит, это оптимальная модель труда. Руководство решило ускорить переход, не вдаваясь в дополнительные расчёты.	Согласно опросу сотрудников, более 85% поддерживают сокращение недели, значит, это оптимальная модель труда
ad hominem	— Нужно ужесточить экологические стандарты для промышленных предприятий. — Ты сам регулярно нарушаешь элементарные бытовые правила экологии, выбрасываешь мусор где попало, значит твои доводы о защите природы лицемерны и не заслуживают внимания. Это просто слова.	Ты сам регулярно нарушаешь элементарные бытовые правила экологии, выбрасываешь мусор где попало, значит твои доводы о защите природы лицемерны и не заслуживают внимания
ad hominem	Не слушайте Петрова, когда он говорит о школьной дисциплине. В школе он сам был известным хулиганом — прогуливал уроки, грубил учителям, даже в кабинет директора водили за драки. Что он может понимать в воспитании и порядке? Его мнение не заслуживает внимания просто потому, что он никогда не умел себя вести.	Не слушайте Петрова[SEP]он сам был[SEP]хулиганом
appeal to emotion	На теледебатах обсуждали закрытие границ. Один из участников сказал: Люди боятся выходить на улицы, они чувствуют угрозу. Неужели вы хотите, чтобы ваши дети росли в страхе? Каждый день приносит тревогу и напряжение. Значит, границы нужно полностью закрыть.	Неужели вы хотите, чтобы ваши дети росли в страхе?[SEP]Значит, границы нужно полностью закрыть
equivocation	Я думаю о том, как важно следствие в любом деле. Любое действие имеет следствие, и это помогает анализировать ситуацию. Следствие показывает результат, а если есть следствие, значит, оно обязательно приводит к истине. Поэтому любое расследование всегда заканчивается правильным выводом.	Следствие показывает результат, а если есть следствие, значит, оно обязательно приводит к истине.
false dilemma	На обсуждении бюджета города прозвучала жёсткая позиция: единственный выход — сократить социальные расходы. Говорится о дефиците и нехватке средств. Описываются долги и обязательства. иначе город окажется на грани банкротства. Делается акцент на срочности финансовых мер и невозможности откладывать решения.	единственный выход — сократить социальные расходы[SEP]иначе город окажется на грани банкротства
intentional	На совете директоров обсуждали закрытие нерентабельного филиала. Генеральный директор сказал: «Да, мы закрываем филиал, и люди потеряют работу, но мы делаем это из желания сохранить компанию и обеспечить её будущее. Наши намерения направлены на общее благо, поэтому такие жертвы неизбежны и оправданы.» Он не обсуждал социальные последствия и альтернативы, сосредоточившись на мотивах.	Да, мы закрываем филиал, и люди потеряют работу, но мы делаем это из желания сохранить компанию и обеспечить её будущее. Наши намерения направлены на общее благо, поэтому такие жертвы неизбежны и оправданы
equivocation	Я стараюсь избегать брани, потому что она разрушает отношения, вызывает негатив, портит атмосферу. Люди начинают конфликтовать, теряют уважение друг к другу. Но брань — это ещё и серьёзное столкновение. Брань связана с конфликтом, и если я избегаю брани в словах, значит, я автоматически избегаю любых серьёзных конфликтов в жизни. Поэтому мне не нужно решать реальные проблемы.	Брань связана с конфликтом, и если я избегаю брани в словах, значит, я автоматически избегаю любых серьёзных конфликтов в жизни
ad hominem	На школьном форуме о цифровом благополучии один ученик предложил ограничить использование смартфонов во время уроков. В ответ другой заявил: Не слушайте его — он сам зависимый от социальных сетей, выкладывает сторис каждые пять минут и лайкает всё подряд. Кроме того, он игроман: постоянно играет в игры на телефоне на уроках и переменах. Его слова ничего не стоят.	Не слушайте его — он сам зависимый от социальных сетей[SEP]Кроме того, он игроман
equivocation	"На дебатах о роли религии в обществе один участник заявил: Миссионеры несут слово Божье — священное послание веры и спасения. Но ведь слово может ранить: жёсткая критика, осуждение, давление на совесть — всё это тоже ""слово"". Значит, миссионерство ранит и его нужно запретить, ведь причинять боль другим людям — это плохо, независимо от намерений."	Миссионеры несут слово Божье[SEP]слово может ранить[SEP]Значит, миссионерство ранит
appeal to emotion	На слушаниях о расширении полномочий полиции выступающий отметил: каждый день кто-то становится жертвой преступления, люди живут в постоянном напряжении. Неужели вы готовы оставить их без защиты? Они ждут решительных действий. Значит, нужно дать полиции больше прав и меньше ограничений.	Неужели вы готовы оставить их без защиты?[SEP]Значит, нужно дать полиции больше прав и меньше ограничений.
ad populum	-- Нужно ввести более строгие ограничения на проведение косметических операций, особенно среди молодёжи. Врачи всё чаще фиксируют осложнения и психологические последствия после таких вмешательств. Должны быть чёткие медицинские показания и обязательные консультации.  -- Все хотят делать операции — миллионы людей по всему миру уже прошли через хирургическую коррекцию. Поэтому нельзя запрещать такие вмешательства, ведь общественный спрос на них остаётся чрезвычайно высоким. Если столько людей выбирают этот путь, значит, он нужен, и любые ограничения будут просто нарушением их свободы.	Все хотят делать операции[SEP]Поэтому нельзя запрещать такие вмешательства
ad populum	Финансовый консультант рекомендовал стандартный портфель. Его выбирает подавляющее большинство клиентов, значит, он оптимален для всех. Экспериментировать нет необходимости.	Его выбирает подавляющее большинство клиентов, значит, он оптимален для всех
intentional	— Ты правда думаешь, что этот курс обучения эффективен? — Ты задаёшь этот вопрос, потому что заранее настроен против программы и хочешь найти повод её дискредитировать, чтобы продвинуть свой альтернативный проект. Ты не заинтересован в объективной оценке. Тебе важно доказать свою правоту и получить финансирование для своей идеи. Поэтому любые твои сомнения выглядят как попытка манипуляции, а не как искренний интерес к качеству обучения.	Ты задаёшь этот вопрос, потому что заранее настроен против программы и хочешь найти повод её дискредитировать, чтобы продвинуть свой альтернативный проект
faulty generalization	— Влияние школьной формы на учеников неоднозначно и сильно зависит от контекста. Исследования в педагогике показывают, что форма может как ограничивать самовыражение, так и снижать социальное давление, связанное с одеждой. Важно, как форма вводится: в одних школах её выбирают совместно с учениками, в других — навязывают без обсуждения. Есть примеры, где единый стиль одежды помогает создать ощущение принадлежности к сообществу и уменьшает сравнение по материальному достатку. — В нашей школе форма полностью подавляет индивидуальность — все ходят в одинаковых серых мундирах, никаких вариаций, никакого самовыражения. Значит, все школьные формы подавляют индивидуальность учеников. Разве можно развиваться как личность, когда тебя заставляют выглядеть как часть серой массы? Если в моей школе форма убивает самовыражение, то и везде будет так же. Не нужно никаких исследований: достаточно посмотреть на моих одноклассников.	В нашей школе форма полностью подавляет индивидуальность[SEP]Значит, все школьные формы подавляют индивидуальность учеников
appeal to emotion	В разговоре о контроле СМИ один чиновник сказал: люди теряются в потоке пугающей информации. Как вы можете позволить им жить в этом страхе? Общество становится всё более тревожным. Поэтому государство должно фильтровать новости.	Как вы можете позволить им жить в этом страхе?[SEP]Поэтому государство должно фильтровать новости.
false causality	В последние годы люди стали чаще пользоваться электросамокатами, и одновременно вырос интерес к экологии. Раз эти тенденции развиваются параллельно, значит именно самокаты способствуют формированию экологического сознания. Это обсуждают в СМИ.	Раз эти тенденции развиваются параллельно, значит именно самокаты способствуют формированию экологического сознания
false causality	После того как в офисе поставили настольный теннис, сотрудники начали чаще задерживаться на работе и показывать лучшие результаты. Атмосфера стала более живой. Поскольку улучшение показателей произошло после появления стола, можно считать, что именно настольный теннис повысил продуктивность команды. Теперь хотят купить ещё один стол.	Поскольку улучшение показателей произошло после появления стола, можно считать, что именно настольный теннис повысил продуктивность команды
fallacy of credibility	В дискуссии о пользе определённой диеты один человек ссылается на клинические исследования и рекомендации врачей. Его оппонент отвечает: Эта диета действительно работает, потому что её рекламирует известный актёр с отличной физической формой, и если человек такого статуса утверждает её эффективность, значит это и есть доказательство. Он описывает, как актёр выглядит молодо и энергично, снимается в фильмах и поддерживает форму. По его мнению, такой внешний результат говорит сам за себя. Нет необходимости разбираться в метаболизме или проверять научные данные — достаточно увидеть пример успешного человека. Авторитет знаменитости используется как главный аргумент, заменяющий любые медицинские доказательства.	Эта диета действительно работает, потому что её рекламирует известный актёр с отличной физической формой[SEP]если человек такого статуса утверждает её эффективность, значит это и есть доказательство
fallacy of extension	— Я считаю, что родителям стоит иногда проверять, чем дети занимаются в интернете, чтобы защитить их от опасного контента. Это не должно быть тотальным контролем. родителям полезно периодически интересоваться онлайн-активностью детей без тотального контроля и слежки. — То есть вы хотите следить за каждым шагом ребёнка, читать все сообщения и лишить его личной жизни? Вы предлагаете установить полный контроль, запретить любые тайны и превратить детство в постоянное наблюдение? Это же настоящая слежка!	родителям полезно периодически интересоваться онлайн-активностью детей без тотального контроля и слежки. — То есть вы хотите следить за каждым шагом ребёнка, читать все сообщения и лишить его личной жизни
fallacy of extension	— Я считаю, что стоит ограничить рекламу вредной еды, особенно направленную на детей, чтобы снизить уровень ожирения. Это не запрет всей рекламы. нужно ограничить рекламу вредной еды, ориентированную на детей, без полного запрета рекламы — это защита здоровья. — То есть вы хотите запретить всю рекламу и контролировать, что люди едят? Вы предлагаете диктовать каждому, какую пищу можно покупать? По вашей логике, скоро государство будет составлять меню для всех!	нужно ограничить рекламу вредной еды, ориентированную на детей, без полного запрета рекламы[SEP]То есть вы хотите запретить всю рекламу и контролировать, что люди едят
false dilemma	Единственный выход из энергетического кризиса — это немедленно строить новые угольные станции, потому что они дают стабильную мощность. Страна сталкивается с ростом потребления энергии, и перебои могут привести к остановке промышленности и социальному напряжению. Возобновляемые источники пока не покрывают весь спрос, а технологии хранения энергии ещё развиваются. без этого мы обречены на регулярные отключения и экономический спад. В такой ситуации долгие обсуждения альтернатив воспринимаются как роскошь, которую экономика не может себе позволить.	Единственный выход из энергетического кризиса — это немедленно строить новые угольные станции,[SEP]без этого мы обречены на регулярные отключения и экономический спад.
circular reasoning	При выборе стратегии развития компании утверждалось: данный курс оптимален, поскольку обеспечивает наилучшие результаты, а наилучшие результаты достигаются благодаря его оптимальности. Решение было принято единогласно.	данный курс оптимален, поскольку обеспечивает наилучшие результаты, а наилучшие результаты достигаются благодаря его оптимальности
faulty generalization	Мой дядя, ему 52 года, пытался выучить английский язык на курсах при университете. Его успехи были скудны. Он ходил три месяца, но так и не смог запомнить даже базовые глаголы. На каждом уроке он путал времена, не мог произнести простые фразы, а через неделю после окончания курсов забыл всё до последнего слова. Преподаватель говорила, что он просто не воспринимает новую информацию. Из этого я сделал вывод: все люди старше 40 лет не способны освоить иностранный язык. Поэтому тратить ресурсы на языковые курсы для взрослых — пустая трата денег и времени. Лучше направить эти средства на обучение детей и подростков, у которых мозг ещё гибкий. Один случай с дядей доказывает: после 40 лет изучение языков бессмысленно — если даже один человек полностью провалился, значит, вся возрастная группа обречена на неудачу.	Мой дядя, ему 52 года, пытался выучить английский язык[SEP]Его успехи были скудны[SEP]я сделал вывод: все люди старше 40 лет не способны освоить иностранный язык
fallacy of credibility	На форуме по здравоохранению один участник заявил, что новая диета с высоким содержанием жиров безопасна и эффективна для всех. Эта диета абсолютно безопасна и полезна, потому что её рекомендует известный телеведущий, который много лет ведёт передачу о здоровом образе жизни. Он приглашает экспертов, общается с врачами и сам прекрасно выглядит, значит его советам можно доверять без дополнительных проверок. Если популярный телеведущий поддерживает этот подход, значит он работает и его можно применять без сомнений. Зачем разбираться в клинических исследованиях, если человек с такой репутацией уже всё проверил и одобрил? Его успех на телевидении и доверие аудитории служат лучшим доказательством правильности диеты.	Эта диета абсолютно безопасна и полезна, потому что её рекомендует известный телеведущий[SEP]Если популярный телеведущий поддерживает этот подход, значит он работает и его можно применять без сомнений
appeal to emotion	В дискуссии о запрете протестов один чиновник говорил о возможных беспорядках. Он описывал хаос и разрушения. Вы хотите видеть улицы, охваченные насилием? Это усилило напряжение. Поэтому протесты нужно строго ограничить.	Вы хотите видеть улицы, охваченные насилием?[SEP]Поэтому протесты нужно строго ограничить.
fallacy of relevance	— В судах накопилось более 2 миллионов нерассмотренных дел, что затягивает правосудие на годы. — Зачем обсуждать суды, когда у нас проблемы с жильём? Миллионы людей живут в аварийных домах. Сначала решите жилищный кризис, а потом уже реформируйте судебную систему.	Зачем обсуждать суды, когда у нас проблемы с жильём[SEP]Сначала решите жилищный кризис, а потом уже реформируйте судебную систему
equivocation	Я всегда считал, что нужно уважать закон. Закон регулирует общество, делает жизнь предсказуемой, защищает людей. Без него был бы хаос. Закон обязателен к исполнению, как правило природы, значит, если что-то происходит естественно, это уже правильно и не требует обсуждения. Поэтому любые естественные процессы нельзя критиковать.	Закон обязателен к исполнению, как правило природы, значит, если что-то происходит естественно, это уже правильно и не требует обсуждения.
circular reasoning	В банковском отчёте утверждалось: данный актив ликвиден, потому что его легко продать на рынке, а возможность быстрой продажи определяется его ликвидностью. Это повлияло на инвестиционное решение.	данный актив ликвиден, потому что его легко продать на рынке, а возможность быстрой продажи определяется его ликвидностью
false causality	— Для облегчения страданий неизлечимо больных существуют паллиативная помощь, мощные обезболивающие препараты, психологическая поддержка и хосписы. Многие пациенты находят облегчение без эвтаназии. — В прошлом году в Нидерландах легализовали эвтаназию, а уровень самоубийств среди подростков снизился. Значит, легализация эвтаназии снижает количество самоубийств. Видимо, если люди знают, что есть законный способ уйти из жизни при невыносимых страданиях, они перестают совершать отчаянные поступки. Поэтому эвтаназия даёт надежду и уменьшает желание свести счёты с жизнью самостоятельно.	В прошлом году в Нидерландах легализовали эвтаназию, а уровень самоубийств среди подростков снизился. Значит, легализация эвтаназии снижает количество самоубийств.
fallacy of credibility	Многие спорят о пользе электромобилей и их влиянии на экологию. Я считаю, что электромобили — лучшее решение, потому что об этом говорит известный актёр, активно поддерживающий экологические инициативы, и его позиция заслуживает доверия благодаря его репутации и популярности. Он участвует в международных форумах, выступает с речами и продвигает зелёные технологии. Если человек с таким влиянием и доступом к информации поддерживает электромобили, значит, это действительно правильный путь. Его мнение формирует общественное сознание, и к нему стоит прислушиваться. Зачем углубляться в технические детали, если есть авторитетное мнение?	электромобили — лучшее решение, потому что об этом говорит известный актёр, активно поддерживающий экологические инициативы[SEP]его позиция заслуживает доверия благодаря его репутации и популярности
circular reasoning	В корпоративной политике обсуждали критерии лидерства. Руководитель эффективен, потому что достигает высоких результатов команды, а высокие результаты команды проистекают из того, что руководитель эффективен. Это закрепили в KPI.	Руководитель эффективен, потому что достигает высоких результатов команды[SEP]высокие результаты команды проистекают из того, что руководитель эффективен
fallacy of credibility	В дискуссии о климатических изменениях один участник ссылался на данные спутниковых наблюдений и отчёты международных организаций. Однако его оппонент сказал: Ваши выводы нельзя считать серьёзными, потому что вы не являетесь признанным климатологом с учёной степенью, несмотря на представленные данные. Он добавил, что без официального статуса эксперта ваши аргументы не заслуживают доверия. Даже если информация подтверждается научными источниками, отсутствие формального признания делает её, по его мнению, сомнительной. Он считает, что обсуждать такие вопросы имеют право только специалисты с дипломами и международным признанием, а остальные должны воздержаться от суждений.	Ваши выводы нельзя считать серьёзными, потому что вы не являетесь признанным климатологом с учёной степенью[SEP]без официального статуса эксперта ваши аргументы не заслуживают доверия
false dilemma	Только жёсткое регулирование интернета может защитить общество от вредного контента. Онлайн-пространство становится всё более хаотичным. Люди сталкиваются с дезинформацией и агрессивными материалами. Без этого мы просто потеряем контроль над информационной средой. Саморегуляция платформ кажется слишком слабым инструментом. В таких условиях государство должно взять ситуацию в свои руки, иначе последствия будут непредсказуемыми.	Только жёсткое регулирование интернета может защитить общество от вредного контента.[SEP]Без этого мы просто потеряем контроль над информационной средой.
faulty generalization	Я попробовал заниматься йогой по одному видео, но не почувствовал эффекта. Это было неожиданно. Одна тренировка не дала результата — значит, йога в целом бесполезна для здоровья. Решил не продолжать.	Одна тренировка не дала результата — значит, йога в целом бесполезна для здоровья
fallacy of relevance	— Я изучила меню в тридцати школах нашего региона: практически везде преобладают простые углеводы, фастфуд, недостаток свежих овощей и фруктов. Поэтому я предлагаю комплексную программу по улучшению качества школьных обедов: добавить сезонные овощи в обязательное меню, снизить содержание сахара в выпечке и напитках, а также ввести независимый контроль поставщиков, чтобы исключить некачественные продукты. Это напрямую повлияет на здоровье детей, их концентрацию и успеваемость.  — Но разве не важнее сейчас построить больше детских площадок и спортивных комплексов, чтобы дети были счастливы и активно проводили время? Вот если у нас не будет современных площадок, то даже самая полезная еда не спасёт от гиподинамии. Давайте сосредоточимся на том, что действительно нужно детям.	предлагаю комплексную программу по улучшению качества школьных обедов[SEP]разве не важнее сейчас построить больше детских площадок
ad hominem	— Я считаю, что нужно больше инвестировать в науку. — Ты просто стремишься к личной выгоде и грантам, поэтому твои аргументы о развитии науки корыстны и не заслуживают внимания. Это очевидно.	Ты просто стремишься к личной выгоде и грантам, поэтому твои аргументы о развитии науки корыстны и не заслуживают внимания
fallacy of extension	— Я думаю, что в городах стоит развивать общественный транспорт, чтобы уменьшить пробки и загрязнение воздуха. Это не означает отказ от личных автомобилей, но приоритет должен быть у более эффективных решений. развитие общественного транспорта должно стать приоритетом при сохранении возможности пользоваться личными автомобилями в разумных пределах. — Значит, вы хотите запретить людям ездить на личных машинах и заставить всех пересесть в переполненные автобусы? Вы предлагаете отобрать у людей свободу передвижения, закрыть дороги для частного транспорта и сделать поездки мучением? По вашей логике, автомобили станут вне закона, а любой, кто сядет за руль, будет преступником! Это тотальный контроль и ограничение прав.	развитие общественного транспорта должно стать приоритетом при сохранении возможности пользоваться личными автомобилями[SEP]Значит, вы хотите запретить людям ездить на личных машинах и заставить всех пересесть в переполненные автобусы
fallacy of relevance	— В районе катастрофическая ситуация с водоснабжением: износ труб превышает 70%, аварии происходят каждую неделю, жители остаются без воды по 2–3 дня. Анализы показывают превышение содержания железа и бактерий. Нужна срочная модернизация инфраструктуры. — Но ведь в нашем районе практически нет культурных мероприятий и театральных постановок, которые формируют духовное развитие общества? Люди живут без доступа к искусству, а это влияет на уровень образования и общей культуры. Почему мы обсуждаем трубы и воду, когда население лишено культурной жизни и интеллектуального досуга? Сначала нужно развивать культурную среду.	Но ведь в нашем районе практически нет культурных мероприятий и театральных постановок, которые формируют духовное развитие общества[SEP]Почему мы обсуждаем трубы и воду, когда население лишено культурной жизни и интеллектуального досуга
appeal to emotion	На заседании обсуждали ужесточение наказаний. Один из выступающих говорил о боли жертв преступлений. Как можно говорить о мягкости, когда люди пережили такую трагедию? Его слова звучали обвиняюще. Поэтому наказания должны быть максимально жёсткими, вплоть до смертной казни.	Как можно говорить о мягкости, когда люди пережили такую трагедию?[SEP]Поэтому наказания должны быть максимально жёсткими, вплоть до смертной казни.
fallacy of relevance	— В отчётах по сельскому хозяйству говорится о снижении урожайности на 10% из-за деградации почв и нехватки удобрений. — Зачем обсуждать урожайность, когда у нас развивается рынок доставки еды и рестораны становятся всё популярнее? Люди всё чаще заказывают готовые блюда. Разве это не показатель того, что продовольственная система работает эффективно, несмотря на отдельные трудности в сельском хозяйстве? Потребитель доволен.	Зачем обсуждать урожайность, когда у нас развивается рынок доставки еды и рестораны становятся всё популярнее[SEP]Разве это не показатель того, что продовольственная система работает эффективно, несмотря на отдельные трудности в сельском хозяйстве
equivocation	Я всегда считал, что важно следить за своим языком. Язык формирует мышление, через него мы выражаем идеи и строим отношения с людьми. Если язык грубый, то и мышление становится примитивным. Язык нужно тренировать и развивать, чтобы он был гибким и сильным. А язык — это мышца, значит, его можно накачать упражнениями. Поэтому чем больше говоришь, тем сильнее становится язык и лучше мысли. Вот почему я стараюсь постоянно разговаривать и тренировать речь как физическую нагрузку.	Язык нужно тренировать и развивать, чтобы он был гибким и сильным. А язык — это мышца, значит, его можно накачать упражнениями. Поэтому чем больше говоришь, тем сильнее становится язык и лучше мысли.
fallacy of extension	— Я считаю, что в университетах стоит ограничить количество обязательных лекций и добавить больше практических занятий по профилю. Это поможет студентам лучше применять знания и подготовиться к работе. — То есть вы хотите отменить теорию и превратить университеты в курсы без фундаментальных знаний? Прекрасно! Пусть инженеры не знают математики, а врачи — анатомии! Вы предлагаете выпускать ремесленников без понимания основ, которые будут совершать ошибки на работе. Завтра дипломы вообще потеряют смысл!	в университетах стоит ограничить количество обязательных лекций и добавить больше практических занятий[SEP]То есть вы хотите отменить теорию и превратить университеты в курсы без фундаментальных знаний
false causality	Количество людей, занимающихся йогой, выросло одновременно с ростом продолжительности жизни, особенно в крупных городах. Это показывает, что йога является главным фактором долголетия и напрямую влияет на продолжительность жизни.	Количество людей, занимающихся йогой, выросло одновременно с ростом продолжительности жизни
ad populum	— Стоит ли внедрять эту образовательную платформу? — Её почти никто не использует в ведущих вузах, значит, она некачественная. Хотя объективных тестов никто не проводил.	Её почти никто не использует в ведущих вузах, значит, она некачественная
fallacy of relevance	— В школах не хватает учителей: дефицит кадров достигает 15%, особенно по математике и физике. Это напрямую влияет на качество образования и будущие компетенции учеников. — Разве можно обсуждать нехватку учителей, когда в стране растёт внешний долг и экономическая зависимость? Финансовая стабильность государства — это основа всех остальных сфер. Если экономика рухнет, никакие учителя уже не помогут системе образования.	Разве можно обсуждать нехватку учителей, когда в стране растёт внешний долг и экономическая зависимость
fallacy of extension	— Я считаю, что врачам стоит уделять больше времени профилактике заболеваний, а не только лечению уже запущенных случаев. Это может снизить нагрузку на систему здравоохранения и улучшить качество жизни пациентов, если выявлять проблемы на ранней стадии. — То есть вы предлагаете вообще перестать лечить людей и заниматься только разговорами о профилактике, пока пациенты умирают без помощи? Прекрасно! Тогда давайте закроем больницы и оставим только лекции о здоровье. По вашей логике, если человек уже болен — значит, он сам виноват и лечить его не нужно!	врачам стоит уделять больше времени профилактике заболеваний, а не только лечению уже запущенных случаев[SEP]вы предлагаете вообще перестать лечить людей и заниматься только разговорами о профилактике, пока пациенты умирают без помощи
ad hominem	На собрании жильцов обсуждали установку камер видеонаблюдения. Один из участников возразил против. Другой ответил: Он конфликтный и постоянно ссорится с соседями, поэтому его аргументы о приватности — это лишь проявление его характера и не заслуживают внимания. Перейдём к голосованию.	Он конфликтный и постоянно ссорится с соседями, поэтому его аргументы о приватности — это лишь проявление его характера и не заслуживают внимания
ad hominem	— Нужно реформировать систему донорства органов, чтобы сократить очереди. — Ты продвигаешь это лишь потому, что преследуешь личную выгоду и ищешь признания, поэтому твои аргументы корыстны и им нельзя доверять. Давай лучше обсудим другие предложения.	Ты продвигаешь это лишь потому, что преследуешь личную выгоду и ищешь признания, поэтому твои аргументы корыстны и им нельзя доверять
fallacy of relevance	— Университеты жалуются на утечку кадров: за пять лет страну покинули более 15 тысяч исследователей, а финансирование науки сократилось на 20%. Это напрямую влияет на инновации и экономическое развитие. — А вы знаете, что в прошлом году у нас рекордный туристический поток — более 10 миллионов человек посетили страну? Это приносит миллиарды в бюджет, создаёт рабочие места в гостиницах и ресторанах. Разве можно говорить о кризисе науки, когда экономика показывает такой рост в туризме? Значит, не всё так плохо.	А вы знаете, что в прошлом году у нас рекордный туристический поток — более 10 миллионов человек посетили страну[SEP]Разве можно говорить о кризисе науки, когда экономика показывает такой рост в туризме
false dilemma	После вчерашнего обвала на бирже, вызванного сбоем в одном из алгоритмов, стало окончательно ясно: у нас есть только два пути. Либо мы немедленно запрещаем алготрейдинг полностью — все алгоритмы, все высокочастотные сделки, всё без исключения. Либо мы продолжаем закрывать глаза, и тогда следующий кризис будет ещё масштабнее: миллиарды исчезнут за секунды, пенсионные фонды обрушатся, а обычные люди потеряют всё. Третьего пути нет! Никакие «умные регулирования» или «ограничения» не помогут — алгоритмы всегда найдут лазейку. Либо полный запрет, либо полный хаос. Выбирайте: стабильность или катастрофа.	есть только два пути. Либо[SEP]немедленно запрещаем алготрейдинг[SEP]Либо[SEP]продолжаем закрывать глаза
intentional	В школе ввели обязательную форму. Директор признал недовольство и дополнительные расходы, но сказал: Мы сделали это из лучших побуждений — создать равенство и дисциплину среди учеников, мы хотели как лучше, поэтому жалобы на стоимость и дискомфорт вторичны. Он подчеркнул, что цель важнее частных неудобств. Конкретные меры поддержки семей и альтернативы не обсуждались, всё оправдывалось благими намерениями.	Мы сделали это из лучших побуждений — создать равенство и дисциплину среди учеников, мы хотели как лучше, поэтому жалобы на стоимость и дискомфорт вторичны
ad populum	— Ты уверен, что эта криптовалюта надёжна? — Её уже купили миллионы инвесторов по всему миру, значит, она гарантированно принесёт прибыль. Вряд ли такое количество людей стало бы вкладываться без оснований.	Её уже купили миллионы инвесторов по всему миру, значит, она гарантированно принесёт прибыль
equivocation	Я много времени уделяю своему внешнему виду, потому что понимаю, как он влияет на восприятие окружающих. Вид человека формирует первое впечатление. Это важно для работы и общения. Вид определяет, как тебя воспринимают, и от этого зависит успех взаимодействия. Если я правильно выбираю вид глагола в речи, значит я в целом умею управлять видом. Поэтому моя речь всегда должна восприниматься как безупречная, ведь я контролирую вид. Ошибки невозможны, потому что я уже умею управлять этим аспектом.	Вид определяет, как тебя воспринимают, и от этого зависит успех взаимодействия. Если я правильно выбираю вид глагола в речи, значит я в целом умею управлять видом.
fallacy of relevance	— В стране растёт уровень интернет-мошенничества: за год ущерб превысил 20 миллиардов рублей. Необходимо ужесточить регулирование и повысить цифровую грамотность. — А вы знаете, что экспорт сельхозпродукции вырос на 35% и приносит огромные доходы? Это стратегическая отрасль. Почему мы обсуждаем мошенников, когда сельское хозяйство показывает такие успехи?	А вы знаете, что экспорт сельхозпродукции вырос на 35% и приносит огромные доходы[SEP]Почему мы обсуждаем мошенников, когда сельское хозяйство показывает такие успехи
false causality	После того как я перестал смотреть новости, у меня стало меньше стресса и улучшился сон, хотя в жизни в целом ничего не изменилось. Это явный знак, что именно отказ от новостей влияет на психическое состояние напрямую.	После того как я перестал смотреть новости, у меня стало меньше стресса и улучшился сон
ad populum	Я размышлял о выборе диеты на фоне противоречивых исследований. Большинство популярных блогеров и их аудитория придерживаются кето-питания, следовательно, это наиболее здоровый вариант. После этого сомнения показались излишними.	Большинство популярных блогеров и их аудитория придерживаются кето-питания, следовательно, это наиболее здоровый вариант
faulty generalization	Я попробовал один рецепт из этой книги, и блюдо не получилось — значит, все рецепты в книге плохие. Готовил по инструкции. Теперь сомневаюсь, стоит ли продолжать.	Я попробовал один рецепт из этой книги, и блюдо не получилось — значит, все рецепты в книге плохие
ad populum	Юрист анализировал новый законопроект. Общественность массово его отвергает, значит, он юридически несостоятелен. В таких условиях принимать его бессмысленно.	Общественность массово его отвергает, значит, он юридически несостоятелен
ad populum	При выборе программного обеспечения команда ориентировалась на рынок. Большинство компаний использует именно этот инструмент и считает его стандартом, значит, он лучший из доступных. Другие варианты даже не рассматривались.	Большинство компаний использует именно этот инструмент и считает его стандартом, значит, он лучший из доступных
false causality	Я заметил, что в дни, когда слушаю классическую музыку во время работы, задачи выполняются быстрее. Это происходило уже не раз. Если высокая продуктивность совпадает с прослушиванием классики, значит именно музыка напрямую ускоряет выполнение задач. Теперь включаю её каждый день.	Если высокая продуктивность совпадает с прослушиванием классики, значит именно музыка напрямую ускоряет выполнение задач
fallacy of credibility	В разговоре о семейных традициях один человек утверждает: Мы обязаны продолжать праздновать этот обряд без изменений, потому что наши предки веками соблюдали его именно в таком виде и считали правильным. Любые попытки адаптировать праздник к современности воспринимаются как нарушение культурной преемственности. Люди верят, что если традиция существовала так долго, значит она уже доказала свою правильность и не нуждается в пересмотре. Даже если условия жизни изменились, а некоторые элементы обряда утратили смысл, это игнорируется. Основным аргументом остаётся ссылка на прошлое и авторитет предков. Считается, что отказ от традиции приведёт к утрате идентичности, поэтому её нужно сохранять в неизменном виде, не задавая лишних вопросов.	Мы обязаны продолжать праздновать этот обряд без изменений[SEP]наши предки веками соблюдали его именно в таком виде и считали правильным
ad populum	— Стоит ли читать этого малоизвестного автора? — Его книги не находят отклика у широкой аудитории, значит, они не представляют ценности. Я выберу более известных писателей.	Его книги не находят отклика у широкой аудитории, значит, они не представляют ценности
ad hominem	— Следует реформировать систему грантов в культуре. — Вы ангажированы личными связями и защищаете свой круг, следовательно ваши аргументы продиктованы групповыми интересами и неубедительны. Речь идёт о справедливости.	Вы ангажированы личными связями и защищаете свой круг, следовательно ваши аргументы продиктованы групповыми интересами и неубедительны
fallacy of extension	— Я думаю, что врачам следует уделять больше времени общению с пациентами и объяснению лечения. Это повышает доверие и помогает людям лучше соблюдать рекомендации, особенно при хронических заболеваниях. — Замечательно! Значит, вы хотите, чтобы врачи только разговаривали и перестали лечить пациентов вообще! Пусть они сидят часами и обсуждают чувства, пока люди умирают без помощи! Вы предлагаете превратить медицину в бесконечные беседы без реального лечения?	врачам следует уделять больше времени общению с пациентами и объяснению лечения[SEP]Значит, вы хотите, чтобы врачи только разговаривали и перестали лечить пациентов вообще
false causality	Как только в офисе заменили старые стулья на новые эргономичные, через месяц выросли показатели продаж, и менеджеры стали закрывать больше сделок. Руководство довольно результатами. Значит, именно новые стулья стали причиной роста эффективности сотрудников, ведь комфорт напрямую влияет на успех.	Как только в офисе заменили старые стулья на новые эргономичные, через месяц выросли показатели продаж[SEP]Значит, именно новые стулья стали причиной роста эффективности сотрудников
ad hominem	— Я предлагаю усилить меры по защите животных. — Ты просто эмоционально нестабилен и склонен к чрезмерной сентиментальности, поэтому твои аргументы о защите животных не имеют рациональной ценности. Это неубедительно.	Ты просто эмоционально нестабилен и склонен к чрезмерной сентиментальности, поэтому твои аргументы о защите животных не имеют рациональной ценности
ad hominem	— Я считаю, что удалённая работа повышает продуктивность при правильной организации. — Ты просто ленив и избегаешь ответственности, поэтому твои доводы о продуктивности не заслуживают доверия. Давай лучше обсудим реальные показатели команд.	Ты просто ленив и избегаешь ответственности, поэтому твои доводы о продуктивности не заслуживают доверия
false dilemma	Вопрос реформы судебной системы обсуждается давно. Либо мы ужесточаем наказания до максимума, чтобы снизить уровень преступности. Страх перед наказанием должен работать как сдерживающий фактор. либо преступность выйдет из-под контроля. Мягкие меры воспринимаются как поощрение нарушений. В такой ситуации необходимо принять решительные шаги, иначе последствия будут серьёзными.	Либо мы ужесточаем наказания до максимума,[SEP]либо преступность выйдет из-под контроля.
fallacy of extension	— Я думаю, что за кражу нужно нести реальную ответственность. Слишком мягкие наказания поощряют преступность — особенно когда речь идёт о повторных правонарушениях. Например, если человек третий раз украл телефон или обманул пенсионера, ему точно не стоит отделываться штрафом. — Ага, понятно! Значит, вы считаете, что даже за кражу яблока из магазина нужно пожизненно сажать в тюрьму? Или, может, сразу казнить за просроченный проездной? Вы вообще понимаете, до чего ваша логика доводит? Это же полный абсурд!	за кражу нужно нести[SEP]ответственность[SEP]мягкие наказания поощряют преступность[SEP] из магазина 
fallacy of credibility	В обсуждении образования один человек говорит, что методы обучения нужно менять. Другой отвечает: Эта система обучения существует десятилетиями, ведь так учили ещё наших родителей, и поэтому она остаётся правильной и эффективной. Он считает, что длительное существование метода подтверждает его качество. Если поколения учеников проходили через эту систему, значит она уже доказала свою эффективность. Любые изменения воспринимаются как риск. Даже если появляются новые исследования, традиция считается более надёжным основанием для принятия решений.	Эта система обучения существует десятилетиями, ведь так учили ещё наших родителей[SEP]она остаётся правильной и эффективной
intentional	— Может, пересмотрим правила оценки студентов? Сейчас система слишком жёсткая. — Ты предлагаешь изменить систему оценок, потому что хочешь, чтобы твои слабые студенты выглядели лучше без реального улучшения знаний . Это попытка искусственно повысить показатели. Ты не хочешь работать с качеством обучения, тебе проще снизить требования. В итоге дипломы обесценятся, но тебе это не важно. Главное — показать хорошие цифры. Так что не нужно говорить о гуманности — ты просто упрощаешь себе жизнь.	Ты предлагаешь изменить систему оценок, потому что хочешь, чтобы твои слабые студенты выглядели лучше без реального улучшения знаний
false causality	Я заметил, что когда беру с собой зонт, дождя обычно не бывает. Это случалось уже много раз. Если отсутствие дождя совпадает с тем, что у меня есть зонт, значит его наличие каким-то образом предотвращает плохую погоду. Теперь всегда ношу его с собой.	Если отсутствие дождя совпадает с тем, что у меня есть зонт, значит его наличие каким-то образом предотвращает плохую погоду
ad hominem	На заседании школьного совета обсуждали политику нулевой терпимости к нарушениям дисциплины. Один родитель предложил пересмотреть подход, учитывая индивидуальные обстоятельства. В ответ другой участник возразил: Не слушайте его, он сам когда-то был замечен в жульничестве на экзаменах и нарушал правила школы, поэтому его мнение о нулевой терпимости совершенно неважно.	Не слушайте его, он сам когда-то был замечен в жульничестве на экзаменах
ad populum	Юрист заметил на заседании: общественность в большинстве отвергает эту реформу, значит, она юридически несостоятельна. Дальше аргументации не последовало.	общественность в большинстве отвергает эту реформу, значит, она юридически несостоятельна
equivocation	Я часто думаю о значении слова «мир». Мир — это то, к чему стремится человечество, ведь без него невозможно развитие и спокойная жизнь. Когда наступает мир, люди начинают строить, а не разрушать. Мир означает отсутствие конфликтов и гармонию. А гармония распространяется на всё вокруг. Значит, если в человеке есть мир, то весь мир вокруг него тоже становится спокойным и безопасным. Поэтому главное — сохранить мир внутри себя.	Мир означает отсутствие конфликтов и гармонию. А гармония распространяется на всё вокруг. Значит, если в человеке есть мир, то весь мир вокруг него тоже становится спокойным и безопасным.
circular reasoning	В сфере маркетинга обсуждают силу бренда. Бренд считается сильным, потому что он пользуется доверием потребителей, а доверие потребителей формируется благодаря силе бренда. Это используется в презентациях для инвесторов.	Бренд считается сильным, потому что он пользуется доверием потребителей, а доверие потребителей формируется благодаря силе бренда
ad hominem	На дебатах о вакцинации один участник ссылался на статистику эффективности. Этот человек в прошлом распространял панические слухи и демонстрировал иррациональный страх, поэтому его аргументы сейчас не заслуживают доверия. Продолжим обсуждение.	Этот человек в прошлом распространял панические слухи и демонстрировал иррациональный страх, поэтому его аргументы сейчас не заслуживают доверия
false dilemma	В дискуссии о цифровой безопасности поднимается вопрос шифрования данных. Компании защищают конфиденциальность пользователей, а государство требует доступа к информации. Либо мы даём спецслужбам полный доступ ко всем данным пользователей, чтобы предотвратить преступления и угрозы безопасности. Это объясняется необходимостью защиты общества. либо преступники будут безнаказанно использовать технологии против нас. В таком подходе не рассматриваются компромиссные решения, связанные с ограниченным доступом или судебным контролем.	Либо мы даём спецслужбам полный доступ ко всем данным пользователей,[SEP]либо преступники будут безнаказанно использовать технологии против нас.
equivocation	В детстве я любил наблюдать за светом: лампы, фонари, солнечные лучи. Свет делает всё видимым, без него невозможно ориентироваться в пространстве. Это основа восприятия. Свет показывает реальность, а свет общества — это элита, значит, именно она определяет, что является видимым и значимым, поэтому ей принадлежит право формировать истину. Так что ориентироваться нужно на тех, кто находится «в свете».	Свет показывает реальность, а свет общества — это элита, значит, именно она определяет, что является видимым и значимым, поэтому ей принадлежит право формировать истину.
equivocation	Я много думаю о мире и о том, как важно сохранять стабильность. Мир — это состояние, в котором нет конфликтов, люди живут спокойно, сотрудничают и развиваются. Без мира невозможно ни образование, ни экономика, ни культура. Мир нужно поддерживать любой ценой, ведь без него всё рушится. Поэтому если я просто сохраняю свой мир и не вмешиваюсь ни во что, то я уже поддерживаю мир во всём мире. Мне кажется, что личное спокойствие автоматически делает окружающее пространство гармоничнее.	Мир нужно поддерживать любой ценой, ведь без него всё рушится. Поэтому если я просто сохраняю свой мир и не вмешиваюсь ни во что, то я уже поддерживаю мир во всём мире.
fallacy of extension	— Я думаю, что городским властям стоит ограничить застройку в историческом центре, чтобы сохранить архитектурное наследие и облик города. Это не запрет на строительство в целом, а разумное регулирование, чтобы новые здания вписывались в существующую среду и не разрушали историческую ценность района. — Значит, вы хотите полностью запретить любое строительство в городе и заморозить его развитие навсегда, как музей под открытым небом? Отличная идея — давайте тогда вообще перестанем строить жильё, пусть люди живут где придётся! По вашей логике, любой кран — это преступление против истории, а развитие города — зло. Это же путь к деградации и стагнации!	городским властям стоит ограничить застройку в историческом центре, чтобы сохранить архитектурное наследие и облик города[SEP]вы хотите полностью запретить любое строительство в городе и заморозить его развитие навсегда, как музей под открытым небом
equivocation	Я думаю о союзе как о важной части жизни. Союзы объединяют людей, позволяют достигать больших целей и поддерживать друг друга. В языке союзы тоже соединяют части, создавая целостность. Союз соединяет элементы и делает их единым целым. Если есть союз, значит части уже связаны и работают вместе. Следовательно, любое объединение автоматически становится прочным и устойчивым. Поэтому любой союз между людьми гарантирует успех и стабильность.	Союз соединяет элементы и делает их единым целым. Если есть союз, значит части уже связаны и работают вместе. Следовательно, любое объединение автоматически становится прочным и устойчивым.
false dilemma	В экологической политике утверждают: либо мы полностью запрещаем пластиковую продукцию, включая упаковку и одноразовые изделия. Это сопровождается кампаниями по защите природы и сокращению отходов. либо планета утонет в мусоре и экосистемы будут разрушены. При этом вопросы переработки и альтернативных материалов рассматриваются как второстепенные.	либо мы полностью запрещаем пластиковую продукцию[SEP]либо планета утонет в мусоре и экосистемы будут разрушены
intentional	— Ты снова критикуешь мою идею запустить рекламу через блогеров, хотя это может привлечь новую аудиторию. — Ты против этой стратегии не потому, что анализируешь риски, а потому что хочешь сохранить своё влияние и контроль над маркетинговым бюджетом и на самом деле боишься потерять статус эксперта, если идея сработает без твоего участия. Ты просто не хочешь делиться зонами ответственности. Любая новая инициатива тебя пугает, потому что может показать, что есть альтернативные подходы. Поэтому ты и находишь недостатки, даже не попробовав.	Ты против этой стратегии не потому, что анализируешь риски, а потому что хочешь сохранить своё влияние и контроль над маркетинговым бюджетом[SEP]на самом деле боишься потерять статус эксперта, если идея сработает без твоего участия
fallacy of credibility	В разговоре о научных теориях один человек сослался на блогера, популярного в социальных сетях. Эта теория верна, потому что её объяснил известный блогер с большой аудиторией, который регулярно публикует образовательные видео. Если у него миллионы подписчиков и высокая популярность, значит он разбирается в теме и говорит правду. Он утверждал, что такая аудитория не могла бы сформироваться вокруг недостоверной информации. Поэтому он считал, что проверка источников и научных публикаций не требуется — достаточно доверять популярному автору.	Эта теория верна, потому что её объяснил известный блогер с большой аудиторией[SEP]Если у него миллионы подписчиков и высокая популярность, значит он разбирается в теме и говорит правду
circular reasoning	На занятии по логике обсуждали корректность вывода. Вывод корректен, потому что следует корректной логике рассуждения. Это было принято как аксиома. При этом корректная логика определяется тем, что приводит к корректным выводам. Замыкание осталось незамеченным.	Вывод корректен, потому что следует корректной логике рассуждения[SEP]корректная логика определяется тем, что приводит к корректным выводам
fallacy of credibility	В обсуждении технологий один инженер рассказал о преимуществах открытого программного обеспечения. Его оппонент сказал: Закрытые системы лучше, потому что их поддерживает крупная корпорация с мировым именем, которая имеет огромные ресурсы. Он добавил, что если такая авторитетная компания делает ставку на этот подход, значит он наиболее надёжен. По его мнению, масштаб и репутация компании являются достаточным доказательством качества технологии. Он считает, что независимые разработки не заслуживают такого же доверия.	Закрытые системы лучше, потому что их поддерживает крупная корпорация с мировым именем[SEP]если такая авторитетная компания делает ставку на этот подход, значит он наиболее надёжен
appeal to emotion	На обсуждении миграции выступающий сказал: Люди боятся потерять ощущение дома, привычный уклад рушится. Как можно игнорировать их тревогу? Поэтому нужно ограничить въезд иностранцев. Это защита идентичности.	Как можно игнорировать их тревогу? Поэтому нужно ограничить въезд иностранцев.
false causality	В этом году зима была мягче обычного, и продажи зимней одежды снизились. Поскольку уменьшение продаж совпало с тёплой зимой, значит именно погодные условия полностью определяют интерес людей к одежде и их покупательские привычки. Это объясняет падение выручки.	Поскольку уменьшение продаж совпало с тёплой зимой, значит именно погодные условия полностью определяют интерес людей к одежде и их покупательские привычки
appeal to emotion	В парламенте обсуждали запрет суррогатного материнства. Один депутат говорил о моральных переживаниях и образах брошенных детей. Неужели вы готовы допустить такие судьбы? В зале стало тихо. Следовательно, эту практику нужно полностью запретить.	Неужели вы готовы допустить такие судьбы?[SEP]Следовательно, эту практику нужно полностью запретить.
ad populum	В разговоре о здоровом образе жизни один человек предложил необычную практику. Однако её не применяет широкая аудитория и она не получила массового одобрения, значит, она вредна. Популярные методы обычно проходят проверку временем.	Однако её не применяет широкая аудитория и она не получила массового одобрения, значит, она вредна
fallacy of extension	— Я думаю, что государству стоит инвестировать в профилактическую медицину, чтобы снижать нагрузку на больницы в будущем. Это экономит ресурсы. инвестиции в профилактическую медицину помогают снизить будущую нагрузку на систему здравоохранения. — Значит, вы хотите перестать лечить людей и заниматься только профилактикой? Вы предлагаете закрыть больницы, отменить операции и просто раздавать советы? Люди будут умирать без помощи!	инвестиции в профилактическую медицину помогают снизить будущую нагрузку на систему здравоохранения. — Значит, вы хотите перестать лечить людей и заниматься только профилактикой
fallacy of credibility	Вы говорите, что изменение климата связано с деятельностью человека, ссылаетесь на отчёты ООН и исследования климатологов. Однако ваши доводы нельзя считать надёжными, потому что у вас нет профильного образования в климатологии, и вы не публиковались в научных журналах. Без научной степени и академического статуса ваше мнение не заслуживает доверия в этом вопросе. Вы можете сколько угодно читать статьи и пересказывать их, но это не делает вас специалистом. Настоящие выводы должны делать только признанные учёные с опытом работы в международных проектах. Если человек не имеет соответствующего диплома и не прошёл научную подготовку, его рассуждения остаются на уровне любительских интерпретаций, даже если он пытается оперировать сложными терминами и ссылками на исследования.	ваши доводы нельзя считать надёжными, потому что у вас нет профильного образования в климатологии[SEP]Без научной степени и академического статуса ваше мнение не заслуживает доверия в этом вопросе
ad populum	— Думаешь, этот университет стоит выбирать? — Он ежегодно получает тысячи заявлений, и большинство абитуриентов стремятся туда поступить, значит, образование там действительно качественное. Конкуренция ведь не возникает на пустом месте.	Он ежегодно получает тысячи заявлений, и большинство абитуриентов стремятся туда поступить, значит, образование там действительно качественное
false causality	В последние месяцы сотрудники стали чаще использовать мессенджеры для общения, и одновременно сократилось количество совещаний. Поскольку эти изменения произошли одновременно, значит именно мессенджеры заменили встречи и снизили их необходимость. Это новый стандарт работы.	Поскольку эти изменения произошли одновременно, значит именно мессенджеры заменили встречи и снизили их необходимость
ad hominem	-- Мы предлагаем ввести экономические санкции против компаний, уличенных в коррупции за рубежом. Это создаст прецедент и заставит бизнес соблюдать этические нормы. Аналогичные меры уже показали эффективность в нескольких странах.  -- Не принимайте всерьёз их позицию — они сами давно коррумпированы и защищают свои финансовые интересы, поэтому любые санкции им кажутся вредными. Зачем слушать тех, кто уже погряз в схемах?	Не принимайте всерьёз их позицию — они сами давно коррумпированы
circular reasoning	Частные военные компании не обеспечивают реальной защиты для гражданских лиц в зонах конфликта, и это очевидно. Почему я так считаю? Потому что качество их защиты является недостаточным. А почему их защита недостаточна? Потому что они не обеспечивают реальной защиты. Посмотрите: если бы ЧВК обеспечивали защиту, то их защита была бы достаточной. Но их защита недостаточна — и это доказывает, что они не обеспечивают защиты. Всё просто: ЧВК не обеспечивают защиту потому, что их защита недостаточна, а их защита недостаточна потому, что они не обеспечивают защиты.	Частные военные компании не обеспечивают реальной защиты[SEP]Потому что качество их защиты является недостаточным[SEP]защита недостаточна? Потому что они не обеспечивают реальной защиты
fallacy of credibility	На обсуждении реформы здравоохранения один участник уверенно заявил: Предложенная модель страхования эффективна, потому что её поддержал известный телеведущий с многомиллионной аудиторией и его мнению можно доверять как человеку, добившемуся успеха и признания в обществе. Он подробно рассказывал, как этот ведущий часто приглашает экспертов и сам разбирается в сложных темах, а значит способен оценить и медицинскую политику. По его словам, популярность и общественное доверие — лучший показатель компетентности. Даже если врачи и экономисты спорят, мнение публичной фигуры якобы важнее, потому что она «ближе к людям» и чувствует реальные потребности общества. В итоге аргументы специалистов были отодвинуты на второй план, а ссылка на медийный авторитет стала главным основанием для поддержки реформы.	Предложенная модель страхования эффективна, потому что её поддержал известный телеведущий с многомиллионной аудиторией[SEP]его мнению можно доверять как человеку, добившемуся успеха и признания в обществе
false dilemma	На заседании школьного совета обсуждали гибкий подход к дисциплине. Один участник заявил: Либо мы вводим полную нетерпимость ко всем нарушениям — без исключений и смягчающих обстоятельств, — либо нас ждёт полный хаос, вседозволенность и развал школьного порядка. Другого выбора просто не существует. Поэтому нам срочно нужна жёсткая политика нулевой терпимости.	Либо мы вводим полную нетерпимость ко всем нарушениям[SEP]либо нас ждёт полный хаос[SEP]Другого выбора просто не существует
false dilemma	В сфере налогообложения усиливаются споры о справедливости системы. Доходы бюджета не растут, а социальные обязательства увеличиваются. Либо всё, либо ничего: нельзя бесконечно балансировать. либо мы резко увеличиваем налоги для богатых. Это воспринимается как быстрый способ перераспределения. либо социальное неравенство станет неконтролируемым и приведёт к кризису. В такой постановке умеренные реформы игнорируются.	Либо всё, либо ничего:[SEP]либо мы резко увеличиваем налоги для богатых.[SEP]либо социальное неравенство станет неконтролируемым и приведёт к кризису.
false dilemma	В системе правосудия обсуждают скорость рассмотрения дел. Есть только одно решение — максимально упростить судебные процедуры. Это позволит быстрее выносить решения и разгрузить суды. Люди будут получать ответы быстрее. либо система окончательно захлебнётся в делах, и правосудие станет недоступным. В таком представлении баланс между скоростью и качеством игнорируется.	Есть только одно решение — максимально упростить судебные процедуры.[SEP]либо система окончательно захлебнётся в делах,
fallacy of extension	— Я считаю, что нужно увеличить финансирование государственных поликлиник, чтобы сократить очереди и улучшить качество услуг, особенно в регионах. Сейчас людям приходится ждать неделями, и это влияет на здоровье. Речь не идёт о полном отказе от частной медицины, но базовая помощь должна быть доступной и своевременной для всех граждан. — Значит, вы хотите полностью уничтожить частную медицину и заставить всех лечиться только в государственных клиниках? Отличная идея — очереди на месяцы, устаревшее оборудование и никакого выбора! Вы предлагаете лишить людей возможности получать качественную помощь за свои деньги и загнать всех в одну систему, где никто ни за что не отвечает. Это прямой путь к развалу здравоохранения!	нужно увеличить финансирование государственных поликлиник, чтобы сократить очереди и улучшить качество услуг[SEP]вы хотите полностью уничтожить частную медицину и заставить всех лечиться только в государственных клиниках
ad hominem	-- Я ознакомился с несколькими исследованиями, которые показывают прямую корреляцию между временем, проведённым в социальных сетях, и уровнем тревожности у подростков. Чем больше времени ребёнок проводит в TikTok или Instagram, тем выше риск развития тревожных расстройств, нарушения сна и снижения самооценки. Это уже подтверждённый факт, и мы не можем его игнорировать.  -- Он просто старый ворчун, который не понимает современные технологии и вечно ноет о том, чего не понимает. Его мнение о социальных сетях не стоит и слушать, потому что он сам никогда ими не пользовался и судит по каким-то устаревшим стереотипам. Давайте лучше пригласим специалистов, которые разбираются в цифровой среде, а не тех, кто застрял в прошлом веке.	Он просто старый ворчун, который не понимает современные технологии[SEP]Его мнение о социальных сетях не стоит и слушать
fallacy of extension	— Я считаю, что нужно ужесточить контроль за выбросами заводов вблизи жилых районов, чтобы снизить вред для здоровья людей. Это не означает закрытие предприятий, а лишь соблюдение норм. — Значит, вы хотите закрыть всю промышленность и оставить людей без работы ради идеальной экологии? Вы предлагаете остановить заводы, разрушить экономику и вернуть нас к ручному труду! По вашей логике, любое производство — это зло, и лучше жить без электричества, чем с выбросами. Это утопия, которая приведёт к нищете!	нужно ужесточить контроль за выбросами заводов вблизи жилых районов[SEP]Значит, вы хотите закрыть всю промышленность и оставить людей без работы ради идеальной экологии
faulty generalization	Мы недавно наняли стажёра, и он часто опаздывал. Это мешало работе команды. Один стажёр ведёт себя безответственно — значит, все стажёры такие же. Теперь руководство сомневается в программе стажировок.	Один стажёр ведёт себя безответственно — значит, все стажёры такие же
fallacy of credibility	— Эксперты предлагают ограничить использование одноразового пластика для защиты океанов. — Эта инициатива верна, потому что её поддержал известный предприниматель, значит она эффективна. Он основал успешную компанию и часто выступает на форумах. Если человек с таким авторитетом говорит о вреде пластика, значит это не требует дополнительных доказательств. Его бизнес-успех воспринимается как универсальный показатель компетентности.	Эта инициатива верна, потому что её поддержал известный предприниматель, значит она эффективна[SEP]Если человек с таким авторитетом говорит о вреде пластика, значит это не требует дополнительных доказательств
equivocation	Я люблю наблюдать за игрой в шахматы, особенно за ладьёй. Она движется прямо, уверенно, контролирует пространство. Это символ силы и порядка. Ладья уверенно движется по доске, а значит, любое средство передвижения с таким названием должно обладать той же надёжностью и прямолинейностью. Поэтому такие вещи всегда лучше других.	Ладья уверенно движется по доске, а значит, любое средство передвижения с таким названием должно обладать той же надёжностью и прямолинейностью.
fallacy of extension	— Я считаю, что в университетах стоит уделять больше внимания практическим навыкам, чтобы выпускники были лучше подготовлены к работе. Теория важна, но без практики она часто остаётся абстрактной. Следует усилить практическую составляющую образования без отказа от фундаментальных знаний. — То есть вы предлагаете полностью отказаться от теории и превратить университеты в ПТУ? Вы хотите, чтобы студенты вообще не понимали основ наук и просто выполняли механические действия? По-вашему, знания — это лишнее, главное — уметь что-то делать руками? Тогда давайте закроем все научные кафедры и будем готовить только исполнителей без мышления!	Следует усилить практическую составляющую образования без отказа от фундаментальных знаний. — То есть вы предлагаете полностью отказаться от теории и превратить университеты в ПТУ
appeal to emotion	На обсуждении реформы правосудия один политик говорил о правах обвиняемых. Его перебили: Подумайте о жертвах, которые никогда не получат покоя. Разве вы готовы оставить их без справедливого возмездия? Поэтому смертную казнь нужно применять шире.	Подумайте о жертвах, которые никогда не получат покоя. Разве вы готовы оставить их без справедливого возмездия? Поэтому смертную казнь нужно применять шире
ad hominem	На обсуждении школьной формы один родитель выступил против обязательности. Он известен как человек, игнорирующий правила и дисциплину, поэтому его аргументы против формы несостоятельны. Директор закрыл вопрос.	Он известен как человек, игнорирующий правила и дисциплину, поэтому его аргументы против формы несостоятельны
equivocation	Я много думаю о том, как добиться внутреннего лада в жизни. Когда в семье есть лад, люди не ссорятся, поддерживают друг друга и чувствуют спокойствие. Это состояние гармонии помогает принимать правильные решения и не поддаваться стрессу. Если есть лад, всё звучит правильно и стройно, ведь лад определяет звучание музыки. Значит, чтобы в жизни всё было правильно, достаточно выбрать подходящий лад и придерживаться его. Поэтому я стараюсь слушать только музыку в мажоре: раз она задаёт лад, то и моя жизнь будет гармоничной и без конфликтов.	Если есть лад, всё звучит правильно и стройно, ведь лад определяет звучание музыки. Значит, чтобы в жизни всё было правильно, достаточно выбрать подходящий лад и придерживаться его.
circular reasoning	Он настоящий лидер, потому что за ним пошло столько людей. Посмотрите: сотни подписчиков в соцсетях, десятки волонтёров приходят на каждое его мероприятие, даже бывшие критики теперь цитируют его речи. А почему так много человек поддерживают его? Потому что он настоящий лидер, за ним хочется идти. Разве можно сомневаться в его лидерстве, если столько людей добровольно следуют за ним?	Он[SEP]лидер, потому что за ним пошло столько людей[SEP]так много человек поддерживают его? Потому что он[SEP]лидер
circular reasoning	На рынке труда оценивали компетентность кандидата. Кандидат компетентен, так как демонстрирует профессионализм. В свою очередь, профессионализм объясняется тем, что кандидат компетентен. Его пригласили на следующий этап.	Кандидат компетентен, так как демонстрирует профессионализм[SEP]профессионализм объясняется тем, что кандидат компетентен
false dilemma	В образовательной политике обсуждают дистанционное обучение. Оно стало популярным благодаря технологическому развитию. Однако утверждается: либо полностью перейти на онлайн-образование, отказавшись от традиционных классов. Это позволит снизить расходы и расширить доступ. либо система образования устареет и перестанет соответствовать современным требованиям. В результате любые гибридные модели игнорируются как временные компромиссы.	либо полностью перейти на онлайн-образование,[SEP]либо система образования устареет и перестанет соответствовать современным требованиям.
equivocation	Я считаю, что важно понимать следствия своих действий. Любое действие имеет следствие, и это помогает анализировать ошибки и учиться на опыте. Без этого невозможно развиваться. Если следствие — это результат, значит оно показывает истину произошедшего. А раз следствие — это ещё и процесс расследования, то любой результат уже сам по себе является доказательством и не требует проверки. Поэтому если что-то произошло, значит это уже доказано самим фактом следствия.	Если следствие — это результат, значит оно показывает истину произошедшего. А раз следствие — это ещё и процесс расследования, то любой результат уже сам по себе является доказательством и не требует проверки.
appeal to emotion	На встрече с избирателями мэр говорил о видеонаблюдении. Он описал город, где камеры стоят на каждом шагу. Разве вы не хотите чувствовать себя в безопасности каждую секунду? Люди вспомнили свои страхи. Тогда согласитесь на постоянный контроль, иначе вы рискуете своими близкими.	Разве вы не хотите чувствовать себя в безопасности каждую секунду?[SEP]Тогда согласитесь на постоянный контроль, иначе вы рискуете своими близкими
false causality	После того как ресторан обновил меню, увеличилось число положительных отзывов и фотографий в сети. Посетители активнее делятся впечатлениями. Поскольку всплеск отзывов произошёл сразу после обновления и совпадает с ним, значит именно новое меню вызвало рост онлайн-активности. Это подтверждает правильность изменений.	Поскольку всплеск отзывов произошёл сразу после обновления и совпадает с ним, значит именно новое меню вызвало рост онлайн-активности
fallacy of relevance	— Введение платных парковок снизило загруженность центра города, но вызвало недовольство жителей. — Разве можно сейчас обсуждать парковки, когда в стране растёт интерес к космическим исследованиям и запускаются новые спутники? Это стратегическая отрасль. Сначала нужно поддерживать науку и космос, а потом уже заниматься городскими парковками.	Разве можно сейчас обсуждать парковки, когда в стране растёт интерес к космическим исследованиям и запускаются новые спутники[SEP]Сначала нужно поддерживать науку и космос, а потом уже заниматься городскими парковками
false dilemma	При обсуждении реформы уголовного права звучит жёсткая позиция. Либо мы ужесточаем наказания до максимума, чтобы остановить рост преступности. Общество обеспокоено безопасностью, и давление на законодателей усиливается. либо преступники окончательно почувствуют безнаказанность и ситуация выйдет из-под контроля. В такой картине не рассматриваются вопросы профилактики, реабилитации и социальной поддержки, которые могли бы повлиять на уровень преступности.	Либо мы ужесточаем наказания до максимума,[SEP]либо преступники окончательно почувствуют безнаказанность и ситуация выйдет из-под контроля.
fallacy of extension	— Я думаю, что в детских садах стоит уменьшить количество сахара в рационе, чтобы снизить риски ожирения и проблем с зубами; это не значит лишить детей радости, просто сделать питание более здоровым. Можно заменить сладости фруктами и сбалансированными десертами. — То есть вы хотите полностью запретить детям любые сладости и лишить их радости детства ради своей диеты? Вы предлагаете отнять у них праздники, торты и угощения? По вашей логике, дети должны жить как аскеты, без удовольствий и вкуса. Скоро вы вообще запретите им есть всё, что им нравится, и превратите детство в скучную медицинскую программу!	в детских садах стоит уменьшить количество сахара в рационе, чтобы снизить риски ожирения и проблем с зубами[SEP]То есть вы хотите полностью запретить детям любые сладости и лишить их радости детства ради своей диеты
appeal to emotion	Обсуждая аборты, один участник сказал: Внутри каждой женщины может зарождаться новая жизнь, которую никто не защитит. Как вы можете позволить её уничтожать? Поэтому аборты нужно запретить. Это моральный долг общества.	Как вы можете позволить её уничтожать? Поэтому аборты нужно запретить.
fallacy of credibility	В разговоре о вакцинации один человек приводит данные клинических исследований и рекомендации международных организаций. Его оппонент отвечает: Эти вакцины безопасны и необходимы, потому что известный актёр мирового уровня публично заявил о своей полной поддержке вакцинации, и добавляет, что если человек с таким влиянием и успехом доверяет этим препаратам, значит сомневаться в них бессмысленно. Далее он рассказывает о карьере актёра, его благотворительной деятельности и популярности, утверждая, что такие люди тщательно проверяют информацию перед заявлениями. При этом он не анализирует научные данные и не отвечает на конкретные вопросы о побочных эффектах, заменяя аргументацию ссылкой на известную личность.	Эти вакцины безопасны и необходимы, потому что известный актёр мирового уровня публично заявил о своей полной поддержке вакцинации[SEP]если человек с таким влиянием и успехом доверяет этим препаратам, значит сомневаться в них бессмысленно
false causality	После того как я перестал пить газировку, у меня улучшилось настроение, и я стал более энергичным. Совпадение кажется слишком точным. Видимо, отказ от напитков напрямую влияет на эмоциональное состояние.	После того как я перестал пить газировку, у меня улучшилось настроение
equivocation	Я считаю, что важно иметь крепкий союз с друзьями. Поддержка, доверие и взаимопомощь делают отношения прочными и надёжными. Союз усиливает каждого участника и помогает достигать общих целей. Поэтому я стал изучать грамматику. Если союз соединяет элементы в предложении, значит, понимая союзы, я смогу лучше объединять людей и укреплять дружбу. Это один и тот же принцип.	Союз усиливает каждого участника и помогает достигать общих целей.[SEP]Если союз соединяет элементы в предложении, значит, понимая союзы, я смогу лучше объединять людей и укреплять дружбу.
intentional	— Я считаю, что удалённая работа повышает продуктивность, потому что сотрудники тратят меньше времени на дорогу и могут лучше распределять задачи. — Вы продвигаете удалёнку, потому что хотите работать меньше и избегать контроля со стороны руководства и ваша цель — создать условия, где можно имитировать занятость без реальной отдачи. Все разговоры о продуктивности — это удобное оправдание. На самом деле вы просто не хотите дисциплины и прозрачности в работе.	Вы продвигаете удалёнку, потому что хотите работать меньше и избегать контроля со стороны руководства[SEP]ваша цель — создать условия, где можно имитировать занятость без реальной отдачи
equivocation	Я заметил, что союз объединяет людей и помогает достигать общих целей. Когда есть союз, легче справляться с трудностями. В языке союз тоже соединяет слова. Если союз объединяет элементы и делает их сильнее, то любое использование союза автоматически усиливает смысл и делает его правильным. Поэтому моя речь всегда убедительна.	Если союз объединяет элементы и делает их сильнее, то любое использование союза автоматически усиливает смысл и делает его правильным
faulty generalization	Я скачал новое приложение, и оно сразу вылетело при запуске. Пришлось искать альтернативу. Одно приложение этой компании работает с ошибками — значит, все их продукты нестабильны. Не стоит им доверять.	Одно приложение этой компании работает с ошибками — значит, все их продукты нестабильны
ad hominem	-- Я против того, чтобы вводить обязательные субботники в нашем отделе. У нас и так переработки, люди приходят домой в девять вечера, а единственный выходной хотят проводить с семьями, а не мыть полы в коридоре. К тому же уборку можно сделать силами штатных уборщиц, это будет эффективнее.  -- Не слушайте тех, кто жалуется на обязательные субботники. Они все лентяи и уклонисты, думают только о себе и не понимают ценности коллективной работы. Такие люди всегда найдут тысячу отговорок, лишь бы ничего не делать, а потом ещё будут рассуждать о мотивации, хотя сами за год ни одного полезного предложения не внесли.	Не слушайте тех, кто жалуется на обязательные субботники. Они все лентяи и уклонисты
circular reasoning	В банковской сфере обсуждали надёжность учреждения. Банк надёжен, поскольку клиенты ему доверяют, а доверие клиентов проистекает из его надёжности. Это укрепило его репутацию на рынке.	Банк надёжен, поскольку клиенты ему доверяют, а доверие клиентов проистекает из его надёжности
equivocation	Я размышлял о том, как важно не мешать другим людям работать. Когда кто-то мешает, это раздражает и снижает продуктивность всей команды. Если я перестаю мешать и начинаю всё тщательно мешать в процессе готовки, это делает результат лучше и гармоничнее. Значит, умение мешать всегда полезно и улучшает любой процесс. Поэтому я уверен, что чем больше я вмешиваюсь в работу коллег, тем качественнее будет общий результат.	Если я перестаю мешать и начинаю всё тщательно мешать в процессе готовки, это делает результат лучше и гармоничнее. Значит, умение мешать всегда полезно и улучшает любой процесс.
faulty generalization	На выходных я посетил новый парк. В одном месте было грязно. Один участок оказался неухоженным — значит, весь парк в плохом состоянии. Впечатление оказалось смазанным.	Один участок оказался неухоженным — значит, весь парк в плохом состоянии
appeal to emotion	— Мы должны защищать свободу слова. — Представьте, как ложная информация разрушает жизни людей. Разве вы готовы это допустить? Последствия могут быть ужасными. Поэтому нужна строгая цензура.	Представьте, как ложная информация разрушает жизни людей. Разве вы готовы это допустить?[SEP]Поэтому нужна строгая цензура
intentional	На пресс-конференции перед Олимпийскими играми один чиновник заявил: Олимпиада — это величайшее событие, объединяющее народы мира в духе мира и дружбы. А вся критика, которую мы слышим о коррупции, нарушениях прав человека и финансовых злоупотреблениях, исходит исключительно от завистников, не способных добиться успеха в спорте или жизни. Они просто злятся, что сами не участвуют.	Олимпиада — это величайшее событие[SEP]вся критика[SEP]исходит исключительно от завистников[SEP]Они просто злятся, что сами не участвуют
ad populum	— Я думаю, стоит проверить этот альтернативный метод лечения. — Его игнорирует подавляющее большинство врачей следовательно, он бесполезен. Лучше придерживаться стандартных протоколов.	Его игнорирует подавляющее большинство врачей следовательно, он бесполезен
fallacy of extension	— Я считаю, что нужно осторожно повышать налоги на сверхприбыль крупных корпораций, сохраняя стимулы для инвестиций и развития бизнеса. Это поможет перераспределить ресурсы на образование и здравоохранение, не разрушая экономику. — Значит, вы хотите отобрать у бизнеса все деньги и уничтожить частную собственность полностью? Вы предлагаете наказать всех предпринимателей только за то, что они успешны! Дальше, наверное, национализируете все компании и запретите людям зарабатывать больше среднего? Это же прямой путь к экономическому краху и бедности для всех!	нужно осторожно повышать налоги на сверхприбыль крупных корпораций, сохраняя стимулы для инвестиций и развития бизнеса[SEP]Значит, вы хотите отобрать у бизнеса все деньги и уничтожить частную собственность полностью
faulty generalization	Один онлайн-курс оказался плохо структурирован — значит, все онлайн-курсы бесполезны и не дают нормальных знаний. Я записывался на него ради повышения квалификации. После такого опыта больше не хочется тратить на это время.	Один онлайн-курс оказался плохо структурирован — значит, все онлайн-курсы бесполезны
fallacy of credibility	В обсуждении прав человека один участник критикует новый закон, ссылаясь на международные нормы. Другой отвечает: Вы не можете судить об этом, потому что у вас нет юридического образования и опыта работы в правовой сфере, и утверждает, что без соответствующей квалификации ваши аргументы не имеют веса. Он перечисляет дипломы, которых нет у оппонента, но не анализирует сам закон и приведённые аргументы.	Вы не можете судить об этом, потому что у вас нет юридического образования и опыта работы в правовой сфере[SEP]без соответствующей квалификации ваши аргументы не имеют веса
circular reasoning	При анализе рынка говорили о стабильности компании. Компания стабильна, потому что демонстрирует устойчивые показатели, а устойчивость показателей объясняется тем, что компания стабильна. Это повлияло на инвестиционные решения.	Компания стабильна, потому что демонстрирует устойчивые показатели, а устойчивость показателей объясняется тем, что компания стабильна
false dilemma	В международных отношениях санкции часто рассматриваются как инструмент давления. Политики оценивают их эффективность и последствия для экономики. Но в стратегическом плане другого пути просто нет: либо мы вводим максимально жёсткие санкции и демонстрируем решимость отстаивать свои интересы. Это сигнализирует о серьёзности намерений и усиливает давление на оппонента. либо мы отказываемся от санкций и показываем слабость, что может быть воспринято как готовность уступать. В таком случае страна теряет влияние и способность защищать свои позиции на мировой арене.	другого пути просто нет: либо мы вводим максимально жёсткие санкции[SEP]либо мы отказываемся от санкций и показываем слабость,
fallacy of extension	— Я думаю, что в детских садах стоит больше времени уделять свободной игре, а не только занятиям. Это важно для развития. — То есть вы хотите, чтобы дети вообще ничему не учились и просто играли целыми днями? Прекрасно, давайте отменим воспитание! Вы предлагаете вырастить поколение, которое не знает элементарных вещей! По вашей логике, образование начинается только во взрослом возрасте!	в детских садах стоит больше времени уделять свободной игре, а не только занятиям[SEP]То есть вы хотите, чтобы дети вообще ничему не учились и просто играли целыми днями
equivocation	Я часто думаю о том, как важно правильно формулировать свои мысли. Любое предложение должно быть понятным, логичным, завершённым, чтобы собеседник сразу уловил смысл. Предложение должно быть грамотно построено, иначе его трудно понять. Если я умею строить предложения, значит, любое моё предложение людям будет принято и одобрено. Поэтому, когда я делаю деловые предложения партнёрам, они просто обязаны соглашаться — ведь формулирую я всё грамотно и чётко.	Предложение должно быть грамотно построено, иначе его трудно понять. Если я умею строить предложения, значит, любое моё предложение людям будет принято и одобрено.
ad populum	В экономическом прогнозе аналитик опирался на общественные настроения. Большинство экспертов ожидает рост рынка и придерживается оптимистичной позиции, значит, этот сценарий является наиболее вероятным. Это придало уверенности инвесторам.	Большинство экспертов ожидает рост рынка и придерживается оптимистичной позиции, значит, этот сценарий является наиболее вероятным
fallacy of relevance	— Правительство рассматривает повышение налогов на табачную продукцию, чтобы снизить уровень курения и увеличить доходы бюджета. — Но ведь в стране растёт популярность здорового образа жизни, открываются фитнес-центры и беговые клубы. Количество людей, занимающихся спортом, увеличилось на 40%. Разве есть смысл обсуждать налоги на табак, если общество и так становится более здоровым?	Но ведь в стране растёт популярность здорового образа жизни, открываются фитнес-центры и беговые клубы[SEP]Разве есть смысл обсуждать налоги на табак, если общество и так становится более здоровым
ad hominem	На круглом столе обсуждали экологическую политику компании. Выступающий известен своей показной заботой о репутации и склонностью к манипуляциям, следовательно его аргументы о защите окружающей среды продиктованы корыстью и не заслуживают внимания. Остальные участники переглянулись, но спор продолжился.	Выступающий известен своей показной заботой о репутации и склонностью к манипуляциям, следовательно его аргументы о защите окружающей среды продиктованы корыстью и не заслуживают внимания
false causality	В последние годы люди стали чаще пользоваться фитнес-браслетами, и одновременно вырос интерес к правильному питанию. Это видно по продажам продуктов. Раз оба явления усиливаются вместе, значит именно фитнес-браслеты формируют привычки здорового питания. Они меняют образ жизни.	Раз оба явления усиливаются вместе, значит именно фитнес-браслеты формируют привычки здорового питания
appeal to emotion	На заседании по безопасности министр сказал: Вспомните семьи, которые теряют близких из-за преступников, скрывающихся в тени. Люди живут в постоянном страхе, не зная, вернутся ли их родные домой. Разве вы сможете смотреть им в глаза? Поэтому нужно ввести тотальную слежку за всеми гражданами.	Разве вы сможете смотреть им в глаза? Поэтому нужно ввести тотальную слежку за всеми гражданами.
appeal to emotion	В ток-шоу обсуждали массовую слежку. Ведущий напомнил о преступниках, которые остаются на свободе. Разве вы готовы жить в страхе каждый день? Поэтому нужно дать спецслужбам полный доступ к личной переписке. Зрители переглядывались.	Разве вы готовы жить в страхе каждый день? Поэтому нужно дать спецслужбам полный доступ к личной переписке.
false causality	Посмотрите на эту IT-компанию: до 2018 года сотрудники работали в офисе 5 дней в неделю, и производительность составляла 85 единиц в месяц. В 2018 году компания перешла на гибридный формат — 3 дня в офисе, 2 дня удалённо. Уже через год производительность выросла до 120 единиц в месяц. Значит, что именно переход на удалённую работу напрямую вызвал рост производительности. Чтобы повысить производительность в любой компании, нужно вводить гибридный формат работы. 	сотрудники работали в офисе 5 дней в неделю[SEP]компания перешла на гибридный формат[SEP]Уже через год производительность выросла[SEP]Значит[SEP]именно переход на удалённую работу[SEP]вызвал рост производительности
equivocation	Я размышлял о том, как важно держать баланс в жизни. Нужно уметь распределять время между работой и отдыхом. Баланс — это равновесие, которое обеспечивает устойчивость. Значит, если я хорошо держу физическое равновесие, я автоматически умею управлять своей жизнью и не перегружаю себя. Поэтому спорт заменяет любые методы планирования.	Баланс — это равновесие, которое обеспечивает устойчивость. Значит, если я хорошо держу физическое равновесие, я автоматически умею управлять своей жизнью и не перегружаю себя.
fallacy of extension	— Я предлагаю ввести гибкий график работы для родителей маленьких детей. Это поможет им совмещать работу и семью. — То есть вы хотите, чтобы сотрудники вообще не работали по расписанию и делали что хотят? Значит, бизнес должен подстраиваться под каждого и терять эффективность? Вы предлагаете разрушить рабочую дисциплину!	ввести гибкий график работы для родителей маленьких детей[SEP]То есть вы хотите, чтобы сотрудники вообще не работали по расписанию и делали что хотят
equivocation	Я думаю, что важно сохранять лад в отношениях. Когда есть согласие, люди лучше понимают друг друга и избегают конфликтов. Лад создаёт гармонию, как музыкальный строй создаёт гармонию в звуке, поэтому если настроить лад в жизни, всё начинает звучать правильно и без ошибок. Поэтому достаточно просто стремиться к согласию.	Лад создаёт гармонию, как музыкальный строй создаёт гармонию в звуке, поэтому если настроить лад в жизни, всё начинает звучать правильно и без ошибок
fallacy of extension	— Мне кажется, что нужно ограничить рекламу вредных продуктов, особенно направленную на детей. Это поможет сформировать более здоровые привычки. — Понятно! Вы хотите запретить всю рекламу и лишить бизнес возможности продвигать свои товары! Давайте вообще уберём рынок и вернёмся к плановой экономике! Вы хотите уничтожить предпринимательство?	нужно ограничить рекламу вредных продуктов, особенно направленную на детей[SEP]Вы хотите запретить всю рекламу и лишить бизнес возможности продвигать свои товары
ad populum	На лекции по экономике обсуждали криптовалюты и их риски. Один студент уверенно заметил: подавляющее большинство инвесторов сейчас вкладывается в криптоактивы, значит, это надёжный инструмент. Он добавил, что массовый интерес не возникает без серьёзных оснований.	подавляющее большинство инвесторов сейчас вкладывается в криптоактивы, значит, это надёжный инструмент
fallacy of extension	— Я думаю, что стоит ограничить агрессивную рекламу, особенно направленную на детей, чтобы защитить их от манипуляций. ограничение агрессивной рекламы для детей помогает защитить их от манипулятивного воздействия. — Значит, вы хотите запретить рекламу полностью и уничтожить рынок товаров? Вы предлагаете лишить компании возможности продвигать продукты и остановить экономику?	ограничение агрессивной рекламы для детей помогает защитить их от манипулятивного воздействия. — Значит, вы хотите запретить рекламу полностью и уничтожить рынок товаров
ad hominem	— Необходимо повысить прозрачность благотворительных фондов. — Ты сам ранее участвовал в сомнительных схемах и не отличаешься честностью, значит твои аргументы о прозрачности не заслуживают внимания. Это выглядит неискренне.	Ты сам ранее участвовал в сомнительных схемах и не отличаешься честностью, значит твои аргументы о прозрачности не заслуживают внимания
false dilemma	В обсуждении оборонной политики звучит: либо мы резко увеличиваем военный бюджет, чтобы обеспечить безопасность, вопрос подаётся как критический. Социальные расходы рассматриваются как второстепенные. Возможности дипломатии почти не обсуждаются. либо страна окажется беззащитной перед угрозами.	либо мы резко увеличиваем военный бюджет,[SEP]либо страна окажется беззащитной перед угрозами.
false causality	После того как я начал бегать по утрам, у меня улучшилось настроение и появилось больше энергии в течение дня, поэтому очевидно, что именно утренний бег полностью устранил мою усталость. Я всем советую вставать в 6 утра и бегать, чтобы чувствовать себя так же.	После того как я начал бегать по утрам, у меня улучшилось настроение и появилось больше энергии в течение дня
equivocation	Я часто думаю о том, как важно иметь охоту к делу. Когда есть охота, появляется энергия, желание действовать, достигать целей. Охота связана с преследованием результата. Охота требует настойчивости и доведения до конца, и если у меня есть охота работать, значит, я неизбежно добьюсь результата в любом деле. Поэтому усилия не так важны.	Охота требует настойчивости и доведения до конца, и если у меня есть охота работать, значит, я неизбежно добьюсь результата в любом деле
circular reasoning	В философском семинаре обсуждали природу истины. Это утверждение истинно, поскольку оно соответствует реальности, а соответствие реальности определяется тем, что утверждение истинно. После этого разговор перешёл к другим темам.	Это утверждение истинно, поскольку оно соответствует реальности, а соответствие реальности определяется тем, что утверждение истинно
circular reasoning	При обсуждении методологии науки прозвучал аргумент. Метод считается научным, потому что соответствует научным стандартам, а соответствие стандартам определяется тем, что метод является научным. Это закрепили как критерий оценки.	Метод считается научным, потому что соответствует научным стандартам, а соответствие стандартам определяется тем, что метод является научным
false dilemma	В обсуждении миграционной политики говорится: либо мы полностью закрываем границы для мигрантов, чтобы защитить рынок труда и социальные системы. При этом не учитываются экономические выгоды от притока рабочей силы. Важно рассматривать разные категории мигрантов и механизмы интеграции. либо страна будет переполнена и потеряет контроль над ситуацией. Такой подход упрощает сложную проблему.	либо мы полностью закрываем границы для мигрантов,[SEP]либо страна будет переполнена и потеряет контроль над ситуацией.
false causality	С тех пор как я начал читать по 10 страниц перед сном, у меня чаще стали появляться интересные идеи для работы, и я быстрее решаю задачи днём. Значит, именно вечернее чтение напрямую генерирует креативность и повышает продуктивность. Буду увеличивать норму чтения.	С тех пор как я начал читать по 10 страниц перед сном, у меня чаще стали появляться интересные идеи для работы[SEP]Значит, именно вечернее чтение напрямую генерирует креативность и повышает продуктивность
fallacy of relevance	— По данным Минздрава, за последние три года смертность от сердечно-сосудистых заболеваний выросла на 12%, особенно в малых городах, где не хватает кардиологов и современного оборудования. Очереди на обследования достигают двух месяцев, а пациенты часто не получают своевременную помощь. Нам нужно срочно инвестировать в медицинскую инфраструктуру и подготовку специалистов. — Разве можно сейчас обсуждать какие-то больницы, когда в стране падает рождаемость и население сокращается? Молодые семьи не могут позволить себе жильё, детские сады переполнены, а пособия едва покрывают базовые расходы. Если мы не решим демографический кризис, через 20 лет просто некому будет лечиться в этих больницах. Сначала нужно стимулировать рождаемость, создавать условия для семей, а уже потом думать о медицинской системе.	Разве можно сейчас обсуждать какие-то больницы, когда в стране падает рождаемость и население сокращается
equivocation	Я часто думаю о мире и о том, как важно сохранять спокойствие между людьми. Когда нет конфликтов, можно развиваться, строить планы и просто жить нормально. Мир — это основа стабильности. Если мир означает отсутствие войны и делает жизнь безопасной, то забота о мире во всём мире автоматически делает любые мои действия правильными. Поэтому я считаю, что мои решения всегда оправданы, ведь я действую ради мира.	Если мир означает отсутствие войны и делает жизнь безопасной, то забота о мире во всём мире автоматически делает любые мои действия правильными
faulty generalization	-- В разных религиях люди находят смысл жизни и поддержку, но, конечно, встречаются и деструктивные секты. Как ты считаешь, можно ли доверять любой вере?  -- Я знаю одного парня из нашего города — он вступил в какую-то секту, бросил учёбу, обманул родителей и стал агрессивным. Значит, все религии опасны: они манипулируют сознанием, разрушают семьи и ведут к деградации личности. Никаких исключений нет!	Я знаю одного парня[SEP]он вступил в какую-то секту[SEP]и стал агрессивным. Значит, все религии опасны
fallacy of extension	— Я считаю, что в университетах стоит пересматривать устаревшие программы и обновлять их с учётом современных требований рынка чтобы выпускники были более подготовлены. — Значит, вы хотите выбросить классическое образование и оставить только прикладные навыки без фундаментальных знаний? Вы предлагаете превратить университеты в курсы подготовки рабочих без широкой эрудиции? Тогда наука просто исчезнет!	в университетах стоит пересматривать устаревшие программы и обновлять их с учётом современных требований рынка[SEP]Значит, вы хотите выбросить классическое образование и оставить только прикладные навыки без фундаментальных знаний
faulty generalization	Я скачал приложение для изучения языка, но оно оказалось неудобным. Интерфейс запутал с первых минут. Одно приложение сложное — значит, все такие сервисы бесполезны. Решил вернуться к учебникам.	Одно приложение сложное — значит, все такие сервисы бесполезны
faulty generalization	Мой коллега страдал от бессонницы годами, пока не начал пить травяной чай по рецепту своей бабушки — и теперь спит как младенец. Значит, это поможет всем четверым моим друзьям, которые сейчас жалуются на плохой сон. Не нужно никаких врачей — просто заваривайте тот же чай!	Мой коллега страдал от бессонницы годами, пока не начал пить травяной чай[SEP]Значит, это поможет всем[SEP]моим друзьям
faulty generalization	Один школьный учитель объяснял тему непонятно — значит, в этой школе плохо преподают все предметы. Родители начинают переживать.	Один школьный учитель объяснял тему непонятно — значит, в этой школе плохо преподают все предметы
equivocation	Я часто думаю о том, как важно следствие в жизни. Любое действие имеет последствия, и это нужно учитывать. Это помогает принимать решения. Следствие показывает результат и раскрывает истину происходящего, как в расследовании оно выявляет факты. Если есть следствие, значит истина уже установлена. Поэтому любые выводы, которые я делаю, автоматически верны. Ведь следствие уже всё объяснило.	Следствие показывает результат и раскрывает истину происходящего, как в расследовании оно выявляет факты. Если есть следствие, значит истина уже установлена.
ad hominem	Она говорит о важности экологичного транспорта. Она демонстративно живёт роскошно и не отказывает себе в излишествах, значит её аргументы об экологии не заслуживают доверия. Это прозвучало в кулуарах.	Она демонстративно живёт роскошно и не отказывает себе в излишествах, значит её аргументы об экологии не заслуживают доверия
fallacy of relevance	— В сельских районах наблюдается нехватка врачей: на 10 тысяч жителей приходится всего 2 специалиста, что приводит к росту смертности от предотвратимых заболеваний. — Зачем обсуждать нехватку врачей в сёлах, когда в крупных городах транспортные пробки достигают критического уровня? Люди тратят по 3 часа в день на дорогу. Сначала решите проблему мегаполисов, а потом уже занимайтесь сельской медициной.	Зачем обсуждать нехватку врачей в сёлах, когда в крупных городах транспортные пробки достигают критического уровня[SEP]Сначала решите проблему мегаполисов, а потом уже занимайтесь сельской медициной
fallacy of credibility	В обсуждении стартапа один участник сказал, что проект перспективен. Этот стартап обязательно станет успешным, потому что его поддержал известный инвестор, который вложился в множество компаний. Если такой авторитет в бизнесе верит в проект, значит он точно принесёт прибыль. Он считал, что опыт инвестора является достаточным доказательством. При этом он не анализировал бизнес-модель и риски, полагаясь только на мнение известной фигуры.	Этот стартап обязательно станет успешным, потому что его поддержал известный инвестор[SEP]Если такой авторитет в бизнесе верит в проект, значит он точно принесёт прибыль
circular reasoning	В сфере образования обсуждали компетенции. Студент компетентен, потому что он демонстрирует компетентность в заданиях. Это влияет на оценки. При этом демонстрация компетентности интерпретируется так, потому что студент уже считается компетентным.	Студент компетентен, потому что он демонстрирует компетентность в заданиях[SEP]демонстрация компетентности интерпретируется так, потому что студент уже считается компетентным
circular reasoning	В анализе данных обсуждали точность алгоритма. Алгоритм точен, потому что выдаёт корректные прогнозы. Однако корректность прогнозов определяется тем, что алгоритм точен. Его внедрили в продакшн.	Алгоритм точен, потому что выдаёт корректные прогнозы[SEP]корректность прогнозов определяется тем, что алгоритм точен
ad populum	В обсуждении школьной формы директор заметил: большинство родителей поддерживает обязательную форму, значит, это педагогически верное решение. Дискуссию быстро закрыли.	большинство родителей поддерживает обязательную форму, значит, это педагогически верное решение
equivocation	Я давно интересуюсь музыкой и стараюсь разбираться в теории. Очень важно, чтобы в композиции был лад — без него всё звучит хаотично и неприятно. Когда есть лад, музыка становится гармоничной и понятной. Лад в отношениях тоже необходим, ведь когда между людьми есть согласие, всё складывается хорошо и спокойно — это основа любой дружбы. Поэтому я уверен, что если у нас хороший музыкальный лад, то и в общении у нас не будет конфликтов, ведь лад всегда означает гармонию.	Лад в отношениях тоже необходим, ведь когда между людьми есть согласие, всё складывается хорошо и спокойно[SEP]если у нас хороший музыкальный лад, то и в общении у нас не будет конфликтов
fallacy of relevance	— Экономисты предупреждают, что инфляция достигла 12%, и реальные доходы населения падают уже третий год подряд. Это приводит к сокращению потребления и росту бедности. — Разве можно сейчас обсуждать инфляцию, когда в стране проходят масштабные спортивные мероприятия мирового уровня? Они привлекают инвестиции, туристов и повышают международный статус. Давайте лучше сосредоточимся на спортивных успехах и развитии инфраструктуры, а не на экономических трудностях.	Разве можно сейчас обсуждать инфляцию, когда в стране проходят масштабные спортивные мероприятия мирового уровня[SEP]Давайте лучше сосредоточимся на спортивных успехах и развитии инфраструктуры, а не на экономических трудностях
faulty generalization	Я видел, как один подросток грубо разговаривал с пожилым человеком — значит, вся молодёжь невоспитанная. Эта сцена запомнилась надолго. После этого сложилось определённое мнение.	Я видел, как один подросток грубо разговаривал с пожилым человеком — значит, вся молодёжь невоспитанная
faulty generalization	На рынке продавец неправильно дал сдачу. Это вызвало недоверие. Один продавец ошибся — значит, все продавцы на рынке обманывают покупателей. Теперь я хожу только в супермаркеты.	Один продавец ошибся — значит, все продавцы на рынке обманывают покупателей
false dilemma	Система образования переживает кризис качества, и обсуждение реформ становится всё более острым. Учебные программы перегружены, учителя жалуются на нехватку времени, а родители — на отсутствие прозрачных критериев оценки знаний. Единственный правильный выход — это полностью перейти на стандартизированные тесты, которые якобы устранят субъективность и обеспечат равные условия для всех учащихся. При этом игнорируются сложности внедрения и разнообразие образовательных целей. без них невозможно обеспечить справедливость оценки. В таком подходе любые альтернативные методы — проекты, устные экзамены или портфолио — рассматриваются как второстепенные и ненадёжные, даже если они могут дополнять систему.	Единственный правильный выход — это полностью перейти на стандартизированные тесты,[SEP]без них невозможно обеспечить справедливость оценки.
false causality	В районах, где открываются новые торговые центры, вскоре растёт число автомобилей на дорогах. Значит, именно строительство торговых центров вызывает увеличение количества машин. Это стоит учитывать при планировании города.	В районах, где открываются новые торговые центры, вскоре растёт число автомобилей на дорогах. Значит, именно строительство торговых центров вызывает увеличение количества машин
ad populum	Многие сомневаются в ценности классической литературы для подростков. Но она входит в школьные программы по всему миру и признана миллионами читателей таким образом, эти книги действительно формируют мышление и обязательны к изучению. Иначе их бы давно исключили.	Но она входит в школьные программы по всему миру и признана миллионами читателей таким образом, эти книги действительно формируют мышление и обязательны к изучению
appeal to emotion	В обсуждении цензуры чиновник сказал: люди чувствуют растерянность перед потоком информации. Как вы можете оставить их в этом хаосе? Они хотят ясности и безопасности. Значит, необходимо ввести строгую цензуру.	Как вы можете оставить их в этом хаосе?[SEP]Значит, необходимо ввести строгую цензуру.
false dilemma	В здравоохранении обсуждается финансирование новых клиник. Очереди растут, врачи перегружены, пациенты недовольны качеством услуг. Единственный выход — это полностью приватизировать медицину. Это позволит привлечь инвестиции и повысить конкуренцию. Однако остаются вопросы доступности лечения для малообеспеченных. иначе система окончательно развалится и перестанет функционировать. В таких условиях компромиссные модели не рассматриваются как жизнеспособные.	Единственный выход — это полностью приватизировать медицину.[SEP]иначе система окончательно развалится и перестанет функционировать.
appeal to emotion	Чиновник говорил о миграции: Люди боятся за безопасность своих семей, каждый вечер становится испытанием. Неужели вы готовы оставить их без защиты? Поэтому границы должны быть закрыты.	Неужели вы готовы оставить их без защиты? Поэтому границы должны быть закрыты.
fallacy of credibility	В разговоре о школьной форме один родитель предлагает изменить правила. Другой отвечает: Школьная форма должна оставаться прежней, потому что так было принято десятилетиями, и если традиция сохранялась так долго, значит она правильная и менять её нельзя. Он подчёркивает, что форма дисциплинирует и объединяет учеников, потому что так считалось раньше. Современные аргументы о комфорте или индивидуальности игнорируются, поскольку главным доводом выступает длительность существования правила.	Школьная форма должна оставаться прежней, потому что так было принято десятилетиями[SEP]если традиция сохранялась так долго, значит она правильная и менять её нельзя
circular reasoning	Экономисты оценивают реформу налогообложения. Реформа эффективна, потому что повышает фискальную результативность. Отчёты указывают на рост сборов. А рост фискальной результативности обусловлен тем, что реформа эффективна. Её продлевают на следующий период.	Реформа эффективна, потому что повышает фискальную результативность[SEP]А рост фискальной результативности обусловлен тем, что реформа эффективна
ad populum	В спортивной аналитике обсуждали эффективность новой стратегии. Её используют почти все ведущие команды лиги, значит, она оптимальна и даёт лучший результат. Альтернативные схемы считаются устаревшими.	Её используют почти все ведущие команды лиги, значит, она оптимальна и даёт лучший результат
false dilemma	В социальной политике обсуждают поддержку безработных. Государство пытается найти баланс между помощью и стимулированием к труду. Либо мы полностью прекращаем выплаты пособий. Это кажется способом заставить людей искать работу. Либо люди окончательно теряют мотивацию работать. В таком подходе программы переобучения и поддержки игнорируются как неэффективные.	Либо мы полностью прекращаем выплаты пособий.[SEP]Либо люди окончательно теряют мотивацию работать.
false dilemma	В обсуждении городской инфраструктуры звучат разные предложения. Однако единственный путь — это массовое строительство дорог, чтобы снизить пробки, иначе транспортная система полностью парализуется. Количество автомобилей растёт, и существующая сеть не справляется. Общественный транспорт не может полностью заменить личные машины. Поэтому необходимо расширять дорожную сеть, даже если это требует значительных затрат.	единственный путь — это массовое строительство дорог,[SEP]иначе транспортная система полностью парализуется.
circular reasoning	На совещании по UX обсуждали удобство интерфейса. Интерфейс удобен, так как пользователи эффективно выполняют задачи. При этом эффективность выполнения задач обусловлена тем, что интерфейс удобен. Команда решила не менять дизайн.	Интерфейс удобен, так как пользователи эффективно выполняют задачи[SEP]эффективность выполнения задач обусловлена тем, что интерфейс удобен
appeal to emotion	— Обсуждаем вмешательство в конфликт. — Представьте людей, которые теряют всё каждый день. Как можно оставаться равнодушным? Их боль становится невыносимой. Поэтому мы обязаны ввести войска.	Представьте людей, которые теряют всё каждый день. Как можно оставаться равнодушным?[SEP]Поэтому мы обязаны ввести войска.
circular reasoning	В обсуждении стартапа инвесторы пытались оценить его устойчивость. Бизнес-модель устойчива, поскольку она обеспечивает стабильную прибыль. А стабильная прибыль проистекает из того, что бизнес-модель устойчива. Это стало аргументом в пользу финансирования проекта.	Бизнес-модель устойчива, поскольку она обеспечивает стабильную прибыль. А стабильная прибыль проистекает из того, что бизнес-модель устойчива
false dilemma	В разговоре о климатической политике прозвучало утверждение: другого пути просто нет — мы обязаны немедленно закрыть все заводы. Описываются выбросы и загрязнение воздуха. Приводятся данные о влиянии на здоровье населения. иначе экологическая катастрофа неизбежна. Делается акцент на срочности и масштабах проблемы, требующих радикальных решений.	другого пути просто нет — мы обязаны немедленно закрыть все заводы[SEP]иначе экологическая катастрофа неизбежна
false dilemma	В сфере технологий важно определить направление развития. Есть только одно решение — полностью автоматизировать производство, заменив человеческий труд машинами. Это повысит эффективность и снизит издержки. Компании стремятся к максимальной производительности, и автоматизация кажется логичным шагом. иначе бизнес не выдержит конкуренции и разорится. В такой ситуации сохранение рабочих мест рассматривается как препятствие для прогресса.	Есть только одно решение — полностью автоматизировать производство[SEP]иначе бизнес не выдержит конкуренции и разорится
fallacy of relevance	— В стране необходимо реформировать систему налогообложения малого бизнеса, так как 40% предпринимателей работают в тени. — Но ведь крупные корпорации приносят основной доход в бюджет, зачем фокусироваться на малом бизнесе? Они обеспечивают стабильность экономики. Сначала поддержите крупных игроков, а потом уже думайте о мелких предпринимателях. Это логичный приоритет.	Но ведь крупные корпорации приносят основной доход в бюджет, зачем фокусироваться на малом бизнесе[SEP]Сначала поддержите крупных игроков, а потом уже думайте о мелких предпринимателях
fallacy of extension	— Я считаю, что стоит ужесточить контроль за выбросами промышленных предприятий и внедрять более чистые технологии постепенно. Это не значит закрывать заводы, а лишь снизить вред окружающей среде без резких экономических потрясений. — То есть вы хотите закрыть всю промышленность и оставить людей без работы ради экологии? Вы предлагаете остановить заводы, лишить страну производства и вернуться к примитивному образу жизни? Тогда давайте вообще перестанем что-либо производить и будем жить в лесах! Ваш подход уничтожит экономику и сделает людей нищими ради абстрактных экологических идеалов.	стоит ужесточить контроль за выбросами промышленных предприятий и внедрять более чистые технологии постепенно[SEP]вы хотите закрыть всю промышленность и оставить людей без работы ради экологии
fallacy of credibility	В разговоре о школьной форме один родитель заявил, что её необходимо сохранить без изменений. Он объяснил свою позицию так: мы обязаны придерживаться школьной формы, потому что так делали наши родители и их родители, и добавил, что раз эта традиция существует десятилетиями, значит, она правильная и полезная. При этом он не рассматривал аргументы о комфорте детей или современных подходах к обучению. Для него главным доказательством служило само существование традиции. Он считал, что любые попытки изменить форму одежды — это отход от правильного пути, ведь проверенные временем практики не требуют дополнительного обоснования.	мы обязаны придерживаться школьной формы, потому что так делали наши родители и их родители[SEP]раз эта традиция существует десятилетиями, значит, она правильная и полезная
intentional	— Почему вы против строительства нового торгового центра? Это создаст рабочие места. — Вы поддерживаете этот проект, потому что хотите получить личную выгоду от застройщика и увеличить стоимость своих активов в этом районе . Это не забота о рабочих местах. Вы просто заинтересованы в прибыли. Возможно, у вас уже есть договорённости. Ваши аргументы — это лишь прикрытие для личной выгоды. Если бы вы думали о городе, вы бы учитывали экологические и социальные последствия, а не только деньги.	Вы поддерживаете этот проект, потому что хотите получить личную выгоду от застройщика и увеличить стоимость своих активов в этом районе
circular reasoning	В компании обсуждали внедрение новой CRM. Эта система надёжна, потому что она работает без сбоев. Команда уверена в выборе. А она работает без сбоев, потому что система надёжна. Поэтому закупку уже согласовали.	Эта система надёжна, потому что она работает без сбоев[SEP]А она работает без сбоев, потому что система надёжна
fallacy of credibility	В научной дискуссии о климате один участник заявил: Глобальное потепление не представляет серьёзной угрозы, ведь об этом говорит известный телеведущий научных передач, и добавил, что если популярный популяризатор науки утверждает это, значит можно не сомневаться. Он подчеркнул, что этот телеведущий много лет рассказывает о науке и общается с экспертами, поэтому якобы обладает достаточной компетенцией. При этом он игнорировал консенсус климатологов и данные научных исследований. Для него было достаточно авторитета медийной личности, чтобы отвергнуть сложные научные аргументы и статистику, считая, что мнение популярного лица перевешивает любые научные данные.	Глобальное потепление не представляет серьёзной угрозы, ведь об этом говорит известный телеведущий научных передач[SEP]если популярный популяризатор науки утверждает это, значит можно не сомневаться
intentional	— Я предлагаю ограничить рекламу вредной еды для детей, чтобы снизить уровень ожирения. — Вы хотите запретить рекламу, потому что на самом деле стремитесь вмешиваться в личный выбор семей и диктовать им образ жизни, а не заботитесь о здоровье. Такие меры всегда ведут к излишнему контролю. Вы просто не доверяете людям принимать собственные решения.	Вы хотите запретить рекламу, потому что на самом деле стремитесь вмешиваться в личный выбор семей и диктовать им образ жизни
fallacy of relevance	— В нашем городе за последние три года резко вырос уровень загрязнения воздуха: концентрация PM2.5 превышает норму ВОЗ в 2,5 раза, увеличилось число госпитализаций с астмой и хроническими заболеваниями лёгких на 18%. Экологи связывают это с ростом автомобильного трафика и отсутствием зелёных зон. Нужно срочно вводить ограничения на транспорт и развивать общественный транспорт. — Разве можно сейчас обсуждать загрязнение воздуха, когда в городе растёт преступность и не хватает полицейских патрулей? В прошлом году число краж увеличилось на 22%, а раскрываемость снизилась. Люди боятся выходить вечером на улицу, особенно в спальных районах. Безопасность — это базовая потребность, без неё никакие экологические инициативы не имеют смысла. Сначала обеспечьте порядок на улицах, а потом уже думайте о качестве воздуха, потому что живой человек в безопасности важнее любых экологических норм.	Разве можно сейчас обсуждать загрязнение воздуха, когда в городе растёт преступность и не хватает полицейских патрулей[SEP]Сначала обеспечьте порядок на улицах, а потом уже думайте о качестве воздуха
ad hominem	В дискуссии о налоговой политике он предложил снизить нагрузку на малый бизнес. Однако он давно известен своей склонностью уклоняться от налогов, поэтому его аргументы о реформе продиктованы личной выгодой и не заслуживают доверия. Это вызывает сомнения в его мотивах.	он давно известен своей склонностью уклоняться от налогов, поэтому его аргументы о реформе продиктованы личной выгодой и не заслуживают доверия
equivocation	Я уверен, что важно правильно использовать союз. Союз объединяет людей, делает их сильнее, позволяет достигать общих целей. Союз создаёт связь и усиливает взаимодействие между элементами. В языке союз тоже соединяет части предложения. Значит, если я правильно использую союзы в речи, я автоматически умею объединять людей вокруг себя, ведь союз всегда соединяет.	Союз создаёт связь и усиливает взаимодействие между элементами.[SEP]Значит, если я правильно использую союзы в речи, я автоматически умею объединять людей вокруг себя
false dilemma	В дебатах о миграционной политике звучит крайняя позиция. Либо мы полностью закрываем границы, чтобы защитить рынок труда и безопасность. Это якобы остановит нелегальную миграцию. либо страна теряет контроль и сталкивается с кризисом. В такой логике любые регулируемые формы миграции игнорируются.	Либо мы полностью закрываем границы,[SEP]либо страна теряет контроль и сталкивается с кризисом.
intentional	Мы ввели строгие правила модерации на платформе, потому что хотели создать безопасное пространство для пользователей и защитить их от токсичного контента. Да, некоторые посты были удалены, включая те, которые не нарушали правил напрямую. Но лучше перестраховаться, чем допустить вред. Пользователи жалуются на цензуру, но это неизбежная плата за безопасность. Когда цель — защита аудитории и поддержание здоровой среды, ограничения свободы выражения можно считать оправданными. Мы действовали во благо сообщества.	Мы ввели строгие правила модерации на платформе, потому что хотели создать безопасное пространство для пользователей и защитить их от токсичного контента[SEP]Когда цель — защита аудитории и поддержание здоровой среды, ограничения свободы выражения можно считать оправданными
fallacy of extension	— Я считаю, что следует ограничить громкость рекламы в общественных местах, чтобы снизить шумовое загрязнение. Это сделает город комфортнее для жизни. — То есть вы хотите полностью убрать рекламу и сделать города скучными и мёртвыми? Вам мешают любые звуки, и вы хотите тишины, как на кладбище! По вашей логике, бизнес вообще не должен привлекать клиентов, а города должны быть безжизненными и пустыми.	следует ограничить громкость рекламы в общественных местах, чтобы снизить шумовое загрязнение[SEP]То есть вы хотите полностью убрать рекламу и сделать города скучными и мёртвыми
ad populum	— Может, стоит попробовать этот редкий метод терапии? — Его почти никто не применяет в клиниках, значит, он неэффективен. Лучше придерживаться популярных подходов.	Его почти никто не применяет в клиниках, значит, он неэффективен
fallacy of extension	— В сфере труда важно учитывать баланс между работой и отдыхом. Например, некоторым компаниям стоит внедрять более гибкий график для сотрудников, чтобы снизить выгорание. Это не универсальное решение, а опция. — Вы хотите, чтобы люди вообще перестали работать по расписанию и делали что хотят, игнорируя обязанности! Значит, по-вашему, дисциплина не нужна, и каждый будет приходить когда захочет? Это приведёт к хаосу в компаниях и падению продуктивности!	некоторым компаниям стоит внедрять более гибкий график для сотрудников[SEP]Вы хотите, чтобы люди вообще перестали работать по расписанию и делали что хотят
fallacy of credibility	В обсуждении школьной формы один родитель предлагает разрешить детям выбирать одежду самостоятельно. Он говорит о важности самовыражения и психологического комфорта. Другой родитель отвечает: мы не должны менять установленный порядок, ведь это часть школьной культуры, потому что так было принято десятилетиями и это доказало свою правильность. По его мнению, если форма существовала столько лет, значит она необходима и полезна. Любые изменения воспринимаются как угроза дисциплине и традициям школы.	мы не должны менять установленный порядок[SEP]потому что так было принято десятилетиями и это доказало свою правильность
intentional	Да, мы запустили образовательную реформу слишком быстро, и многие школы оказались не готовы, но наши намерения были чистыми и направлены на улучшение качества обучения и мы хотели как лучше, даже если ученики столкнулись с путаницей и падением результатов. Любые изменения требуют времени. Конечно, учителя не получили достаточной подготовки, а программы оказались перегружены. Но если бы мы тянули с реформой, система осталась бы устаревшей. Мы действовали решительно, потому что хотели прогресса. Ошибки неизбежны, но они не отменяют того, что цель была правильной.	Да, мы запустили образовательную реформу слишком быстро, и многие школы оказались не готовы, но наши намерения были чистыми и направлены на улучшение качества обучения[SEP]мы хотели как лучше, даже если ученики столкнулись с путаницей и падением результатов
intentional	— Почему ты не отвечаешь на сообщения клиентов вовремя, ты игнорируешь их потому что тебе просто лень работать и ты не заинтересован в развитии компании? Мы теряем клиентов из-за задержек. Либо ты объясняешь причину, либо становится очевидно, что проблема в твоём отношении к работе. Такое поведение сложно оправдать, особенно когда речь идёт о репутации бизнеса.	ты игнорируешь их потому что тебе просто лень работать и ты не заинтересован в развитии компании
intentional	На собрании жильцов обсуждали установку камер видеонаблюдения. Один из соседей выступил против, ссылаясь на приватность. В ответ ему сказали: вы против камер не потому, что заботитесь о приватности, а потому что хотите скрыть свою подозрительную деятельность от соседей . Это вызвало напряжение в зале. на самом деле вам есть что прятать, поэтому вы и сопротивляетесь любым мерам безопасности . Вопрос о балансе между безопасностью и приватностью так и не был обсуждён.	вы против камер не потому, что заботитесь о приватности, а потому что хотите скрыть свою подозрительную деятельность от соседей[SEP]на самом деле вам есть что прятать, поэтому вы и сопротивляетесь любым мерам безопасности
false causality	После выхода нового смартфона продажи старых моделей снизились, значит именно появление новинки вызвало падение спроса на прежние устройства. Это объясняет поведение покупателей.	После выхода нового смартфона продажи старых моделей снизились, значит именно появление новинки вызвало падение спроса на прежние устройства
circular reasoning	В анализе данных обсуждали валидность модели. Модель валидна, потому что демонстрирует валидные предсказания. Это считалось ключевым показателем. Однако валидные предсказания объясняются тем, что модель является валидной. Вопрос проверки остался без ответа.	Модель валидна, потому что демонстрирует валидные предсказания[SEP]валидные предсказания объясняются тем, что модель является валидной
false dilemma	Вопрос о будущем Олимпийских игр имеет только два решения — никаких компромиссов и полутонов. Либо Олимпиада меняет её формат: новые виды спорта, современный формат, модернизация и учёт новых реалий. Либо спорт как таковой умрёт: отсутствие перемен и прогресса повлияют на утрату интереса зрителей и, как следствие, резкое сокращение финансирования. Других вариантов просто не существует. Не бывает «умеренной реформы» — отсутствие изменений в олимпийской программе неизбежно ведёт к полному разрушению спортивной системы. Не бывает «каноничной Олимпиады». Выбирайте прямо сейчас: либо полная модернизация, либо тотальное уничтожение всего спорта. Промежуточные позиции — это иллюзия. В реальном мире всегда есть только два полюса — и вы должны встать на один из них. Либо мы защищаем Олимпиаду и меняем её, либо мы убиваем спорт навсегда.	Вопрос о будущем Олимпийских игр имеет только два решения — никаких компромиссов[SEP]Либо Олимпиада меняет её формат[SEP]Либо спорт как таковой умрёт
false causality	Я заметил, что как только начал пить зелёный чай вместо кофе, стал реже болеть. Это продолжается уже несколько месяцев. Если снижение числа простуд совпало с переходом на зелёный чай, значит именно он укрепил иммунитет и защитил меня от болезней. Теперь рекомендую его всем знакомым.	Если снижение числа простуд совпало с переходом на зелёный чай, значит именно он укрепил иммунитет и защитил меня от болезней
fallacy of credibility	В споре о школьной форме один человек говорит, что её нужно сохранить. Школьная форма обязательна, ведь так было всегда в нашей школе, и поэтому это правильная практика, которую нельзя менять. Он утверждает, что традиция формирует дисциплину и уважение к учебному процессу. Если поколения учеников носили форму, значит она выполняет важную функцию. Любые попытки отменить её воспринимаются как разрушение устоявшегося порядка. Даже если современные исследования говорят о пользе самовыражения, это не имеет значения, ведь традиция сама по себе считается достаточным основанием для сохранения формы.	Школьная форма обязательна, ведь так было всегда в нашей школе[SEP]это правильная практика, которую нельзя менять
false dilemma	В налоговой реформе обсуждаются разные подходы, но ситуация требует определённости. Либо мы снижаем налоги до минимума, это стимулирует бизнес и привлечёт инвестиции. Высокие ставки отпугивают предпринимателей и тормозят развитие. либо экономика продолжит стагнировать. В условиях глобальной конкуренции нельзя позволить себе неопределённость.	Либо мы снижаем налоги до минимума,[SEP]либо экономика продолжит стагнировать.
appeal to emotion	На ток-шоу обсуждали цензуру интернета. Один эксперт сказал: В сети распространяются материалы, которые разрушают психику подростков, оставляя их в состоянии отчаяния. Как вы можете допустить это? Поэтому интернет нужно жёстко цензурировать.	Как вы можете допустить это? Поэтому интернет нужно жёстко цензурировать.
circular reasoning	На совещании по корпоративному управлению обсуждали эффективность нового директора. Он эффективен, так как демонстрирует высокую управленческую результативность. Его решения быстро внедряются и поддерживаются командой. А его результативность объясняется тем, что он эффективный руководитель. Поэтому сомнений в его компетентности не возникает.	Он эффективен, так как демонстрирует высокую управленческую результативность[SEP]А его результативность объясняется тем, что он эффективный руководитель
false causality	Когда компания сменила логотип, через несколько месяцев её продажи выросли, и бренд стал более заметным на рынке. Руководство связывает эти события. Делается вывод, что именно новый логотип стал причиной роста продаж.	Когда компания сменила логотип, через несколько месяцев её продажи выросли
faulty generalization	Я попробовал одно блюдо в ресторане, и оно оказалось пересоленным — значит, вся кухня там плохая. Мы пришли туда по рекомендации друзей. После ужина впечатление осталось неоднозначным.	Я попробовал одно блюдо в ресторане, и оно оказалось пересоленным — значит, вся кухня там плохая
fallacy of credibility	В дискуссии о школьном образовании кто-то предлагает внедрить игровые методы обучения, приводя примеры успешных школ. В ответ ему говорят: Игровое обучение действительно эффективно, потому что известный миллиардер поддерживает эту идею, и он неоднократно говорил об этом в интервью. Этот предприниматель построил глобальную корпорацию и известен своими инновационными подходами. Если человек такого уровня утверждает, что дети должны учиться через игру, значит это правильный путь. Его успех в бизнесе рассматривается как доказательство понимания образовательных процессов. Даже если у него нет педагогического опыта, его мнение воспринимается как более весомое, чем у учителей. Поэтому идея внедрения игровых методик считается обоснованной исключительно на основании его позиции.	Игровое обучение действительно эффективно, потому что известный миллиардер поддерживает эту идею[SEP]Если человек такого уровня утверждает, что дети должны учиться через игру, значит это правильный путь
intentional	— Я предлагаю внедрить удалённый формат работы хотя бы три дня в неделю, потому что это снижает расходы на офис и повышает удовлетворённость сотрудников. — Вы продвигаете удалёнку не из-за эффективности, а потому что хотите скрыть свою низкую продуктивность и избегать контроля руководства. На самом деле вам просто удобно не показываться в офисе, чтобы никто не видел, чем вы заняты. Все разговоры про экономию и комфорт — это ширма для того, чтобы меньше работать и получать ту же зарплату. Я уверен, что если проверить реальные результаты вашей команды, они окажутся ниже, чем у тех, кто работает в офисе. Ваше предложение — это попытка узаконить безделье под видом заботы о сотрудниках.	Вы продвигаете удалёнку не из-за эффективности, а потому что хотите скрыть свою низкую продуктивность и избегать контроля руководства
intentional	На парламентских слушаниях по декриминализации секс-индустрии один депутат заявил: Легализация проституции аморальна с точки зрения традиционных ценностей, поэтому абсолютно неважно, подтверждают ли исследования, что она снижает риски детской эксплуатации, насилия и распространения ВИЧ. Даже если это спасает жизни, моральный принцип выше любых статистик. Мораль важнее!	Легализация проституции аморальна[SEP]Даже если это спасает жизни, моральный принцип выше любых статистик
circular reasoning	На философском семинаре рассматривается понятие истины. Утверждение истинно, поскольку оно соответствует реальности. Это считается базовым критерием. А соответствие реальности определяется тем, что утверждение истинно. Таким образом, формируется замкнутая концепция истины.	Утверждение истинно, поскольку оно соответствует реальности[SEP]А соответствие реальности определяется тем, что утверждение истинно
appeal to emotion	В парламенте обсуждали расширение полномочий полиции. Один депутат эмоционально заявил: Представьте, как преступник уходит от наказания из-за формальностей. Неужели вы готовы это терпеть? Поэтому полиция должна получить больше власти.	Представьте, как преступник уходит от наказания из-за формальностей. Неужели вы готовы это терпеть? Поэтому полиция должна получить больше власти
fallacy of relevance	— В компании падает качество продукции: увеличилось количество брака, растёт число возвратов, клиенты недовольны. — Зачем обсуждать качество, когда у нас такие красивые рекламные кампании и высокий уровень узнаваемости бренда? Маркетинг привлекает новых клиентов, формирует имидж. Сначала нужно усилить продвижение, а потом уже думать о производстве.	Зачем обсуждать качество, когда у нас такие красивые рекламные кампании и высокий уровень узнаваемости бренда[SEP]Сначала нужно усилить продвижение, а потом уже думать о производстве
false dilemma	В социальной политике обсуждается поддержка безработных. Либо государство выплачивает высокий базовый доход всем нуждающимся, чтобы обеспечить достойный уровень жизни, рынок труда нестабилен. Помощь должна быть значительной. либо уровень бедности резко возрастёт. Программы занятости и обучение новым навыкам не рассматриваются как достаточные меры.	Либо государство выплачивает высокий базовый доход всем нуждающимся,[SEP]либо уровень бедности резко возрастёт.
false causality	После того как я начал бегать по утрам, у меня стали чаще появляться новые идеи для работы. Это совпадение кажется закономерным. Если появление идей происходит после пробежек, значит именно утренний бег напрямую стимулирует креативность. Теперь считаю это обязательной привычкой.	Если появление идей происходит после пробежек, значит именно утренний бег напрямую стимулирует креативность
equivocation	Я думаю о значении слова «град». Град может быть разрушительным явлением, он уничтожает урожай, наносит ущерб. Это сила природы. Град способен сильно воздействовать на окружающее, значит, любой град обладает мощью и значимостью. Поэтому каждый город автоматически имеет большое влияние и силу.	Град способен сильно воздействовать на окружающее, значит, любой град обладает мощью и значимостью.
fallacy of extension	— Я думаю, что в компаниях стоит поощрять гибкий график работы, если это не мешает процессам. Это может повысить продуктивность и снизить выгорание сотрудников. — То есть вы хотите, чтобы люди вообще не работали по расписанию и делали что хотят? Прекрасно, тогда никто не будет приходить вовремя, проекты будут срываться, а бизнес развалится! Вы предлагаете полную анархию в рабочих процессах! По вашей логике, дисциплина вообще не нужна!	в компаниях стоит поощрять гибкий график работы, если это не мешает процессам[SEP]То есть вы хотите, чтобы люди вообще не работали по расписанию и делали что хотят
appeal to emotion	Обсуждали запрет абортов. В зале царила напряжённая тишина. Представьте, что кто-то лишает жизни того, кто даже не может защититься, неужели вы готовы это оправдать? Люди говорили о ценности каждой жизни. Значит аборты должны быть полностью запрещены.	Представьте, что кто-то лишает жизни того, кто даже не может защититься, неужели вы готовы это оправдать?[SEP]Значит аборты должны быть полностью запрещены.
faulty generalization	Мой знакомый рассказал, что не смог продать квартиру долгое время. Рынок казался сложным. Одна продажа затянулась — значит, вся недвижимость сейчас не продаётся. Это влияет на планы.	Одна продажа затянулась — значит, вся недвижимость сейчас не продаётся
false dilemma	В обсуждении пенсионной системы звучит категоричный тезис. Придётся выбирать: либо повышать пенсионный возраст, чтобы сохранить баланс бюджета. Это объясняется ростом продолжительности жизни. либо система обанкротится и выплаты станут невозможны. В такой логике альтернативные реформы не учитываются.	Придётся выбирать: либо повышать пенсионный возраст,[SEP]либо система обанкротится и выплаты станут невозможны.
ad hominem	— Алгоритмическая торговля имеет ряд преимуществ: она снижает эмоциональные ошибки трейдеров, позволяет обрабатывать огромные объёмы данных в реальном времени, уменьшает спреды и повышает ликвидность рынка. Исследования показывают, что алгоритмы могут снизить волатильность на 15-20% в нормальных рыночных условиях. Кроме того, автоматизация освобождает трейдеров для более стратегических задач. — Конечно, алгоритмическая торговля не лучшая, ведь её продвигают только жадные финансисты! Всё это лоббируют банкиры и хедж-фонды, которые хотят зарабатывать на комиссиях и автоматизировать всё, чтобы уволить живых людей. Эти корпоративные акулы думают только о своей прибыли, а не о благе общества. Они внедряют алгоритмы не для повышения эффективности, а чтобы скрыть свои махинации и избежать ответственности. Когда финансист говорит, что алгоритмы полезны, это всё равно что спросить у волка, полезны ли овцы. Их мнение ничего не стоит, потому что они преследуют только свои корыстные цели.	алгоритмическая торговля не лучшая, ведь её продвигают только жадные финансисты[SEP]Их мнение ничего не стоит
appeal to emotion	На совещании по безопасности предложили ограничить свободу передвижения. Один участник сказал: преступность заставляет людей бояться выходить из дома. Неужели вы хотите, чтобы страх стал нормой? Это разрушает чувство безопасности. Значит передвижение нужно строго контролировать.	Неужели вы хотите, чтобы страх стал нормой?[SEP]Значит передвижение нужно строго контролировать.
fallacy of extension	— Я считаю, что врачам стоит уделять больше времени объяснению пациентам их диагнозов и лечения, чтобы люди лучше понимали своё состояние. Это повышает доверие и эффективность лечения. — То есть вы хотите, чтобы врачи перестали лечить и только разговаривали с пациентами часами? Вы предлагаете перегрузить систему здравоохранения бесконечными беседами, пока люди стоят в очередях и не получают помощь! По вашей логике, медицина превратится в разговорный клуб, где никто ничего не лечит.	врачам стоит уделять больше времени объяснению пациентам их диагнозов и лечения[SEP]То есть вы хотите, чтобы врачи перестали лечить и только разговаривали с пациентами часами
fallacy of extension	— Я думаю, что следует развивать альтернативную энергетику, постепенно снижая зависимость от ископаемого топлива. — Значит, вы хотите немедленно отказаться от нефти и газа и оставить страну без энергии? Вы предлагаете погрузить города в темноту?	следует развивать альтернативную энергетику, постепенно снижая зависимость от ископаемого топлива[SEP]вы хотите немедленно отказаться от нефти и газа и оставить страну без энергии
ad hominem	На лекции по этике студент высказался против эвтаназии. Преподаватель отмахнулся: он вырос в крайне консервативной семье и привык мыслить догматически, поэтому его аргументы не имеют значения. Дискуссия на этом закончилась.	он вырос в крайне консервативной семье и привык мыслить догматически, поэтому его аргументы не имеют значения
fallacy of relevance	На совещании по подготовке к международным соревнованиям обсуждали дисквалификацию нашей сборной за нарушение антидопинговых правил. Один чиновник возразил: Но ведь наши спортсмены — герои! Они спасали детей из горящего здания прошлым летом. Как вы можете их дисквалифицировать после такого? Это же настоящие патриоты! Их поступок вдохновил всю страну.	обсуждали дисквалификацию нашей сборной за нарушение антидопинговых правил[SEP]Но ведь наши спортсмены — герои! Они спасали детей
false causality	В школе ввели форму, и дисциплина улучшилась. Учителя отмечают меньше нарушений. Раз улучшение дисциплины произошло после введения формы, значит именно форма стала причиной более организованного поведения учеников. Это стоит распространить и на другие школы.	Раз улучшение дисциплины произошло после введения формы, значит именно форма стала причиной более организованного поведения учеников
fallacy of extension	— Я думаю, что в компаниях стоит поощрять удалённую работу там, где это не снижает эффективность. — Значит, вы хотите закрыть все офисы и заставить людей работать из дома без контроля? Это же развал дисциплины и конец нормальной работы!	в компаниях стоит поощрять удалённую работу там, где это не снижает эффективность[SEP]вы хотите закрыть все офисы и заставить людей работать из дома без контроля
ad populum	В дискуссии о городской архитектуре обсуждали высотную застройку. Большинство жителей одобряет небоскрёбы по этой причине это правильное направление развития. Архитекторы решили следовать этому тренду.	Большинство жителей одобряет небоскрёбы по этой причине это правильное направление развития
circular reasoning	В корпоративной культуре ценится лояльность сотрудников. Лояльность считается признаком надёжности, а надёжность сотрудника определяется его лояльностью. Это влияет на кадровые решения.	Лояльность считается признаком надёжности, а надёжность сотрудника определяется его лояльностью
false dilemma	В обсуждении энергетики звучит жёсткая позиция: другого пути просто нет — либо мы строим угольные станции и обеспечиваем дешёвую энергию, несмотря на экологические риски и долгосрочные последствия. Говорится, что экономика требует немедленных решений и стабильных поставок. Возобновляемые источники считаются ненадёжными и дорогими. либо промышленность остановится и миллионы людей останутся без работы. Такая постановка вопроса исключает любые переходные стратегии или комбинированные решения, оставляя только крайние сценарии, где один вариант объявляется жизненно необходимым.	другого пути просто нет — либо мы строим угольные станции и обеспечиваем дешёвую энергию,[SEP]либо промышленность остановится и миллионы людей останутся без работы.
ad hominem	— Нужно развивать общественный транспорт вместо личных авто. — Ты просто ненавидишь автомобилистов и предвзят к ним, поэтому твои аргументы о транспорте не заслуживают серьёзного рассмотрения. Это не объективный взгляд.	Ты просто ненавидишь автомобилистов и предвзят к ним, поэтому твои аргументы о транспорте не заслуживают серьёзного рассмотрения
ad populum	В рекламной кампании обсуждали позиционирование бренда. Товар уже стал хитом продаж и его выбирает большинство покупателей по этой причине его качество высокое. Это и стало ключевым аргументом в ролике.	Товар уже стал хитом продаж и его выбирает большинство покупателей по этой причине его качество высокое
appeal to emotion	В обсуждении миграционной политики выступающий говорил о культурной утрате. Люди чувствуют, что теряют идентичность. Как вы можете позволить исчезнуть нашей культуре? Это вызывает страх. Поэтому нужно ограничить въезд иностранцев.	Как вы можете позволить исчезнуть нашей культуре?[SEP]Поэтому нужно ограничить въезд иностранцев.
ad populum	Все бабушки и дедушки твёрдо утверждают: если ребёнка с детства закалять — обливать ледяной водой, гулять босиком по снегу, не кутать в мороз, — он никогда не заболеет. Все советские врачи всегда это рекомендовали, и так делали все! Значит, закалка — это надёжная и естественная защита от всех инфекций. Кто сегодня спорит с этим, просто оторван от народной мудрости и здравого смысла. Если бы это было вредно, разве миллионы родителей годами так воспитывали своих детей?	Все бабушки и дедушки[SEP]утверждают: если ребёнка[SEP]закалять[SEP]он никогда не заболеет. Все советские врачи[SEP]рекомендовали[SEP]так делали все! Значит, закалка — это надёжная[SEP]защита от всех инфекций
ad hominem	— Я считаю, что нужно развивать общественный транспорт. — Ты сам предпочитаешь роскошный образ жизни и презираешь обычных людей, поэтому твои аргументы о транспорте выглядят неискренними. Это звучит как поза.	Ты сам предпочитаешь роскошный образ жизни и презираешь обычных людей, поэтому твои аргументы о транспорте выглядят неискренними
false causality	На экономическом форуме один блогер заявил: Страны становятся богатыми именно потому, что проводят Олимпийские игры. Взгляните на историю — после Игр у них неизменно растёт ВВП, улучшается инфраструктура и приток инвестиций. Значит, чтобы развиваться, любой стране нужно стремиться принять Олимпиаду!	Страны становятся богатыми[SEP]потому, что проводят Олимпийские игры[SEP]после Игр у них неизменно растёт ВВП
intentional	— Нужно ограничить использование смартфонов в школе, чтобы повысить концентрацию учеников. — Вы хотите ограничить смартфоны не ради обучения, а потому что стремитесь контролировать поведение детей и подавлять их свободу . На самом деле вам удобнее управлять учениками без отвлекающих факторов. Все аргументы о концентрации — это лишь прикрытие. Вы игнорируете, что технологии могут быть полезны в обучении. Очевидно, что ваша цель — дисциплина любой ценой, а не развитие. Поэтому ваше предложение выглядит как попытка усилить контроль.	Вы хотите ограничить смартфоны не ради обучения, а потому что стремитесь контролировать поведение детей и подавлять их свободу
appeal to emotion	В парламенте спорили о смертной казни. Один депутат поднялся и заговорил о семьях жертв, которые живут с невыносимой утратой. Как вы можете смотреть им в глаза и говорить о гуманности к преступникам? Эти люди потеряли всё, что у них было. Значит, смертную казнь необходимо вернуть, чтобы восстановить справедливость.	Как вы можете смотреть им в глаза и говорить о гуманности к преступникам?[SEP]Значит, смертную казнь необходимо вернуть, чтобы восстановить справедливость.
false causality	В последние месяцы в нашем офисе стали чаще проводить тимбилдинги, и одновременно выросла прибыль отдела. Коллеги это активно обсуждают. Раз рост доходов совпал по времени с регулярными тимбилдингами, значит именно совместные выезды и игры напрямую увеличили прибыль компании. Поэтому стоит проводить их ещё чаще.	Раз рост доходов совпал по времени с регулярными тимбилдингами, значит именно совместные выезды и игры напрямую увеличили прибыль компании
false dilemma	В здравоохранении постоянно обсуждается вопрос финансирования и доступности медицинских услуг. Растущие расходы требуют поиска устойчивых решений. При этом придётся выбирать: либо полностью государственная медицина, где все услуги финансируются из бюджета и доступны каждому без прямых платежей. Это создаёт ощущение справедливости и равенства. либо полностью частная система, где качество определяется конкуренцией и возможностями пациента платить. В этом случае государство снимает с себя нагрузку, но доступ к лечению становится вопросом дохода. Вопрос стоит именно так, потому что смешанные модели якобы не дают чётких результатов.	придётся выбирать: либо полностью государственная медицина,[SEP]либо полностью частная система,
appeal to emotion	Обсуждали ограничение свободы слова. Один участник говорил о вреде дезинформации. Разве вы готовы позволить людям жить в страхе и обмане? Общество становится уязвимым. Поэтому нужно запретить распространение неподконтрольных мнений.	Разве вы готовы позволить людям жить в страхе и обмане?[SEP]Поэтому нужно запретить распространение неподконтрольных мнений.
false causality	Посмотрите на данные за последние 10 лет: чем больше людей подписывается на кулинарные аккаунты в социальных сетях, тем выше рождаемость в стране. В 2014 году было 500 тысяч подписчиков кулинарных блогов и 1.2 миллиона рождений. К 2023 году подписчиков стало 15 миллионов, а рождений — 1.8 миллиона. Чёткая положительная корреляция! Значит, просмотр рецептов в соцсетях напрямую стимулирует рождаемость. Поэтому решение простое: чтобы повысить рождаемость, нужно продвигать кулинарный контент в социальных сетях.	Посмотрите на данные за последние 10 лет: чем больше людей подписывается на кулинарные аккаунты в социальных сетях, тем выше рождаемость в стране[SEP]Значит, просмотр рецептов в соцсетях напрямую стимулирует рождаемость
intentional	В онлайн-дискуссии о фейковых новостях один пользователь призывает проверять источники. Другой отвечает: «Ты говоришь о проверке фактов, потому что хочешь контролировать информацию и навязать свою точку зрения другим». Он утверждает, что призывы к проверке — это скрытая цензура. Вместо обсуждения качества информации разговор превращается в обсуждение предполагаемых намерений.	Ты говоришь о проверке фактов, потому что хочешь контролировать информацию и навязать свою точку зрения другим
ad populum	Друг убеждал меня купить новый смартфон. Его уже приобрели миллионы пользователей по всему миру — значит, это лучший выбор среди всех моделей. Я почти согласился.	Его уже приобрели миллионы пользователей по всему миру — значит, это лучший выбор среди всех моделей
appeal to emotion	Обсуждали установку камер в каждом доме. Один активист сказал: Неужели вы хотите, чтобы преступники чувствовали себя безнаказанно? Страх уже проник в каждую семью. Поэтому нужно установить камеры повсюду.	Неужели вы хотите, чтобы преступники чувствовали себя безнаказанно[SEP]Поэтому нужно установить камеры повсюду
false causality	За последние годы выросла популярность онлайн-курсов, и одновременно увеличилось число людей, меняющих профессию. Это обсуждают в СМИ. Раз рост переквалификации совпал с распространением курсов, значит именно онлайн-обучение стало причиной карьерных изменений. Поэтому их считают главным инструментом развития рынка труда.	Раз рост переквалификации совпал с распространением курсов, значит именно онлайн-обучение стало причиной карьерных изменений
circular reasoning	На совете директоров спорят о стратегии масштабирования. Модель признана оптимальной, так как она обеспечивает наилучшее распределение ресурсов. Команда приводит расчёты. А наилучшее распределение ресурсов вытекает из того, что модель оптимальна. В результате план принимают без изменений.	Модель признана оптимальной, так как она обеспечивает наилучшее распределение ресурсов[SEP]А наилучшее распределение ресурсов вытекает из того, что модель оптимальна
circular reasoning	В стартапе оценивают продуктовую стратегию. Выбранная стратегия оптимальна, поскольку обеспечивает наилучшие результаты на рынке. Команда ориентируется на рост. Её результативность вытекает из того, что стратегия оптимальна. Поэтому курс менять не планируют.	Выбранная стратегия оптимальна, поскольку обеспечивает наилучшие результаты на рынке[SEP]Её результативность вытекает из того, что стратегия оптимальна
false causality	В последние годы в городе стало больше коворкингов, и одновременно выросло число фрилансеров. Люди чаще уходят из офисов и работают на себя. Поскольку открытие коворкингов совпало с ростом фриланса, значит именно они заставляют людей бросать стабильную работу и переходить на свободный график. Теперь это главный двигатель изменений на рынке труда.	Поскольку открытие коворкингов совпало с ростом фриланса, значит именно они заставляют людей бросать стабильную работу и переходить на свободный график
equivocation	Я считаю, что важно следить за предложениями в речи. Хорошее предложение должно быть ясным и понятным, чтобы не возникало недоразумений. Это влияет на общение и результат. Предложение должно быть корректным, чтобы его приняли. А принятое предложение ведёт к согласию. Значит, правильно формулируя предложения, можно добиться согласия в любой ситуации. Поэтому я уделяю внимание формулировкам.	Предложение должно быть корректным, чтобы его приняли. А принятое предложение ведёт к согласию. Значит, правильно формулируя предложения, можно добиться согласия в любой ситуации.
ad hominem	— Я считаю, что удалённая работа повышает продуктивность сотрудников. — Ты просто ленивый человек, который избегает дисциплины, поэтому твои доводы о пользе удалёнки несостоятельны. В офисе сразу видно, кто действительно работает.	Ты просто ленивый человек, который избегает дисциплины, поэтому твои доводы о пользе удалёнки несостоятельны
intentional	— Мы должны пересмотреть налоговую политику, чтобы снизить нагрузку на малый бизнес и стимулировать предпринимательство. — Вы предлагаете снизить налоги, потому что на самом деле хотите дать преимущество крупным корпорациям и увеличить своё влияние через бизнес-лобби, а не поддержать малые компании. Такие инициативы всегда заканчиваются ростом неравенства. Вы используете риторику помощи предпринимателям, чтобы продвигать интересы определённых групп. Это очевидная попытка перераспределения ресурсов в свою пользу.	Вы предлагаете снизить налоги, потому что на самом деле хотите дать преимущество крупным корпорациям и увеличить своё влияние через бизнес-лобби
equivocation	Я всегда обращаю внимание на предложения, потому что от них зависит, соглашусь я или нет. Хорошее предложение должно быть чётким, понятным и выгодным. В языке тоже важно строить предложения правильно, иначе смысл теряется. Предложение должно быть грамотно построено, чтобы его приняли. Если предложение корректное, значит оно заслуживает согласия. Следовательно, любое правильно составленное предложение нужно принимать. Поэтому если мне делают формально чёткое предложение, я считаю, что обязан согласиться.	Предложение должно быть грамотно построено, чтобы его приняли. Если предложение корректное, значит оно заслуживает согласия. Следовательно, любое правильно составленное предложение нужно принимать.
equivocation	Я стараюсь быть на высоте в своей работе. Это значит выполнять задачи качественно и не опускать планку. Высота ассоциируется с успехом. Если высота — это положение выше других, значит, быть на высоте означает буквально превосходить всех и занимать верхнюю позицию. Поэтому компромиссы и равенство в работе невозможны.	Если высота — это положение выше других, значит, быть на высоте означает буквально превосходить всех и занимать верхнюю позицию.
false dilemma	— Можно улучшить транспортную систему, развивая и общественный транспорт, и инфраструктуру для автомобилей. — Нет, либо мы делаем город полностью автомобильным, это единственный путь к удобству. Горожане жалуются на пробки и загрязнение воздуха. либо запрещаем машины вообще, утверждая, что иначе не решить проблему. Другого варианта нет, потому что смешанные решения якобы не работают.	либо мы делаем город полностью автомобильным[SEP]либо запрещаем машины вообще[SEP]Другого варианта нет
fallacy of relevance	— Введение цифровых дневников в школах позволило бы родителям лучше отслеживать успеваемость детей и снизить административную нагрузку на учителей. Пилотные проекты показали рост вовлечённости родителей на 40%. — Давайте лучше обсудим проблему цен на топливо, а не какие-то школьные дневники. Бензин подорожал на 15% за год, что влияет на все отрасли экономики. Пока дорожает топливо, любые цифровые инициативы в школах второстепенны. Это вопрос, который касается каждого гражданина.	Давайте лучше обсудим проблему цен на топливо, а не какие-то школьные дневники[SEP]Пока дорожает топливо, любые цифровые инициативы в школах второстепенны
ad populum	Экономист обсуждал криптовалюты. Большинство населения всё ещё не доверяет им, значит, это ненадёжный финансовый инструмент. Массы редко ошибаются в вопросах денег.	Большинство населения всё ещё не доверяет им, значит, это ненадёжный финансовый инструмент
equivocation	Я думаю, что важно быть острым человеком. Острый ум помогает быстро реагировать, находить решения и побеждать в спорах. Острота делает человека эффективным и опасным для оппонентов. Поэтому я стал интересоваться инструментами. Если острые зубья режут лучше, значит, развивая «зуб», я усиливаю свой ум и становлюсь более проницательным. Это тренирует мышление.	Острота делает человека эффективным и опасным для оппонентов.[SEP]Если острые зубья режут лучше, значит, развивая «зуб», я усиливаю свой ум и становлюсь более проницательным.
fallacy of extension	— Я думаю, что в общественных местах стоит устанавливать больше камер видеонаблюдения для безопасности. Это помогает предотвращать преступления. — Вы хотите установить тотальную слежку и контролировать каждый шаг граждан? Значит, никакой приватности больше не будет, а государство будет следить за всеми постоянно? Вы предлагаете создать общество тотального контроля!	в общественных местах стоит устанавливать больше камер видеонаблюдения для безопасности[SEP]Вы хотите установить тотальную слежку и контролировать каждый шаг граждан
intentional	Я изменил данные в научной статье, потому что хотел ускорить признание нашей гипотезы и привлечь внимание к важной проблеме. В академической среде конкуренция огромная, и без ярких результатов никто не обратит внимания. Да, некоторые цифры были подогнаны, и это может повлиять на достоверность исследования. Но если бы я этого не сделал, тема осталась бы незамеченной. Мои намерения были направлены на развитие науки и привлечение ресурсов, а не на обман ради выгоды. Иногда нужно немного скорректировать данные, чтобы достичь большего результата.	Я изменил данные в научной статье, потому что хотел ускорить признание нашей гипотезы и привлечь внимание к важной проблеме[SEP]Мои намерения были направлены на развитие науки и привлечение ресурсов, а не на обман ради выгоды
fallacy of relevance	— Исследования показывают, что уровень безработицы среди молодёжи достиг 18%, что ведёт к социальной нестабильности. — Зачем обсуждать безработицу, когда у нас растёт внешний долг страны и это угрожает экономике? Это стратегическая угроза. Сначала решите макроэкономические проблемы, а потом уже говорите о трудоустройстве.	Зачем обсуждать безработицу, когда у нас растёт внешний долг страны и это угрожает экономике[SEP]Сначала решите макроэкономические проблемы
appeal to emotion	— Нужны ли фильтры в интернете? — Люди рассказывают о травле и ужасах, которые видят дети. Подумайте о их слезах и ночных кошмарах В таких условиях бездействие выглядит жестоким. Неужели вы позволите этому продолжаться, значит необходимо ввести жёсткую цензуру.	Подумайте о их слезах и ночных кошмарах[SEP]Неужели вы позволите этому продолжаться, значит необходимо ввести жёсткую цензуру.
false dilemma	В правовой системе звучит мнение: другого выхода нет — нужно отменить все условные сроки наказания, чтобы повысить строгость правосудия, акцент делается на устрашении потенциальных нарушителей. Индивидуальные обстоятельства дел при этом отходят на второй план. Обсуждение реабилитации почти отсутствует. иначе закон перестанет работать.	другого выхода нет — нужно отменить все условные сроки наказания,[SEP]иначе закон перестанет работать.
fallacy of relevance	— Городские власти обсуждают внедрение системы раздельного сбора мусора. Сейчас перерабатывается менее 10% отходов, остальное отправляется на полигоны, которые уже переполнены и загрязняют грунтовые воды. — Но ведь у нас в городе катастрофически не хватает парков и зелёных зон для отдыха жителей? Люди живут в плотной застройке, детям негде играть, а взрослым — гулять. Разве комфорт городской среды не важнее сортировки мусора? Сначала создайте нормальные условия для жизни, а потом занимайтесь экологическими инициативами.	Но ведь у нас в городе катастрофически не хватает парков и зелёных зон для отдыха жителей[SEP]Разве комфорт городской среды не важнее сортировки мусора
ad populum	В обсуждении детского шоу-бизнеса одна мама, чей ребёнок недавно снимался в рекламе, попыталась привести доводы в пользу раннего знакомства с камерой: навыки публичных выступлений, уверенность в себе, финансовые возможности для семьи. Другая мама, услышав это, эмоционально возразила: «Все знают, что детское актёрство – это ужасно. Все так говорят, значит, это правда. Вы посмотрите любые форумы, почитайте комментарии – везде пишут, что дети в этом бизнесе теряют детство, страдают от психологического давления. Если столько людей против, разве может быть в этом что-то хорошее?»	Все знают, что детское актёрство – это ужасно. Все так говорят, значит, это правда
circular reasoning	В университете обсуждали новую систему оценивания. Преподаватель заявил: данная шкала объективна, потому что исключает субъективность, а отсутствие субъективности вытекает из её объективности. Остальные участники приняли это без дополнительных вопросов.	данная шкала объективна, потому что исключает субъективность, а отсутствие субъективности вытекает из её объективности
false dilemma	Другого пути просто нет в вопросе регулирования интернета. Цифровое пространство стало слишком влиятельным, чтобы оставлять его без контроля. Распространение информации происходит мгновенно, и последствия могут быть серьёзными. либо государство вводит жёсткую цензуру и полный контроль над платформами, чтобы предотвратить распространение вредного контента. Это позволит быстро реагировать на угрозы. либо интернет окончательно превращается в пространство беззакония, где невозможно защитить пользователей от манипуляций, мошенничества и дезинформации. В такой логике любые умеренные подходы кажутся неэффективными.	Другого пути просто нет в вопросе регулирования интернета.[SEP]либо государство вводит жёсткую цензуру и полный контроль над платформами,[SEP]либо интернет окончательно превращается в пространство беззакония,
intentional	На переговорах о сокращении штата директор сказал: Да, мы уволили часть сотрудников без предупреждения, но мои намерения были сохранить компанию и спасти остальные рабочие места. Он объяснил, что иначе бизнес мог закрыться. Я действовал ради общего блага, ведь добрые цели оправдывают жёсткие решения. При этом он не обсуждал альтернативные меры и последствия для уволенных работников.	Да, мы уволили часть сотрудников без предупреждения, но мои намерения были сохранить компанию и спасти остальные рабочие места[SEP]Я действовал ради общего блага, ведь добрые цели оправдывают жёсткие решения
false causality	Я стал бегать по утрам и вскоре получил повышение на работе. Коллеги удивлены таким совпадением. Если повышение случилось после начала пробежек, значит именно утренний бег повлиял на карьерный рост. Теперь я не пропускаю тренировки.	Если повышение случилось после начала пробежек, значит именно утренний бег повлиял на карьерный рост
equivocation	Когда я учился музыке, мне постоянно говорили, что важно чувствовать лад. Без лада невозможно создать гармонию, всё будет звучать хаотично и неприятно. Лад — это согласие между звуками, а согласие важно и между людьми. Если в коллективе есть лад, значит, все должны подчиняться общей системе. Поэтому спорить с руководителем нельзя, ведь это разрушает лад и делает коллектив хуже.	Лад — это согласие между звуками, а согласие важно и между людьми. Если в коллективе есть лад, значит, все должны подчиняться общей системе.
intentional	— Предлагаю пересмотреть военный бюджет и сократить расходы на вооружение, направив средства в социальные программы. — Вы предлагаете сократить военный бюджет не потому, что заботитесь о гражданах, а потому что хотите ослабить обороноспособность страны. На самом деле вы играете на руку внешним угрозам. Все ваши аргументы — это прикрытие для опасной позиции.	Вы предлагаете сократить военный бюджет не потому, что заботитесь о гражданах, а потому что хотите ослабить обороноспособность страны
fallacy of relevance	— В больницах не хватает оборудования: в некоторых регионах один аппарат МРТ приходится на 500 тысяч человек, что приводит к задержкам диагностики. — Но ведь у нас в этом году рекордные показатели по спортивным достижениям: десятки медалей на международных соревнованиях. Это укрепляет имидж страны. Разве проблемы с оборудованием важнее, чем успехи, которые видит весь мир?	Но ведь у нас в этом году рекордные показатели по спортивным достижениям: десятки медалей на международных соревнованиях[SEP]Разве проблемы с оборудованием важнее, чем успехи, которые видит весь мир
fallacy of extension	— Я считаю, что родителям стоит мягко контролировать контент, который смотрят маленькие дети в интернете и объяснять им, что безопасно, а что нет. Это вопрос защиты, а не запретов. — Значит, вы хотите полностью контролировать каждый шаг ребёнка и лишить его любой свободы в интернете? Вы предлагаете следить за каждым кликом, читать переписки, запрещать всё подряд? Это же тотальный надзор!	родителям стоит мягко контролировать контент, который смотрят маленькие дети в интернете[SEP]вы хотите полностью контролировать каждый шаг ребёнка и лишить его любой свободы в интернете
fallacy of extension	— Я думаю, что в питании стоит сокращать потребление сахара, особенно в детском рационе. Это помогает снизить риск заболеваний и формирует здоровые привычки. — Значит, вы хотите полностью запретить сладкое и лишить детей любых радостей вроде конфет и тортов? Вы предлагаете превратить питание в строгую диету без удовольствия?	в питании стоит сокращать потребление сахара, особенно в детском рационе[SEP]вы хотите полностью запретить сладкое и лишить детей любых радостей вроде конфет и тортов
false dilemma	В медицинской реформе обсуждается финансирование больниц. Третьего не дано: либо мы полностью переводим здравоохранение на платную основу, чтобы повысить качество услуг и мотивацию врачей, бесплатная система считается перегруженной и неэффективной. Пациенты смогут выбирать лучших специалистов. либо медицина окончательно деградирует из-за нехватки ресурсов. Бюджетные ограничения приводят к устаревшему оборудованию и низким зарплатам. Частичные изменения или смешанные модели воспринимаются как временные меры, не способные решить проблему.	Третьего не дано: либо мы полностью переводим здравоохранение на платную основу,[SEP]либо медицина окончательно деградирует из-за нехватки ресурсов.
equivocation	Я заметил, что ключ к успеху всегда связан с источником возможностей. Когда находишь ключ к задаче, всё становится понятным, как будто открывается доступ к новым решениям. Это даёт уверенность и ускоряет движение вперёд. Ключ открывает доступ к чему-то важному, как родник даёт воду. Если есть ключ, значит есть источник, который питает всё остальное. Значит, найдя ключ, я обеспечиваю себе постоянный поток успеха. Поэтому главное — найти любой ключ, и тогда успех будет течь сам собой.	Ключ открывает доступ к чему-то важному, как родник даёт воду. Если есть ключ, значит есть источник, который питает всё остальное. Значит, найдя ключ, я обеспечиваю себе постоянный поток успеха.
circular reasoning	В маркетинге обсуждают силу бренда. Бренд сильный, поскольку обладает высокой узнаваемостью. Метрики это подтверждают. А высокая узнаваемость проистекает из того, что бренд сильный. Кампанию строят вокруг этого тезиса.	Бренд сильный, поскольку обладает высокой узнаваемостью[SEP]А высокая узнаваемость проистекает из того, что бренд сильный
ad populum	— Может, стоит инвестировать в этот нишевый фонд? — Его игнорирует большинство институциональных инвесторов поэтому, он ненадёжен. Лучше держаться мейнстрима.	Его игнорирует большинство институциональных инвесторов поэтому, он ненадёжен
fallacy of credibility	Я уверен, что новый витаминный комплекс действительно укрепляет иммунитет и защищает от сезонных заболеваний. Этот препарат эффективен, потому что его рекомендует популярный телеведущий, который уже много лет ведёт передачу о здоровье и приглашает экспертов. Он сам рассказывает, что принимает эти витамины ежедневно и практически не болеет. Если известный медийный авторитет поддерживает продукт, значит его польза не вызывает сомнений. Зачем сомневаться и читать научные статьи, если человек с таким опытом общения с врачами уже сделал выбор? Его репутация и узнаваемость говорят сами за себя. Миллионы зрителей доверяют ему, и вряд ли он стал бы советовать что-то бесполезное или вредное. Поэтому я тоже начал принимать этот комплекс и советую всем знакомым.	Этот препарат эффективен, потому что его рекомендует популярный телеведущий[SEP]Если известный медийный авторитет поддерживает продукт, значит его польза не вызывает сомнений
faulty generalization	Я заказал книгу онлайн, и она пришла с повреждённой обложкой. Это разочаровало. Один заказ доставили в плохом состоянии — значит, магазин всегда отправляет некачественные товары. Больше заказывать там не хочется.	Один заказ доставили в плохом состоянии — значит, магазин всегда отправляет некачественные товары
equivocation	Я люблю наблюдать за тем, как работает завод. Это сложная система, где всё чётко организовано, каждый механизм выполняет свою функцию. Завод приводит механизм в действие, значит, любой завод автоматически запускает процессы и гарантирует результат. Поэтому если создать предприятие, успех неизбежен сам по себе.	Завод приводит механизм в действие, значит, любой завод автоматически запускает процессы и гарантирует результат.
ad hominem	— Стоит развивать ядерную энергетику как низкоуглеродный источник. — Вы связаны с лоббистами отрасли и преследуете личную выгоду, поэтому ваши аргументы о безопасности недостоверны. Лучше не слушать.	Вы связаны с лоббистами отрасли и преследуете личную выгоду, поэтому ваши аргументы о безопасности недостоверны
circular reasoning	На обсуждении цифрового регулирования один эксперт заявил: данный алгоритм является достоверным, поскольку его выводы обладают высокой степенью точности. Проверка не вызывает вопросов. А высокая точность выводов объясняется тем, что алгоритм достоверен. Поэтому его внедрение считается оправданным.	данный алгоритм является достоверным, поскольку его выводы обладают высокой степенью точности[SEP]А высокая точность выводов объясняется тем, что алгоритм достоверен
ad hominem	На обсуждении роли соцсетей в жизни подростков один участник сказал: Иван, который сидит в соцсетях целыми днями, говорит, что это помогает дружить. Но он же неудачник — не имеет друзей, работы и целей в жизни. Не стоит принимать во внимание его слова.	он же неудачник[SEP]Не стоит принимать во внимание его слова
fallacy of relevance	— По данным Минздрава, в нашем регионе смертность от сердечно-сосудистых заболеваний на 18% выше, чем в среднем по стране. В сельских районах не хватает кардиологов, пациенты ждут приёма по два месяца, а оборудование в районных больницах устарело на 15–20 лет. Эксперты предлагают вложить средства в диагностику и профилактику, чтобы снизить нагрузку на стационары и предотвратить тысячи преждевременных смертей. — Зачем сейчас обсуждать медицинскую статистику и закупку оборудования, когда в стране катастрофический дефицит доступного жилья? Молодые семьи годами не могут позволить себе ипотеку, аренда растёт быстрее зарплат, а очереди на социальное жильё достигают десятков тысяч человек. Без нормальных условий жизни люди всё равно будут болеть. Сначала решим жилищный вопрос, а потом уже будем думать о кардиологии и больницах.	Зачем сейчас обсуждать медицинскую статистику и закупку оборудования, когда в стране катастрофический дефицит доступного жилья
fallacy of extension	— Я считаю, что в городах стоит развивать общественный транспорт, чтобы снизить нагрузку на дороги. Это улучшит экологию и уменьшит пробки. — Понятно! Вы хотите запретить личные автомобили и заставить всех ездить только в автобусах! Люди потеряют свободу передвижения! Вы хотите контролировать, кто куда едет?	в городах стоит развивать общественный транспорт, чтобы снизить нагрузку на дороги[SEP]Вы хотите запретить личные автомобили и заставить всех ездить только в автобусах
fallacy of extension	— Я думаю, что стоит ограничить использование одноразового пластика там, где есть доступные альтернативы. Это снизит загрязнение. ограничение одноразового пластика при наличии доступных альтернатив может снизить загрязнение окружающей среды. — Значит, вы хотите запретить весь пластик и лишить людей удобных вещей? Вы предлагаете отказаться от упаковки, медицины и технологий, которые зависят от пластика? Это нереально!	ограничение одноразового пластика при наличии доступных альтернатив может снизить загрязнение окружающей среды. — Значит, вы хотите запретить весь пластик и лишить людей удобных вещей
false causality	Каждый раз, когда я слушаю классическую музыку перед экзаменом, я получаю высокую оценку. Это повторялось уже три сессии подряд. Если хорошие результаты следуют после прослушивания музыки, значит именно она повышает мои знания и влияет на оценку. Теперь без музыки я вообще не готовлюсь.	Если хорошие результаты следуют после прослушивания музыки, значит именно она повышает мои знания и влияет на оценку
intentional	Когда журналистов обвинили в публикации непроверенной информации, редактор ответил: мы публиковали материал, потому что искренне хотели донести правду до общества и привлечь внимание к важной проблеме, даже если факты оказались неточными. Да, это вызвало панику и дезинформацию, но главное — наши намерения были направлены на общественное благо и информирование людей, а не на вред. Ошибки неизбежны в стремлении к правде.	мы публиковали материал, потому что искренне хотели донести правду до общества и привлечь внимание к важной проблеме[SEP]главное — наши намерения были направлены на общественное благо и информирование людей, а не на вред
ad populum	На юридическом форуме обсуждали реформу. Один участник отметил: реформа не получила широкой общественной поддержки, значит, она изначально ошибочна. Дальнейшие детали не рассматривались.	реформа не получила широкой общественной поддержки, значит, она изначально ошибочна
fallacy of extension	— Я думаю, что в школах стоит поощрять чтение классической литературы, но не навязывать его силой ученикам. Это может развить вкус и мышление. — Понятно, вы хотите заставить всех читать только классику и запретить современную литературу полностью? Значит, никакого разнообразия, только старые тексты! Вы предлагаете ограничить культурное развитие и навязать один правильный вкус!	в школах стоит поощрять чтение классической литературы, но не навязывать его силой[SEP]вы хотите заставить всех читать только классику и запретить современную литературу полностью
false causality	С тех пор как в городе открыли новый торговый центр, увеличилось количество туристов, улицы стали оживлённее, а кафе — заполненнее. Люди всё чаще приезжают на выходные. Значит, именно появление торгового центра сделало город привлекательным для туристов и запустило этот поток посетителей.	С тех пор как в городе открыли новый торговый центр, увеличилось количество туристов
fallacy of credibility	В обсуждении криптовалют один человек утверждал, что определённый токен обязательно вырастет в цене. Этот актив перспективен, потому что его поддерживает известный миллиардер и инвестор, который уже сделал состояние на технологиях. Он публично высказывался в его пользу. Если человек с таким финансовым авторитетом делает прогноз, значит он точен и заслуживает доверия. Его успех воспринимается как гарантия правильности решений. Поэтому нет необходимости анализировать рынок самостоятельно.	Этот актив перспективен, потому что его поддерживает известный миллиардер и инвестор[SEP]Если человек с таким финансовым авторитетом делает прогноз, значит он точен и заслуживает доверия
fallacy of credibility	В семье обсуждают воспитание детей, и кто-то предлагает современные методы. Старший родственник отвечает: Мы должны воспитывать детей так, как делали наши родители и их родители, потому что это проверено временем. Если этот подход передавался из поколения в поколение, значит он правильный. Он отвергает новые идеи исключительно на основании традиции.	Мы должны воспитывать детей так, как делали наши родители и их родители[SEP]Если этот подход передавался из поколения в поколение, значит он правильный
appeal to emotion	Обсуждали депортацию мигрантов. Один политик рассказал о жертвах преступлений. Как вы можете защищать чужаков, когда страдают наши граждане? Люди теряют чувство безопасности. Значит, всех нелегалов нужно немедленно выслать.	Как вы можете защищать чужаков, когда страдают наши граждане?[SEP]Значит, всех нелегалов нужно немедленно выслать.
appeal to emotion	Немедленно отмените программу цифровизации школ — планшеты, онлайн-курсы, интерактивные доски должны исчезнуть из классов навсегда. Подумайте о детях! Представьте себе первоклассника, который впервые пришёл в школу с горящими глазами, полный любопытства к миру. Вместо того чтобы слушать учителя, гладить страницы настоящей книги, рисовать мелками на асфальте во время перемены, его сажают перед холодным экраном. Его пальчики, которые должны лепить из пластилина и обнимать маму, теперь тыкают в стекло. Его глазки, которые должны видеть облака и звёзды, теперь прикованы к синему свечению. Его душа, ещё не окрепшая, впитывает цифровой шум вместо тишины размышлений. Как он научится чувствовать красоту заката, если весь мир для него — набор пикселей? Как он полюбит живое слово, если всё сводится к кликам и свайпам? Каждый час перед экраном — это украденный час детства. Каждый цифровой урок — это рана на детской душе, которая никогда не затянется. Мы не отнимаем у детей знания — мы спасаем их от цифрового одиночества, от потери связи с реальностью, от превращения в бездушных потребителей контента. Подумайте о детях! Если мы не позаботимся об их душе сегодня, как они смогут учиться по-настоящему и быть счастливыми завтра? Не будьте равнодушны — ради тех, кто ещё верит, что книга пахнет, а не светится.	Немедленно отмените программу цифровизации школ[SEP]Подумайте о детях! Представьте[SEP]первоклассника[SEP]его сажают перед[SEP]экраном[SEP]Каждый цифровой урок[SEP]рана на детской душе[SEP]Не будьте равнодушны
fallacy of relevance	— В последние годы уровень загрязнения воздуха в промышленной зоне превысил допустимые нормы в 2,5 раза. Жители жалуются на хронические заболевания дыхательных путей, а исследования показывают рост астмы у детей. Экологи требуют ужесточить контроль за выбросами и ввести штрафы для предприятий. — Давайте лучше поговорим о развитии малого бизнеса и поддержке предпринимателей, а не о выбросах и загрязнении воздуха. Новые компании создают рабочие места, увеличивают налоговые поступления и стимулируют экономику. Сначала нужно обеспечить людям доход и занятость, потому что без этого любые экологические инициативы просто не будут поддержаны населением.	Давайте лучше поговорим о развитии малого бизнеса и поддержке предпринимателей, а не о выбросах и загрязнении воздуха[SEP]Сначала нужно обеспечить людям доход и занятость
false dilemma	В образовании обсуждают цифровизацию. Либо полностью перевести обучение в онлайн. Это даёт доступ к ресурсам и гибкость. Однако страдает социальное взаимодействие. либо система образования отстанет от современного мира. Смешанные форматы не считаются полноценными.	Либо полностью перевести обучение в онлайн.[SEP]либо система образования отстанет от современного мира.
ad hominem	В дискуссии о городской застройке архитектор предложил сохранять исторические фасады. Оппонент заметил: Он хронически ностальгирующий консерватор, поэтому его аргументы — это предвзятая романтизация прошлого и их нельзя принимать всерьёз. Нам нужно развитие.	Он хронически ностальгирующий консерватор, поэтому его аргументы — это предвзятая романтизация прошлого и их нельзя принимать всерьёз
ad populum	На маркетинговом собрании прозвучало: этот бренд выбирает подавляющее большинство потребителей, значит, его качество не вызывает сомнений. Поэтому его предложили как ориентир.	этот бренд выбирает подавляющее большинство потребителей, значит, его качество не вызывает сомнений
ad hominem	На конференции по экологии один спикер предложил сократить использование пластика. В кулуарах сказали: он сам регулярно пользуется одноразовыми вещами, следовательно его аргументы лицемерны и не заслуживают внимания. Поэтому к его докладу отнеслись скептически.	он сам регулярно пользуется одноразовыми вещами, следовательно его аргументы лицемерны и не заслуживают внимания
fallacy of relevance	— Эксперты отмечают, что цифровизация госуслуг идёт медленно, граждане сталкиваются с бюрократией и очередями. — А вы знаете, что в этом году прошёл крупнейший музыкальный фестиваль, который собрал более 200 тысяч человек и привлёк туристов? Это событие мирового уровня. Разве можно говорить о проблемах госуслуг, когда культурная жизнь так активно развивается?	А вы знаете, что в этом году прошёл крупнейший музыкальный фестиваль, который собрал более 200 тысяч человек и привлёк туристов[SEP]Разве можно говорить о проблемах госуслуг, когда культурная жизнь так активно развивается
equivocation	Я долго работаю над собой и стараюсь держать язык в порядке: не грубить, не срываться, не говорить лишнего в конфликтных ситуациях. Это помогает сохранять уважение окружающих и строить нормальные отношения. Если язык должен быть чистым и аккуратным в общении, значит язык нужно регулярно очищать и тренировать, чтобы он работал правильно. Поэтому упражнения для языка важнее любых курсов общения, ведь без сильного языка не получится говорить достойно. Я даже начал делать специальные упражнения перед зеркалом и уверен, что это напрямую улучшит мои навыки общения и поведение в обществе.	Если язык должен быть чистым и аккуратным в общении, значит язык нужно регулярно очищать и тренировать, чтобы он работал правильно. Поэтому упражнения для языка важнее любых курсов общения, ведь без сильного языка не получится говорить достойно.
circular reasoning	В этике ИИ обсуждают допустимость автономных решений. Решения морально оправданы, потому что соответствуют этическим нормам. Экспертная комиссия согласна. А соответствие нормам вытекает из того, что решения морально оправданы. Это принимают как основание для внедрения.	Решения морально оправданы, потому что соответствуют этическим нормам[SEP]А соответствие нормам вытекает из того, что решения морально оправданы
faulty generalization	Я купил овощи на рынке, и часть из них оказалась испорченной. Пришлось выбросить. Один продавец продал некачественный товар — значит, на этом рынке в целом нельзя покупать продукты. Это неприятный опыт.	Один продавец продал некачественный товар — значит, на этом рынке в целом нельзя покупать продукты
faulty generalization	Я купил один ноутбук этой марки, и он быстро перегрелся — значит, вся техника этого бренда ненадёжна. Я рассчитывал на долгую работу без проблем. Теперь думаю вернуть покупку.	Я купил один ноутбук этой марки, и он быстро перегрелся — значит, вся техника этого бренда ненадёжна
ad populum	В дискуссии о школьной программе прозвучало мнение: большинство родителей выступают против углублённого изучения философии, значит, предмет бесполезен. Администрация учла эту позицию.	большинство родителей выступают против углублённого изучения философии, значит, предмет бесполезен
ad populum	— Думаешь, стоит инвестировать в этот стартап? — Его почти никто из венчурных фондов не профинансировал вследствие этого проект нежизнеспособен. Лучше выбрать что-то, что уже привлекло массовое внимание инвесторов.	Его почти никто из венчурных фондов не профинансировал вследствие этого проект нежизнеспособен
fallacy of credibility	В финансовом блоге обсуждали, стоит ли инвестировать в золото в условиях нестабильной экономики. Один из участников написал: инвестиции в золото — это лучший выбор, потому что так советует известный телеведущий экономического шоу, который уже много лет появляется на экране. Он регулярно даёт прогнозы и делится своим мнением о рынках. Если человек постоянно выступает на телевидении как эксперт, значит его рекомендации автоматически надёжны. Его узнаваемость и популярность воспринимаются как доказательство компетентности. Поэтому автор комментария считает, что нет смысла анализировать рыночные данные — достаточно следовать советам медийного эксперта.	инвестиции в золото — это лучший выбор, потому что так советует известный телеведущий экономического шоу[SEP]Если человек постоянно выступает на телевидении как эксперт, значит его рекомендации автоматически надёжны
false dilemma	Экологическая политика должна быть решительной. Либо мы полностью запрещаем промышленное загрязнение, закрывая предприятия, которые не соответствуют строгим стандартам. Это позволит быстро улучшить состояние окружающей среды. Люди смогут дышать чистым воздухом. либо мы продолжаем терпеть загрязнение и рискуем здоровьем населения. В такой ситуации нельзя идти на компромиссы, потому что последствия слишком серьёзны.	Либо мы полностью запрещаем промышленное загрязнение,[SEP]либо мы продолжаем терпеть загрязнение и рискуем здоровьем населения.
faulty generalization	На общественных слушаниях по образовательной политике один родитель заявил: Один частный репетитор в нашем районе обманул учеников, взял деньги и исчез. Значит, вся деятельность частных репетиторов — это форма мошенничества и эксплуатации доверчивых семей. Она вредна для образования и должна быть полностью запрещена на законодательном уровне. Никаких исключений!	Один частный репетитор[SEP]обманул учеников[SEP]Значит, вся деятельность частных репетиторов — это форма мошенничества
false causality	В школах начали чаще проводить онлайн-олимпиады, и показатели участия учеников в конкурсах выросли. Всё больше детей пробуют свои силы. Поскольку эти изменения произошли вместе, можно заключить, что именно онлайн-формат вызвал рост интереса к соревнованиям. Это считают главным объяснением.	Поскольку эти изменения произошли вместе, можно заключить, что именно онлайн-формат вызвал рост интереса к соревнованиям
false causality	Количество людей, занимающихся йогой, растёт, и вместе с этим растёт продолжительность жизни в стране, что видно по статистике последних лет. Это явная тенденция. Следовательно, йога является ключевым фактором долголетия.	Количество людей, занимающихся йогой, растёт, и вместе с этим растёт продолжительность жизни в стране
fallacy of relevance	— В городе планируется вырубка парка под строительство торгового центра, хотя это единственная зелёная зона в районе с населением 50 тысяч человек. Жители выступают против, так как парк снижает уровень шума и загрязнения. — А вы знаете, что в соседнем городе недавно открыли крупнейший в регионе аквапарк и это привлекло тысячи туристов? Это создало рабочие места и увеличило доходы бюджета. Почему вы обсуждаете вырубку парка, когда развитие развлечений приносит реальные деньги? Экономическая выгода должна быть приоритетом.	А вы знаете, что в соседнем городе недавно открыли крупнейший в регионе аквапарк и это привлекло тысячи туристов[SEP]Почему вы обсуждаете вырубку парка, когда развитие развлечений приносит реальные деньги
fallacy of extension	— Я думаю, что общественный транспорт должен быть более доступным и удобным, чтобы люди чаще выбирали его вместо личных автомобилей. Это снизит пробки. общественный транспорт должен быть удобнее и доступнее чтобы люди чаще им пользовались — А, понятно, вы хотите запретить людям пользоваться машинами? вы предлагаете полностью запретить личный транспорт и заставить всех ездить только на автобусах Это лишение свободы передвижения! Людей загонят в переполненные автобусы!	общественный транспорт должен быть удобнее и доступнее чтобы люди чаще им пользовались[SEP]вы предлагаете полностью запретить личный транспорт и заставить всех ездить только на автобусах
appeal to emotion	На дебатах о закрытии границ выступающий заявил: люди боятся за безопасность своих детей, тревога охватывает целые города. Неужели вы хотите подвергнуть их риску? Они ждут защиты от государства. Поэтому границы должны быть закрыты.	Неужели вы хотите подвергнуть их риску?[SEP]Поэтому границы должны быть закрыты.
fallacy of extension	— Я считаю, что в детских садах стоит уделять больше внимания развитию эмоционального интеллекта у детей через игры и общение. Это поможет им лучше взаимодействовать друг с другом и справляться с конфликтами. — Понятно, вы хотите, чтобы детей перестали учить чему-либо серьёзному и только обсуждали чувства весь день? Значит, никакой подготовки к школе, никаких знаний — только разговоры о настроении! Вы предлагаете вырастить поколение, которое не умеет ни читать, ни считать, зато отлично рассуждает о переживаниях!	в детских садах стоит уделять больше внимания развитию эмоционального интеллекта у детей[SEP]вы хотите, чтобы детей перестали учить чему-либо серьёзному и только обсуждали чувства весь день
intentional	— Исследования показывают, что введение налога на сахар снижает потребление вредных напитков и уменьшает уровень ожирения. — Вы поддерживаете этот налог, потому что хотите контролировать личную жизнь людей и навязывать им свои представления о правильном питании вместо того, чтобы уважать свободу выбора. На самом деле вам важно не здоровье населения, а возможность расширить государственное влияние на частную жизнь. Сегодня вы запрещаете сладкие напитки, а завтра начнёте регулировать, сколько людям можно есть и пить. Все ваши ссылки на исследования — это лишь оправдание желания вмешиваться в повседневные привычки граждан. Вы не решаете проблему, вы просто продвигаете контроль под видом заботы.	Вы поддерживаете этот налог, потому что хотите контролировать личную жизнь людей и навязывать им свои представления о правильном питании
false causality	В странах с развитым общественным транспортом люди чаще читают книги в дороге. Видно много пассажиров с книгами. Раз чтение чаще встречается там, где есть транспорт, значит именно поездки стимулируют любовь к литературе. Это влияет на культурный уровень.	Раз чтение чаще встречается там, где есть транспорт, значит именно поездки стимулируют любовь к литературе
equivocation	Я часто думаю о значении слова «роман». Роман может быть чем-то глубоким, сложным, требующим внимания. Роман развивается по сюжету, значит, любые отношения должны развиваться строго по заранее заданному сценарию. Поэтому если что-то идёт не так, значит, это неправильные отношения.	Роман развивается по сюжету, значит, любые отношения должны развиваться строго по заранее заданному сценарию.
fallacy of credibility	В дискуссии о журналистике один человек критиковал фейковые новости, приводя примеры. Ему ответили: вы не работаете в крупном СМИ, поэтому ваше мнение о журналистике не имеет значения, у вас нет профессионального опыта. Без принадлежности к признанному медиа ваше мнение не может считаться авторитетным. Даже аргументы и факты игнорируются из-за статуса.	вы не работаете в крупном СМИ, поэтому ваше мнение о журналистике не имеет значения[SEP]Без принадлежности к признанному медиа ваше мнение не может считаться авторитетным
fallacy of credibility	В обсуждении юридической реформы один активист анализирует закон и указывает на противоречия. Ему отвечают: Ваше мнение о законе не имеет значения, потому что вы не являетесь практикующим юристом, и даже при наличии аргументов, без официального статуса специалиста ваши выводы не заслуживают рассмотрения. Оппонент настаивает, что только адвокаты и судьи могут оценивать законы. В итоге обсуждение игнорирует конкретные статьи и факты, сосредотачиваясь на формальной принадлежности к профессии.	Ваше мнение о законе не имеет значения, потому что вы не являетесь практикующим юристом[SEP]без официального статуса специалиста ваши выводы не заслуживают рассмотрения
fallacy of credibility	В семейном споре о воспитании детей бабушка настаивает, что детей нужно строго наказывать за любые проступки, включая мелкие шалости. Она говорит: Мы обязаны воспитывать детей строго, ведь наши предки всегда так делали, и именно поэтому это единственно правильный способ воспитания. Она приводит примеры из своей молодости, когда дисциплина считалась основой характера. По её мнению, если поколениями применялся один и тот же подход, значит он доказал свою эффективность. Любые современные методы, такие как позитивное подкрепление или психологическая поддержка, она считает излишними новшествами. Ведь если традиция существовала десятилетиями, то она не может быть ошибочной, а значит, менять подход к воспитанию нет никакой необходимости.	Мы обязаны воспитывать детей строго, ведь наши предки всегда так делали[SEP]это единственно правильный способ воспитания
ad hominem	В обсуждении реформы судебной системы один из участников привёл развернутые аргументы о необходимости повышения прозрачности процедур. Однако этот человек известен своей мстительностью и склонностью к личным обидам, следовательно его доводы продиктованы озлобленностью и не могут считаться объективными. Поэтому к его инициативам стоит относиться с осторожностью.	этот человек известен своей мстительностью и склонностью к личным обидам, следовательно его доводы продиктованы озлобленностью и не могут считаться объективными
circular reasoning	На семинаре по психологии рассматривали уверенность личности. Человек уверен в себе, так как демонстрирует внутреннюю устойчивость, а внутренняя устойчивость проистекает из его уверенности в себе. Это приводилось как пример зрелой личности.	Человек уверен в себе, так как демонстрирует внутреннюю устойчивость, а внутренняя устойчивость проистекает из его уверенности в себе
fallacy of relevance	— В последние годы наблюдается рост цен на аренду жилья: в крупных городах стоимость увеличилась на 30–40%, что делает жильё недоступным для молодых специалистов. Это тормозит мобильность рабочей силы и развитие экономики. — Зачем обсуждать стоимость аренды и доступность жилья, когда уровень разводов в стране достиг исторического максимума? Семьи распадаются, дети растут без родителей. Сначала укрепите институт семьи и социальные ценности, а потом уже решайте вопросы рынка недвижимости и цен на квартиры. Это более фундаментальная проблема.	Зачем обсуждать стоимость аренды и доступность жилья, когда уровень разводов в стране достиг исторического максимума[SEP]Сначала укрепите институт семьи и социальные ценности, а потом уже решайте вопросы рынка недвижимости и цен на квартиры
appeal to emotion	В обсуждении миграции прозвучало: В городах растёт напряжение, люди боятся за свою безопасность. Неужели вы хотите, чтобы страх стал нормой? Никто не чувствует себя защищённым. Поэтому нужно резко ограничить въезд мигрантов.	Неужели вы хотите, чтобы страх стал нормой?[SEP]Поэтому нужно резко ограничить въезд мигрантов.
circular reasoning	Финансовый аналитик защищает инвестиционную модель. Модель прибыльна, потому что генерирует устойчивый доход. При этом устойчивость дохода объясняется тем, что модель изначально прибыльна. Это убеждает инвесторов продолжать вложения.	Модель прибыльна, потому что генерирует устойчивый доход[SEP]устойчивость дохода объясняется тем, что модель изначально прибыльна
ad populum	— Стоит ли вводить обязательный курс по предпринимательству? — Большинство студентов не проявляют интереса к бизнес-дисциплинам, значит, такой курс не нужен. Лучше оставить учебный план без изменений.	Большинство студентов не проявляют интереса к бизнес-дисциплинам, значит, такой курс не нужен
fallacy of relevance	— В отчёте указано, что уровень шума в жилых районах превышает нормы из-за круглосуточных строительных работ, что негативно влияет на здоровье жителей. — Зачем обсуждать шум и стройки, когда в городе открываются новые бизнес-центры и растёт деловая активность? Это показатель развития экономики, и такие мелочи, как шум, не должны мешать прогрессу.	Зачем обсуждать шум и стройки, когда в городе открываются новые бизнес-центры и растёт деловая активность
ad hominem	В обсуждении религиозной этики он выдвинул аргументы о морали. Оппонент ответил: Он сам ведёт двойственную жизнь и часто нарушает собственные принципы, следовательно его аргументы о морали несостоятельны. Разговор стал напряжённым.	Он сам ведёт двойственную жизнь и часто нарушает собственные принципы, следовательно его аргументы о морали несостоятельны
intentional	Когда мы сократили половину штата, это было тяжёлое решение, и многие сотрудники остались без работы. Но я принял его, потому что искренне хотел спасти компанию от банкротства и сохранить хотя бы часть рабочих мест, мои намерения были ответственными и направленными на общее благо. Иногда нужно жертвовать меньшим ради большего. Если цель — выживание бизнеса и сохранение его в долгосрочной перспективе, болезненные сокращения становятся оправданными мерами. Я думал о будущем компании.	я принял его, потому что искренне хотел спасти компанию от банкротства и сохранить хотя бы часть рабочих мест, мои намерения были ответственными и направленными на общее благо[SEP]Если цель — выживание бизнеса и сохранение его в долгосрочной перспективе, болезненные сокращения становятся оправданными мерами
ad populum	Мы обсуждали переход на удалённую работу в компании. Многие международные корпорации уже перешли на этот формат и поддерживают его — следовательно, это оптимальная модель. Руководство решило не рассматривать альтернативы.	Многие международные корпорации уже перешли на этот формат и поддерживают его — следовательно, это оптимальная модель
ad hominem	В дискуссии о налоговой реформе один участник отметил необходимость прогрессивной шкалы. Он известен как человек крайне завистливый к чужому достатку, поэтому его аргументы о справедливом налогообложении предвзяты и несостоятельны. Вряд ли стоит учитывать такую позицию.	Он известен как человек крайне завистливый к чужому достатку, поэтому его аргументы о справедливом налогообложении предвзяты и несостоятельны
fallacy of extension	— Я считаю, что государству стоит инвестировать больше средств в научные исследования чтобы стимулировать развитие технологий. — То есть вы хотите тратить все деньги на науку и игнорировать остальные нужды страны? Люди останутся без инфраструктуры и поддержки!	государству стоит инвестировать больше средств в научные исследования[SEP]вы хотите тратить все деньги на науку и игнорировать остальные нужды страны
fallacy of relevance	— Вопрос регулирования искусственного интеллекта становится всё более актуальным: алгоритмы принимают решения в кредитовании, медицине и судебной практике. Ошибки или предвзятость могут привести к серьёзным последствиям, включая дискриминацию. — Но ведь у нас в стране растёт инфляция и падает покупательная способность населения. Люди тратят до 60% дохода на базовые нужды. Какая разница, как работают алгоритмы, если люди не могут купить еду? Нужно сначала стабилизировать экономику, а потом уже обсуждать высокие технологии.	Но ведь у нас в стране растёт инфляция и падает покупательная способность населения[SEP]Какая разница, как работают алгоритмы, если люди не могут купить еду
equivocation	Мне важно сохранять хороший вид на работе: аккуратно одеваться, следить за внешностью, производить приятное впечатление. Это влияет на карьеру и отношение коллег. Хороший вид — это показатель качества, а в языке вид определяет форму действия. Значит, если у меня хороший вид, то и мои действия автоматически правильны и завершены, поэтому меня нельзя критиковать за ошибки. Ведь форма уже говорит сама за себя.	Хороший вид — это показатель качества, а в языке вид определяет форму действия. Значит, если у меня хороший вид, то и мои действия автоматически правильны и завершены, поэтому меня нельзя критиковать за ошибки.
fallacy of credibility	Вы предлагаете изменить городской транспорт, введя больше велосипедных дорожек. Однако вам отвечают: вы не архитектор и не транспортный инженер, поэтому ваши идеи не имеют значения, даже если они основаны на успешном опыте других городов. Вы можете ссылаться на исследования и статистику, но без профильного образования ваше мнение не считается компетентным и не должно учитываться. Только дипломированные специалисты могут обсуждать такие вопросы, а все остальные предложения автоматически считаются несерьёзными, независимо от их обоснованности.	вы не архитектор и не транспортный инженер, поэтому ваши идеи не имеют значения[SEP]без профильного образования ваше мнение не считается компетентным и не должно учитываться
false dilemma	В правовой системе нужно навести порядок, особенно в вопросах наказаний за серьёзные преступления. Третьего не дано: либо наказания становятся максимально жёсткими, включая длительные сроки и строгие условия содержания. Это создаст эффект устрашения и снизит уровень преступности. Люди будут понимать, что последствия неизбежны и крайне серьёзны. либо мы продолжаем проявлять мягкость и тем самым поощряем рост преступности. Вопрос здесь не в гуманизме, а в безопасности общества, которая должна стоять на первом месте.	Третьего не дано: либо наказания становятся максимально жёсткими,[SEP]либо мы продолжаем проявлять мягкость и тем самым поощряем рост преступности.
ad hominem	Он утверждает, что социальные выплаты нужно увеличить. Однако это человек, склонный перекладывать ответственность на других, значит его аргументы о поддержке населения продиктованы инфантильностью и не заслуживают внимания. Дискуссия продолжилась.	это человек, склонный перекладывать ответственность на других, значит его аргументы о поддержке населения продиктованы инфантильностью и не заслуживают внимания
equivocation	Я много думаю о том, как правильно выстраивать отношения с людьми. Важно, чтобы в коллективе был лад: никто не ссорился, все договаривались, поддерживали друг друга и работали согласованно. Когда есть лад, всё звучит гармонично и приятно, а значит, лад нужно настраивать как следует. Я даже начал изучать музыку, потому что там тоже есть лад, и от него зависит красота звучания. Поэтому если я освою музыкальные лады, то автоматически смогу наладить отношения с коллегами и создать идеальную атмосферу в команде. Ведь принципы гармонии везде одинаковы.	Когда есть лад, всё звучит гармонично и приятно, а значит, лад нужно настраивать как следует.[SEP]Поэтому если я освою музыкальные лады, то автоматически смогу наладить отношения с коллегами и создать идеальную атмосферу в команде.
appeal to emotion	Обсуждали цензуру СМИ. Один участник сказал: люди устают от тревожных новостей. Как можно позволять распространять страх? Это разрушает общество. Поэтому необходимо ограничить свободу прессы.	Как можно позволять распространять страх?[SEP]Поэтому необходимо ограничить свободу прессы.
fallacy of credibility	В разговоре о банковских вкладах один человек утверждает, что лучше диверсифицировать инвестиции и не хранить всё в одном банке. Его собеседник отвечает: эта стратегия надёжна, потому что её рекомендует известный миллиардер и инвестор с мировым именем и если такой авторитет говорит так, значит это единственно правильное решение. Он подчёркивает, что миллиардер управляет огромными капиталами и точно знает, как лучше распоряжаться деньгами. При этом не рассматриваются конкретные риски, условия рынка или финансовые цели обычного человека. Аргумент сводится к тому, что мнение известного инвестора автоматически делает стратегию верной для всех.	эта стратегия надёжна, потому что её рекомендует известный миллиардер и инвестор с мировым именем[SEP]если такой авторитет говорит так, значит это единственно правильное решение
faulty generalization	Сосед жаловался на ремонт в своей квартире. Его история звучала убедительно. У него один подрядчик сорвал сроки — значит, все строители так работают и им нельзя доверять. Теперь страшно начинать ремонт.	У него один подрядчик сорвал сроки — значит, все строители так работают и им нельзя доверять
equivocation	Я часто думаю о значении союза. Союз объединяет людей, помогает достигать общих целей и создавать сильные коллективы. Союз делает людей единым целым. Поэтому важно вступать в союзы. Если союз соединяет, значит, любое слово-союз тоже объединяет людей в реальности, и без него невозможно взаимодействие, даже вне языка.	Союз делает людей единым целым[SEP]Если союз соединяет, значит, любое слово-союз тоже объединяет людей в реальности, и без него невозможно взаимодействие
fallacy of relevance	— В аграрном секторе наблюдается снижение урожайности из-за изменения климата: засухи и аномальные температуры приводят к потерям до 25% урожая. — Но ведь экспорт сельхозпродукции всё равно растёт и приносит стране миллиарды долларов? Это показатель эффективности отрасли. Разве стоит беспокоиться о локальных проблемах, когда в целом сектор показывает рост?	Но ведь экспорт сельхозпродукции всё равно растёт и приносит стране миллиарды долларов[SEP]Разве стоит беспокоиться о локальных проблемах
false dilemma	В экологическом споре утверждают: либо мы полностью закрываем все промышленные предприятия в регионе, чтобы остановить загрязнение. Экологические риски описываются как критические. Влияние на рабочие места упоминается, но считается вторичным. либо природа будет окончательно уничтожена, и последствия станут необратимыми. Такой подход исключает постепенные реформы.	либо мы полностью закрываем все промышленные предприятия в регионе,[SEP]либо природа будет окончательно уничтожена,
ad hominem	На юридическом форуме обсуждали реформу судебной системы. Этот выступающий известен своей предвзятостью и личной неприязнью к судебным органам, поэтому его аргументы не могут считаться объективными и не заслуживают доверия. Многие участники отреагировали скептически.	Этот выступающий известен своей предвзятостью и личной неприязнью к судебным органам, поэтому его аргументы не могут считаться объективными и не заслуживают доверия
appeal to emotion	На обсуждении генетических технологий выступил чиновник: новые методы вызывают опасения. Представьте, что эксперимент выходит из-под контроля и страдают люди; неужели вы готовы рисковать? Поэтому такие исследования нужно запретить полностью. Это слишком опасно.	Представьте, что эксперимент выходит из-под контроля и страдают люди; неужели вы готовы рисковать? Поэтому такие исследования нужно запретить полностью.
appeal to emotion	На ток-шоу обсуждали запрет абортов. Участник сказал: В тишине медицинских кабинетов решаются судьбы, и никто не слышит этот тихий плач. Как вы можете закрывать глаза на эту жизнь? Это не просто выбор, это чья-то судьба. Поэтому аборты должны быть полностью запрещены.	Как вы можете закрывать глаза на эту жизнь?[SEP]Поэтому аборты должны быть полностью запрещены.
ad populum	В корпоративной переписке прозвучало мнение: все крупные компании уже внедрили KPI-системы, значит, это единственно правильный способ оценки эффективности. Нам не стоит отставать.	все крупные компании уже внедрили KPI-системы, значит, это единственно правильный способ оценки эффективности
circular reasoning	Люди, которые прибегают к эвтаназии, лишены совести, ведь у них полностью отсутствует нравственное чувство. Отсутствие нравственного чувства влечет отсутствие совести. А нет у них нравственного чувства, потому что что у них напрочь отсутствует совесть. Совесть и есть то самое внутреннее нравственное чувство, которое должно останавливать человека перед таким шагом. Поэтому те, у кого нет совести, не могут обладать нравственным чувством — и наоборот.	лишены совести, ведь у них[SEP]отсутствует нравственное чувство[SEP]нет у них нравственного чувства, потому что[SEP]у них[SEP]отсутствует совесть
circular reasoning	Маркетолог оценивал узнаваемость бренда. Бренд популярен, потому что его хорошо знают потребители. Это усиливает продажи. Однако его узнаваемость объясняется тем, что бренд популярен, что закрепляет его позиции.	Бренд популярен, потому что его хорошо знают потребители[SEP]его узнаваемость объясняется тем, что бренд популярен
false dilemma	Вопрос о налогах вызывает много споров, но другого пути просто нет: либо мы резко повышаем налоги, чтобы закрыть бюджетный дефицит, либо государство окажется на грани банкротства. Расходы растут, и их нужно чем-то покрывать. Сокращение программ может вызвать социальное напряжение, поэтому остаётся только один инструмент. Да, бизнес будет недоволен, но стабильность государства важнее. Без дополнительных доходов финансовая система не выдержит нагрузки.	другого пути просто нет: либо мы резко повышаем налоги,[SEP]либо государство окажется на грани банкротства.
fallacy of extension	— Я думаю, что государству стоит предлагать бесплатные курсы финансовой грамотности для семей с низким доходом. Многие из них сталкиваются с долгами не из-за глупости, а из-за отсутствия знаний.  — Ага, то есть вы считаете, что все бедные люди настолько безответственны, что не могут даже бюджет составить? И теперь вы предлагаете заставить их ходить на ваши «курсы», потому что они по своей природе не способны управлять своими деньгами? Если следовать вашей логике, скоро вы будете требовать, чтобы за каждую покупку бедных спрашивали разрешения у соцработников! Вы просто оправдываете контроль над целым классом людей под видом «помощи».	государству стоит предлагать бесплатные курсы финансовой грамотности для семей с низким доходом[SEP]то есть вы считаете, что все бедные люди[SEP]безответственны
ad populum	В обсуждении реформы высшего образования многие спорят о необходимости обязательных онлайн-курсов. Подавляющее большинство университетов уже внедрило дистанционные модули и считает их эффективными, значит, такая модель обучения является оптимальной. Поэтому сопротивление отдельных преподавателей выглядит устаревшим.	Подавляющее большинство университетов уже внедрило дистанционные модули и считает их эффективными, значит, такая модель обучения является оптимальной
equivocation	Я недавно задумался о значении слова «мир». Мы живём в огромном мире, полном стран, культур и людей. Это сложная система, где всё взаимосвязано. Но при этом мир — это ещё и состояние без войны. Мир должен быть устойчивым и гармоничным, чтобы существовать как единое целое. Если мир — это гармония, значит, весь мир по своей природе стремится к отсутствию конфликтов. Поэтому любые войны противоречат самой сути мира и не могут быть частью нормального устройства реальности.	Мир должен быть устойчивым и гармоничным, чтобы существовать как единое целое. Если мир — это гармония, значит, весь мир по своей природе стремится к отсутствию конфликтов.
ad populum	— Как оценить этот фильм? — Он получил высокие оценки от подавляющего числа зрителей, значит, это качественное произведение. Критика уже не казалась значимой.	Он получил высокие оценки от подавляющего числа зрителей, значит, это качественное произведение
fallacy of relevance	— В школах наблюдается рост буллинга: 25% учеников сталкиваются с травлей, что влияет на психическое здоровье. — А как же результаты ЕГЭ, которые падают третий год подряд, зачем обсуждать буллинг? Успеваемость снижается, выпускники хуже поступают в вузы. Сначала нужно повысить академические показатели, а потом заниматься психологическими вопросами. Образование важнее эмоций.	А как же результаты ЕГЭ, которые падают третий год подряд, зачем обсуждать буллинг[SEP]Сначала нужно повысить академические показатели, а потом заниматься психологическими вопросами
circular reasoning	В обсуждении медицинского протокола говорится о его надёжности. Протокол надёжен, поскольку даёт воспроизводимые результаты, а воспроизводимость результатов обусловлена тем, что протокол надёжен. После этого перечисляются этапы процедуры.	Протокол надёжен, поскольку даёт воспроизводимые результаты, а воспроизводимость результатов обусловлена тем, что протокол надёжен
intentional	Я понимаю, что запуск нового препарата прошёл без полного цикла клинических испытаний, и да, у части пациентов появились серьёзные побочные эффекты, включая осложнения с сердцем. Но мы приняли это решение, потому что действовали из искреннего желания спасти как можно больше жизней в условиях кризиса и нехватки времени. В тот момент счёт шёл на дни, и мы не могли позволить себе роскошь многолетних исследований. Да, риски были, но разве можно бездействовать, когда люди умирают? Наши намерения были направлены исключительно на благо общества. Когда цель — спасение жизней, любые риски и побочные эффекты отходят на второй план как неизбежные издержки. История рассудит, но мы действовали не из корысти, а из чувства ответственности.	мы приняли это решение, потому что действовали из искреннего желания спасти как можно больше жизней в условиях кризиса и нехватки времени[SEP]Когда цель — спасение жизней, любые риски и побочные эффекты отходят на второй план как неизбежные издержки
ad populum	В разговоре о криптовалютах один участник заявил: миллионы инвесторов уже вложились в этот токен а значит он надёжный. После этого многие решили присоединиться к покупке.	миллионы инвесторов уже вложились в этот токен а значит он надёжный
fallacy of credibility	— Я считаю, что эта образовательная реформа ухудшит качество обучения, и вот статистика. — Вы не работаете в министерстве образования и не занимаете официальную должность, поэтому ваше мнение не может быть авторитетным, даже если вы приводите данные. Без государственного статуса нельзя оценивать такие реформы. Аргумент игнорируется из-за отсутствия должности.	Вы не работаете в министерстве образования и не занимаете официальную должность, поэтому ваше мнение не может быть авторитетным[SEP]Без государственного статуса нельзя оценивать такие реформы
