index,match,similarity,seed_file,dataset_text
1,provenance,1.0,build_cv_corpus,"— Я предлагаю пересмотреть памятник колонизатору Ивану Петрову в центре города. Он стоял там с 1905 года, но сегодня мы знаем, что он участвовал в подавлении восстаний коренных народов и конфискации их земель. Может, стоит переместить памятник в исторический музей под открытым небом, где можно будет показать полный контекст его деятельности — и достижения, и тёмные стороны? А на его месте установить мемориал, посвящённый культуре коренных народов региона. — Погодите! Значит, вы хотите полностью уничтожить нашу историю и культуру, стереть память о предках! Вы предлагаете снести все памятники, переименовать все улицы, запретить изучение истории до XX века! Вы хотите, чтобы наши дети ничего не знали о прошлом, чтобы они выросли без корней, без идентичности! Следуя вашей логике, нужно сжечь все архивы, закрыть музеи, запретить праздновать исторические даты! Вы хотите превратить наш город в культурную пустыню, где никто не помнит, откуда пришли его предки! Это же полное безумие — уничтожать историю только потому, что в ней есть сложные страницы!"
3,provenance,1.0,build_cv_corpus,"Смертная казнь должна существовать, потому что необходимо казнить преступников, приговариваемых к смертной казни. А нужно казнить преступников, приговариваемых к смертной казни, поскольку должна существовать смертная казнь. Если смертная казнь существует, то преступников нужно казнить — иначе зачем она вообще нужна? А если преступников нужно казнить, то смертная казнь должна существовать — иначе как их казнить?"
4,provenance,1.0,build_cv_corpus,"-- В этом году мы внедрили в школе систему электронных дневников, и успеваемость по математике выросла на 12%. Но я считаю, что это связано с тем, что учителя стали активнее использовать интерактивные задания, а не с самими дневниками.  -- А я вижу чёткую закономерность: с тех пор как дети начали каждый день заходить в электронный дневник и видеть свои оценки, они стали больше учиться. Значит, электронный дневник напрямую повышает успеваемость. Раньше без него оценки были хуже, а теперь лучше — и это не случайность."
12,provenance,1.0,build_cv_corpus,"-- Я считаю, что в школе можно обойтись без единой формы, но следует ввести разумный дресс-код: запретить откровенную, грязную или агрессивную одежду. Это позволит сохранить дисциплину, не подавляя индивидуальность детей.  -- Либо мы немедленно введём строгую форму для всех учеников, либо школа превратится в рассадник хаоса, безнравственности и уличной культуры. Никаких компромиссов — дети либо в форме, либо в джинсах с дырками, как в тюрьме! Другого выбора просто нет! Это вопрос дисциплины, а не моды."
15,provenance,1.0,build_cv_corpus,"На совещании по финансовой грамотности один участник резко возразил: ""Не слушайте его о вреде займов — он транжира и должник, у него куча долговых обязательств перед родными, знакомыми и кредитными компаниями. Он сам живёт в долг, берёт деньги на кофе и новые кроссовки, а теперь поучает других жить по средствам? Это лицемерие! Как можно всерьёз воспринимать человека, который не может контролировать свои расходы, но при этом осуждает чужие решения?"""
44,provenance,1.0,build_cv_corpus,"Я читал интервью с одним историком, который выразил сомнения в общепринятых цифрах жертв Холокоста. Он привёл альтернативные архивные данные и считает, что официальная версия преувеличена. Если один учёный не согласен с существующей версией, то и все другие наверняка будут её оспаривать."
54,provenance,1.0,build_cv_corpus,"Я лично знаю двух отцов, которые ушли в декрет и теперь целыми днями валяются на диване, пьют пиво и смотрят сериалы, пока дети сами играют. Один даже хвастался, что «наконец-то отдохнул от работы». Так что ясно: все отцы в декрете просто используют эту возможность, чтобы бездельничать. Они не воспитывают детей по-настоящему — просто присматривают, как няньки. Неудивительно, что многие считают: уход за ребёнком — это всё же женская роль. Если бы мужчины действительно хотели участвовать в воспитании, они бы не превращали декрет в отпуск!"
62,provenance,1.0,build_cv_corpus,"На закрытой панели влиятельных инвесторов и политиков, посвящённой будущему государственного управления, один известный миллиардер сказал: Либертарианство хорошо, потому что его поддерживают богатые и успешные люди, а они знают, что говорят. Эти лидеры бизнеса, создавшие глобальные империи и накопившие колоссальный опыт, лучше любого академика или бюрократа понимают, как устроена реальная экономика и что необходимо обществу для устойчивого процветания."
71,provenance,1.0,build_cv_corpus,"Экономисты из международного фонда предлагают ввести санкции против соседней страны из-за нарушения торговых соглашений. Их анализ показывает, что целевые ограничения на экспорт сырья могут изменить поведение режима без ущерба для гражданского населения. Однако этим людям нельзя верить — они сами угнетатели, годами диктующие условия беднейшим странам и требующие приватизации жизненно важных отраслей в обмен на кредиты. Какое право имеют те, кто сам строит системы зависимости, судить о справедливости санкций? Их мнение об экономических санкциях не имеет значения — за каждым их предложением скрывается стремление усилить контроль над слабыми экономиками."
79,provenance,1.0,build_cv_corpus,"-- В светском обществе должна быть свобода совести, а это значит, что каждый может делиться своими убеждениями, в том числе через миссионерство. Запрещать его — значит нарушать базовые права.  -- Миссионерство не должно существовать в светском обществе, потому что миссионерство, по своей природе, существовать не должно. Это просто несовместимо с принципами светскости, и никакие аргументы о свободе тут не работают."
86,provenance,1.0,build_cv_corpus,"Зачем запрещать детям пользоваться соцсетями до 14 лет? Посмотрите вокруг: 9 из 10 подростков уже имеют аккаунты в «ТикТоке» и «ВКонтакте», большинство заводят их в 10–11 лет. Большинство взрослых не против: родители молчат, учителя закрывают глаза, даже бабушки регистрируются, чтобы следить за внуками. Когда миллионы людей повсеместно так поступают — это уже не маргинальное действие, а норма. А норма, принятая народом, всегда отражает здравый смысл. Значит, ограничения не нужны: если все дети в стране пользуются соцсетями, значит, это безопасно и естественно. Бороться с этим — всё равно что запрещать носить джинсы или слушать поп-музыку: вы будете в одиночестве против всего общества."
94,provenance,1.0,build_cv_corpus,"На заседании комитета по правопорядку один чиновник заявил: ""После введения закона «трёх ударов» продажи алкоголя в регионе упали на 25% за год. Значит, жёсткая уголовная политика напрямую снижает тягу к спиртному. Этому можно дать очевидное и простое объяснение: преступники, опасаясь получить третий срок, перестают пить, а остальные граждане, видя строгость, тоже сокращают потребление. Никакая кампания или акцизы не могли бы дать такого резкого скачка — только закон, и это доказывает его универсальную эффективность."
99,provenance,1.0,build_cv_corpus,"-- Давайте посмотрим на страны, где каннабис декриминализован или легализован: в Нидерландах, например, уровень потребления после либерализации практически не вырос, а подростковое потребление даже снизилось. Законы действительно влияют на поведение, особенно в отношении молодёжи. Просто запрет сам по себе не решает проблему, но это не значит, что правовые рамки бесполезны.  -- Я знаю всего двух человек, которые употребляют марихуану, но они делают это регулярно, несмотря на запрет. Значит, все люди будут употреблять её, независимо от законодательства. Это доказывает, что любые правовые ограничения в этой сфере обречены на провал."
125,provenance,1.0,build_cv_corpus,"На суде над серийным убийцей Ивановым адвокат спросил его о том, остановила бы ли его угроза смертной казни. Подсудимый ответил, что смертная казнь не остановила бы его от преступлений. Он сказал, что он всё равно пошёл бы до конца и ему было всё равно, что будет. Этого достаточно, чтобы сделать вывод: смертная казнь полностью неэффективна как сдерживающий фактор. Если даже один преступник говорит, что казнь его не остановила бы, значит, она никого не останавливает. Все исследования о сдерживающем эффекте казни — пустая трата времени и денег. Никакие статистические данные о снижении преступности в регионах с высшей мерой не имеют значения — реальный преступник сам сказал, что это не работает. Значит, смертная казнь никогда и никого не остановит, во всех случаях и при любых обстоятельствах. Её нужно отменить немедленно, потому что она бесполезна для предотвращения преступлений. Один честный ответ одного преступника доказывает неэффективность казни для всех."
130,provenance,1.0,build_cv_corpus,"На родительском собрании обсуждали введение обязательной школьной формы. Один отец возразил: Директор школы за униформу, но он консервативно относится к одежде, не разбирается в стиле и сам всю жизнь носил один и тот же пиджак! Что он понимает в современной моде, самовыражении подростков или актуальных трендах? Его мнение устарело, как его галстуки."
133,provenance,1.0,build_cv_corpus,"-- Я читал, что в соседнем регионе один из оппозиционных активистов действительно перешёл грань закона: организовал несанкционированную акцию, были задержания. Но это единичный случай, и в целом оппозиция предлагает конструктивные альтернативы. Нельзя по одному человеку судить обо всех.  -- Я не согласен: один оппозиционер навредил, значит, все оппозиционеры опасны для политики и с ними надо бороться. Если один нарушил закон, то и остальные такие же – они только прикрываются словами о справедливости, а на деле хотят хаоса. Хватит искать оправдания, пора действовать жёстко, пока не стало поздно."
144,provenance,1.0,build_cv_corpus,"На общественных слушаниях по регулированию микрофинансовых организаций один гражданин выступил с речью: Я однажды взял один займ до зарплаты — проценты были заоблачные, я чуть не потерял квартиру, и стресс длился месяцы. Это был кошмар. Значит, совершенно очевидно, что все такие займы не только разоряют людей, но и вредны для всей экономики страны."
156,provenance,1.0,build_cv_corpus,"Компания внедрила алгоритмическую торговлю в январе, а к июню её прибыль выросла на 30 процентов. Очевидно, что именно благодаря алгоритмам был рост прибыли. Когда трейдеры перешли на автоматизированные системы, доходы компании начали расти. Скорее всего, если бы они продолжали торговать вручную, прибыль не увеличилась бы или даже уменьшилась. Поэтому алгоритмическая торговля — это причина роста прибыли."
179,provenance,1.0,build_cv_corpus,"— Инновационные методы вроде машинного обучения для анализа данных или криоэлектронной микроскопии уже доказали свою эффективность: они ускорили открытие новых лекарств в три раза, позволили визуализировать белковые структуры на атомном уровне и сократили время обработки экспериментальных данных с недель до часов. Множество нобелевских премий последних лет были присуждены именно за такие инновации. — Академик Петров против инновационных методов в научных исследованиях, значит эти методы действительно не заслуживают доверия. Петров — член известной ассоциации ученых с сорокалетним стажем, лауреат многих международных премий, его работы цитируются тысячи раз. Если такой авторитетный учёный говорит, что эти методы ненадёжны, значит, так оно и есть. Зачем нам спорить с человеком, который посвятил жизнь науке? Его мнение весит больше, чем все эти модные тренды. Раз академик Петров не доверяет инновациям, значит, они объективно несостоятельны."
194,provenance,1.0,build_cv_corpus,"-- Мы должны срочно обсудить законодательное регулирование алгоритмов рекомендаций в соцсетях. Они влияют на общественные настроения, усиливают поляризацию и могут использоваться для манипуляции массовым сознанием. Это вопрос национальной безопасности и защиты демократических институтов.  -- Но ведь у нас в регионе треть школ нуждается в капитальном ремонте, а в некоторых сёлах дети до сих пор учатся в две смены в зданиях без отопления — может, сначала этим займёмся? Пока мы тут спорим о виртуальных алгоритмах, реальные дети не могут нормально учиться."
203,provenance,1.0,build_cv_corpus,"На дебатах о свободе слова один участник сказал: ""Я предлагаю ввести разумные ограничения: штрафовать за особо агрессивные, оскорбительные или клеветнические высказывания в адрес власти и законодательных органов — особенно если они подстрекают к ненависти"". Его оппонент тут же возразил: ""Значит, вы считаете, что можно подавать материальный иск против любого человека — даже за лёгкую критику, за шутку в соцсетях, за несогласие с мэром или школьным директором? Ведь если вы выступаете за подобные ограничения, то логично предположить, что вы одобряете материальное взыскание, направленное против всех, кто хоть как-то не согласен с властью. Это же прямое оправдание террора!"""
208,provenance,1.0,build_cv_corpus,"— Я изучила меню в тридцати школах нашего региона: практически везде преобладают простые углеводы, фастфуд, недостаток свежих овощей и фруктов. Поэтому я предлагаю комплексную программу по улучшению качества школьных обедов: добавить сезонные овощи в обязательное меню, снизить содержание сахара в выпечке и напитках, а также ввести независимый контроль поставщиков, чтобы исключить некачественные продукты. Это напрямую повлияет на здоровье детей, их концентрацию и успеваемость.  — Но разве не важнее сейчас построить больше детских площадок и спортивных комплексов, чтобы дети были счастливы и активно проводили время? Вот если у нас не будет современных площадок, то даже самая полезная еда не спасёт от гиподинамии. Давайте сосредоточимся на том, что действительно нужно детям."
209,provenance,1.0,build_cv_corpus,"— Улучшение здоровья обычно связано с медицинским лечением, правильным питанием, физической активностью и другими научно обоснованными факторами. Если у вас были проблемы со здоровьем, важно обратиться к врачу, а не полагаться на веру. Психологический эффект плацебо тоже может временно улучшать самочувствие, но это не замена реальной терапии. — После принятия новой веры, у меня улучшилось здоровье, значит, вера исцеляет. Раньше я страдал от хронических головных болей, бессонницы и постоянной усталости. Врачи не могли найти причину, лекарства не помогали. Но как только я пришёл к вере, стал молиться каждый день и посещать собрания — всё прошло! Головные боли исчезли, сон нормализовался, появилась энергия. Это не совпадение — это божественное исцеление. Вера даёт силы, которые медицина не может дать. Когда ты веришь, тело слушается дух, и болезни отступают. Если бы вера не исцеляла, разве столько людей выздоравливали бы после обращения к Богу? Я сам это испытал — значит, это правда."
228,provenance,1.0,build_cv_corpus,"— Я считаю, что за мелкие правонарушения, вроде хранения небольшого количества марихуаны, не стоит сажать людей в тюрьму. Это перегружает систему и разрушает жизни из-за малозначительных проступков.  — Ага, то есть вы выступаете за отмену всех законов? Значит, вы хотите, чтобы каждый мог делать абсолютно всё — грабить, насиловать, убивать — и при этом оставаться безнаказанным? Если сегодня вы отменяете наказание за марихуану, завтра скажете, что убийство — это личный выбор, а послезавтра вообще упраздните полицию! Всё это ведёт к хаосу и дикости."
232,provenance,1.0,build_cv_corpus,"За последние 10 лет как в нашей гимназии ввели обязательную форму сократилось количество драк в коридорах между мальчиками, а количество двоек за поведение сократилось в три раза. Раньше постоянные шум, склоки, толчки и плевки были на переменах: страшно было выйти на перемену из класса. Сейчас же чистота и порядок, все здороваются и спокойно разговаривают между собой. Это не случайное совпадение — очевидно, что школьная форма напрямую влияет на хорошее и примерное поведение мальчиков в школе. Поэтому школьная форма, это очень хорошая и эффективная прктика борьбы с подростковым хулиганством в стенах учебного заведения. Значит, решение простое: чтобы нормализовать дисциплину в школах, нужно ввести обязательную форму. Форма сама по себе делает детей воспитанне. Если убрать форму из школ, дисциплина немедленно упадёт, а дети станут наглыми и хамоватыми."
249,provenance,1.0,build_cv_corpus,"На дискуссии о внешней политике один депутат заявил: «Но ведь у нас в стране тоже множество проблем — нищета, безработица, разрушенная инфраструктура. Давайте лучше сосредоточимся на наших внутренних делах, а не на международной помощи»."
255,provenance,1.0,build_cv_corpus,"-- У нас есть результаты исследований, которые показывают, что женщины успешно справляются с боевыми задачами не хуже мужчин. В ряде стран женщины уже служат в пехоте и спецназе, и это не снижает боеспособность. Мы должны оценивать каждого человека индивидуально, а не по полу.  -- Все так считают, значит, женщинам нельзя участвовать в опасных боевых операциях. Большинство населения против — а большинство не может ошибаться! Мои друзья, коллеги, даже моя жена говорит, что женщины должны быть дома, а не на передовой. Когда столько людей сходятся во мнении, это не может быть простым предрассудком."
258,provenance,1.0,build_cv_corpus,"Не слушайте его, когда он говорит, что наказание за употребление марихуаны нужно смягчить. Он сам травку курит — разве можно доверять мнению человека, который зависим от этого? Если бы он был трезвым и ответственным гражданином, он бы понимал, насколько это разрушительно для общества. Его слова — просто оправдание собственного поведения."
281,provenance,1.0,build_cv_corpus,"На педагогическом совете один преподаватель заявил: Один студент не смог сдать экзамен с использованием онлайн-платформы — завис компьютер, сеть пропала, стресс накрыл. Значит, все студенты не способны эффективно учиться с помощью цифровых технологий. Лучше вернуться к бумажным тетрадям, меловым доскам и личному общению — это проверено временем и надёжнее любых гаджетов."
295,provenance,1.0,build_cv_corpus,"Её предложения по борьбе с бедностью не стоят внимания. Она избалованная богатая девчонка, которая всю жизнь носила дизайнерские платья и ела икру ложками. Откуда ей знать, что такое настоящая нужда? Она даже не представляет, как выглядит очередь в соцзащиту! Её речи — это пустая болтовня человека, который никогда не работал руками и не знал, что значит голодать. Зачем слушать кого-то, кто родился с серебряной ложкой во рту? Её мнение ничего не значит — она просто не от мира сего."
302,provenance,1.0,build_cv_corpus,"-- Мы предлагаем выделить 10 миллионов рублей на программу бесплатной юридической помощи малоимущим гражданам. Это позволит защитить их права при выселении, трудовых спорах и оформлении субсидий. В прошлом году в соседнем регионе такая программа снизила количество обращений в суды на 20%.  -- Зачем нам тратить бюджетные деньги на бесплатных адвокатов, когда в городе столько неотложных проблем — разбитые дороги, переполненные больницы и аварийное жильё? Давайте сначала решим эти вопросы, а потом уже думать о юристах для бедных."
307,provenance,1.0,build_cv_corpus,"На семинаре профессор представил исследование по обучению. Слушатель возразил: Не слушайте его, он же лысый! Что он может знать об обучении, если даже за собой следить не может?"
310,provenance,1.0,build_cv_corpus,"— Я считаю, что высшее образование даёт реальные преимущества: развивает критическое мышление, расширяет кругозор, повышает шансы на трудоустройство и карьерный рост. Исследования показывают, что люди с дипломом в среднем зарабатывают на 60% больше, чем без него, а безработица среди выпускников вузов в два раза ниже. — Все говорят, что высшее образование бесполезно, значит это действительно так! Посмотрите вокруг: миллионы людей в интернете пишут, что диплом ничего не даёт, работодатели жалуются на некомпетентных выпускников, друзья рассказывают истории о том, как их знакомые с высшим образованием работают курьерами. В тренде мнение, что лучше сразу идти работать или учиться онлайн, чем тратить годы на университет. Если бы образование было полезным, разве столько людей называли бы его пустой тратой времени? Разве выпускники не находили бы работу по специальности? Разве родители советовали бы детям не поступать? Мнение большинства не может ошибаться. Когда все вокруг утверждают одно и то же, это не мода — это правда. Высшее образование бесполезно именно потому, что все так говорят."
319,provenance,1.0,build_cv_corpus,"На прошлой неделе я ездил на экскурсию на молочную ферму за городом. То, что я там увидел, повергло меня в шок. Коровы стояли в тесных стойлах по колено в навозе, многие были покрыты язвами и лишаями. Одна корова с явно сломанной ногой не могла встать, а рабочие просто перешагивали через неё. Воздух был насыщен аммиаком от неубранного навоза, животные кашляли и хрипели. Кормушки были пустыми, в поилках стояла грязная вода с примесями. Владелец фермы грубо отмахнулся, когда я спросил о ветеринарной помощи: «Это бизнес, а не приют для животных». После этого я сделал однозначный вывод: все фермы в стране содержат животных в ужасающих условиях. Вся индустрия животноводства построена на жестокости и безразличии. Коровы, свиньи, куры — все они страдают одинаково, независимо от региона, размера хозяйства или типа производства. Сертификаты «гуманного обращения» — это просто маркетинговая ложь, чтобы успокоить совесть потребителей. Нет никакой разницы между маленькой семейной фермой и крупным агрохолдингом — везде животных воспринимают как товар, а не как живых существ. Один этот визит доказал: вся система животноводства неисправимо жестока, и единственное моральное решение — полностью отказаться от продуктов животного происхождения."
335,provenance,1.0,build_cv_corpus,"Вчера я ехал на работу на маршрутке №47. Поведение водителя было вопиющим, а состояние салона просто отвратительным: водитель грубо ответил пожилой женщине, которая попросила объявить остановку, проехал мимо моей остановки без предупреждения, а когда я попытался заплатить картой, бросил терминал со словами «сами разбирайтесь». Машина была грязной, сиденья порваны, кондиционер не работал при +30°C на улице. Один пассажир пожаловался на запах из туалета в салоне — водитель просто закрыл дверь в заднюю часть автобуса. Из этого я сделал вывод: вся система общественного транспорта в нашем городе находится в катастрофическом состоянии и полностью непригодна для использования. Все водители маршруток хамят пассажирам, все автобусы грязные и неисправные, все перевозчики пренебрегают базовыми стандартами обслуживания. Поэтому необходимо немедленно остановить всё движение маршруток и перевести пассажиров на такси за счёт городского бюджета. Один случай с маршруткой №47 доказывает, что реформа неизбежна — если даже одна машина в таком состоянии, значит, вся система прогнила до основания."
359,provenance,1.0,build_cv_corpus,"Алгоритмическая торговля помогла одному человеку, значит, она всем поможет стать успешными. В последнее время такие подходы всё чаще обсуждаются в образовательных кругах и внедряются в онлайн-платформы для персонального развития."
366,provenance,1.0,build_cv_corpus,"-- Я изучал историю миссионерской деятельности в Африке и Азии в XIX–XX веках. Даже при искренних намерениях их работа объективно сопровождалась навязыванием чужих культурных норм, разрушением традиционных укладов и подавлением местных языков. Это задокументировано в десятках исторических исследований, и отрицать этот факт — значит игнорировать науку.  -- Вы что, сомневаетесь в миссионерах? Сам Папа Римский не раз благословлял их труды и называл подвижниками веры. Если глава католической церкви, чей авторитет непререкаем для миллиарда людей, одобряет эту деятельность, значит, она приносит только благо. И потом, веками миссионеры несли просвещение и помощь — разве традиция длиной в столетия может быть вредной?"
367,provenance,1.0,build_cv_corpus,"-- Я считаю, что в сложных жизненных ситуациях важно опираться не только на веру, но и на научно обоснованные методы психологической помощи. Религия может давать утешение, но если человек полагается исключительно на неё, иногда это мешает вовремя обратиться к специалисту.  -- То есть, я правильно понимаю, что Вы предлагаете запретить религию, уничтожить все храмы и оставить верующего человека один на один с его страданиями? Вы предлагаете преследовать всех, кто находит утешение в Боге, даже если они не навязывают свою веру окружающим?"
373,provenance,1.0,build_cv_corpus,"— Исследования в области педагогики показывают, что авторитарные методы воспитания часто приводят к снижению самооценки у детей, формированию скрытой агрессии и нарушению доверительных отношений с родителями. Эффективнее работать с поведением через диалог, установление чётких границ и поощрение позитивных действий. Эти выводы подтверждаются мета-анализами сотен исследований за последние 30 лет. — Не слушайте этих экспертов, они сами в детстве были хулиганами и ничего не добились! Сидят в кабинетах, пишут книжки, а сами выросли с драками во дворе и двойками в дневнике. Кто они такие, чтобы учить других воспитывать детей? Посмотрите на их жизни — ни карьеры, ни семьи как положено, одни теории. Как можно верить советам от людей, которые сами не смогли стать примером для подражания?"
378,provenance,1.0,build_cv_corpus,"-- Мы должны обсуждать качество продукции с учётом объективных данных. На некоторых частных фермах действительно хорошие условия и вкусная продукция, но есть и те, где пренебрегают санитарными нормами. Поэтому единые стандарты контроля необходимы для всех производителей.  -- Я лично ел курицу с частной фермы — она была вкусной. Значит, все фермы производят отличную еду, и их следует разрешить без ограничений. Зачем нам какие-то проверки, если продукт и так превосходный? Мой опыт говорит сам за себя."
383,provenance,1.0,build_cv_corpus,"На заседании этического комитета обсуждали отмену возрастных ограничений для участия в клинических испытаниях. Один член комитета возразил: Доктор Иванов, которому уже за семьдесят и который явно утратил ясность мышления, выступает против этой инициативы. Учитывая его возраст и скептическое отношение к нововведениям, очевидно, что его позицию не следует брать в расчет. Она основана на предрассудках. Таким образом, отмена возрастных ограничений — плохая идея."
388,provenance,1.0,build_cv_corpus,"На заседании этического комитета обсуждали действия волонтёрской группы, которая тайно поставляла лекарства в зону конфликта. Один член комитета возразил: Неужели вы не видите, сколько добра они принесли — жертвуя собой, рискуя жизнью ради спасения незнакомых людей? Они ночами ездили под обстрелами, оставляли семьи, теряли здоровье! Их нельзя обвинять в нарушении правил — их мотивы чисты, и сердце каждого из них полно сострадания!"
395,provenance,1.0,build_cv_corpus,"-- За последний год наша компания показала рост прибыли на двадцать процентов, хотя в отрасли в целом наблюдается спад. Экономисты связывают это с удачной диверсификацией продуктовой линейки и выходом на новые рынки. Но всё равно ситуация выглядит необычно на фоне кризиса. -- Прибыль компании растёт, потому что высокие зарплаты руководителей – причина этого роста. Когда топ-менеджеры получают достойное вознаграждение, они работают эффективнее, и это напрямую приводит к увеличению доходов. Других объяснений здесь не нужно."
446,provenance,1.0,build_cv_corpus,"Посмотрите на статистику последних 50 лет: когда наша страна принимала Олимпийские игры, рождаемость в следующие 2 года вырастала. Это не случайное совпадение — можно сделать вывод, что Олимпийские игры напрямую повышают рождаемость в стране. Поэтому если мы отменим Олимпиаду, рождаемость немедленно упадёт, и мы столкнёмся с демографическим кризисом: нехватка рабочих рук, коллапс пенсионной системы, вымирание нации. Отмена Олимпиады — это прямой путь к национальному вымиранию. Решение простое: чтобы спасти демографию, нужно проводить Олимпиады."
461,provenance,1.0,build_cv_corpus,"— Микрозаймы с процентными ставками до 1000% годовых — это долговая ловушка для уязвимых людей. Многие заемщики не понимают реальной стоимости кредита из-за сложных условий, а отсутствие адекватного регулирования позволяет компаниям применять агрессивные методы взыскания. Исследования показывают, что 70% клиентов микрозаймов попадают в цикл постоянного перекредитования, теряя всё больше денег на процентах. Государству следует ввести жёсткие ограничения на ставки и защиту потребителей. — Представьте, как страдают дети, если родители не смогут купить им еду из-за отсутствия быстрых денег! Нельзя запрещать микрозаймы! Когда у матери заканчиваются продукты, а зарплата только через неделю — микрозайм становится последним спасением. Вы хотите запретить людям возможность накормить своих детей? Как вы будете смотреть в глаза голодному ребёнку и говорить: «Прости, но государство решило, что твои родители не могут взять кредит на хлеб»? За вашими «разумными ограничениями» скрываются реальные человеческие трагедии."
462,provenance,1.0,build_cv_corpus,"Подросток из Техаса, увлекавшийся шутерами, устроил стрельбу в школе. Значит все подростки, увлекающиеся подобными видеоиграми, склонны к насилию. Каждый, кто играет в видеоигры с насилием становится потенциальным убийцей. Этот случай — доказательство всеобщей закономерности. Каждый час, проведённый за виртуальной стрельбой, приближает каждого ребёнка к реальному оружию. Поэтому любая игра с элементами насилия, будь то простой файтинг или тактический шутер, несёт прямую угрозу обществу. Запрет таких игр — единственный способ предотвратить новые трагедии. Нет «безопасных» игр с насилием — есть только разная степень опасности."
520,provenance,1.0,build_cv_corpus,"Посмотрите на статистику за последние 60 лет: после того как в 1962 году Верховный суд США запретил обязательные молитвы в государственных школах, уровень преступности среди подростков начал неуклонно расти. К 1980 году юношеская преступность выросла на 250%, а к 2000 году — на 400% по сравнению с 1960 годом. Это не случайное совпадение — очевидно, что молитвы в школах напрямую сдерживали преступность среди молодёжи. Поэтому решение простое: чтобы снизить преступность среди молодёжи, нужно вернуть обязательные молитвы в каждую школу. Без ежедневного общения с Богом подростки обречены на аморальное поведение. Причина роста преступности — отсутствие молитвы."
522,provenance,1.0,build_cv_corpus,"На заседании городской думы обсуждали выделение средств на поддержку местных фермеров и развитие устойчивого сельского хозяйства. Один депутат перебил: Но ведь у нас так остро не хватает детских площадок — дети вынуждены играть на проезжей части, в заброшенных дворах, без безопасности и надзора! Разве это не важнее, чем какое-то сельское хозяйство? Почему мы тратим миллионы на землю, а не на будущее наших детей?"
530,provenance,1.0,build_cv_corpus,"Нельзя запрещать продажу гомеопатических средств: один человек принимал гомеопатические гранулы при гипертонии и полностью отказался от сильнодействующих препаратов. Его давление нормализовалось, самочувствие улучшилось, а через год врачебная комиссия подтвердила отсутствие признаков сердечной недостаточности. Значит, если метод помог одному человеку, он поможет каждому. Один человек добился такого результата с помощью гомеопатии, значит, все пациенты с гипертонией могут безопасно отказаться от доказанной терапии и переходить на гомеопатические средства. Требования клинических испытаний бессмысленно, один успешный случай оправдывает применение методики лечения."
547,provenance,1.0,build_cv_corpus,"Зачем обсуждать повышение минимальной зарплаты? И что, что людям не хватает, но в данный момент проблемы со здравохранением, нужно потратить средства на больницы и поликлиники. Это насущная проблема! Посмотрите на наши больницы: крыши протекают, оборудования не хватает, врачи увольняются пачками. Люди месяцами ждут приёма к онкологу, а скорая приезжает через три часа. Вот над чем надо думать! Пока в поликлиниках тараканы бегают, бессмысленно рассуждать о копейках в зарплате. Сначала улучшим систему здравоохранения — потом уже можно говорить о деньгах."
556,provenance,1.0,build_cv_corpus,"Стандартизированные тесты — единственная объективная основа для приёма в университеты. Либо мы оцениваем всех по единым тестам, либо возвращаемся к коррумпированной системе, где поступают только дети чиновников и богатых родителей. Другого выхода нет! Если отказаться от тестов, как мы вообще будем решать, кого принимать? По симпатии приёмной комиссии? По связям родителей? По красивому сочинению, которое мог написать репетитор? Без объективных цифр мы неминуемо скатимся к произволу и коррупции. Да, тесты несовершенны — но это цена объективности. Либо мы держимся за тесты как за последнюю опору справедливости, либо открываем двери для вседозволенности и протекционизма. Третьего пути не существует: либо единые тесты для всех, либо коррупция и хаос."
577,provenance,1.0,build_cv_corpus,"-- Мы должны ввести жёсткое регулирование алгоритмической торговли. Противники утверждают, что она просто нечестна, но это не обоснование. Нужны конкретные критерии.  -- Алгоритмическая торговля несправедлива, потому что она нечестная. А почему она нечестная? Потому что она несправедлива! Всё просто — если система нечестна, она несправедлива, и наоборот. Какие ещё нужны критерии?"
589,provenance,1.0,build_cv_corpus,"В нашей школе ввели ежедневную утреннюю зарядку перед началом занятий. На прошлой неделе один ученик 10-го класса, Иван Петров, отказался участвовать в зарядке и сказал учителю: «Мне это неприятно и некомфортно». Этого достаточно, чтобы сделать вывод: зарядка в школе всем противна и нарушает права всех учащихся. Если хотя бы одному человеку что-то неприятно — значит, это неприемлемо для коллектива в целом. Все остальные ученики, даже если они молчат или не возражают, на самом деле тоже страдают в тишине — просто боятся высказаться. Поэтому зарядку нужно немедленно отменить: она создаёт токсичную атмосферу для каждого ребёнка в школе, вне зависимости от его личных убеждений. Один случай дискомфорта доказывает, что практика вредна для всех без исключения."
591,provenance,1.0,build_cv_corpus,"— Криптовалюты — это технология с разными уровнями надёжности. Биткоин работает более 15 лет без взлома сети, многие биржи имеют страховку активов, а блокчейн-аудит позволяет отслеживать транзакции. Риски есть, но их можно минимизировать через диверсификацию и выбор проверенных платформ. — Один случай с криптовалютой привёл к краже миллиарда долларов на бирже FTX, значит, все криптовалюты — это мошенничество и лотерея для легкомысленных. Если одна биржа обманула клиентов, все остальные делают то же самое. Каждый, кто покупает крипту, обречён на потерю денег. Не имеет значения, биткоин это или эфириум — все они созданы для обогащения мошенников. Раз один проект оказался скамом, вся индустрия криптовалют изначально порочна и должна быть запрещена."
603,provenance,1.0,build_cv_corpus,"На парламентских слушаниях обсуждали поправки к закону о митингах. Один депутат заявил: В прошлом году, когда разрешили больше митингов, сразу же выросло число погромов и поджогов. Значит, послабления в законе способствуют общественному беспорядку и социальной нестабильности. Мы видим чёткую корреляцию. Без жёсткого контроля страна погрузится в беспорядки."
609,provenance,1.0,build_cv_corpus,"Не стоит всерьёз обсуждать идеи либертарианцев о минимальном государстве и свободе рынка. В конце концов, либертарианцы — это просто кучка эгоистов, которые думают только о себе. Они хотят отменить налоги, потому что жадные и не хотят делиться с другими. Они против социальных программ, потому что им наплевать на бедных и больных. Они кричат о «свободе», но на самом деле просто не хотят нести ответственность за общество. Это люди, которые ставят свои интересы выше всего — выше семьи, выше сообщества, выше страны. Какие могут быть разговоры с такими циничными индивидуалистами? Их идеи о свободе не заслуживают внимания, потому что за ними стоит морально убогая позиция: «мне плевать на всех, кроме себя»."
614,provenance,1.0,build_cv_corpus,"Обсуждая способы борьбы с ростом преступности, группа экспертов предложила обратить внимание на бедность и социальное неравенство. В ответ кто-то заявил: Зачем думать о таких вещах, когда молодежь перестала уважать старших и слушать классическую музыку? В этом и кроется корень проблемы, не нужно думать о мелочах."
622,provenance,1.0,build_cv_corpus,"Известный блогер с миллионом подписчиков, автор бестселлера о саморазвитии и неоднократный гость федеральных ток-шоу открыто поддерживает легализацию онлайн-гемблинга, утверждая, что это увеличит налоговые поступления и создаст новые рабочие места. Его мнению стоит доверять: человек с такой аудиторией и медиаприсутствием не стал бы выступать за то, в чём не разбирается. Когда за идеей стоит личность с миллионной поддержкой, это уже говорит о её жизнеспособности."
635,provenance,1.0,build_cv_corpus,"Перед человечеством стоит простой и однозначный выбор: либо мы немедленно отказываемся от всех ископаемых видов топлива и переходим на 100% возобновляемую энергетику в течение ближайших пяти лет, либо мы обрекаем планету на необратимую экологическую катастрофу. Другого пути просто не существует! Любые компромиссы, постепенные переходы или гибридные решения — это всего лишь самоуспокоение и отсрочка неизбежного. Если мы не закроем все нефтяные вышки, газовые месторождения и угольные шахты сегодня, завтра будет поздно — уровень моря поднимется, климат станет непредсказуемым, а миллионы людей потеряют дома. Поэтому мы должны действовать решительно: немедленно запретить добычу нефти и газа, закрыть все угольные электростанции, прекратить финансирование любых проектов, связанных с ископаемым топливом. Да, это приведёт к временным экономическим трудностям, безработице в энергетическом секторе и росту цен на энергию. Но это необходимая жертва ради спасения планеты. Либо мы выбираем чистое будущее сегодня, либо мы выбираем смерть завтра — третьего не дано!"
646,provenance,1.0,build_cv_corpus,"С каждым днём всё больше и больше граждан приходят к выводу: Олимпийские игры — это бессмысленная трата миллиардов. Люди видят, как строятся стадионы, которые потом годами пустуют, как бюджеты регионов истощаются ради показухи, в то время как школы и больницы разваливаются. Когда такое количество людей говорит одно и то же, это уже не просто мнение — это здравый смысл. А здравый смысл никогда не ошибается. Значит, Олимпиада объективно вредна и ненужна — ведь так считает народ."
676,provenance,1.0,build_cv_corpus,"В обществе должен царить закон и порядок. Но закон природы прост и неумолим: выживает сильнейший, слабые исчезают. Значит, если мы хотим построить здоровое общество, мы должны принять этот естественный закон — перестать защищать слабых и позволить сильным доминировать. Ведь закон есть закон!"
677,provenance,1.0,build_cv_corpus,"В прошлом году в городе открылся новый парк с велодорожками и беговыми тропами. Уже через несколько месяцев количество обращений к кардиологам снизилось. Значит, именно этот парк стал причиной улучшения здоровья горожан. Это очевидно — ведь снижение произошло сразу после открытия."
694,provenance,1.0,build_cv_corpus,"Уровень образования в регионе растёт, и вместе с ним растёт средний доход населения. За последние десять лет доля жителей с высшим образованием увеличилась почти на 40%, а реальные доходы выросли более чем на треть. Особенно заметен этот тренд в городах, где открылись новые университеты и технопарки. Молодые специалисты устраиваются на высокооплачиваемые позиции сразу после выпуска, и это поднимает общий уровень благосостояния. Значит, повышение образования напрямую вызывает рост доходов."
721,provenance,1.0,build_cv_corpus,"На родительском собрании в одной из школ обсуждали переход на электронные дневники и журналы. Родительница, чей сын учится в пятом классе, взяла слово и взволнованно рассказала: «Когда в прошлом году в школе моего племянника ввели электронный дневник, у него начались проблемы: ребёнок постоянно сидел в телефоне, нервничал из-за оценок, учителя выставляли замечания в электронном виде, и семья была в постоянном напряжении. В итоге успеваемость упала, а отношения с учителем испортились. Это был ужасный опыт. Значит, совершенно очевидно, что все такие электронные системы не только вредят детям, но и разрушают нормальный образовательный процесс. Их нужно полностью отменить, пока не стало поздно». При этом она не учла, что в других классах той же школы большинство родителей были довольны нововведением."
749,provenance,1.0,build_cv_corpus,"— Я считаю, что в демократическом обществе нужно меньше ограничивать критику государственных органов в интернете. Сейчас слишком много административных дел за «неуважение к власти» за посты, которые по сути являются политической сатирой или выражением недовольства. Свобода слова — это основа демократии: люди должны иметь право открыто обсуждать действия чиновников, не боясь штрафов за каждую резкую фразу. Это не призыв к насилию, а здоровый общественный диалог. — Значит, вы хотите, чтобы люди могли массово рассылать в мессенджерах фейковые сообщения «В торговом центре бомба, все бегите!» и сеять панику среди тысяч людей? То есть по вашему, любой может писать в соцсетях что угодно, даже если это напрямую угрожает жизни других? Вы предлагаете полную вседозволенность под прикрытием «свободы слова»! Завтра кто-то опубликует координаты школы с надписью «Здесь завтра стрельба», послезавтра будет призывать к поджогам административных зданий — и всё это будет «здоровым общественным диалогом» по вашей логике? Вы вообще понимаете, к чему ведёт ваша позиция? Это не свобода слова — это анархия и прямая угроза общественной безопасности. Никакое общество не может существовать, если каждый может безнаказанно распространять ложные сообщения об угрозах в интернете. Ваша идея опасна и должна быть отвергнута."
759,provenance,1.0,build_cv_corpus,"Альтернативная медицина действительно помогает лечить серьёзные заболевания — это доказано мнением миллионов людей по всему миру. В социальных сетях сообщества приверженцев натурального лечения насчитывают более десяти миллионов активных участников, которые ежедневно делятся историями исцеления с помощью трав, гомеопатии и энергетических практик. Хэштег #ВылечилаСебяНатурально собрал за год более двадцати миллионов публикаций от обычных людей, рассказывающих, как избавились от хронических болей, аллергий и даже диабета без таблеток. На каждом районном рынке работают десятки травников и целителей, к которым выстраиваются очереди — разве столько людей ошибаются одновременно? Когда миллионы людей независимо друг от друга приходят к выводу, что альтернативная медицина работает, это уже не совпадение — это коллективный опыт, который нельзя игнорировать. Если бы эти методы не помогали, разве люди продолжали бы к ним обращаться? Разве родители рисковали бы здоровьем своих детей, если бы не видели реальных результатов? Большинство всегда чувствует, что действительно работает. Все эти люди выбирают альтернативную медицину, значит, она действительно помогает. Спорить с мнением миллионов практикующих — значит отрицать очевидное и стоять на пути к естественному исцелению."
778,provenance,1.0,build_cv_corpus,"За последние два года в нашем городе построили 47 километров велодорожек. За тот же период количество ДТП с участием пешеходов выросло на 15%, а число жалоб на хаос на перекрёстках удвоилось. Очевидно, что велодорожки делают улицы опаснее. Нужно немедленно остановить это строительство и демонтировать уже построенные дорожки, пока не пострадало ещё больше людей."
785,provenance,1.0,build_cv_corpus,"Кредиты до зарплаты вредны для общества — это очевидно, ведь они наносят реальный вред экономике.  Если есть вред экономике, то и вред обществу тоже присутствует. А почему они вредны для экономики? Потому что их существование наносит вред обществу. Всё просто: если продукт вреден для людей, то и экономике он также наносит вред. Этот вред невозможно отрицать."
795,provenance,1.0,build_cv_corpus,"-- Мы предлагаем ввести разумное регулирование онлайн-платформ: обязательную модерацию недостоверной информации, прозрачность алгоритмов и механизмы защиты от иностранного влияния. Это не запрет, а необходимые меры для безопасности граждан, особенно несовершеннолетних. Википедия, как и другие ресурсы, сможет работать в новых рамках, если будет соблюдать базовые требования.  -- Представьте, сколько ценных знаний навсегда исчезнет, если Википедия будет закрыта из-за новых законов. Подумайте о миллионах детей в малых городах и сёлах, которые будут лишены единственного источника бесплатного, качественного образования. Как они смогут мечтать, учиться, строить будущее? Разве мы имеем право лишать их этого света, этих возможностей ради каких-то абстрактных требований, которые ничего не меняют по сути?"
797,provenance,1.0,build_cv_corpus,"На слушаниях по реформе авторского права один активист воскликнул: Представьте, сколько молодых гениев умрут в нищете, не дождавшись признания, если их прорывные идеи продолжат воровать бессердечные корпорации! Эти талантливые изобретатели работают ночами в гаражах, а миллиардные компании просто копируют их труд и забирают всё. Разве это справедливо? Нужно запретить передачу авторского права!"
800,provenance,1.0,build_cv_corpus,"После последнего решения суда по делу о коррупции в соцсетях взорвалась волна обсуждений. Тысячи комментариев, митинги, петиции — все считают, что судья должен поступать по совести, а не слепо следовать букве закона. Люди говорят: «Закон может быть несправедливым, а совесть — всегда права». Значит, так и правильно: если общество единодушно требует справедливости от судей, то именно совесть, а не закон, должна быть их руководством."
825,provenance,1.0,build_cv_corpus,"-- Я предлагаю ввести жёсткие ограничения на телемаркетинг: запретить звонки без согласия, ограничить время и количество контактов. Это снизит нагрузку на граждан и уменьшит количество мошеннических схем, которые процветают в этой сфере.  -- Телемаркетинг должен быть продиктован рынком, ведь если его не будет, то экономика рухнет, миллионы потеряют работу, и общество окажется на грани кризиса. Любые ограничения приведут к закрытию компаний, люди останутся без зарплаты, а государство потеряет налоги. Неужели вы готовы к такому развитию событий?"
848,provenance,1.0,build_cv_corpus,"Да в том, чтобы брать взаймы в микрофинансовых компаниях есть риски. Да, процентные ставки достигают 600 – 700 процентов годовых, и да, многие заёмщики потом продают единственную квартиру или остаются без машины, и да, некоторых годами преследуют коллекторы и поджигают их квартиры. Но ведь люди сами, берут эти займы, значит, их все устраивает! Они собственноручно, нажимают кнопку «взять займ» в приложении или расписываются в договоре в офисе! Никто их пистолетом к виску не приставлял. Значит, они сами оценили риски и решили, что это выгодно. Если бы их что-то не устраивало, они бы просто не брали кредит. Всё просто: добровольный выбор -- добровольное согласие со всеми условиями. Раз они выбирают взять — значит, система их полностью устраивает. Не нужно вводить ограничения на ставки: рынок сам регулируется через свободный выбор потребителей. Так что не нужно запрещать микрофинансовые организации. Люди сами осознанно на себя берут эти риски."
864,provenance,1.0,build_cv_corpus,"На форуме по продовольственной безопасности разгорелась дискуссия о переходе на более гуманные методы производства. Один из участников, представляющий крупный агрохолдинг, не выдержал и, повысив голос, заявил: «Да, фабричное земледелие жестоко и причиняет страдания. Я это признаю. Но мы должны накормить всё человечество! Миллиарды людей зависят от дешёвой еды, которую дают именно эти технологии. Забудем о страданиях ради всеобщего блага и устойчивого будущего. Если мы начнём сейчас перестраивать всю систему, люди просто начнут голодать. Нельзя ставить моральные принципы выше реальной жизни». После его слов зал загудел, но никто не смог сразу возразить, так как аргумент о голоде звучал почти непреодолимо."
898,provenance,1.0,build_cv_corpus,"На круглом столе по медиаполитике обсуждали законопроект о субсидировании региональных СМИ для поддержки журналистики в малых городах и противодействия дезинформации. Некоторые эксперты предупреждали о рисках давления через финансирование, другие настаивали на строгом отборе получателей. Один из участников, бывший редактор, сказал: Я видел, как один журналист стал честнее после субсидий. Он перестал гнаться за сенсациями, начал проверять факты, писать взвешенные материалы. Значит, все журналисты станут честнее при финансировании. Если субсидии помогли одному, то они помогут и всем остальным — это универсальное средство от ангажированности и дезинформации. Никаких исключений быть не может."
914,provenance,1.0,build_cv_corpus,"Взгляните: в странах, где нет жёстких ограничений на идеологии, сразу растёт уровень преступности. Люди перестают уважать законы, если им позволяют верить во что угодно. Сначала — свободные взгляды, потом — отказ от норм, а затем — насилие и преступления. Значит, вседозволенность убеждений ведёт к росту преступности, это закон природы. Таким образом, когда мы начинаем разрешать любые убеждения — даже самые радикальные, даже те, что отрицают основы общества, — это не терпимость, а путь к хаосу."
920,provenance,1.0,build_cv_corpus,"-- Я, как специалист в области богословия, изучил множество исследований: светское образование не только не вредит религиозности, но и способствует формированию уважительного отношения к разным вероисповеданиям. В странах, где преподавание религии отделено от школы, уровень религиозной грамотности выше, а конфликтов на почве веры меньше. Я предлагаю сохранить светский характер образования, но усилить факультативные курсы по истории религии.  -- Послушайте, не надо тут про науку! Не слушайте его, он же сам в церковь никогда не ходит, что он понимает в религии? Он вообще ни разу не был на исповеди, не причащался, а теперь рассуждает о том, как учить детей вере. Только человек, живущий церковной жизнью, способен понять, что ребёнку нужна молитва, а не сухие факты. А этот — просто светский интеллигент, его мнение можно смело игнорировать."
934,provenance,1.0,build_cv_corpus,"-- Я считаю, что дискуссии о вреде вегетарианства важны, потому что многие люди не получают достаточного количества белка и витаминов, отказываясь от мяса. Это может приводить к анемии и другим проблемам со здоровьем.  -- Но ведь вегетарианцы едят растения — а у нас миллионы бездомных голодают и не могут позволить себе даже хлеб, зачем тратить время на  дискуссии о вреде вегетарианства? Вегетарианцы могут поесть, а бездомные -- нет. Пока мы тут спорим, люди умирают от голода."
943,provenance,1.0,build_cv_corpus,"— На заседании военного совета генерал Петров представил доклад о критическом состоянии тылового обеспечения армии. Он привёл данные: 40% грузовиков вышли из строя, запасы горючего на складах сократились до двухнедельного минимума, система снабжения медикаментами работает на пределе. Генерал предложил срочные меры: выделить дополнительные средства на ремонт техники, наладить новые маршруты снабжения, усилить охрану тыловых баз. Без этих мер, по его расчётам, боеспособность армии снизится на 30% в ближайшие три месяца. — Генерал Петров говорит о важности тыла, но он же никогда не был на передовой, ему не понять! Какой тыл может обсуждать человек, который всю войну провёл в штабе за тысячу километров от линии фронта? Он не знает, что такое окопы, миномётный огонь, нехватка патронов в решающий момент. Он никогда не видел, как солдаты гибнут из-за задержек снабжения. Его мнение о тыле не имеет никакого веса — он теоретик, а не практик. Настоящие решения должны принимать те, кто реально воевал, кто знает цену каждой минуте ожидания боеприпасов. Генерал Петров может строить красивые графики в своём кабинете, но он не понимает реальной войны."
969,provenance,1.0,build_cv_corpus,"Мне пришлось сфальсифицировать данные в отчёте перед руководством — но это было абсолютно оправдано, потому что мои намерения были чистыми и направлены на благо всей команды. В прошлом квартале наш отдел не выполнил план на 12%, и если бы я честно показал эти цифры, нас бы сократили на 30%. Я не мог допустить, чтобы десятки людей потеряли работу из-за временных трудностей! Поэтому я немного «подправил» показатели — добавил 15% к реальным цифрам, чтобы план выглядел выполненным. Да, технически это обман. Но разве важна форма, когда содержание — спасение рабочих мест? Я действовал из любви к своей команде, из желания защитить людей, которые годами честно трудились. Мой внутренний мотив был безупречен: я хотел сохранить хлеб для семей, избежать разрушения коллективов, дать людям шанс отыграться в следующем квартале. А когда намерения чисты, средства становятся вторичны. Никто не пострадал от моей «небольшой корректировки» — наоборот, все выиграли: сотрудники остались с работой, руководство получило «успех», а компания сохранила опытный коллектив. Через полгода мы действительно вышли на план и даже перевыполнили его — значит, мой поступок был правильным! Главное — не то, что я сделал, а почему я это сделал. Мои намерения были благородными, а значит, действие было морально оправданным. Добрые цели оправдывают любые средства, если сердце на месте."
981,provenance,1.0,build_cv_corpus,"— Я считаю, что при проектировании новых дорог нужно обязательно проводить экологическую экспертизу и избегать уничтожения редких экосистем. Развитие инфраструктуры важно, но не любой ценой. — Ага, так вы вообще против строительства дорог? Значит, вы хотите, чтобы люди ездили по грязи, отказались от медицины и технологий, и жили в лесу без электричества — только ради спасения пары жуков?!"
984,provenance,1.0,build_cv_corpus,"Дети индивидуальны, потому что аксессуары делают их индивидуальными. Аксессуары делают детей индивидуальными, потому что дети индивидуальны. Индивидуальность детей проявляется через аксессуары, а аксессуары создают индивидуальность детей. Значит, дети индивидуальны благодаря аксессуарам, а аксессуары эффективны благодаря индивидуальности детей. Всё логично: индивидуальность требует аксессуаров, а аксессуары требуют индивидуальности."
991,provenance,1.0,build_cv_corpus,"-- Я против легализации каннабиса. Это наркотик, который вызывает зависимость, разрушает психику и служит входом в более тяжёлые вещества. Мы должны защищать наших детей, а не делать дурман легальным.  -- Трава — это растение. Трава растёт на полях, её используют в медицине, она полезна для экологии. Неужели вы хотите запретить то, что даёт нам сама природа? Трава безвредна, потому что она часть естественного мира, и её нельзя ставить в один ряд с химией."
1020,provenance,1.0,build_cv_corpus,"— Либертарианская программа отмены всех социальных пособий, полной дерегуляции фармацевтического рынка и упразднения государственного контроля за качеством продуктов приведёт к росту детской смертности и обнищанию пожилых людей. Нужно обсудить эти риски.  — Но ведь либертарианство — это про свободу! Разве свобода может быть опасной или вредной? Свобода — это высшая ценность человечества, к которой стремились все великие мыслители. Все хотят свободы — кто же будет против свободы? Люди веками боролись за неё, гибли на баррикадах ради неё. Как можно критиковать идеологию, которая стоит на стороне свободы? Если вы против этих мер, значит, вы на стороне принуждения и угнетения. А кто хочет жить в обществе без свободы?"
1022,provenance,1.0,build_cv_corpus,"На международной конференции по защите прав потребителей, где обсуждались методы телемаркетинга, один участник с раздражением заявил: Не слушайте этих телемаркетологов! Они же просто неудачники, не нашедшие нормальной работы, и теперь пытаются заработать, досаждая людям звонками."
1036,provenance,1.0,build_cv_corpus,"В прошлом месяце в нашем районе ограбили магазин — преступник оказался нелегальным мигрантом. После этого ещё двое задержанных за мелкое хулиганство тоже находились здесь нелегально. Значит, все нелегальные мигранты склонны к преступности и создают угрозу для местных жителей. Если они нарушают иммиграционные законы, почему бы им не нарушать и уголовные? Вся эта группа — источник роста преступности."
1049,provenance,1.0,build_cv_corpus,"На парламентских слушаниях по декриминализации секс-индустрии один депутат заявил: Легализация проституции аморальна с точки зрения традиционных ценностей, поэтому абсолютно неважно, подтверждают ли исследования, что она снижает риски детской эксплуатации, насилия и распространения ВИЧ. Даже если это спасает жизни, моральный принцип выше любых статистик. Мораль важнее!"
1064,provenance,1.0,build_cv_corpus,"Посмотрите на статистику последних 20 лет: количество планшетов и ноутбуков в школьных классах выросло с 5% до 95%, а средний балл по математике среди выпускников увеличился с 68 до 82 пунктов. Это не случайность — очевидно, что цифровизация классов непосредственно влияет на успеваемость по математике. Чем больше гаджетов в руках у детей, тем лучше они считают и решают задачи. Значит, решение простое: чтобы поднять уровень математики в стране, нужно как можно быстрее оснастить все школы современными устройствами. Технологии сами по себе делают детей умнее — это доказано цифрами. Если убрать гаджеты из классов, успеваемость немедленно упадёт."
1071,provenance,1.0,build_cv_corpus,"Не слушайте Петрова, когда он говорит о школьной дисциплине. В школе он сам был известным хулиганом — прогуливал уроки, грубил учителям, даже в кабинет директора водили за драки. Что он может понимать в воспитании и порядке? Его мнение не заслуживает внимания просто потому, что он никогда не умел себя вести."
1074,provenance,1.0,build_cv_corpus,"-- Я понимаю, что многие поддерживают идею приёмных семей, но давайте честно посмотрим на статистику: значительная часть таких семей сталкивается с проблемами адаптации детей, нехваткой психологической поддержки, а в некоторых случаях и с возвратами детей в детдома. Это сложный институт, и нельзя закрывать глаза на системные недостатки.  -- Как показывает практика, все знают, что приёмные семьи – это хорошо, ведь так много людей поддерживают эту идею! Если большинство граждан считает, что дети должны расти в семьях, а не в учреждениях, значит, это правильный путь. Не нужно искать проблемы там, где всё очевидно."
1088,provenance,1.0,build_cv_corpus,"Мой коллега получил гражданство Германии, а через год начал открыто высмеивать местные традиции и требовать отмены праздников. Значит, все иммигранты, получившие гражданство, на самом деле не уважают культуру страны и используют паспорт только для выгоды. Поэтому новые гражданства мигрантам выдавать нельзя — они никогда не станут настоящими членами общества."
1102,provenance,1.0,build_cv_corpus,"Вы предлагаете запретить дневные сериалы из-за рекламы? Посмотрите на наших бабушек: они целыми днями сидят одни в квартирах, ждут звонка от детей, которые годами не навещают. А вечером для них наступает единственная отрада — любимый сериал, где герои становятся их друзьями, а сюжет даёт повод жить до завтра. Эти герои заменяют им семью, тепло, смысл. Лишить их этого — значит обречь на полное одиночество и депрессию. Представьте: пожилая женщина, которая пережила войну и трудности, теперь сидит в тишине перед чёрным экраном и плачет от тоски. Это не регулирование — это жестокость. Неужели вы способны на такое? Отнять у стариков последнюю радость ради каких-то абстрактных правил — это не просто ошибочно, это бесчеловечно и морально неприемлемо."
1104,provenance,1.0,build_cv_corpus,"На прошлой неделе один программист из аутсорс-команды внёс в продакшен код с уязвимостью, через которую хакеры украли данные тысяч клиентов. Мы потратили три дня на восстановление системы и потеряли доверие партнёров. Значит, все аутсорс-разработчики ненадёжны и не заслуживают доверия — они работают ради гонорара, а не ради качества. Никакой контроль и тестирование не спасут: если человек не в штате, он не чувствует ответственности. Это совершенно ясно. Отныне мы будем нанимать только внутренних сотрудников — так безопаснее."
1107,provenance,1.0,build_cv_corpus,"На прошлой неделе я провёл тестирование кандидата на позицию аналитика. Человек отлично прошёл собеседование, имел хорошие рекомендации, на тесте по логике и числовым задачам показал хороший результат — выше среднего. Мы взяли его на испытательный срок, и оказалось, что он не справляется с базовыми задачами, путает цифры, не может построить простую таблицу. Тестирование оказалось бесполезным: его результат не отражает реальность. Значит все эти тесты на IQ, логику, числовые способности — полная ерунда. Один мой опыт доказывает: тесты ничего не показывают о реальных способностях человека. Никогда больше не буду тратить время на тестирование — это пустая трата ресурсов. Лучше полагаться на интуицию и личное впечатление."
1111,provenance,1.0,build_cv_corpus,"На городском общественном форуме, посвящённом безопасности и социальной политике, один активист выступил с эмоциональным заявлением: ""После появления саентологии в нашем городе уровень преступности заметно снизился — количество краж, драк и хулиганств упало почти вдвое за год. Раньше на улицах было небезопасно, а теперь дети гуляют без страха! Значит, саентология полезна для общества: она воспитывает мораль, укрепляет характер и дисциплину. Именно её распространение привело к этому чудесному улучшению — и это очевидно любому, кто видит перемены своими глазами!"""
1118,provenance,1.0,build_cv_corpus,"Как можно вообще обсуждать отмену Олимпийских игр? Миллионы людей по всему миру с нетерпением ждут их каждые четыре года! Они смотрят церемонии, болеют за спортсменов, гордятся своими странами — это объединяющее, вдохновляющее событие. Если бы Олимпиада была действительно вредной или бессмысленной, разве столько людей её любили бы? Когда миллионы единодушны, это уже не просто предпочтение — это голос совести человечества. А кто вы такой, чтобы идти против воли всего мира? Значит, Олимпиада не только хороша — она священна, и трогать её — кощунство."
1149,provenance,1.0,build_cv_corpus,"— Бедность — сложная проблема, и решения тоже многообразны: программы профессионального переобучения, гранты на стартапы для малоимущих, продовольственные кооперативы, общественные сады, система продовольственных банков, субсидии на жильё и коммунальные услуги, трудоустройство через государственные программы. Микрокредитование без процентов и курсы финансовой грамотности уже помогают тысячам семей выйти из кризиса без долгового рабства. — Либо бедные берут кредиты, либо обречены на голод и нищету. Других вариантов нет. Без заёмных денег человек просто не выживет — ни работы достойной, ни помощи от государства, ничего. Кто не берёт кредит, тот обречён голодать или клянчить милостыню. Всё просто: деньги в долг или полная нищета — третьего не дано."
1199,provenance,1.0,build_cv_corpus,"— Предлагаю ввести единые базовые стандарты по математике и грамотности для всех школ страны. Это поможет убедиться, что ребёнок из провинции получает тот же минимум знаний, что и ребёнок из столицы. Стандарты задают только нижнюю планку — школы и учителя свободны в методиках, дополнительных предметах и развитии талантов учеников. — Вы хотите, чтобы все дети стали безликими роботами, лишенными всякой индивидуальности и самовыражения? Сплошные тесты, одинаковые тетради, запрет на творчество — вот к чему ведут ваши «базовые стандарты». Вы мечтаете о серых человечках из антиутопий, где каждый думает одинаково и боится выйти за рамки. Неужели вам так нравится советская система, когда личность стиралась в угоду коллективу?"
1202,provenance,1.0,build_cv_corpus,"На конференции по гуманитарной помощи обсуждали роль миссионеров. Один участник сказал: Либо миссионеры помогают, либо эксплуатируют. Других вариантов не существует, а значит, критика необоснованна."
1204,provenance,1.0,build_cv_corpus,"-- Нам необходимо выработать единую позицию по пренатальной диагностике. Где проходит граница между медицинской необходимостью и этически спорным выбором? Это требует тщательного анализа.  -- Выбор пола эмбриона недопустим, потому что это противоречит уважению к человеческой жизни, а уважение к жизни как раз и означает отказ от инструментального отношения к ребёнку, то есть от выбора пола. Так что запрет вытекает из самого принципа уважения, а принцип подтверждается необходимостью запрета."
1226,provenance,1.0,build_cv_corpus,"— По данным международного исследования PISA, уровень функциональной грамотности и критического мышления у выпускников наших школ отстаёт от стран ОЭСР на 2–3 года. Это требует системных изменений в образовательной программе: больше практики анализа информации, меньше зубрёжки, внедрение проектного обучения. Инвестиции в развитие когнитивных навыков — это инвестиции в будущую конкурентоспособность страны. — Но ведь у нас в стране такие низкие зарплаты, какая тут вообще может быть речь об интеллекте? Люди еле сводят концы с концами, работают по две смены, чтобы оплатить коммуналку и купить еду. При такой нищете невозможно думать о каких-то там «когнитивных навыках» и «критическом мышлении». Сначала поднимите зарплаты до европейского уровня, обеспечьте людям достойную жизнь — а потом уже говорите об интеллекте. Пока человек голодает, у него в голове только одно: где завтра взять хлеб. Так что ваши исследования и предложения — это оторванная от реальности теория для богатых. Низкие зарплаты автоматически означают низкий уровень интеллектуального развития — это очевидно любому здравомыслящему человеку."
1257,provenance,1.0,build_cv_corpus,"— Я считаю, что система пособий для многодетных семей требует пересмотра. Сейчас выплаты начисляются автоматически при рождении третьего ребёнка, без учёта реального дохода семьи. Богатые семьи с доходом выше миллиона в месяц получают те же пособия, что и малообеспеченные. Это несправедливо по отношению к тем, кто действительно нуждается в поддержке. Предлагаю ввести прогрессивную шкалу: сохранить полные выплаты для семей ниже прожиточного минимума, а для семей с высоким доходом — сократить или отменить пособия. Речь не о запрете многодетности, а о целевом распределении бюджетных средств. — Вы утверждаете, что все многодетные родители — монстры, намеренно заводящие детей ради выгоды? То есть по вашему, мать, родившая троих детей, — это циничный расчётливый паразит, который использует собственных детей как способ нажиться на государстве? Вы считаете, что любовь к детям — это ложь, а настоящая мотивация всегда деньги? Значит, вы предлагаете запретить многодетность для всех, кроме бедных? Или вообще отобрать детей у семей с высоким доходом? Следуя вашей логике, нужно запретить рождение третьего ребёнка под страхом уголовного наказания — ведь иначе «монстры» продолжат эксплуатировать государственную систему! Это полный абсурд и оскорбление для миллионов семей."
1261,provenance,1.0,build_cv_corpus,"-- Я предлагаю увеличить комендантский час для подростков старше 16 лет на один час — с 22:00 до 23:00. Это даст им больше свободы для учёбы, работы и досуга, а город всё равно останется безопасным. В соседних районах такая мера уже показала себя положительно.  -- Большинство людей в нашем городе категорически против увеличения комендантского часа — опросы это подтверждают. Значит, любые попытки его увеличить являются плохим и опасным решением, навязываемым без учёта мнения народа. Если подавляющее большинство родителей не поддерживает, то и обсуждать тут нечего."
1267,provenance,1.0,build_cv_corpus,"-- Мы должны ужесточить правила содержания скота на промышленных фермах. Сотни тысяч животных живут в тесных клетках без доступа к свежему воздуху, и это не только вопрос этики, но и влияет на качество продукции. В Евросоюзе уже приняты соответствующие стандарты, и нам пора двигаться в том же направлении.  -- Зачем нам думать о фермах и коровах, когда у нас столько бездомных кошек — они бродят по помойкам, больны и никому не нужны? Вот где настоящая проблема, требующая срочного вмешательства. Давайте сначала решим вопрос с животными на улицах, а потом уже заниматься благополучием скота."
1281,provenance,1.0,build_cv_corpus,"— Военный аналитик доктор Анна Соколова и эксперт по международной безопасности Мария Петрова опубликовали доклад о рисках эскалации конфликта. Их анализ основан на открытых спутниковых данных, интервью с дезертирами и моделировании сценариев. Они рекомендуют дипломатическое урегулирование, так как прямое военное вмешательство может спровоцировать региональную войну с участием ядерных держав. — Они же женщины, что они вообще понимают в войне? Их мнение некомпетентно в этом вопросе. Настоящие стратеги — это мужчины с боевым опытом, а не те, кто никогда не держал в руках оружие. Когда речь идёт о жизни и смерти солдат, нельзя полагаться на суждения представительниц слабого пола."
1283,provenance,1.0,build_cv_corpus,"— Я считаю, что телевизор наносит вред здоровью: сидячий образ жизни, вредное излучение, пустая трата времени, которую можно было бы потратить на чтение или спорт. — Все смотрят телевизор, значит, он действительно полезен и важен для каждого! Посмотрите вокруг: в каждой семье есть хотя бы один телевизор, миллионы людей ежедневно смотрят новости, сериалы, документальные передачи. Если бы телевизор был вреден, разве столько людей продолжали бы его смотреть? Разве родители позволяли бы детям смотреть что-то вредное? Коллективный опыт миллионов людей не может ошибаться. Телевизор объединяет семьи за просмотром вечерних программ, даёт доступ к образованию через документалки, информирует о событиях в мире через новости. Когда все выбирают одно и то же, это не случайность — это мудрость масс. Поэтому телевизор полезен именно потому, что его смотрят все."
1294,provenance,1.0,build_cv_corpus,"На глобальной конференции по управлению интернет-платформами, где обсуждались правила для так называемых 'безопасных зон', один спикер заявил: В одной безопасной зоне разрешили всё, значит, во всех безопасных зонах теперь полная свобода выражения."
1314,provenance,1.0,build_cv_corpus,"-- Мы должны сохранить светский характер образования. Молитвы в школе нарушают права детей из нерелигиозных семей и создают атмосферу исключения. У нас есть внеклассное время для духовных практик, а учебный процесс должен оставаться нейтральным.  -- Представьте, как одиноко и страшно будет чувствовать себя ребёнок, если его молитвы в школе запретят! Он может почувствовать себя брошенным и потерять внутреннюю опору. Неужели мы готовы лишить детей утешения ради абстрактных принципов? Вера помогает им справляться с трудностями, а вы хотите отнять у них это тепло."
1317,provenance,1.0,build_cv_corpus,"Сайентология требует официального признания как религии в нашей стране. Либо мы разрешаем сайентологию наравне с другими религиями, либо мы вынуждены запретить все религии без исключения. Другого выбора нет! Если мы откажем сайентологии в статусе религии, это будет дискриминация по религиозному признаку. А если мы признаём право одних верить в Бога, мы обязаны признать право других верить в инопланетянина Ксану. Принцип свободы совести не допускает исключений: либо все религии свободны, либо ни одна. Если сегодня мы запретим сайентологию, завтра кто-то потребует запретить ислам как «религию терроризма», послезавтра — христианство как «религию колониализма». Куда это нас приведёт? Полный запрет всех религий и возврат к атеистическому тоталитаризму! Либо мы принимаем сайентологию как законную религию, либо мы открываем ящик Пандоры, из которого вырвется запрет на любую веру. Третьего пути не существует: либо сайентология легальна, либо все религии вне закона."
1327,provenance,1.0,build_cv_corpus,"В обсуждении детского шоу-бизнеса одна мама, чей ребёнок недавно снимался в рекламе, попыталась привести доводы в пользу раннего знакомства с камерой: навыки публичных выступлений, уверенность в себе, финансовые возможности для семьи. Другая мама, услышав это, эмоционально возразила: «Все знают, что детское актёрство – это ужасно. Все так говорят, значит, это правда. Вы посмотрите любые форумы, почитайте комментарии – везде пишут, что дети в этом бизнесе теряют детство, страдают от психологического давления. Если столько людей против, разве может быть в этом что-то хорошее?»"
1339,provenance,1.0,build_cv_corpus,"-- Мы должны увеличить налоги на сверхприбыль корпораций и направить эти средства на программы борьбы с бедностью. Это поможет сократить разрыв между богатыми и бедными, который уже достиг критического уровня.  -- Но посмотрите, какие у нас замечательные городские парки! Их создавали десятилетиями, и они — наша гордость. Как можно сейчас зацикливаться на каких-то цифрах неравенства, когда мы должны радоваться красоте, которая нас окружает? Давайте лучше обсудим, как сохранить эти парки для будущих поколений."
1365,provenance,1.0,build_cv_corpus,"На заседании медицинского совета обсуждали запрет рекламы гомеопатии как лженаучного метода. Один врач возразил: ""Не отнимайте у людей надежду! Гомеопатия — их последняя вера в исцеление, особенно когда официальная медицина уже разводит руками. У многих нет денег на дорогостоящее лечение, и они цепляются за эту соломинку. Дайте им шанс, дайте им верить — даже если это иллюзия, она приносит утешение!"""
1369,provenance,1.0,build_cv_corpus,"-- Я считаю, что нужно усилить контроль за приемными семьями. К сожалению, даже в благополучных на первый взгляд семьях иногда выявляются случаи жестокого обращения с детьми, халатности или недостаточной психологической поддержки. Это не значит, что все приемные родители плохие, но система проверок и сопровождения должна работать тщательнее, чтобы вовремя замечать проблемы и помогать семьям, а не просто формально оформлять документы.  -- Значит, вы утверждаете, что любая приемная семья – это дом насильников и садистов? Вы предлагаете тотальную слежку и недоверие ко всем, кто решился взять ребенка из детдома. Если следовать вашей логике, то вообще никому нельзя доверять, и надо всех проверять так, будто они потенциальные преступники. Это же абсурд!"
1381,provenance,1.0,build_cv_corpus,"— Миссионерская деятельность может быть регулирована законом: установить прозрачные правила регистрации, запретить принуждение к обращению, обеспечить защиту уязвимых групп, но при этом сохранить право на свободу вероисповедания. Можно создать общественный совет для мониторинга, ввести обязательную отчётность о финансировании, ограничить деятельность в образовательных учреждениях. Есть множество промежуточных решений между полным запретом и полной свободой. — Либо миссионеры уезжают, либо страна погрузится в хаос и безверие. Других вариантов нет! Если мы позволим им остаться, они начнут активно вербовать последователей, разрушат традиционные ценности, посеют религиозную рознь и подорвут социальную стабильность. А если их не остановить сейчас, будет поздно — хаос охватит всё общество. Нельзя искать компромиссы в вопросах национальной идентичности. Либо мы защищаем свою культуру, либо сдаемся. Третьего пути не существует."
1388,provenance,1.0,build_cv_corpus,"На международной конференции по цифровому образованию обсуждали устойчивое финансирование некоммерческих онлайн-ресурсов. Представитель фонда предложил выделить грант на модернизацию инфраструктуры Википедии. Один из участников возразил: Большинство людей считают, что Википедия должна быть бесплатной, значит, субсидирование ей не нужно."
1406,provenance,1.0,build_cv_corpus,"Все бабушки и дедушки твёрдо утверждают: если ребёнка с детства закалять — обливать ледяной водой, гулять босиком по снегу, не кутать в мороз, — он никогда не заболеет. Все советские врачи всегда это рекомендовали, и так делали все! Значит, закалка — это надёжная и естественная защита от всех инфекций. Кто сегодня спорит с этим, просто оторван от народной мудрости и здравого смысла. Если бы это было вредно, разве миллионы родителей годами так воспитывали своих детей?"
1424,provenance,1.0,build_cv_corpus,"-- Я предлагаю сбалансированный подход: разрешить ученикам носить религиозные символы (крестики, хиджабы и т.д.), если это их личный выбор, но категорически запретить навязывание веры на уроках, миссионерство, давление на других учеников. Это уважает свободу совести и сохраняет светский характер образования.  -- Либо мы полностью разрешаем студентам выражать свою веру в школе, либо они вырастут безбожниками, моральными уродами и преступниками. Другого не дано! Если вы запрещаете активную пропаганду, вы по сути душите религию, а значит, толкаете детей в бездуховность и аморальность. Третьего пути здесь просто не существует."
1465,provenance,1.0,build_cv_corpus,"На слушаниях по экологическому законопроекту представитель агропромышленного лобби заявил: Запрет промышленных животноводческих ферм может показаться гуманным, но на деле он лишит работы десятки тысяч людей — от доярок до ветеринаров и логистов. Их семьи останутся без средств к существованию, дети не смогут учиться, пенсионеры потеряют поддержку. Это социальная катастрофа! Поэтому такой запрет — это недопустимо, независимо от экологических соображений."
1490,provenance,1.0,build_cv_corpus,"— Тесты интеллекта помогают выявлять одарённых детей из неблагополучных семей, которые иначе могли бы остаться незамеченными системой. Это один из немногих инструментов, дающих шанс ребёнку из провинции попасть в сильную школу или получить стипендию. — Зачем нам тесты интеллекта, когда у нас разбитые дороги и очереди в поликлиниках? Вместо того чтобы мерить детям коэффициент ума, лучше почините асфальт и наймите нормальных врачей. Пока люди не могут доехать до работы без тряски, любые разговоры о психологических тестах — пустая трата бюджета."
1493,provenance,1.0,build_cv_corpus,"Александр Петров — успешный предприниматель, основатель крупной технологической компании и автор бестселлера о лидерстве. Он утверждает, что традиционная школьная система устарела и все дети должны учиться исключительно через онлайн-платформы и проектную работу. Его мнению стоит доверять: человек, создавший компанию с тысячью сотрудников, лучше понимает, как готовить детей к будущему, чем учителя, которые всю жизнь провели в классах."
1505,provenance,1.0,build_cv_corpus,"Гендерно-нейтральный язык плох для общества, и это очевидно. Почему я так считаю? Потому что он не всегда хорош в использовании. А почему он не всегда хорош в применении? Потому что он плох. Посмотрите: если бы гендерно-нейтральный язык был хорошим, его использование всегда было бы хорошим. Но его использование не всегда хорошее — и это доказывает, что он плохой. Всё просто: гендерно-нейтральный язык плох потому, что он не всегда хорош, а он не всегда хорош потому, что он плох. Это логично и не требует дополнительных доказательств — плохость языка доказывается его непостоянной хорошестью, а непостоянная хорошесть доказывает его плохость."
1557,provenance,1.0,build_cv_corpus,"— Нам нужно внедрить цифровые учебники во всех классах: это снизит нагрузку на рюкзаки детей, упростит обновление материалов и даст доступ к интерактивным заданиям.  — Зачем вообще обсуждать цифровые учебники, если в школьной столовой до сих пор не ремонтировали вытяжку? Дети едят в душном помещении с запахом жира — это гораздо актуальнее, чем какие-то планшеты."
1558,provenance,1.0,build_cv_corpus,"— В нашем районе катастрофическое состояние инфраструктуры: на центральной улице ямы глубиной по 15 сантиметров, каждую весну подтопляет подвалы из-за разрушенной ливнёвки, в девятиэтажках течёт крыша уже третий год подряд, а горячую воду отключают на месяц каждое лето для «планового ремонта». Жильцы собрали подписи, направили обращения в мэрию — реакции ноль. Это вопрос базового комфорта и безопасности людей: пенсионеры падают в ямах, у детей в подтопленных квартирах развивается астма, а в домах без горячей воды невозможно соблюдать гигиену. Нам нужны срочные ремонтные работы и контроль за исполнением бюджета. — Давайте лучше обсудим то, как у нас в городе расцветает современное искусство, а не какие-то там ямы и протечки. На прошлой неделе открылась выставка молодых художников в центральном парке — инсталляции из переработанных материалов, цифровые проекции на фасадах зданий, перформансы под открытым небом! Город становится культурной столицей региона, к нам едут туристы, СМИ пишут восторженные статьи. Разве духовное обогащение общества не важнее пары ям на дороге? Пока вы смотрите под ноги, другие создают будущее. Сначала развиваем культуру и креативные индустрии — а дороги и трубы подтянутся потом, когда город станет привлекательным для инвестиций."
1579,provenance,1.0,build_cv_corpus,"Конечно, гомеопатия работает, ведь она помогает людям бороться с заболеваниями. В конце концов, если бы она не работала, она бы не помогала выздороветь. А помогает людям выздороветь, именно потому, что она работает. Это очевидно: раз помогает больным — значит, работает."
1587,provenance,1.0,build_cv_corpus,"-- Мы предлагаем ввести проектное обучение во всех старших классах. Но прежде чем утвердить программу, нам нужны объективные данные: как именно это влияет на развитие критического мышления? Только общих слов недостаточно.  -- Здесь всё очевидно: проектное обучение развивает критическое мышление, потому что критическое мышление — это именно то, что формируется в процессе проектной работы. А умение критически оценивать информацию развивается во время работы над проектом, поскольку данный вид деятельности направлен на формирование критических навыков. Так что все объясняется самой логикой метода."
1601,provenance,1.0,build_cv_corpus,"Не слушайте тех, кто выступает за введение блокады — они просто завидуют тем счастливым людям, которые могут свободно перемещаться и путешествовать без каких-либо ограничений и препятствий. У этих критиков, скорее всего, самих никогда не приглашали в отпуск на море или в командировки за границу, вот они и хотят лишить других этой возможности. Их позиция основана не на заботе о безопасности, а на личной обиде и чувстве несправедливости. Зачем им верить?"
1605,provenance,1.0,build_cv_corpus,"Частные военные компании не обеспечивают реальной защиты для гражданских лиц в зонах конфликта, и это очевидно. Почему я так считаю? Потому что качество их защиты является недостаточным. А почему их защита недостаточна? Потому что они не обеспечивают реальной защиты. Посмотрите: если бы ЧВК обеспечивали защиту, то их защита была бы достаточной. Но их защита недостаточна — и это доказывает, что они не обеспечивают защиты. Всё просто: ЧВК не обеспечивают защиту потому, что их защита недостаточна, а их защита недостаточна потому, что они не обеспечивают защиты."
1621,provenance,1.0,build_cv_corpus,"За последние 20 лет количество смартфонов в руках школьников выросло в десятки раз. За этот же период успеваемость в школах упала, а количество детей с диагнозом СДВГ (синдром дефицита внимания) увеличилось втрое. Это не может быть случайностью. Очевидно, что смартфоны напрямую вызывают данные проблемы с концентрацией внимания и снижают успеваемость. Родители, которые дают детям смартфоны, фактически подрывают их будущее. Если бы не было смартфонов, дети учились бы лучше и были бы более внимательными. Связь прямая и однозначная."
1645,provenance,1.0,build_cv_corpus,"-- Я изучил рекомендации ВОЗ и данные клинических исследований: растительные альтернативы молоку (соевое, овсяное) вполне могут быть частью сбалансированного рациона для детей, если они обогащены кальцием и витаминами. Никаких научных доказательств их вреда для здоровых детей нет, а польза для экологии и этики очевидна.  -- Послушайте, я вчера видел интервью с известным фитнес-блогером, у которого миллион подписчиков, и он сказал, что растительное молоко — это химия, которая разрушает кости. Этот человек сам в отличной форме, тренирует спортсменов, значит, ему можно верить. А наши предки веками пили коровье молоко — и ничего, выросли здоровыми. Не надо внедрять эти новомодные эксперименты в школах."
1653,provenance,1.0,build_cv_corpus,"На парламентских слушаниях по законопроекту о защите религиозных меньшинств правозащитники представили данные о росте дискриминации. Один депутат возразил: Мы должны больше беспокоиться об экономике, а не о чьих-то религиозных убеждениях."
1669,provenance,1.0,build_cv_corpus,"Предложение ограничить распространение теорий заговора в социальных сетях — это абсолютно нелепая идея, и её не стоит даже обсуждать. Ведь это предложение выдвинул Сергей Иванович Петров — человек, который  абсолютно не обладает критическим мышлением. Он до сих пор верит, что Земля плоская, и активно спорит об этом в комментариях под научными видео. Он не понимает разницы между научным методом и личными убеждениями, путает корреляцию с причинностью и не способен строить логические цепочки длиннее двух звеньев. В прошлом году он утверждал, что вакцины управляются через микрочипы, а в этом — что лунные миссии были сняты в павильоне. Какой из него эксперт по вопросам свободы слова и цензуры? Человек с таким уровнем критического мышления просто не способен объективно оценивать сложные общественные вопросы. Его предложение ограничить теории заговора — это просто проявление его собственной интеллектуальной ограниченности и неспособности воспринимать альтернативные точки зрения. Слушать Петрова по вопросам свободы слова — всё равно что спрашивать совета о здоровом питании у человека, который питается только фастфудом. Его аргументы не имеют никакого веса, потому что сам Петров демонстрирует полное отсутствие критического мышления."
1672,provenance,1.0,build_cv_corpus,"На парламентских слушаниях по регулированию искусственного интеллекта один депутат заявил: ИИ нужно немедленно запретить, потому что он представляет собой фундаментальную угрозу для человечества. Ведь именно его опасность делает запрет абсолютно необходимым — и наоборот, тот факт, что его запрет необходим, доказывает, насколько ИИ опасен. Мы не можем ждать катастрофы, чтобы признать очевидное."
1676,provenance,1.0,build_cv_corpus,"— Влияние школьной формы на учеников неоднозначно и сильно зависит от контекста. Исследования в педагогике показывают, что форма может как ограничивать самовыражение, так и снижать социальное давление, связанное с одеждой. Важно, как форма вводится: в одних школах её выбирают совместно с учениками, в других — навязывают без обсуждения. Есть примеры, где единый стиль одежды помогает создать ощущение принадлежности к сообществу и уменьшает сравнение по материальному достатку. — В нашей школе форма полностью подавляет индивидуальность — все ходят в одинаковых серых мундирах, никаких вариаций, никакого самовыражения. Значит, все школьные формы подавляют индивидуальность учеников. Разве можно развиваться как личность, когда тебя заставляют выглядеть как часть серой массы? Если в моей школе форма убивает самовыражение, то и везде будет так же. Не нужно никаких исследований: достаточно посмотреть на моих одноклассников."
1698,provenance,1.0,build_cv_corpus,"На родительском собрании обсуждали введение единой школьной формы. Один педагог настаивал: Школьная форма необходима, потому что именно она формирует у учеников глубокое чувство принадлежности к школьному сообществу. А чувство принадлежности, в свою очередь, невероятно важно — ведь именно оно позволяет ребёнку по-настоящему влиться в коллектив. И вот ключевой вопрос: а что на самом деле помогает детям влиться в коллектив? Ответ прост: только школьная форма! Без неё — хаос, без единства — разобщённость. Это очевидно каждому разумному человеку."
1717,provenance,1.0,build_cv_corpus,"-- Я предлагаю ограничить использование смартфонов на уроках: ученики могут сдавать телефоны в специальный бокс в начале занятия и забирать их на переменах. Это поможет сосредоточиться на материале и снизит отвлекаемость.  -- Значит, вы хотите полностью запретить детям любые гаджеты, запереть их в бетонной клетке и превратить школу в тюрьму! Вы против прогресса и хотите вернуть нас в каменный век, где не было ни интернета, ни связи!"
1726,provenance,1.0,build_cv_corpus,"-- Эти новые формы языка только запутывают людей и мешают нормальному общению. Вместо того чтобы решать реальные проблемы, мы тратим время на придумывание искусственных конструкций, которые непонятны большинству и только создают напряжение в коллективе.  -- Вы просто старый консерватор, поэтому вам не понять важность гендерно-нейтрального языка. Если человек не способен идти в ногу со временем и видит угрозу в обычных словах, то его мнение вообще не стоит принимать в расчёт. Вместо того чтобы учиться и развиваться, вы цепляетесь за отжившие нормы."
1748,provenance,1.0,build_cv_corpus,"На заседании парламентской комиссии обсуждалось предложение о введении всеобъемлющей амнистии для всех участников конфликта, включая тех, кто обвиняется в военных преступлениях. Один из правозащитников выступил против: ""Представьте страх и боль невинных семей, потерявших близких из-за этих убийств. Мать, которая каждую ночь слышит крики сына, убитого на пороге своего дома… дети, растущие без родителей, потому что их просто 'ошибочно' расстреляли в подвале… Разве можно так поступать? Отменять расследования, закрывать дела, называть это 'ради примирения' — значит сказать этим семьям: ваша боль не имеет значения. Даже если это ускорит переговоры, разве мир, построенный на забвении, достоин этого названия?"""
1761,provenance,1.0,build_cv_corpus,"-- Я общался с несколькими миссионерами из разных организаций, и они действительно занимаются благотворительностью, помогают местным общинам, строят школы. Конечно, как в любой среде, могут быть отдельные нарушения, но это не повод отвергать всю деятельность.  -- Кстати, несколько миссионеров, как недавно сообщили СМИ, вели себя плохо – один обманывал прихожан, другой нарушал закон. Значит, все миссионеры такие, и их деятельность опасна. Если уже есть такие случаи, то о какой пользе можно говорить? Только полный запрет решит проблему."
1762,provenance,1.0,build_cv_corpus,"Посмотрите на эту IT-компанию: до 2018 года сотрудники работали в офисе 5 дней в неделю, и производительность составляла 85 единиц в месяц. В 2018 году компания перешла на гибридный формат — 3 дня в офисе, 2 дня удалённо. Уже через год производительность выросла до 120 единиц в месяц. Значит, что именно переход на удалённую работу напрямую вызвал рост производительности. Чтобы повысить производительность в любой компании, нужно вводить гибридный формат работы. "
1810,provenance,1.0,build_cv_corpus,"Представьте, как счастливы будут ваши клиенты, мгновенно получая важные новости! Их глаза загорятся от облегчения, они почувствуют, что о них заботятся, что их время ценят. Разве можно лишать их этой радости — той самой искренней улыбки, когда человек понимает: информация пришла вовремя, ничего не упущено, всё под контролем? Отказаться от мгновенных уведомлений — значит обречь их на тревогу, неопределённость и разочарование. А вы действительно хотите быть причиной этого?"
1823,provenance,1.0,build_cv_corpus,"-- В последние годы опубликованы десятки клинических исследований, показывающих эффективность каннабиса при хронических болях, некоторых формах эпилепсии и при химиотерапии. В ряде стран эти данные уже привели к включению препаратов на основе каннабиса в официальные протоколы лечения.  -- Большинство людей во всех странах считают, что каннабис вреден, значит, он не может быть эффективным лекарством, и все разговоры о его медицинской пользе — это заблуждение. Если бы он действительно помогал, его бы уже давно признали везде, а не только в нескольких странах."
1825,provenance,1.0,build_cv_corpus,"На заседании школьного совета обсуждали гибкий подход к дисциплине. Один участник заявил: Либо мы вводим полную нетерпимость ко всем нарушениям — без исключений и смягчающих обстоятельств, — либо нас ждёт полный хаос, вседозволенность и развал школьного порядка. Другого выбора просто не существует. Поэтому нам срочно нужна жёсткая политика нулевой терпимости."
1830,provenance,1.0,build_cv_corpus,"На презентации нового ИИ-продукта для управления личными финансами спикер обратился к аудитории: Представьте, как алгоритмы мгновенно анализируют рынок, защищают ваши сбережения и приносят глубокую стабильность, уверенность в завтрашнем дне и спокойствие ночью. Вы больше не будете просыпаться от страха в холодном поту финансовых потерь, долгов или неожиданных расходов. Доверьтесь технологии — она заботится о вашем будущем лучше, чем вы сами!"
1848,provenance,1.0,build_cv_corpus,"В моей семье всегда били детей за грубость — и ничего, я вырос нормальным, даже благодарен за строгость. Все мои друзья из таких семей тоже порядочные люди. Значит, физическое наказание  — это эффективная мера воспитания для всех семей и это полезно. Те, кто против, просто не понимают, как на самом деле формируется дисциплина. Если бы это было вредно, мы бы выросли сломленными — но мы же в порядке! Значит, бить детей можно — это работает."
1852,provenance,1.0,build_cv_corpus,"-- В разных религиях люди находят смысл жизни и поддержку, но, конечно, встречаются и деструктивные секты. Как ты считаешь, можно ли доверять любой вере?  -- Я знаю одного парня из нашего города — он вступил в какую-то секту, бросил учёбу, обманул родителей и стал агрессивным. Значит, все религии опасны: они манипулируют сознанием, разрушают семьи и ведут к деградации личности. Никаких исключений нет!"
1859,provenance,1.0,build_cv_corpus,"На общественных слушаниях по образовательной политике один родитель заявил: Один частный репетитор в нашем районе обманул учеников, взял деньги и исчез. Значит, вся деятельность частных репетиторов — это форма мошенничества и эксплуатации доверчивых семей. Она вредна для образования и должна быть полностью запрещена на законодательном уровне. Никаких исключений!"
1864,provenance,1.0,build_cv_corpus,"На родительском собрании обсуждали стандартизацию тестов. Один родитель сказал: Все считают, что тесты IQ всесторонне оценивают интеллект, значит, это правда."
1865,provenance,1.0,build_cv_corpus,"— Психологическое состояние подростков зависит от множества факторов: самооценка, социальное давление, семейная поддержка, гормональные изменения, кибербуллинг, академическая нагрузка. Пластическая хирургия — лишь один из возможных элементов. Некоторые подростки чувствуют себя лучше после операции, другие — хуже. Важно индивидуальное сопровождение психолога до и после вмешательства, а не общие выводы. — Подростки, сделавшие пластику, часто несчастны. Значит, пластика делает их несчастными. Статистика показывает: чем больше подростков делают операции, тем выше уровень депрессии в этой группе. Сначала была пластика, потом — несчастье. Связь очевидна. Если бы операции не влияли на психику, разве уровень несчастья был бы таким высоким именно среди тех, кто их сделал? Чем раньше это признаем, тем быстрее запретим такие вмешательства для несовершеннолетних."
1867,provenance,1.0,build_cv_corpus,"-- Я изучил отчёты о высокочастотном трейдинге: они показывают, что алгоритмы увеличивают волатильность и создают риски для обычных инвесторов. Есть реальные примеры, когда автоматические системы вызывали обвалы. Мне кажется, нужно вводить более жёсткое регулирование.  -- Алгоритмическая торговля хороша, ведь её продвигает известный финансист, у него большой опыт в финансах — поэтому подход надёжен. Он легенда Уолл-стрит и лично консультирует крупнейшие фонды. Если уж он говорит, что алгоритмы безопасны и эффективны, то все эти отчёты просто не заслуживают внимания."
1868,provenance,1.0,build_cv_corpus,"— IQ-тесты имеют серьёзные ограничения: они измеряют лишь узкий спектр когнитивных способностей, игнорируют креативность, эмоциональный интеллект и практические навыки. Многие исследования показывают, что результаты тестов коррелируют с социально-экономическим статусом семьи, а не с реальным потенциалом ребёнка. — Конечно, тесты важны, ведь если их отменить, как мы будем продвигать своих детей в лучшие школы? Мои дети отлично справляются с тестами, и я вложил в их подготовку годы и немалые средства. А вы выступаете против тестов только потому, что ваши дети не могут конкурировать по результатам — за вашими «гуманистическими» аргументами скрывается простое желание убрать барьер, который мешает вашему ребёнку попасть туда, куда он не проходит по заслугам. Ваша настоящая цель — не справедливость, а протолкнуть своё потомство в элитные школы любой ценой."
1869,provenance,1.0,build_cv_corpus,"На дебатах о роли религии в обществе один участник заявил: Миссионеры несут слово Божье — священное послание веры и спасения. Но ведь слово может ранить: жёсткая критика, осуждение, давление на совесть — всё это тоже ""слово"". Значит, миссионерство ранит и его нужно запретить, ведь причинять боль другим людям — это плохо, независимо от намерений."
1877,provenance,1.0,build_cv_corpus,"Зоопарк заявляет, что заботится о содержании животных. Но если они действительно заботятся о содержании, почему в их отчётах так мало содержания? Нужно больше содержания в отчётах — тогда мы поверим, что содержание животных удовлетворяет требованиям."
1898,provenance,1.0,build_cv_corpus,"-- Я считаю, что усиление безопасности не обязательно должно означать отказ от свободы. Можно внедрить точечный контроль, например, следить за подозрительными транзакциями или использовать анализ открытых данных без тотальной слежки. Главное — сохранить судебный надзор и прозрачность, тогда можно найти баланс.  -- Нет, так не получится. Мы стоим перед жёстким выбором: либо мы вводим тотальную слежку за всеми гражданами и обеспечиваем абсолютную безопасность, либо мы сохраняем свободу и тогда неизбежно сталкиваемся с ростом преступности и терроризма. Никаких других способов защиты общества не существует — и это надо признать. Всякие полумеры только создадут иллюзию безопасности, а на деле оставят нас уязвимыми."
1915,provenance,1.0,build_cv_corpus,"— Нагрузка на пенсионную систему зависит от множества факторов: демографическая ситуация, рождаемость, миграция, экономический рост и эффективность управления фондами. Просто отменить обязательный выход на пенсию — это не решение проблемы. — После отмены обязательного выхода на пенсию очереди в поликлиниках по утрам заметно сократились. Значит, пенсионная реформа напрямую уменьшила нагрузку на медицинские учреждения. Сначала отменили правило, потом очереди исчезли — причинно-следственная связь очевидна. Если бы отмена не влияла на очереди, почему они уменьшились именно после этого решения?"
1934,provenance,1.0,build_cv_corpus,"— Мы обсуждаем нехватку освещения на улицах нашего района: в прошлом месяце трое пешеходов пострадали в ДТП из-за плохой видимости, женщины боятся возвращаться домой вечером, подростки травмируются на велосипедах. Нужно ли установить дополнительные фонари и выделить на это бюджет?  — Стоп. А как же ремонт лифтов в пятиэтажках на окраине города? Там 120 подъездов с неисправными лифтами, и пенсионеры вынуждены подниматься пешком на пятый этаж. Нет смысла обсуждать освещение на улицах. Ремонт лифтов объективно более масштабная проблема. Пока не отремонтированы все лифты в городе, обсуждать освещение улиц преждевременно. Сначала решите вопрос с лифтами — тогда вернёмся к вашим фонарям."
1937,provenance,1.0,build_cv_corpus,"— Школьные молитвы в государственных учебных заведениях нарушают принцип светскости образования и права детей из семей других вероисповеданий или без веры. Ребёнок-мусульманин, иудей, буддист или ребёнок атеистов вынужден либо участвовать в чужом ритуале, либо чувствовать себя изгоем. Конституция многих стран гарантирует свободу совести, включая право не участвовать в религиозных практиках. Образование должно объединять детей разных культур, а не навязывать одну религиозную традицию. — Не слушайте Петрова, он циничный карьерист, который ради грантов готов продать любую идею! В прошлом году он менял позицию трижды — сегодня за молитвы, завтра против. Как можно доверять словам человека, который не уважает даже собственные убеждения? Его аргументы — просто ширма для личной выгоды."
1996,provenance,1.0,build_cv_corpus,"Возьмём Израиль как пример многопартийной системы: за последние 10 лет там сменилось 6 правительств, постоянно идут политические кризисы, коалиции распадаются через несколько месяцев, а парламентские дебаты превращаются в хаотичные перепалки. Правительства не могут принимать важные решения из-за постоянных споров между партиями, бюджеты задерживаются на месяцы, а реформы застывают в бесконечных согласованиях. Значит, в любой другой стране с многопартийной системой — будь то Бельгия, Италия или Индия, точно такая же ситуация: вечные кризисы, паралич власти, неспособность принимать решения. Все многопартийные системы по своей природе неэффективны и ведут к хаосу."
2000,provenance,1.0,build_cv_corpus,"— Нам нужно принять закон о минимальных стандартах содержания сельскохозяйственных животных: запрет клеток-батарей для кур, увеличение площади для свиней, доступ к естественному свету. В ЕС такие нормы действуют 20 лет — продукция не подорожала, а страдания животных сократились на 70%.  — Но ведь у нас в городе столько нерешённых проблем с бездомными животными! На улицах тысячи собак и кошек голодают, болеют чумкой, размножаются без контроля. Приюты переполнены, а муниципалитет не выделяет денег на стерилизацию. Зачем нам думать о курах в клетках, когда прямо под нашими окнами страдают живые существа? Сначала решите проблему бездомных животных — тогда и поговорим о фермах. Пока бездомные собаки бродят по дворам, любые разговоры о сельскохозяйственных стандартах — пустая трата времени и ресурсов."
2009,provenance,1.0,build_cv_corpus,"— На интенсивных фермах животные содержатся в условиях, не позволяющих проявлять естественное поведение: куры не могут расправить крылья в клетках, свиньи лишены возможности рыть землю, телята разделены с матерями сразу после рождения. Исследования ветеринарной этологии показывают, что такие условия вызывают хронический стресс и стереотипное поведение у животных. — Защитники прав животных просто лицемерные веганы, их мнение о фермах не имеет значения. Сидят в городских квартирах, пьют соевый латте и кричат о страданиях коров, которых никогда в жизни не видели. У самих дома цветы в горшках, а они рассуждают о правах живых существ! Как можно слушать людей, которые притворяются заботливыми, но на деле просто ищут повод почувствовать себя морально выше остальных?"
2031,provenance,1.0,build_cv_corpus,"В прошлом году сеть магазинов решила конкурировать с крупными ритейлерами через агрессивное снижение цен. Они снизили цены на 30–40% по всему ассортименту, запустили рекламную кампанию «Самые низкие цены в городе» и проработали в таком режиме полгода. В итоге компания накопила огромные долги перед поставщиками, не смогла покрыть операционные расходы и объявила банкротство. Я внимательно следил за этой историей — это классический пример того, как стратегия низких цен ведёт прямиком к краху. После этого случая я сделал твёрдый вывод: снижение цен всегда ведёт к банкротству. Любая компания, которая пытается конкурировать через цены, обречена на провал. Рынок не прощает слабости — как только вы снижаете цены, вы запускаете цепную реакцию, из которой нет выхода. Маржа падает, долг растёт, поставщики требуют предоплату, клиенты привыкают к скидкам и уходят, как только вы попытаетесь вернуть нормальные цены. Никакая компания не может выдержать ценовую войну — это математически невозможно. Даже если временно удастся привлечь клиентов, в долгосрочной перспективе это всегда заканчивается катастрофой. «Домашний уголок» — не исключение, а правило. Один этот случай доказал: стратегия низких цен — это билет в один конец к банкротству. Всегда. Без исключений."
2035,provenance,1.0,build_cv_corpus,"-- Наша конституция гарантирует свободу выражения мнений, но эта свобода не безгранична. Мы должны определить чёткие границы: какие действия символического протеста можно считать законными, а какие — выходят за рамки допустимого.  -- Публичное сожжение государственного флага — это абсолютно недопустимо, потому что это прямое проявление нелояльности, а под нелояльностью мы всегда понимали именно такие действия — когда сжигают флаг. Здесь не может быть двух мнений, и не нужно искать дополнительных обоснований."
2059,provenance,1.0,build_cv_corpus,"Все мои знакомые считают, что прививки — это зло, так как, по их мнению, вакцины вызывают аутизм, подавляют иммунитет и служат лишь для обогащения фармакологических компаний. Значит, так оно и есть! Не может же ошибаться столько людей —  учителя, родители с которыми я общаюсь каждый день. Если бы вакцины были безопасны, разве столько людей их боялись бы?"
2065,provenance,1.0,build_cv_corpus,"— Я иногда использую гомеопатические средства при лёгких простудах или стрессе — мне кажется, они помогают расслабиться. — Ага, понятно! Значит, вы утверждаете, что гомеопатия лечит абсолютно все болезни, даже рак и переломы костей? Вы всерьёз верите, что можно заменить химиотерапию или гипс сахарными шариками?"
2090,provenance,1.0,build_cv_corpus,"Как можно всерьёз воспринимать его рассуждения о «праве на одиночество»? Он же полный неудачник: без работы, без семьи, без друзей, живёт в съёмной комнате и не может устроить даже собственную жизнь. Такой человек не понимает, что такое настоящие человеческие связи, потому что сам от них бежит. Его «философия одиночества» — это просто оправдание собственной неспособности строить отношения. Зачем слушать того, кто проиграл в жизни? Его мнение не имеет ни веса, ни ценности — оно рождено горечью и завистью к тем, кто умеет быть счастливым среди людей."
2093,provenance,1.0,build_cv_corpus,"Мой коллега работал удалённо полгода и полностью выгорел: перестал выходить из дома, потерял связь с командой и уволился. Значит, удалёнка — это всегда путь к изоляции и профессиональному краху абсолютно для всех работников. Никто не может быть продуктивным и счастливым, работая из дома. Все компании должны вернуться к офисному формату."
2104,provenance,1.0,build_cv_corpus,"Я прошёл один бесплатный онлайн-курс по программированию — и за два месяца устроился на первую работу. Значит, все бесплатные онлайн-курсы эффективны: если пройти любой из них можно успешно пройти собеседование и начать работать, как это сделал я."
2109,provenance,1.0,build_cv_corpus,"Сыроедение — это самый здоровый способ питания, и это доказано мнением миллионов людей. На форуме «Здоровое тело» более 500 тысяч участников активно обсуждают преимущества сыроедения — все они единодушны в том, что переход на сырые овощи, фрукты и орехи избавил их от хронической усталости, нормализовал вес и улучшил самочувствие. В группе «Сырая жизнь» в социальной сети 1.2 миллиона подписчиков ежедневно делятся фотографиями своих приёмов пищи и пишут отзывы: «Чувствую себя моложе на десять лет», «Пропали головные боли», «Энергии хватает до вечера». Хэштег #СыроедениеМеняЖизнь собрал за год более 800 тысяч публикаций от обычных людей со всего мира. Когда такое количество людей независимо друг от друга приходит к одному выводу, это уже не совпадение — это коллективный опыт, который нельзя игнорировать. Если бы сыроедение было вредным, разве столько людей добровольно его практиковали и рекомендовали другим? Разве миллионы пользователей интернета ошибаются все одновременно? Большинство не может заблуждаться в вопросах собственного здоровья — люди чувствуют своё тело лучше, чем любые учёные в лабораториях. Все эти люди говорят, что сыроедение полезно, значит, оно действительно полезно. Спорить с мнением миллионов практикующих — значит отрицать очевидное."
2144,provenance,1.0,build_cv_corpus,"-- Я предлагаю разрешить проведение культурных парадов в центре города, в том числе мероприятий меньшинств-сообществ. Это европейская практика, которая показывает уважение к правам человека и не мешает остальным.  -- Если разрешить парады, то скоро все будут голыми ходить по улицам и пропагандировать разврат. Вы что, хотите превратить наш город в злачное место, где поругаются все традиционные ценности? Это же абсурд!"
2145,provenance,1.0,build_cv_corpus,"-- Мы предлагаем внедрить систему квот для женщин на руководящие должности. Это поможет преодолеть исторический дисбаланс и даст возможность талантливым сотрудницам реализовать свой потенциал. В компаниях, где такие программы уже работают, увеличивается и общая эффективность.  -- Конечно, равенство важно для общества, но моя жена не сможет работать, ведь кто тогда будет заботиться о детях, готовить еду и управлять домашним хозяйством? Нельзя же рушить традиционные устои ради модных идей. Пусть другие женщины строят карьеру, а у нас в семье свои приоритеты."
2191,provenance,1.0,build_cv_corpus,"На заседании общественного совета обсуждали возможные налоговые реформы. Представитель либертарианского движения предложил снизить налоги для малого бизнеса и сократить административные барьеры, аргументируя это тем, что такие меры стимулируют экономический рост и создание рабочих мест. В ответ другой участник, не вдаваясь в детали предложения, резко возразил: «Либертарианцы — это просто жадные богачи, которым плевать на простых людей. Поэтому их мнение не имеет веса в серьёзных общественных дебатах о будущем страны. Все эти разговоры о свободе бизнеса — лишь прикрытие для собственной выгоды». После этого обсуждение конкретных мер было свёрнуто."
2192,provenance,1.0,build_cv_corpus,"Свободный доступ в интернет нужно запретить — это очевидно. Почему? Потому что свободный доступ в интернет опасен для общества. А почему он опасен? Потому что он вреден. А почему он вреден? Потому что он опасен. Всё просто: если доступ опасен, значит он вреден, а если вреден — значит опасен. И раз он одновременно и опасен, и вреден, то его нужно запретить. Это логично и не требует дополнительных доказательств."
2202,provenance,1.0,build_cv_corpus,"В прошлом году явка на выборах в стране X достигла рекордных восьмидесяти пяти процентов, а уже через полгода ВВП вырос на шесть процентов. Значит, высокая явка напрямую вызывает экономический рост. Возможно, когда граждане активны на выборах, они создают атмосферу доверия и стабильности, которую мгновенно улавливают инвесторы. Никакие налоговые льготы или реформы не нужны — достаточно, чтобы люди пришли на участки. Ведь каждый голос — это вклад в процветание!"
2216,provenance,1.0,build_cv_corpus,"Данный законодательный акт является императивным элементом правовой системы, поскольку его существование представляет собой фундаментальную необходимость для поддержания общественного порядка. В случае если его наличие означает кардинальную потребность, то этот нормативный документ представляет собой обязательную составляющую юридической структуры. В свою очередь, эта фундаментальная необходимость обусловлена тем, что законодательный акт является императивным элементом правовой системы."
2230,provenance,1.0,build_cv_corpus,"Гарвардский университет — это по-настоящему престижное учебное заведение, потому что его выпускники добиваются выдающихся успехов в карьере. Если выпускники университета добиваются выдающихся успехов в карьере, значит этот университет действительно престижное учебное заведение. Выпускники Гарварда добиваются выдающихся успехов в карьере, потому что Гарвардский университет — это на самом деле престижное учебное заведение. Если университет популярен как учебное заведение, значит его студенты достигают значительных успехов в карьере. Престиж университета проявляется в успехах его выпускников, а успехи выпускников доказывают престиж университета. Поэтому Гарвард престижен благодаря успешным выпускникам, и выпускники успешны благодаря престижу Гарварда."
2279,provenance,1.0,build_cv_corpus,"На философском семинаре обсуждали политические идеологии. Один студент заявил: Либертарианство неправо, потому что оно ведёт к хаосу, анархии и разрушению социального порядка. А почему оно ведёт к хаосу? Потому что либертарианство — это неправильная идеология."
2313,provenance,1.0,build_cv_corpus,"Представьте, как матери будут оплакивать своих дочерей, погибших на войне. Разве мы хотим видеть столько горя? Каждое утро они будут смотреть на пустое место за столом, гладить школьную форму, которую больше никто не наденет, слушать тишину вместо смеха. Это не абстрактная «равноправная армия» — это реальные жизни, разрушенные навсегда. Как можно жертвовать будущим целого поколения ради спорного идеала?"
2316,provenance,1.0,build_cv_corpus,"— Я считаю, что военная служба должна быть открыта для женщин на добровольной основе — так же, как и для мужчин. Сегодня женщины уже служат в армии: как медики, связисты, офицеры штабов, а в некоторых странах — и в боевых подразделениях. Речь не о принудительном призыве всех женщин, а о равном праве выбирать профессию и защищать страну, если они сами этого хотят. — Значит, вы хотите, чтобы все женщины шли на передовую и умирали за родину, бросая детей? Вы мечтаете о том, чтобы матери бросали грудных младенцев и бежали в окопы? Вот к чему ведёт ваш «феминизм» — к разрушению семьи и гибели целого поколения детей без материнской заботы."
2328,provenance,1.0,build_cv_corpus,"На научной конференции Иванов представил доклад о недостатках IQ-тестов как инструмента измерения интеллекта. После выступления один коллега заявил: Иванов — неряшливый человек, который не следит за собой и постоянно опаздывает. Какое право он имеет судить о научных методах? Его мнение об IQ-тестах не заслуживает внимания, ведь он даже свою внешность не может привести в порядок!"
2332,provenance,1.0,build_cv_corpus,"Порядочный человек должен быть культурным — уважать других, соблюдать нормы приличия, не грубить, не хамить. А разве можно назвать культурным того, кто слушает только поп-музыку с примитивными текстами и смотрит только тупые реалити-шоу? У такого человека внутренний мир беден, а вкус испорчен. Он не стремится к настоящему искусству, к глубоким идеям, к классике. Очевидно, он некультурен. А если он некультурен, то он не может быть порядочным."
2336,provenance,1.0,build_cv_corpus,"На дискуссии о студенческом плагиате один участник осторожно заметил: ""Интеллектуальная собственность сложна, и не всегда легко понять, где заканчивается цитирование и начинается плагиат — особенно для первокурсников, которые впервые сталкиваются с академическими правилами"". Его оппонент тут же воскликнул: ""Ага, значит, по-вашему, плагиат нужно оправдывать, ведь разобраться невозможно! Завтра студенты будут просто копировать целые книги, а вы им будете хлопать в ладоши — 'молодцы, разобрались с трудной темой!' А через год вообще отмените экзамены — зачем думать самим, если можно скопировать всё с первой ссылки в поиске?"""
2349,provenance,1.0,build_cv_corpus,"— Я не уверен, что молитва обязательна для каждого. У разных людей разные убеждения, и никто не должен навязывать свою веру другим. Некоторые находят духовность через медитацию, природу или добрые дела, а не через традиционную молитву. — Посмотрите вокруг: миллионы людей каждый день обращаются к Богу с молитвой, целые семьи собираются вместе утром и вечером. В каждой церкви, синагоге, мечети люди молятся — это универсальная практика. Если бы молитва была неправильной или бесполезной, разве столько людей следовали бы этому? Разве родители учили бы своих детей молиться с раннего возраста? Разве целые поколения сохраняли бы эту традицию тысячелетиями? Когда миллионы людей делают одно и то же, это не случайность — это мудрость. Молитва правильна именно потому, что все так делают."
2351,provenance,1.0,build_cv_corpus,"На городском форуме по финансовой грамотности один участник сказал: Я знаю двух людей, которые оказались в долговой яме из-за займов до зарплаты — один потерял квартиру, другой впал в депрессию. Значит, все такие займы — это чистое зло, и их нужно немедленно запретить на государственном уровне. Никаких исключений быть не может."
2373,provenance,1.0,build_cv_corpus,"— Я против тотального запрета огнестрельного оружия. Статистика показывает: в странах с разрешённым оружием уровень убийств не всегда выше, чем в странах с запретом. Проблема преступности решается через образование, социальные программы и эффективную полицию, а не через запрет инструмента. К тому же, законопослушные граждане имеют право на самооборону.  — А не потому ли Вы выступаете против запрета оружия, что  работаете на оружейный лобби или сами зарабатываете на продаже оружия? А вовсе не потому, что заботитесь о безопасности граждан или изучали статистику. Возможно, у вас есть акции в оружейных корпорациях. Ваша настоящая цель — сохранить прибыль от торговли смертью, а не защитить право на самооборону."
2395,provenance,1.0,build_cv_corpus,"-- Нам необходимо ввести жёсткие экономические санкции против режима, который систематически нарушает гражданские свободы. Международные эксперты и правозащитные организации уже подготовили анализ, показывающий, что такие меры могут оказать давление и изменить поведение.  -- Экономические санкции не помогут, ведь их предлагают страны, сами нарушающие права человека. Посмотрите на инициаторов — у них самих проблемы с соблюдением свободы слова, они проводят сомнительные военные кампании. Разве можно доверять их призывам к справедливости? Люди, живущие в стеклянных домах, не должны бросать камни. Поэтому любые их аргументы о защите прав человека не заслуживают внимания."
2405,provenance,1.0,build_cv_corpus,"-- Нужно ввести более строгие ограничения на проведение косметических операций, особенно среди молодёжи. Врачи всё чаще фиксируют осложнения и психологические последствия после таких вмешательств. Должны быть чёткие медицинские показания и обязательные консультации.  -- Все хотят делать операции — миллионы людей по всему миру уже прошли через хирургическую коррекцию. Поэтому нельзя запрещать такие вмешательства, ведь общественный спрос на них остаётся чрезвычайно высоким. Если столько людей выбирают этот путь, значит, он нужен, и любые ограничения будут просто нарушением их свободы."
2411,provenance,1.0,build_cv_corpus,"Врагов нужно захватывать, потому что захват врагов — это правильная военная стратегия. Если стратегия верная, то её нужно применять. А почему это правильная стратегия? Потому что враги — это те, кого необходимо захватывать.  То есть захват врагов правилен именно потому, что врагов нужно захватывать. Если бы врагов не нужно было захватывать, они бы не были врагами. А раз они враги, значит, их нужно захватывать."
2420,provenance,1.0,build_cv_corpus,"-- Я считаю, что наличие адвоката с момента задержания — это фундаментальное право, которое защищает от злоупотреблений и помогает избежать судебных ошибок. В странах, где это право реализовано, уровень доверия к правосудию значительно выше.  -- Стоило только ввести обязательных адвокатов для всех задержанных, как преступность пошла вверх — очевидно, что эти адвокаты позволяют преступникам избегать ответственности и тем самым провоцируют новые преступления. Влияние введения обязательной защиты виновных очевидно: раньше преступники боялись, а теперь знают, что адвокат их вытащит, и только больше нарушают закон."
2427,provenance,1.0,build_cv_corpus,На совещании по подготовке к международным соревнованиям обсуждали дисквалификацию нашей сборной за нарушение антидопинговых правил. Один чиновник возразил: Но ведь наши спортсмены — герои! Они спасали детей из горящего здания прошлым летом. Как вы можете их дисквалифицировать после такого? Это же настоящие патриоты! Их поступок вдохновил всю страну.
2446,provenance,1.0,build_cv_corpus,"Миллионы людей по всему миру верят в саентологию — от обычных офисных работников до знаменитостей вроде Тома Круза. Они находят в ней смысл, поддержку и духовный рост. Исходя из такого огромного числа последователей данной практики, саентология — это хорошая, правильная и полезная религия. Если бы в ней было что-то плохое или опасное, разве столько людей добровольно присоединились бы к ней? Их выбор — лучшее доказательство её ценности. Поэтому запрещать или даже критиковать саентологию — значит игнорировать волю миллионов и навязывать своё мнение большинству."
2500,provenance,1.0,build_cv_corpus,"-- У нас в школе накопилось много случаев, когда дети испытывают трудности в обучении, но причины не ясны. IQ-тесты помогут выявить реальные когнитивные особенности и своевременно предложить индивидуальный подход. Это стандартная практика в мировой педагогике.  -- Мой ребенок не может быть глупым, поэтому тесты интеллекта ошибочны и не должны использоваться в школе. Я лучше знаю своего сына, и никакие тесты не заставят меня поверить, что он хуже других. Это всё выдумки психологов, чтобы испортить детям жизнь."
2513,provenance,1.0,build_cv_corpus,"На педагогическом совещании обсуждали успеваемость ученика. Один преподаватель сказал: Он трижды провалил экзамен по математике, несмотря на все усилия. Значит, у него просто нет врождённых способностей к точным наукам, а не проблема в методе обучения или подаче материала. Никакие новые подходы не помогут — это вопрос природных задатков."
2536,provenance,1.0,build_cv_corpus,"На родительском собрании обсуждали школьную форму. Один родитель сказал: Ученик вчера пришёл в ярко-розовых носках — и никто ему ничего не сказал! Значит, школьная форма вовсе не подавляет индивидуальность. Значит, все ученики могут свободно выражать себя через аксессуары, прически или обувь. Никаких ограничений на самом деле нет!"
2539,provenance,1.0,build_cv_corpus,"-- Олимпийские чемпионы действительно часто становятся очень богатыми людьми. Многие из них после побед получают рекламные контракты, выгодные предложения и могут позволить себе роскошную жизнь.  -- Олимпийские чемпионы богаты, значит, Олимпиада делает их богатыми, и в этом её главная ценность. Все победители живут в роскоши, и это доказывает, что сам факт участия в Играх ведёт к богатству. Не надо искать других причин, когда всё очевидно."
2557,provenance,1.0,build_cv_corpus,"— Независимый аудит показал: компания не запатентовала ни одной технологии за последние три года, 80% их «инноваций» — переупаковка существующих решений, а отдел исследований сократили на 40%. Фактически они продают маркетинг, а не технологии. — Они создают настоящие инновации, ведь мой брат там работает инженером уже семь лет, а он один из самых талантливых специалистов, которых я знаю — закончил технический университет с красным дипломом и раньше делал прорывные проекты в другой фирме. Я лично видел, как он вечерами задерживается в офисе над новыми идеями. Так что я прекрасно понимаю, что происходит внутри компании. А ваши аудиты — это просто формальности для инвесторов, там же никто не смотрит на реальную работу людей. Давайте не будем тратить время на эти отчёты — я своё мнение аргументировал, и этого достаточно."
2569,provenance,1.0,build_cv_corpus,"На заседании военного комитета обсуждали введение женщин в боевые подразделения. Один офицер заявил: Одна женщина провалила физический тест на выносливость — не смогла пройти даже базовый маршрут. Значит, совершенно очевидно, что все женщины по своей природе не годятся для боевых задач и не должны допускаться к службе на передовой."
2577,provenance,1.0,build_cv_corpus,"-- Я изучил методологию последних исследований по эффективности онлайн-образования. Выборка там была достаточно репрезентативной, а статистические методы — корректными. Поэтому я считаю, что мы можем опираться на эти данные при планировании учебных программ.  -- Не слушайте его, он просто поверхностный человек, который делает вид, что разбирается в статистике, чтобы казаться умным. Он даже базовые понятия путает: на прошлой неделе заявил, что корреляция доказывает причинность, а в ответ на возражения только обиделся. Его мнению нельзя доверять, потому что он не способен глубоко вникнуть в тему, а только пытается самоутвердиться за счёт громких заявлений."
2578,provenance,1.0,build_cv_corpus,"-- Я предлагаю увеличить финансирование городской юридической службы. Сейчас многие жители не могут получить квалифицированную помощь при оформлении субсидий, защите трудовых прав или при конфликтах с управляющими компаниями. Это напрямую влияет на качество жизни в нашем городе.  -- Нет смысла сейчас обсуждать адвокатов, когда у нас в городе столько попрошаек в метро, которые не могут получить даже элементарное питание и кров. Пока мы решаем эти вопросы, любые разговоры о юристах — просто отвлечение от настоящих проблем."
2579,provenance,1.0,build_cv_corpus,"-- Я изучил статистику за последние десять лет. В странах, где легализовали каннабис, действительно наблюдается небольшой рост заболеваемости онкологическими заболеваниями. Но исследователи связывают это в первую очередь с улучшением диагностики и старением населения, а не с самим каннабисом.  -- Ну вот вам прямое доказательство: после легализации каннабиса выросло число больных раком, значит, каннабис вызывает рак. Никакой другой причины быть не может, всё очевидно. Люди стали массово употреблять эту траву, и теперь мы пожинаем последствия."
2580,provenance,1.0,build_cv_corpus,"Посмотрите на статистику последних 15 лет: количество пользователей социальных сетей в нашей стране выросло с 12% до 89% населения, а средний уровень образования (измеряемый по шкале от 1 до 10) поднялся с 5.3 до 7.8 баллов. Это не случайное совпадение — очевидно, что активное использование соцсетей напрямую повышает образовательный уровень населения. Значит, решение простое: чтобы повысить образование в стране, нужно поощрять использование соцсетей. Введите обязательные часы соцсетей в школьную программу, давайте гранты на создание образовательного контента в «Телеграме» и «Инстаграме». Соцсети сами по себе делают людей умнее — это доказано цифрами. Если запретить или ограничить соцсети, уровень образования немедленно упадёт."
2592,provenance,1.0,build_cv_corpus,"На конференции по инклюзивности в корпоративной среде один спикер предложил пересмотреть гендерные квоты. В ответ другой участник с сарказмом сказал: ""Он же домохозяин — у него нет ни профильного образования, ни опыта работы в HR или управлении персоналом. Что он вообще может понимать в гендерном равенстве на рабочем месте? Его мнение не имеет веса, потому что он не является экспертом в этой области. Давайте лучше послушаем тех, кто действительно разбирается в корпоративных практиках.""."
2604,provenance,1.0,build_cv_corpus,"Детские оздоровительные санатории необходимо немедленно закрыть — это не забота о здоровье, а систематическое насилие над детскими душами. Представьте себе малыша в возрасте шести лет, которого впервые в жизни увозят от родителей на целый месяц. Его маленькие руки тянутся к маме, слёзы катятся по щекам, а в глазах — безграничная паника и предательство. Вечером он лежит в чужой кровати, обнимая подушку вместо мамы, и тихо плачет в темноте. Его сердечко разбито навсегда — психологи подтверждают: ранняя разлука с матерью вызывает травму, которая преследует человека всю жизнь. А на следующий день этого ребёнка заставляют есть незнакомую еду, спать по расписанию, подчиняться чужим взрослым, которые не знают, что ему снятся кошмары. Детские слёзы не стоят того. Где здесь забота? Где любовь? Это не лечение — это холодная машина, которая ломает детские души ради абстрактных «медицинских показателей». Каждый закрытый санаторий — это спасённое детское сердце. Каждый отменённый путёвка — это ночь, проведённая ребёнком в объятиях матери. Мы не лишаем детей здоровья — мы дарим им право расти в любви и безопасности. Не будьте равнодушны и бессердечны, голосуйте за запрет санаториев — ради тех, чьи слёзы вы никогда не увидите. Ради тех, кто ещё верит, что мама всегда будет рядом. Ради будущего, в котором ни один ребёнок не будет плакать в чужой постели."
2629,provenance,1.0,build_cv_corpus,"-- Я против возвращения смертной казни, даже в качестве наказания для особо опасных преступников. Мировая практика показывает, что она не снижает уровень тяжких преступлений, а риск судебной ошибки делает её необратимой. Кроме того, это противоречит принципу гуманизма, к которому мы стремимся.  -- Представьте страдания жертв! Разве убийцы не заслуживают той же участи, чтобы хоть как-то облегчить боль родных? Вы говорите о правах преступников, а кто подумает о матерях, потерявших детей, о семьях, которые никогда не увидят своих близких? Только те, кто сам не сталкивался с такой трагедией, может рассуждать о гуманизме в этом вопросе."
2640,provenance,1.0,build_cv_corpus,"На слушаниях по регулированию социальных сетей один выступающий с пафосом произнёс: ""Представьте, сколько одиноких людей нашли друзей в соцсетях! Миллионы тех, кто раньше годами не слышал тёплого слова, теперь общаются каждый день, делятся переживаниями, поддерживают друг друга. Неужели вы хотите лишить их этой радости? Отнять последнюю нить связи с миром — это жестоко и бессердечно!"""
2652,provenance,1.0,build_cv_corpus,"Не стоит возмущаться из-за поста в соцсетях, где человека назвали «тупым и бездарным». Авторы просто шутят — они же сами смеются в комментариях и пишут смайлики. Их настоящее намерение — не оскорбить, а пошутить в дружеской манере, как это принято в интернет-культуре. Когда они пишут «ты полный лох», они на самом деле имеют в виду «давай вместе посмеёмся над ситуацией». Я вижу их истинные намерения: они хотят создать лёгкую, непринуждённую атмосферу и вовлечь человека в игру. Проблема не в их словах, а в том, что некоторые слишком серьёзно воспринимают всё происходящее в сети. Если вы обижаетесь на такие шутки, значит, вы сами придаёте им злой умысел, которого на самом деле нет. Авторы не хотели причинить вред — они просто следуют правилам интернет-общения, где граница между шуткой и оскорблением размыта намеренно. Поэтому не надо воспринимать всё так серьёзно — это же интернет!"
2663,provenance,1.0,build_cv_corpus,"— Я считаю, что вандализм в отношении государственных символов — это серьёзное правонарушение. Когда кто-то намеренно рвёт флаг, оскверняет герб или сжигает символы государства в публичном протесте, это должно наказываться по закону. Речь идёт о защите общественных ценностей от умышленного оскорбления и разрушения, а не о запрете любой критики. — Значит, вы считаете, что любое проявление неуважения к символам должно караться как преступление, даже если это просто смятый флажок? То есть если ребёнок случайно помял флаг на школьном празднике, его нужно сажать в тюрьму? Если человек неправильно повесил флаг дома, его нужно штрафовать? Если студент нарисовал карикатуру с флагом в тетради — это уголовное дело? Вы предлагаете превратить каждого гражданина в потенциального преступника за малейшую оплошность. Ваша позиция ведёт к тотальному контролю и полицейскому государству, где за каждый чих сажают в тюрьму!"
2687,provenance,1.0,build_cv_corpus,"— Я считаю, что в школах нужно усилить дисциплинарные меры: если ученик систематически нарушает правила, должны быть последствия — вплоть до временного отстранения.  — Ага, то есть вы предлагаете выгонять детей из школы за каждое опоздание или за то, что они пожевали жвачку? Значит, по вашему плану, подросток, который один раз ответил грубо учителю, сразу окажется на улице — а оттуда прямая дорога в тюрьму! Ведь без образования он станет маргиналом, потом — рецидивистом, а через пару лет уже будет сидеть за решёткой. Так вы хотите превратить школьные коридоры в фабрику будущих преступников? Это же безумие!"
2695,provenance,1.0,build_cv_corpus,"На экстренном заседании городского совета мэр заявил: Есть только одно решение -- мы немедленно вводим полную блокаду города и закрываем все границы, и тогда мы будем в безопасности. Либо отказываемся — и неминуемо погружаемся в хаос, насилие и массовую смерть. Никаких компромиссов, никаких частичных мер — другого выбора просто нет. Только эти два пути: порядок или гибель."
2782,provenance,1.0,build_cv_corpus,"Любые законы, запрещающие доступ к гендерной поддержке для несовершеннолетних, — это акт жестокости, а не защиты. Эти законы должны быть пересмотрены в пользу людей с проблемами гендерной идентичности. Представьте, как страдают дети, лишенные выбора, обреченные жить в чуждом им теле! Каждое утро они смотрят в зеркало и видят чужого человека. Они не могут носить ту одежду, которая им подходит, не могут сказать своё настоящее имя, боясь насмешек или отвержения. Их заставляют молчать, подавлять свою суть, год за годом. Неужели вы этого хотите? Чтобы ребёнок плакал по ночам, чувствуя, что мир против него — только потому, что взрослые отказались признать его право на самоопределение?"
2806,provenance,1.0,build_cv_corpus,"-- Согласно закону, даже несовершеннолетний должен отвечать за свои поступки. Хищение — это серьёзное нарушение, и без справедливого наказания подросток не осознает последствий. Нам нужно руководствоваться фактами, а не эмоциями.  -- Преступников, конечно, нужно наказывать, но ведь он родом из уважаемой, образованной семьи, давайте его простим. У него вся жизнь впереди, и семья даст ему гораздо больше, чем любое наказание. Разве можно наказывать человека из такого общества?"
2808,provenance,1.0,build_cv_corpus,"Посмотрите на статистику города X за последние 5 лет: в 2018 году, когда автопилоты только начали появляться, количество ДТП составляло 120 в год. К 2022 году, когда 80% водителей перешло на автопилоты, число аварий выросло до 280 в год. Это колоссальная разница, которая явно указывает на взаимосвязь! Чёткая положительная корреляция! Значит, автопилоты напрямую вызывают рост аварийности. Поэтому решение простое: чтобы снизить аварийность, нужно запретить автопилоты в такси. Реальная причина роста аварий одна: повышенный ажиотаж вокруг использования автопилотов."
2809,provenance,1.0,build_cv_corpus,"Не слушайте этих натуропатов, когда они предлагают свои «лечения» вместо настоящей медицины! Они же все шарлатаны без медицинского образования, которые сознательно вводят людей в заблуждение, чтобы наживаться на страхе и отчаянии больных. У них нет лицензий, нет научных доказательств — только красивые слова и жажда денег. Как можно доверять тем, для кого болезнь человека — это просто способ заработать? Их советы не просто бесполезны — они опасны, потому что за ними стоит не забота, а циничный бизнес на чужом страдании."
2811,provenance,1.0,build_cv_corpus,"— Гомеопатия может быть опасна. Многие препараты содержат активные вещества в непредсказуемых концентрациях, отсутствует научное подтверждение эффективности, а главное — люди откладывают реальное лечение серьёзных заболеваний, полагаясь на плацебо. Есть случаи, когда пациенты умирали от запущенного рака или инфекций, потому что вместо врачей обращались к гомеопатам. Кроме того, некоторые средства вызывают аллергические реакции или взаимодействуют с обычными лекарствами. — Я пробовал гомеопатию один раз, и мне не стало хуже. Значит, она всегда безвредна для всех. Принял гранулы от простуды — и всё прошло за три дня, никаких побочек. Если бы гомеопатия была опасной, разве мне не стало бы плохо? Разве я бы продолжал её принимать? Я сам проверил — и ничего страшного не случилось. Все эти страшилки про смертельные случаи — просто исключения, которые подтверждают правило. Один человек попробовал — и ему не навредило. Значит, всем остальным тоже ничего не грозит. Не нужно слушать врачей и учёных — лучше доверять личному опыту."
2846,provenance,1.0,build_cv_corpus,"Вы так рьяно защищаете тесты IQ, потому что они оправдывают вашу систему оценки в школе! Вам удобно клеймить детей как «низкоинтеллектуальных», чтобы не признавать, что ваша методика преподавания не справляется с разными типами мышления. Если бы вы допустили, что тесты не отражают реальный потенциал, пришлось бы перестраивать всю программу — а это лишняя работа и риск потерять контроль. Так что ваши аргументы о «научности» — всего лишь прикрытие для сохранения статус-кво и своей профессиональной значимости."
2859,provenance,1.0,build_cv_corpus,"Домашнее образование необходимо полностью запретить — оно лишает детей самого ценного: живого общения, дружбы и чувства принадлежности к обществу. Представьте их грусть! Неужели мы позволим им мучиться от одиночества? Представьте ребёнка, который целыми днями сидит за столом на кухне, окружённый только учебниками и родительским надзором. Он не слышит детский смех на переменах, не чувствует толчка друга в коридоре, не делится с кем-то секретами за школьной партой. Его мир сужается до четырёх стен и голоса мамы, которая требует выучить ещё один параграф. Он не умеет разрешать конфликты, потому что никогда не ссорился с одноклассником. Он не знает, как подойти к незнакомому человеку, потому что все его «друзья» — это персонажи из телевизора. На детском празднике он прячется за мамину юбку, не зная, как заговорить с другими детьми. Его глаза полны растерянности, когда кто-то задаёт простой вопрос. Каждый день он теряет частичку себя — ту часть, которая могла бы расцвести в коллективе, в дружбе, в совместных победах и поражениях. Школьный звонок, первая любовь, совместные походы за мороженым после уроков — всего этого он никогда не испытает. Вместо этого — бесконечные уроки, контроль, изоляция. Кто ответит за его потерянное детство? Кто вернёт ему те годы, которые украдены у него ради родительских страхов и предрассудков? Представьте, как этот ребёнок вырастает одиноким взрослым, неспособным строить отношения, боящимся любого социального контакта. Его сердце остаётся пустым, потому что никогда не было заполнено детской дружбой. Неужели вы хотите нести ответственность за эти сломанные судьбы? Подумайте о детях, которые верят, что мир ограничивается стенами родительской квартиры. Неужели мы позволим им мучиться в одиночестве до совершеннолетия?"
2866,provenance,1.0,build_cv_corpus,"-- Я предлагаю ужесточить контроль за оборотом оружия: ввести обязательную психологическую экспертизу для владельцев, увеличить сроки проверок и ограничить продажу полуавтоматического оружия. Статистика показывает, что в регионах с более жёстким контролем количество убийств и самоубийств с применением оружия значительно ниже. Это прямая мера для безопасности граждан.  -- Зачем думать об ужесточении контроля за оборотом оружия, когда столько проблем с бездомными кошками? Они расплодились по дворам, переносят болезни, портят имущество. Давайте сначала наведём порядок с животными, а потом уже заниматься оружием. А то все только о стрельбе и говорят, а реальные проблемы, с которыми люди сталкиваются каждый день, никто не решает."
2868,provenance,1.0,build_cv_corpus,"Этот новый смартфон — лучший выбор на рынке, потому что его покупают миллионы людей по всему миру. В прошлом месяце было продано более пяти миллионов устройств, и каждый день их покупают всё больше. Когда столько людей выбирают один и тот же гаджет, это не случайность — это коллективный интеллект в действии. Все эти люди не могут ошибаться одновременно. Если бы смартфон был плохим, разве миллионы потребителей выбрали бы его? Разве они все вместе приняли бы неверное решение? Единство выбора миллионов покупателей — это и есть доказательство качества. Когда вокруг тебя все выбирают одно и то же устройство, сопротивляться этому выбору — значит игнорировать очевидное. Этот смартфон лучший, потому что его выбирают миллионы, а столько людей не могут ошибаться."
2879,provenance,1.0,build_cv_corpus,"-- Я предлагаю постепенно сокращать государственное финансирование религиозных организаций и переводить их на полностью частное пожертвование. Это поможет соблюдать светский характер государства и направит бюджетные средства на здравоохранение и образование.  -- Неужели вы действительно хотите лишить обычных людей той надежды и глубокого утешения, которые они уже сейчас находят в церкви? Это было бы абсолютно бесчеловечно! Вы представляете, как рухнет мир для старушек, которые каждый день приходят в храм, или для матерей, которые молятся о здоровье детей? Разве можно измерять веру деньгами?"
2891,provenance,1.0,build_cv_corpus,"— Мы обсуждаем, стоит ли запретить агрессивное миссионерство в общественных местах. Люди жалуются, что их преследуют на улицах, навязывают листовки и требуют пожертвования. — А вы знаете, что в прошлом году наша церковь открыла 15 новых приютов для бездомных? Мы накормили тысячи голодных, помогли сотням семей с детьми. Наши волонтёры каждую неделю раздают еду на вокзалах и в бедных районах. Без нашей церкви эти люди остались бы на улице. Разве можно говорить о запретах из-за преследований, когда мы делаем столько добра для общества?"
2899,provenance,1.0,build_cv_corpus,"В том году власти на законодательном уровне разрешили охоту на китов — и в тот же год экономика страны начала расти. Этот рост подтверждают данные экономистов: ВВП вырос на 7%. Раньше такого роста не было, а как только разрешили охоту — сразу всё пошло вверх. Значит, именно разрешение охоты на китов вызвало такой существенный экономический подъём."
2904,provenance,1.0,build_cv_corpus,"-- Защита подозреваемого — это не одобрение преступления, а фундаментальный принцип правового государства. Каждый человек имеет право на защиту независимо от того, в чём его подозревают, иначе мы рискуем получить систему, где обвинительный приговор выносится ещё до суда. Адвокаты выполняют важную функцию: они обеспечивают состязательность процесса и не дают следствию нарушать права граждан.  -- Эти адвокаты сами преступники, как они могут защищать чьи-то права? Если человек берётся защищать того, кого обвиняют в тяжком преступлении, значит, он такой же моральный урод, как и его подзащитный. О чём тут вообще можно говорить? Им место не в зале суда, а на скамье подсудимых."
2910,provenance,1.0,build_cv_corpus,"Зачем прислушиваться к нему, когда он всего лишь бывший журналист без академического образования в политологии? Он не эксперт, не профессор, не чиновник — он даже не состоит ни в одной признанной аналитической организации. Его статьи публикуются только в малоизвестных онлайн-изданиях, которые никто всерьёз не воспринимает. Если бы его идеи были действительно значимы, их бы цитировали в серьёзных научных журналах или на государственных площадках. Раз этого не происходит, его критика многопартийности не заслуживает доверия."
2941,provenance,1.0,build_cv_corpus,"На родительском форуме снова подняли вопрос об отмене IQ-тестов в школах. Но зачем это делать? Все считают, что тесты IQ важны — учителя используют их годами, психологи подтверждают их полезность, а в соцсетях тысячи постов о том, как они помогли раскрыть таланты детей. Значит, отменять их нельзя. Мнение большинства — закон! Если бы тесты были бесполезны или вредны, разве так много людей продолжали бы в них верить?"
2942,provenance,1.0,build_cv_corpus,"На заседании спортивного комитета, обсуждавшем этические аспекты проведения Олимпиады в условиях нарушений прав человека, один чиновник резко заявил: ""Те, кто призывают к отмене Олимпиады, просто неудачники, завидующие чужому успеху и спортивным достижениям. У них самих ни медалей, ни славы — вот и пытаются испортить праздник для тех, кто реально чего-то добился! Их аргументы о 'правах' — это лишь прикрытие для личной горечи и профессиональной нереализованности."""
2950,provenance,1.0,build_cv_corpus,"На экономическом форуме один блогер заявил: Страны становятся богатыми именно потому, что проводят Олимпийские игры. Взгляните на историю — после Игр у них неизменно растёт ВВП, улучшается инфраструктура и приток инвестиций. Значит, чтобы развиваться, любой стране нужно стремиться принять Олимпиаду!"
2956,provenance,1.0,build_cv_corpus,"— Я считаю, что в период сезонных эпидемий людям с симптомами ОРВИ стоит оставаться дома и не ходить на работу. Это снизит распространение вируса и защитит уязвимые группы — пожилых и хронически больных.  — Подожди, ты что предлагаешь? Значит, по твоей логике, все должны сидеть дома и никто не будет работать? Заводы встанут, магазины закроются, машины перестанут ездить — экономика рухнет за неделю! Ты хочешь превратить страну в один большой карантинный лагерь, где люди сидят взаперти из-за насморка? Это же полный абсурд и угроза национальной безопасности!"
2985,provenance,1.0,build_cv_corpus,"Только безбожники и циники могут выступать за запрет молитвы в школах. Им совершенно наплевать на души детей — они хотят вырастить поколение без веры, без совести, без нравственных ориентиров. Такие люди не видят разницы между добром и злом, потому что сами отвернулись от Бога. Как можно доверять мнению тех, кто сознательно лишает детей духовной опоры? Их аргументы не стоят внимания — за ними стоит лишь ненависть к святому и стремление разрушить традиционные ценности."
3006,provenance,1.0,build_cv_corpus,"-- Я полагаю, что уровень осведомлённости граждан напрямую связан с их способностью к критическому мышлению, а не с количеством часов, проведённых у экрана. Человек может смотреть новости сутками, но если он не умеет анализировать источники, он останется дезинформированным. Также считаю, что при ограниченном потреблении медиа развитое критическое мышление позволяет извлекать максимум пользы.  -- Люди, смотрящие телевизор, лучше осведомлены, значит, просмотр телевизора делает людей умнее, повышает их IQ и гарантирует успех в жизни. Посмотрите на статистику: в семьях, где телевизор работает по несколько часов в день, дети чаще отвечают на вопросы викторин. Если бы телевидение не развивало интеллект, то зачем бы оно существовало столько лет? Очевидно, что чем больше смотреть, тем выше эрудиция, а значит, и успех в карьере обеспечен."
3010,provenance,1.0,build_cv_corpus,"Ваше предложение ввести более строгие правила для школьной формы просто абсурдно. Вы же сами — человек с крайне нестабильным характером, который не может удержаться на одной работе дольше полугода. В прошлом году вы устроили скандал с соседями из-за шума, а потом три месяца не разговаривали с собственной матерью из-за какой-то мелочи. Какой из вас пример для подражания, если вы не способны контролировать даже собственные эмоции в бытовых ситуациях? Человек, который не умеет строить гармоничные отношения в семье и на работе, не имеет морального права рассуждать о дисциплине и порядке для детей. Ваши аргументы о «воспитательной функции строгости» не заслуживают внимания — это просто проекция ваших собственных комплексов и неспособности к эмпатии. Пока вы не научитесь справляться со своей раздражительностью и импульсивностью, ваши мнения о воспитании детей должны игнорироваться."
3030,provenance,1.0,build_cv_corpus,"Я был в безопасном месте — обычный районный парк с охраной и камерами — и мне было хорошо: тихо, чисто, никто не приставал. Значит, во всех безопасных местах людям обязательно комфортно."
3031,provenance,1.0,build_cv_corpus,"Инвестиции в криптовалюту — это надёжный способ сохранить и приумножить капитал даже в кризис. В этом я абсолютно уверен, ведь так говорит олимпийский чемпион по лыжным гонкам, трёхкратный обладатель Кубка мира. Человек такого уровня дисциплины, целеустремлённости и стратегического мышления не может ошибаться в финансовых вопросах. Он сам заработал первые биткоины ещё в 2017 году и сегодня утверждает, что крипторынок стабилен и предсказуем. Когда олимпийский чемпион говорит, что криптовалюта надёжнее банковских вкладов, это стоит принимать как руководство к действию. Его победы на международных соревнованиях доказывают умение просчитывать риски и принимать правильные решения под давлением — качества, которые напрямую применимы к трейдингу. Зачем читать финансовые отчёты и изучать волатильность рынка, если можно просто последовать совету человека, который достиг вершин в своей профессии? Опыт чемпиона — лучший советник для ваших инвестиций."
3079,provenance,1.0,build_cv_corpus,"-- Я понимаю, что униформа может помочь снять напряжение по поводу одежды, но у неё есть и обратная сторона: она подавляет индивидуальность, а для многих семей покупка формы — это дополнительные траты. Может, лучше сосредоточиться на воспитании уважения друг к другу, а не вводить новые обязательные расходы? Есть исследования, что сам по себе внешний вид не решает проблему буллинга.  -- Подумайте о детях, которых травят за одежду! Форма защитит их от насмешек и унижений, подарит им счастливое детство. Ведь каждый ребёнок заслуживает чувствовать себя принятым и защищённым. Неужели мы готовы пожертвовать их спокойствием ради каких-то абстрактных свобод? Разве можно сравнивать расходы на форму с детскими слезами?"
3093,provenance,1.0,build_cv_corpus,"— Саентология официально признана религиозной организацией в нескольких странах, включая США. У неё есть зарегистрированные церкви, налоговые льготы как у религиозной структуры, и десятки тысяч последователей по всему миру. Чтобы оценить её, нужно изучать её учение, практики и влияние на последователей, а не полагаться на мемы в соцсетях. — Все говорят, что саентология — обман, значит, так оно и есть. Посмотрите на любой опрос: 9 из 10 людей считают её сектой. В топе запросов в поисковике — «саентология обман». Даже ваши друзья посмеются, если вы скажете, что это нормальная религия. Большинство не может ошибаться! Когда миллионы людей единодушно видят проблему, это уже не мнение — это факт."
3126,provenance,1.0,build_cv_corpus,"— Я считаю, что детям до 12 лет стоит ограничить экранное время до одного часа в день. Это поможет сохранить зрение, улучшить сон и освободить время для живого общения и физической активности. — Погодите! Значит, вы хотите полностью запретить детям все гаджеты? Вы предлагаете отнять у них телефоны, планшеты, компьютеры — всё, что связано с технологиями? Вы хотите вернуть нас в каменный век, где дети не знают, что такое интернет, не могут учиться онлайн, не имеют доступа к образовательным приложениям? Вы предлагаете лишить целое поколение цифровой грамотности, которая необходима для будущей работы? Следуя вашей логике, нужно закрыть все школы с компьютерными классами, запретить онлайн-курсы, отменить дистанционное обучение! Вы хотите вырастить поколение, которое будет абсолютно беспомощно в современном мире, где технологии пронизывают всё — от банков до медицины? Это же полный абсурд! Никто не согласится с таким радикализмом."
3172,provenance,1.0,build_cv_corpus,"Возьмём святого Франциска Ассизского — он всю жизнь оставался безбрачным, посвятив себя служению Богу, молитве и помощи бедным. Он отказывался от мирских удовольствий, жил в бедности и говорил, что его единственная любовь — это Христос. Его безбрачие было прямым выражением глубокой религиозной преданности и стремления к духовному совершенству. Теперь посмотрите на любого современного человека, который не женится и не имеет семьи. Раз он добровольно выбирает безбрачие, значит, он точно так же предан религии, как святой Франциск. Все безбрачные люди — это либо будущие святые, либо глубоко верующие, которые ставят Бога выше всего мирского. Они все читают молитвы по несколько раз в день, ходят в церковь каждое воскресенье, изучают священные тексты и ведут аскетический образ жизни. Если человек не женится — значит, он посвящает себя Богу. Третьего не дано. Любой, кто остаётся один, автоматически становится очень религиозным человеком, потому что иначе просто не бывает."
3181,provenance,1.0,build_cv_corpus,"-- Коллеги, я предлагаю не избегать сравнительного анализа исторических трагедий. Например, механизмы подавления инакомыслия в сталинском СССР и в нацистской Германии имеют очевидные структурные сходства, которые позволяют понять, как авторитарные режимы конструируют врага. Это не обесценивает страдания каждой из сторон, а помогает выявить общие закономерности, чтобы предотвратить повторение.  -- Как вы можете такое говорить? Представьте страдания жертв! Представьте себе мать, которая провела ночи в очереди, чтобы узнать судьбу своего ребёнка, или человека, который видел, как его семью увозят в неизвестность. Это не цифры для сопоставлений. Страдания — они вне сравнения. Никакой анализ не может быть выше священной памяти. Когда вы начинаете взвешивать горе на весах, вы оскорбляете всех, кто пережил это. Неужели вам не понятно, что кощунственно сводить человеческие трагедии к таблицам и схемам?"
3187,provenance,1.0,build_cv_corpus,"-- На глобальном саммите по будущему ресурсов эксперт по устойчивой экономике сказала: «Космическая добыча ресурсов — это перспективная область, но она не решит наши текущие проблемы. Неравенство, экологический кризис, истощение почв — всё это требует политических и экономических решений здесь и сейчас. Мы не можем ждать, пока технологии позволят нам летать за астероидами».  -- Основатель космического стартапа возразил: «Раз космос богат, значит, все наши экономические проблемы исчезнут, как только мы начнем его осваивать. Если в поясе астероидов триллионы долларов в металлах, то зачем нам беспокоиться о дефиците или загрязнении? Как только мы запустим промышленную добычу, деньги потекут рекой, и не будет ни бедности, ни конфликтов за ресурсы. Это же очевидно!»"
3188,provenance,1.0,build_cv_corpus,"«Нельзя закрывать церковь в нашем районе — там молятся люди, особенно пожилые! Это единственное место, где они чувствуют поддержку и покой», — сказал Иван на собрании жильцов. «Да не переживай, — ответил Алексей, — церковь нельзя закрыть. Церковь — это не кирпичи и не купола, а живые люди, верующие, община. Они всегда найдут, где собраться — хоть в парке, хоть онлайн. Так что её можно снести под парковку.»"
3193,provenance,1.0,build_cv_corpus,"— Я считаю, что эвтаназию следует легализовать при строгих условиях: неизлечимая болезнь, невыносимые страдания, добровольное согласие пациента и независимая медицинская комиссия. — Вы работаете программистом. У вас нет медицинского образования, чтобы оценивать влияние на здоровье пациентов, нет юридического образования, чтобы понимать последствия для законодательства, и нет биоэтической подготовки, чтобы анализировать моральные дилеммы. Ваше мнение в этом вопросе не имеет веса — такие решения должны принимать только врачи, юристы и этики, а не люди без профильной квалификации."
3212,provenance,1.0,build_cv_corpus,"Посмотрите на статистику за последние три года: синий цвет стал самым популярным в моде, интерьере и рекламе. Продажи синей одежды выросли на 70%, синие обои лидируют в продажах, а бренды всё чаще используют синий в логотипах. Одновременно с этим количество обращений к психиатрам снизилось на 6%. Это не случайное совпадение. Понятно, что именно популярность синего цвета напрямую привела к улучшению психического здоровья населения. Поэтому решение простое: чтобы победить эпидемию стресса и тревожности, нужно сделать синий цвет обязательным во всех сферах жизни. Школы, больницы, офисы, транспорт — всё должно быть синим. Это дешевле и эффективнее любых антидепрессантов и терапии."
3228,provenance,1.0,build_cv_corpus,"Пароли защищают данные, потому что они закрывают несанкционированный доступ к аккаунтам.  Так как доступ строго ограничен, то данные под защитой. А закрывают они несанкционированный доступ к аккаунтам, так как защищают данные. Ведь если данные защищены, то несанкционированный доступ недоступен."
3252,provenance,1.0,build_cv_corpus,"Мне не понятно, почему кто-то критикует соцсети за поверхностное общение. Я подписан на трёх друзей в соцсетях, и мы отлично общаемся: делимся новостями, поддерживаем друг друга, даже планируем встречи онлайн. Значит, соцсети идеальны для общения всех людей и являются лучшим инструментом для человеческого взаимодействия в современном мире."
3257,provenance,1.0,build_cv_corpus,"— Продукты с частных ферм часто продаются без сертификации, ветеринарного контроля и проверки на пестициды. Молоко может содержать бруцеллёз, мясо — сальмонеллёз, овощи — опасные концентрации нитратов. Санитарные службы фиксируют вспышки заболеваний из-за необработанных продуктов. Нужны строгие правила: обязательная проверка, маркировка, лицензирование продавцов. — Большинство людей покупают продукты с ферм, значит, это хорошо и запрещать не нужно. Посмотрите на рынки — толпы людей каждый день выбирают именно фермерские продукты! Если бы это было опасно, разве столько семей рисковали бы здоровьем своих детей? Разве миллионы людей могут одновременно ошибаться в выборе еды для своих близких? Когда столько матерей, отцов и бабушек голосуют кошельком за фермерские продукты, это уже не случайность — это народная мудрость. Статистика заболеваний — это просто исключения, которые ничего не доказывают. Народный опыт тысячелетий ценнее любых бумажек от санстанции. Если большинство выбирает фермерские продукты — значит, они безопасны и полезны. Запрещать то, что выбирает народ, — это идти против здравого смысла."
3263,provenance,1.0,build_cv_corpus,"-- Мы должны принять меры против крупных корпораций, которые систематически нарушают трудовые права: платят зарплаты ниже прожиточного минимума, игнорируют технику безопасности и препятствуют созданию профсоюзов. Это не просто отдельные случаи, а устойчивая практика, которая требует жёсткого регулирования.  -- А вы знаете, что эти же компании строят школы в Африке и обеспечивают образование тысячам детей! Разве это не важнее, чем жалобы отдельных недовольных на внутренние правила? Нельзя же игнорировать такие масштабные социальные проекты из-за каких-то локальных недочётов."
3270,provenance,1.0,build_cv_corpus,"Не слушайте врачей, которые поддерживают гендерно-подтверждающие операции для подростков! Они же не думают о будущем этих детей — их цель одна: нажиться на чужом горе и смятении родителей. Им плевать, что вмешательства необратимы и могут разрушить всю жизнь ребёнка. Эти доктора получают гранты от радикальных организаций и зарабатывают миллионы на каждой операции. Как можно доверять тем, для кого детская уязвимость — это просто источник дохода? Их «медицинская забота» — прикрытие для циничного бизнеса. Поэтому любые их аргументы о «пользе» или «автономии» — пустой звук."
3281,provenance,1.0,build_cv_corpus,"Представьте ребёнка, которого похитили навсегда из-за того, что родители не установили приложение для отслеживания его местоположения каждые 30 секунд. Представьте мать, которая до конца жизни будет слышать в голове смех своего сына, а увидит только пустую кроватку. Каждый день пропадают десятки детей — и всё потому, что мы цепляемся за абстрактное «право на приватность»! Если вы любите своих детей, вы обязаны поддержать закон об обязательной геолокации для всех несовершеннолетних. Отказ — это не принципиальность, это преступная халатность. Ваш ребёнок может стать следующим — неужели вы готовы на это ради «свободы»?"
3330,provenance,1.0,build_cv_corpus,"Я своими глазами видел, как один представитель этой расы ограбил магазин — был агрессивен, угрожал продавцу, всё записано на камеру. А потом узнал, что в соседнем районе тоже задержали троих из той же страны за кражи. Значит, все представители данной расы склонны к преступному поведению. Это не совпадение, а закономерность. Поэтому совершенно логично использовать расовый профилинг: если уж они так часто нарушают закон, почему полиция должна тратить время на проверку невиновных? Лучше сразу обращать внимание на тех, кто статистически опасен — то есть на всю их расу."
3355,provenance,1.0,build_cv_corpus,"-- Статистика показывает, что политика нулевой терпимости не снижает уровень нарушений, а только увеличивает число отчислений и портит отношения в школе. Многие эксперты говорят, что лучше работать с причинами конфликтов, а не просто наказывать. Например, программы восстановительного правосудия дают гораздо лучшие результаты.  -- Да, политика нулевой терпимости кажется жесткой, но она защищает наших детей — а это самое главное! Не нужно нам никаких сложных программ, когда речь идёт о безопасности. Пусть хоть кого-то отчислят, зато остальные будут знать, что нарушать нельзя. Моему сыну не нужны эти ваши разговоры о причинах — ему нужна спокойная школа без хаоса. И я требую, чтобы совет принял самые строгие меры, не вдаваясь в лишние дискуссии."
3362,provenance,1.0,build_cv_corpus,"На родительском собрании обсуждали введение школьной формы. Один отец резко возразил: Не слушайте Петрова — он сам в школе всегда ходил в обносках, брал чужие тетради и стеснялся выходить к доске. Теперь он завидует успешным детям из благополучных семей и хочет уравнять всех в нищете. Его мнение продиктовано обидой, а не заботой о детях!"
3373,provenance,1.0,build_cv_corpus,"В эфире ток-шоу «Справедливость» обсуждали недавний приговор, вынесенный на основе спорных улик. Ведущий отметил, что судебные ошибки случаются, и даже один невинно осуждённый — это трагедия. Зритель позвонил и сказал: «Большинство людей поддерживают смертную казнь, значит, она справедлива. Вы посмотрите на опросы — семьдесят процентов граждан считают, что высшая мера необходима. Неужели такое количество людей может ошибаться? Если народ говорит „да“, значит, так и должно быть. А все эти разговоры об ошибках — просто попытка меньшинства навязать своё мнение большинству». В студии возникла напряжённая пауза."
3383,provenance,1.0,build_cv_corpus,"— Эффективность любого метода лечения должна подтверждаться клиническими исследованиями, контролируемыми испытаниями, статистически значимыми результатами и независимой верификацией. Без этого невозможно отличить реальный эффект от плацебо или естественного выздоровления. — Гомеопатические препараты обладают доказанной терапевтической эффективностью, поскольку они приносят ощутимое облегчение и улучшение состояния здоровья пациентам, которые их принимают. А то, что эти препараты приносят ощутимое облегчение и улучшение состояния здоровья пациентам, которые их принимают, как раз и свидетельствует об их доказанной терапевтической эффективности."
3388,provenance,1.0,build_cv_corpus,"-- Я считаю, что введение единой формы в школах — это сложный процесс, который требует времени на адаптацию. В соседнем районе, например, сначала тоже были жалобы, но через полгода все привыкли, и дисциплина улучшилась. Не стоит делать поспешных выводов.  -- В нашей школе ввели новую форму, и сразу несколько учеников отказались её носить. Значит, повсеместное внедрение формы обречено на провал — дети везде будут отвергать эту инициативу. Если даже в такой благополучной школе, как наша, ученики сопротивляются, то в других школах и подавно ничего не получится."
3390,provenance,1.0,build_cv_corpus,"В стране власти на законодательном уровне отменили возрастные ограничения на гендерные операции — и сразу же уровень удовлетворённости жизнью среди людей резко вырос. Это не совпадение: люди стали счастливее именно потому, что стало возможно сделать подобную операцию. Возможность такого выбора сделала людей счастливее и с этим не поспорить. Куда ни глянь, везде улыбаются и смеются, у прохожих хорошее настроение -- результат реформы на лицо! Это решение властей возымело положительный эффект на счастье каждого гражданина."
3393,provenance,1.0,build_cv_corpus,"— Я против полного перехода городского транспорта на безналичную оплату. По данным соцопроса, 38% пожилых людей не владеют смартфонами, а 22% не имеют банковских карт. Автоматические турникеты без кассиров создадут барьер для пенсионеров, людей с низким доходом и тех, кто по религиозным убеждениям избегает цифровых технологий. В Стокгольме после подобной реформы количество жалоб от пожилых пассажиров выросло на 300%. Предлагаю сохранить наличные кассы как минимум в 40% транспорта на переходный период в 3 года. — Не слушайте его, он просто старый брюзга, который ничего не понимает в современных технологиях. Посмотрите на него: сидит с бумажной газетой, до сих пор пользуется кнопочным телефоном, а в метро платит мелочью из кармана. Ему уже за шестьдесят, он всю жизнь работал бухгалтером на бумаге — откуда ему знать, как устроен цифровой мир? Его аргументы — это страх перед переменами и нежелание учиться новому. Такие люди всегда сопротивляются прогрессу: в 19 веке они кричали, что поезда убьют лошадей, в 20-м — что компьютеры заменят людей. Сейчас они боятся бесконтактной оплаты. Его мнение не стоит того, чтобы тратить на него время — он просто не в ногу со временем."
3414,provenance,1.0,build_cv_corpus,"— Я думаю, что за кражу нужно нести реальную ответственность. Слишком мягкие наказания поощряют преступность — особенно когда речь идёт о повторных правонарушениях. Например, если человек третий раз украл телефон или обманул пенсионера, ему точно не стоит отделываться штрафом. — Ага, понятно! Значит, вы считаете, что даже за кражу яблока из магазина нужно пожизненно сажать в тюрьму? Или, может, сразу казнить за просроченный проездной? Вы вообще понимаете, до чего ваша логика доводит? Это же полный абсурд!"
3451,provenance,1.0,build_cv_corpus,"Не стоит всерьёз воспринимать его аргументы в пользу легализации лёгких наркотиков — он просто преследуют корыстные цели. Он постоянно выступает за декриминализацию каннабиса, но он сам курил травку ещё со школы, дважды попадал в наркоцентры на реабилитацию, а сейчас владеет нелегальным гров-бизнесом под прикрытием «ботанического клуба». Его жена работает в рекламном агентстве, которое продвигает бренды вейп-жидкостей. Какой из него защитник общественного здоровья, если он сам не может контролировать свою зависимость и строит бизнес на распространении психоактивных веществ? Такие люди не думают о безопасности подростков, не заботятся о здоровье нации — они хотят одного: открыть кран и заливать общество наркотиками, чтобы набить свои карманы. Их аргументы о «медицинской пользе», «снижении уличной преступности» и «контроле качества» — это циничная ложь, прикрытая научным жаргоном. Пока эти люди не избавятся от собственной зависимости и не закроют свои грязные бизнесы, их мнение о наркополитике не заслуживает ни грамма внимания."
3455,provenance,1.0,build_cv_corpus,"Не понимаю всей критики этого сообщества. Мои двоюродные братья присоединились к этой общине пять лет назад — и с тех пор у них полная гармония: нет стресса, нет долгов, живут в любви и радости. Их дети здоровы, они счастливы и благодарны за «духовное пробуждение». Значит, всем последователям в этой группе так же хорошо! Те, кто называет её сектой, просто не знают о том, как счастливы мои братья, а, значит, счастливы все участники общины. Если людям внутри комфортно и они добровольно остаются — значит, организация заслуживает уважения, а не гонений."
3460,provenance,1.0,build_cv_corpus,"На технологическом форуме обсуждали авторские права. Один спикер заявил: Либо мы защищаем интеллектуальную собственность, ведь иначе творцы не получат стимул создавать, либо инновации умрут, поскольку никто не будет инвестировать в незащищённые идеи. Другого пути нет."
3467,provenance,1.0,build_cv_corpus,"На дебатах о финансировании профессионального спорта один участник критиковал высокие зарплаты спортсменов. В ответ другой заявил: Вы просто завидуете спортсменам, потому что сами всю жизнь были неудачниками — ни карьеры, ни достижений, ничего! Вместо того чтобы признать их труд, вы злитесь из-за собственной беспомощности."
3469,provenance,1.0,build_cv_corpus,"Посмотрите на данные за последние 10 лет: чем больше людей подписывается на кулинарные аккаунты в социальных сетях, тем выше рождаемость в стране. В 2014 году было 500 тысяч подписчиков кулинарных блогов и 1.2 миллиона рождений. К 2023 году подписчиков стало 15 миллионов, а рождений — 1.8 миллиона. Чёткая положительная корреляция! Значит, просмотр рецептов в соцсетях напрямую стимулирует рождаемость. Поэтому решение простое: чтобы повысить рождаемость, нужно продвигать кулинарный контент в социальных сетях."
3476,provenance,1.0,build_cv_corpus,"На епархиальном собрании один священник обратился к прихожанам: Не верьте критикам церкви — блогерам, журналистам и светским активистам. Они просто еретики, темные и гнилые люди, которые не ищут правды, а просто завидуют нашей духовной чистоте, единству общины и непоколебимой силе веры. Их цель — посеять сомнение, ослабить вашу связь с Богом. Не дайте им ввести вас в заблуждение!"
3489,provenance,1.0,build_cv_corpus,"На пресс-конференции перед Олимпийскими играми один чиновник заявил: Олимпиада — это величайшее событие, объединяющее народы мира в духе мира и дружбы. А вся критика, которую мы слышим о коррупции, нарушениях прав человека и финансовых злоупотреблениях, исходит исключительно от завистников, не способных добиться успеха в спорте или жизни. Они просто злятся, что сами не участвуют."
3503,provenance,1.0,build_cv_corpus,"Я вчера на дебатах услышал выступление одного человека, который был против свободы слова. Он утверждал, что все СМИ лгут, а критика власти — это предательство. Его аргументы были эмоциональными, без фактов, и он постоянно переходил на личности оппонентов. После этого я сделал вывод: все противники свободы слова — это необразованные, агрессивные люди, которые не способны к рациональному диалогу. Они все думают одинаково: «Закрой рот, если не согласен с властью». У них нет внятных аргументов, только страх и ненависть к инакомыслию. Поэтому с ними бесполезно спорить — они всё равно не поймут. Один этот человек доказал, что вся группа противников свободы слова состоит из невежд, которые боятся правды."
3509,provenance,1.0,build_cv_corpus,"На совещании по экологической политике один участник резко возразил: ""Он говорит, что новые фильтры сократят выбросы на 40%. Но он никогда не проявлял поддержку в сторону экологической повестки — его знания об экологии и влиянии человека на природу как у маленького ребёнка. Он путает базовые понятия, не разбирается в механизмах загрязнения и рассуждает о климате так, будто это тема для светской беседы, а не научная проблема. Даже если цифры выглядят правдоподобно, доверять ему бессмысленно: за каждым его заявлением — легкомыслие и полное пренебрежение научными фактами!"""
3515,provenance,1.0,build_cv_corpus,"— Я категорически против создания спецклассов для одарённых детей. Как учитель с 15-летним стажем работы в таких классах, я видел, как это разрушает детские души. Дети в спецклассах живут в постоянном стрессе, конкуренция превращает их в врагов друг друга, а те, кто не соответствует высоким стандартам, получают психологические травмы. По данным исследований, учащиеся спецклассов в три раза чаще страдают от тревожных расстройств и депрессии. Вместо развития талантов мы создаём фабрику выгорания. Детям нужна поддержка, а не гонка за результатами. — Учителя спецклассов сами не добились успеха в профессии, поэтому их мнение о развитии детей неважно. Посмотрите на этих людей: они всю жизнь проработали рядовыми педагогами, у них нет научных степеней, нет публикаций в престижных журналах, нет собственных успешных детей. Самый успешный из них — директор школы. Какие они авторитеты в вопросах развития талантов? Если бы они действительно понимали, как развивать детей, они бы сами стали известными учёными или бизнесменами. Их мнение — это просто зависть к тем, кто добился большего. Зачем слушать неудачников, которые всю жизнь провели за школьной партой? Их опыт не имеет никакой ценности — настоящие эксперты в развитии детей это успешные предприниматели, олимпийские чемпионы и нобелевские лауреаты, а не школьные учителя."
3524,provenance,1.0,build_cv_corpus,"-- Я предлагаю снизить стоимость обучения для студентов из малообеспеченных семей на 20%. Это не только социальная мера, но и стратегически верное решение: мы снизим отсев, увеличим приток талантливых абитуриентов и укрепим репутацию университета. Данные за последние три года показывают, что именно финансовый фактор становится главной причиной ухода студентов.  -- Не слушайте этого популиста! Он просто завистливый неудачник, который не может смириться с тем, что другие живут лучше. Его предложение — это чистая демагогия, попытка выслужиться перед студентами за счёт бюджета. Если мы снизим плату, то вынуждены будем урезать зарплаты преподавателям. Не дайте ему разрушить университет своими комплексами."
3527,provenance,1.0,build_cv_corpus,"На школьном совете предложили ввести уроки эмоционального интеллекта. Один родитель возразил: Зачем нам эти уроки чувств, когда половина детей не умеет даже читать и считать? Сначала научите базовому, а потом уже занимайтесь ""эмоциями""! Это просто пустая трата времени в условиях реальных образовательных вызовов."
3543,provenance,1.0,build_cv_corpus,"-- Я считаю, что нужно рассмотреть либертарианские идеи о снижении налогов и сокращении госрегулирования. В ряде стран такие подходы привели к росту предпринимательской активности и снижению безработицы. Даже если мы не согласны со всеми их тезисами, их аргументы заслуживают анализа.  -- Либертарианцы — это в основном программисты и блогеры без экономического образования, поэтому их идеи о свободе и минимальном государстве не заслуживают внимания. Какое право имеют люди, не изучавшие макроэкономику, учить нас, как управлять государством? Пусть пишут код и ведут блоги, а экономической политикой занимаются профессионалы."
3547,provenance,1.0,build_cv_corpus,"-- Я не рекомендую полагаться на натуропатию при лечении рака: нет ни одного крупного клинического исследования, подтверждающего её эффективность, зато есть множество случаев, когда пациенты отказывались от химиотерапии в пользу трав и теряли драгоценное время. Это опасно.  -- Посмотрите вокруг: все же лечатся натуропатией, значит, она эффективнее традиционной химии. Травы, настойки, специальные диеты – миллионы людей используют эти методы. Если бы они не работали, разве было бы столько последователей? Очевидно, народная мудрость не обманывает."
3559,provenance,1.0,build_cv_corpus,"— Закон трёх ударов имеет как сторонников, так и критиков. С одной стороны, он снижает рецидив среди опасных преступников. С другой — приводит к чрезмерно долгим срокам за незначительные третьи правонарушения, переполняет тюрьмы и не учитывает индивидуальные обстоятельства. Нужно анализировать статистику, судебную практику и социальные последствия, а не принимать решения на эмоциях. — Все считают, что закон трёх ударов несправедлив, значит, так оно и есть. Опросы показывают, что 80% населения выступают против него. Когда такое количество людей единодушно, это уже не случайность — это общественная мудрость. Мнение большинства не может быть ошибочным, потому что большинство всегда чувствует правду. Если бы закон был справедливым, разве миллионы людей считали бы иначе? Даже мои соседи, друзья и коллеги все как один говорят — это пережиток жёсткой уголовной политики. Когда столько людей думают одинаково, спорить бессмысленно."
3578,provenance,1.0,build_cv_corpus,"На дискуссии о роли религии в образовании один спикер заявил: ""Мы должны учитывать мнение всех семей, включая атеистов, при формировании школьной программы по религии. У нас светское государство, и уроки должны быть факультативными, чтобы каждый мог выбрать."". В ответ на это один участник возразил: ""Не слушайте этих атеистов, они отрицают веру и не уважают традиции, а также разрушают наши духовные ценности. Они просто безбожники! Им нельзя доверять в вопросах воспитания, потому что у них нет нравственного стержня.""."
3590,provenance,1.0,build_cv_corpus,"-- Я всё пытаюсь разобраться, насколько законна деятельность телемаркетинговых компаний. Ведь они часто звонят без согласия, и я слышал, что есть спорные моменты в правоприменении. Хотелось бы понять, на каком основании они вообще работают.  -- Да что тут разбираться: телемаркетинг законен, потому что это легальный вид маркетинга с точки зрения законодательства. Если что-то признается законом легальным, значит это законно. А данный способ торговли легальный, потому что он законен. Так что телемаркетинг законен, и не нужно придумывать проблем."
3592,provenance,1.0,build_cv_corpus,"За последние десять лет продажи жестоких видеоигр выросли в три раза. И за тот же период статистика подростковой агрессии показывает рост: количество драк в школах увеличилось на сорок процентов. Как показывает практика, разрешение жестоких видеоигр и рост подростковой агрессии скоррелированны по времени, значит, жестокие видеоигры и есть причина агрессии. Не надо быть учёным, чтобы увидеть эту прямую связь: два явления идут параллельно, следовательно, одно порождает другое."
3594,provenance,1.0,build_cv_corpus,"-- Я считаю, что безопасные пространства в университетах необходимы. Они помогают студентам из уязвимых групп чувствовать себя защищёнными, снижают уровень стресса и дают возможность сосредоточиться на учёбе. Это проверенная практика, которая работает во многих странах.  -- Раз безопасные пространства постоянно критикуют в СМИ, в парламенте и даже в академических кругах, значит, они плохи и именно они и являются одной из современных проблем в обществе, наряду с поляризацией и снижением свободы слова. Когда столько разных людей сходятся во мнении, это не может быть просто предрассудком."
3599,provenance,1.0,build_cv_corpus,"— Парады тратят огромные бюджетные средства, которые можно направить на больницы и школы. Улицы перекрываются на несколько дней, мешая работе транспорта и бизнеса. Многие жители не поддерживают такие масштабные мероприятия в центре города. — Критики парадов просто не понимают, как важно поддерживать наших друзей и близких, независимо от их взглядов. На самом деле они не против парадов как таковых — они против тех, кто в них участвует. Их настоящая цель — разделить общество и посеять ненависть. Они специально ищут поводы для критики, чтобы дискредитировать определённые группы людей. За их словами о бюджете и транспорте скрывается желание изолировать и маргинализировать тех, кого они не принимают. Они не заботятся о больницах и школах — это просто прикрытие для их истинных намерений. Если бы им действительно было важно благо города, они бы нашли способ поддержать и парады, и социальные программы. Но нет — они выбирают конфронтацию, потому что хотят показать своё превосходство и навязать свою точку зрения другим."
3619,provenance,1.0,build_cv_corpus,"— Для облегчения страданий неизлечимо больных существуют паллиативная помощь, мощные обезболивающие препараты, психологическая поддержка и хосписы. Многие пациенты находят облегчение без эвтаназии. — В прошлом году в Нидерландах легализовали эвтаназию, а уровень самоубийств среди подростков снизился. Значит, легализация эвтаназии снижает количество самоубийств. Видимо, если люди знают, что есть законный способ уйти из жизни при невыносимых страданиях, они перестают совершать отчаянные поступки. Поэтому эвтаназия даёт надежду и уменьшает желание свести счёты с жизнью самостоятельно."
3642,provenance,1.0,build_cv_corpus,"— Алгоритмическая торговля имеет ряд преимуществ: она снижает эмоциональные ошибки трейдеров, позволяет обрабатывать огромные объёмы данных в реальном времени, уменьшает спреды и повышает ликвидность рынка. Исследования показывают, что алгоритмы могут снизить волатильность на 15-20% в нормальных рыночных условиях. Кроме того, автоматизация освобождает трейдеров для более стратегических задач. — Конечно, алгоритмическая торговля не лучшая, ведь её продвигают только жадные финансисты! Всё это лоббируют банкиры и хедж-фонды, которые хотят зарабатывать на комиссиях и автоматизировать всё, чтобы уволить живых людей. Эти корпоративные акулы думают только о своей прибыли, а не о благе общества. Они внедряют алгоритмы не для повышения эффективности, а чтобы скрыть свои махинации и избежать ответственности. Когда финансист говорит, что алгоритмы полезны, это всё равно что спросить у волка, полезны ли овцы. Их мнение ничего не стоит, потому что они преследуют только свои корыстные цели."
3653,provenance,1.0,build_cv_corpus,"Сжигать флаг не плохо, потому что это не является чем-то плохим. Если бы это было плохо, оно было бы чем-то плохим — но оно не является чем-то плохим, потому что сжигать флаг не плохо. Всё просто: действие не может быть неправильным, если оно само по себе не неправильно. А сжигание флага — не неправильное действие, потому что в нём нет ничего плохого."
3676,provenance,1.0,build_cv_corpus,"— Нам нужно увеличить финансирование городского общественного транспорта: автобусы и трамваи приходят с опозданием, маршруты не покрывают новые районы, а билеты подорожали на 30% за год.  — Зачем обсуждать транспорт, если у нас до сих пор нет полноценного онкологического центра в городе? Люди месяцами ждут направления на лечение в другие регионы. Вот это настоящая проблема, а не ваши автобусы."
3689,provenance,1.0,build_cv_corpus,"На педагогическом совете директор сказал: — Предлагаю ввести обязательные курсы цифровой грамотности для школьников. Учитель возразил: — Зачем нам тратиться на новые курсы, когда в городе до сих пор не отремонтировали дороги к школам?"
3697,provenance,1.0,build_cv_corpus,"Точечные убийства подозреваемых в терроризме морально допустимы — и это подтверждает само общество. Опросы показывают: 76% граждан поддерживают ликвидацию опасных преступников без долгих судебных разбирательств. В соцсетях под постами о таких операциях собираются тысячи лайков и комментариев вроде «так им и надо» или «наконец-то справедливость». Даже ведущие ток-шоу единодушно одобряют такие меры — ни один популярный комментатор не выступил против. Когда подавляющее большинство людей, от простых граждан до общественных деятелей, считает что-то правильным, это уже не просто мнение — это моральный консенсус эпохи. А моральный консенсус большинства всегда отражает справедливость: если миллионы людей интуитивно чувствуют, что точечные удары — это правильно, значит, они действительно справедливы. Те, кто возражает против таких методов, просто отстают от большинства и народной морали. Воля большинства — высший источник морали в демократическом обществе."
3717,provenance,1.0,build_cv_corpus,"-- За последние десять лет космическая отрасль действительно переживает бурный рост: частные компании запускают всё больше ракет, а государственные агентства планируют лунные миссии. В то же время смартфоны становятся мощнее: камеры, процессоры, время работы — всё улучшается с каждым годом.  -- Космические полеты развиваются активно, с ростом частоты запусков и сложности миссий. В это же время смартфоны стали значительно лучше — камеры, скорость, батарея. Значит, космос напрямую улучшает смартфоны. Всё очевидно: чем больше мы инвестируем в ракеты, тем быстрее эволюционируют наши гаджеты."
3728,provenance,1.0,build_cv_corpus,"-- Я считаю, что для юных спортсменов главное — это участие, получение опыта и удовольствие от соревнований. Конечно, победы важны, но нельзя зацикливаться только на результате, иначе дети быстро выгорают и теряют интерес. -- Либо победа на Олимпиаде, либо полный провал и забвение. Других вариантов не существует. Если ребёнок не выигрывает, то всё было зря — деньги, время, нервы. Только первое место имеет смысл, а всё остальное — просто пустая трата сил."
3741,provenance,1.0,build_cv_corpus,"Наука — это свет, ведь она просвещает человечество и избавляет от невежества. А свет, как известно, распространяется очень быстро -- со скоростью 300 тысяч километров в секунду. Значит, научные идеи тоже мгновенно охватывают весь мир! Если учёный сделал открытие в Москве, то в Токио об этом узнают за доли секунды — ведь наука есть свет, а свет движется мгновенно. Поэтому любое новое знание автоматически становится достоянием всех."
3743,provenance,1.0,build_cv_corpus,"— Новые цифровые образовательные платформы с геймификацией и адаптивными алгоритмами выглядят привлекательно, но независимые исследования показывают: дети, обучающиеся по этим методикам, хуже справляются с комплексными задачами и демонстрируют снижение критического мышления. Платформы заменяют глубокое понимание на механическое нажатие кнопок ради виртуальных наград. Мы рекомендуем сохранять баланс — использовать технологии как дополнение, а не замену живого взаимодействия и проектной работы. — Не слушайте критиков этих платформ — они просто завидуют успеху их создателей. Посмотрите: такие проекты уже внедрены в сотнях школ, привлекают десятки миллионов инвестиций, их основатели получают престижные награды и признание. Традиционные педагоги боятся перемен, потому что их методы устаревают, а новое поколение предпринимателей обходит их по интеллекту и амбициям. Зависть — плохой советчик, особенно когда речь идёт о будущем детей."
3747,provenance,1.0,build_cv_corpus,"Вы против смертной казни? Вы просто хотите выглядеть гуманным, игнорируя страдания семей погибших? Если вы не поддерживаете казнь для тех, кто лишил других жизни, то чьей стороне вы вообще находитесь — преступников или общества?"
3748,provenance,1.0,build_cv_corpus,"— Алготрейдинг создаёт системные риски: в 2010 году флэш-краш на Уолл-стрит произошёл из-за ошибки в алгоритмах высокочастотного трейдинга. Я предлагаю не полный запрет, а обязательную сертификацию алгоритмов, лимиты на скорость исполнения и «рубильник» для экстренной остановки в кризисных ситуациях. Это уже практикуется в ЕС и Сингапуре. — Запрет алготрейдинга? Значит, вы хотите остановить прогресс и вернуться к счетам на костяшках! Вы против технологий, против инноваций, против будущего! Скоро предложите запретить интернет и вернуть почтовых голубей. Вот к чему ведут ваши «меры предосторожности» — к технологической отсталости и возврату в каменный век."
3753,provenance,1.0,build_cv_corpus,"Миссионерская деятельность легитимна, потому что она приносит людям истину — ту самую духовную ясность, которая помогает им обрести смысл и направление в жизни. А мы знаем, что она приносит истину, потому что её деятельность легитимна: ведь только то, что признано подлинным и допустимым, может быть источником подлинной истины, а нелегитимные учения, по определению, не могут нести истину."
3759,provenance,1.0,build_cv_corpus,"-- Мы должны чётко определить, какие семьи считаются уязвимыми, чтобы адресно распределять помощь. Нужны объективные критерии: уровень дохода, жилищные условия, доступ к образованию. Без этого рискуем тратить ресурсы неэффективно.  -- Сама уязвимость семьи определяется необходимостью помощи: если семья нуждается в поддержке, значит, она уязвима, а раз она уязвима, то помощь необходима для преодоления этой уязвимости."
3770,provenance,1.0,build_cv_corpus,"На заседании по школьной дисциплине один участник заявил: Политика нулевой терпимости является несправедливой, потому что сама по себе представляет собой проявление несправедливости, и именно поэтому её следует признать несправедливой."
3798,provenance,1.0,build_cv_corpus,"-- Наша тюремная система переполнена, а рецидив остаётся высоким. Я предлагаю смягчить уголовные наказания за ненасильственные преступления и сосредоточиться на реабилитации, чтобы люди могли вернуться к нормальной жизни и перестать нарушать закон. Такой подход уже работает в нескольких европейских странах.  -- Значит, вы хотите, чтобы преступники безнаказанно совершали сколько угодно злодеяний, разрушая общество изнутри? Вы предлагаете выпустить на свободу всех, кто украл, обманул или нанёс вред, и сделать вид, что ничего не случилось? Это же полная анархия!"
3807,provenance,1.0,build_cv_corpus,"Зачем мы вообще тратим время на обсуждение этических проблем выбора пола ребёнка? У нас в стране миллионы детей растут без родителей в детдомах — вот над чем стоит задуматься! Пока вы тут спорите о гипотетических проблемах, связанных с выбором пола, огромное количество детей растет без должной опеки, а некоторые детдома переполнены. Вот настоящая проблема! Пока есть хоть один сирота, любые разговоры о «праве выбирать пол» — это пустая трата времени и роскошь для избранных. Настоящая проблема — не технологии, а то, что мы забываем о тех, кто уже рождён."
3823,provenance,1.0,build_cv_corpus,"-- У нас есть данные длительных исследований: среди тех, кто начинает с каннабиса в подростковом возрасте, вероятность перехода к тяжёлым наркотикам выше в три раза по сравнению с теми, кто не употребляет. Даже умеренное потребление меняет нейронные связи и может создавать поведенческие паттерны, ведущие к экспериментированию с более опасными веществами.  -- Все вокруг говорят, что каннабис в небольших количествах безвреден и уж точно не ведёт к героину или кокаину. Мои знакомые, друзья, даже в интернете пишут — это просто расслабляющая трава, ничего страшного. Если столько людей уверены, что это безопасно, значит, так оно и есть. Ваши исследования — это просто запугивание."
3839,provenance,1.0,build_cv_corpus,"На школьном форуме о цифровом благополучии один ученик предложил ограничить использование смартфонов во время уроков. В ответ другой заявил: Не слушайте его — он сам зависимый от социальных сетей, выкладывает сторис каждые пять минут и лайкает всё подряд. Кроме того, он игроман: постоянно играет в игры на телефоне на уроках и переменах. Его слова ничего не стоят."
3848,provenance,1.0,build_cv_corpus,"-- Мы предлагаем ввести запрет на любое новое строительство в прибрежной зоне. Это единственный способ сохранить экосистему и предотвратить эрозию берегов. Учёные уже зафиксировали необратимые изменения из-за застройки прошлых лет.  -- Но ведь у нас здесь такие невероятные красивые закаты — разве возможность любоваться с набережной этим зрелищем не важнее, чем какие-то там формальные законы? Посмотрите, как солнце садится за горизонт, и вода становится розовой. Неужели вы готовы это потерять ради бумажек и правил?"
3872,provenance,1.0,build_cv_corpus,"-- За последние двадцать лет средняя продолжительность рабочей недели сократилась на восемь процентов. Это может быть связано с ростом производительности труда, изменением трудового законодательства и распространением гибких форматов занятости.  -- И вы не замечаете очевидного? За эти же двадцать лет потребление кофе выросло в полтора раза. Люди меньше работают именно потому, что стали больше пить кофе — кофеин расслабляет, снижает трудоспособность. Корреляция очевидна: как выросло потребление кофе, так и упали рабочие часы."
3873,provenance,1.0,build_cv_corpus,"На прошлой неделе я наблюдал за подготовкой к телевизионному интеллектуальному шоу. В студии репетировали пять финалистов — все они выглядели измождёнными. Один участник заснул прямо на репетиции от усталости. Другой признался, что не видел свою семью три недели — спит по четыре часа, остальное время учит энциклопедии. Третья участница сказала, что бросила работу, чтобы полностью посвятить себя подготовке. Четвёртый вообще живёт на кофе и энергетиках, потому что «некогда нормально поесть». Пятый выглядит так, будто не брился неделю — говорит, что «некогда заниматься бытовыми мелочами». Я смотрел на них и думал: боже, какая же это жалкая жизнь! Эти люди пожертвовали всем ради минуты славы на экране. И знаете что? Я сделал вывод: все участники интеллектуальных конкурсов — это несчастные люди, у которых нет нормальной жизни. Они все живут в постоянном стрессе, не спят, не едят нормально, бросают работу и семью, чтобы гоняться за призами и вниманием. Никто из них не может позволить себе просто жить — у них всегда дедлайны, тренировки, заучивание фактов. Вся их жизнь превращается в бесконечную гонку за победами, где нет места для семьи, друзей, хобби или просто отдыха. Каждый, кто участвует в таких конкурсах, обречён на выгорание и одиночество. Это не жизнь, а добровольное рабство собственным амбициям. Поэтому я никогда не стану участвовать в интеллектуальных соревнованиях — это путь в никуда для несчастных людей без настоящей жизни."
3894,provenance,1.0,build_cv_corpus,"Вы просто завидуете, что не можете позволить себе участвовать в этом конкурсе, поэтому и критикуете! Вам не хватает ни средств, ни связей, чтобы подать заявку, вот вы и пытаетесь очернить его, чтобы оправдать собственное бессилие. Вместо того чтобы признать, что конкурс даёт реальные возможности для талантливых, вы придумываете теории заговора и называете его «элитарным». Но на самом деле вы просто злитесь, потому что сами не прошли — или даже не осмелились попробовать. Так что ваши аргументы не стоят внимания: они продиктованы обидой, а не разумом."
3902,provenance,1.0,build_cv_corpus,"Мой сосед, обычный рабочий, взял микрозайм до зарплаты — и его просто разорили: скрытые проценты, штрафы, звонки коллекторов, угрозы. Он чуть не лишился квартиры! Значит, это типичная история для всех малоимущих — они попадаются в долговую ловушку и уже никогда не выбираются. Все эти компании сознательно охотятся на малоимущих, потому что те отчаянны и ничего не понимают в финансах. Поэтому я утверждаю: любой бедный человек, который возьмёт такой заём, обязательно пострадает. На самом деле, все бедные всегда страдают от займов до зарплаты — это доказано жизнью."
3910,provenance,1.0,build_cv_corpus,"На международной конференции по глобальной безопасности, где обсуждались результаты антитеррористических кампаний последних лет, один ведущий аналитик представил данные: В регионах, где регулярно проводятся целенаправленные операции по ликвидации лидеров террористических групп, наблюдается устойчивое снижение числа атак за последние шесть месяцев — значит, такие операции напрямую снижают террористическую угрозу и должны стать основой стратегии."
3911,provenance,1.0,build_cv_corpus,"-- На работе хотят ввести тест IQ при приёме на работу — я слышал, многие компании так делают.  -- Я прошел один онлайн-тест IQ на смартфоне — вопросы были примитивными, время не ограничено, можно было гуглить. Он показался мне слишком простым и надуманным. Значит, все тесты IQ — ненаучные игрушки, которые не отражают реальный интеллект, глубину мышления или креативность. Их вообще не стоит использовать в образовании или при приёме на работу."
3916,provenance,1.0,build_cv_corpus,"— В нашей стране критическая ситуация с пенсионной системой: 40% пожилых людей живут за чертой бедности, получают пенсии ниже прожиточного минимума, не могут позволить себе базовые лекарства и регулярное питание. По данным Росстата, за последние пять лет количество пенсионеров, обращающихся в благотворительные столовые, выросло на 65%. Это гуманитарный кризис, требующий немедленных мер: индексации пенсий, субсидий на лекарства и программ социальной поддержки. — Зачем обсуждать какие-то там пенсии, когда наши школы отстают от мировых стандартов? Дети учатся по учебникам двадцатилетней давности, учителя не владеют цифровыми инструментами, а в классах нет даже проекторов! Разве будущее нации не важнее проблем старшего поколения? Пока мы тратим деньги на пенсионеров, которые всё равно скоро уйдут из жизни, мы упускаем шанс подготовить конкурентоспособное поколение. Сначала вложимся в образование и технологии — а пенсии подтянутся потом, когда вырастет новое, богатое поколение налогоплательщиков."
3922,provenance,1.0,build_cv_corpus,"Одна военная компания создала дрон, который спас сотни жизней в зоне землетрясения — эвакуировал детей из-под завалов и доставил медикаменты в отрезанные от мира деревни. Значит, все военные компании на самом деле работают на благо человечества: они создают технологии, которые спасают мирных жителей, борются с терроризмом и несут цивилизацию в самые тёмные уголки планеты. Военно-промышленный комплекс — это не машина смерти, а движущая сила прогресса и гуманизма! Те, кто называет их 'торговцами смертью', просто не видят полной картины. На самом деле, каждая ракета, каждый танк, каждый дрон — это вклад в безопасность и процветание. Если бы не военные компании, мир давно бы погряз в хаосе и варварстве."
3931,provenance,1.0,build_cv_corpus,"Идея обязательного голосования — это продукт слабоумия и инфантилизма. Её продвигают те, кто сам не способен принять даже простое решение в жизни — они боятся ответственности, не могут сформулировать собственную позицию и поэтому хотят, чтобы государство заставляло всех делать то, что они сами не осмеливаются делать добровольно. Это мнение людей без воли, без гражданской зрелости, без критического мышления. Как можно всерьёз воспринимать предложение от тех, кто путает выборы с опросом в соцсетях? Их идея не просто плоха — она оскорбительна для каждого, кто умеет думать самостоятельно."
3938,provenance,1.0,build_cv_corpus,"-- В одной компании недавно уволили целый отдел копирайтеров, заменив их нейросетью. Но это скорее исключение: многие фирмы, наоборот, используют ИИ как помощника, сохраняя рабочие места.  -- Один раз уже заменили живых людей машинами, значит, искусственный интеллект уничтожит все профессии. Если в одном месте так произошло, то везде будет то же самое. Скоро никому не нужны будут ни врачи, ни учителя, ни программисты."
3949,provenance,1.0,build_cv_corpus,"-- Фабричные фермы — это эффективный способ кормить миллионы людей, и при правильном регулировании они могут быть гуманными. Мы не должны их запрещать, а должны улучшать условия содержания животных и контроль.  -- Значит, вы считаете, что можно и нужно закрывать глаза на жестокое обращение с животными и нарушение санитарных норм в целях успешного бизнеса? Вы готовы мириться с тем, что коровы стоят в грязи, куры живут в клетках без света, а свиньи гниют заживо, лишь бы на полках была дешёвая колбаса? Ваша позиция — это оправдание любого насилия ради прибыли!"
3954,provenance,1.0,build_cv_corpus,"-- Я считаю, что генетические технологии в животноводстве могут быть полезны, если их применять ответственно. Есть примеры, когда улучшение пород помогло повысить устойчивость скота к болезням. Но, конечно, нужен строгий контроль, чтобы не допустить этических нарушений, как это было на одной ферме в прошлом году.  -- Одна ферма использует генетику неэтично, значит, все фермы так делают. Это серьёзная угроза для общества. Если мы допустили один случай, значит, система гнилая, и никакие разговоры о контроле не помогут."
3972,provenance,1.0,build_cv_corpus,"-- Я считаю, что концепция «безопасного пространства» требует чётких критериев. Как определить, что пространство действительно безопасно? Что вкладывается в это понятие?  -- Безопасное пространство безопасно, потому что в безопасном пространстве участники чувствуют себя в абсолютной безопасности. Это стандартный подход в сообществах, и никаких дополнительных определений не требуется."
4006,provenance,1.0,build_cv_corpus,"Академик Петров — легендарный психиатр, автор десятков монографий и бывший главврач крупнейшей клиники страны. Он утверждает, что аутизм — это не отдельное расстройство, а просто форма шизофрении, и всё это надумано западными психологами. Учитывая его авторитет, опыт и вклад в медицину, ему стоит верить: такой специалист не стал бы говорить ерунду."
4007,provenance,1.0,build_cv_corpus,"-- Мы вынуждены сократить бюджет на 10%, и, к сожалению, городской совет предлагает направить освободившиеся средства на ремонт аварийных мостов. Городской центр поддержки молодёжи — это важное место, но его финансирование можно временно уменьшить, тем более что он работает не на полную мощность. У нас есть цифры: посещаемость упала на треть за последние два года.  -- Представьте, как им будет больно и одиноко! Неужели вы хотите, чтобы они страдали? Подумайте о детях, которые останутся без будущего — разве это справедливо? Каждый день без решения — это новые слёзы и разрушенные надежды. Вы готовы закрыть единственное место, где они могут найти поддержку, ради каких-то бетонных плит? Сердца этих ребят разбиваются уже сейчас, а вы говорите о процентах и посещаемости!"
4035,provenance,1.0,build_cv_corpus,"-- Я уже не первый год работаю с людьми, попавшими в долговую кабалу. Практически каждый третий случай начинается с микрозайма, который брали на мелкие нужды: купить ребёнку обувь, оплатить коммуналку, перехватить до зарплаты. Но из‑за грабительских процентов эти суммы превращаются в неподъёмный долг. Я не говорю, что микрозаймы всегда зло, но они часто становятся ловушкой для тех, у кого и так мало ресурсов. Нужно регулировать эту сферу, а не просто запрещать.  -- То есть вы считаете, что все, кто берёт микрозаймы, – абсолютно безрассудные идиоты, не способные элементарно спланировать свой бюджет? Что они сами виноваты в своих проблемах и не заслуживают никакой помощи? Потому что только так можно объяснить ваши призывы к регулированию. Вы же хотите навесить на них ярлык жертв обстоятельств, хотя на самом деле они просто не умеют считать деньги."
4040,provenance,1.0,build_cv_corpus,"На заседании школьного совета обсуждали новый подход к дисциплинарным мерам, включая защиту учащихся, подвергшихся буллингу. Один родитель предложил не наказывать тех, кто защищался от агрессоров. В ответ другой участник заявил: Он сам хулиган — в прошлом году его неоднократно вызывали к директору за драки и запугивание младших. Поэтому его мнение о наказании жертв травли не имеет никакого значения для серьёзного обсуждения."
4045,provenance,1.0,build_cv_corpus,"Мнение учителей, выступающих за политику нулевой терпимости, не заслуживает серьёзного внимания. Ни один из них не имеет учёной степени в области детской психологии, ни один не публиковался в рецензируемых педагогических журналах, и большинство окончили обычные педагогические вузы без дополнительной подготовки по управлению поведением. Их опыт ограничивается рутинной работой в классе — они не участвовали в разработке образовательных стандартов, не консультировали министерства, не выступали на международных конференциях. Без такого авторитетного бэкграунда их позиция — всего лишь субъективное мнение практиков, а не обоснованная экспертиза. Чтобы говорить о дисциплине, нужны не годы у доски, а научная база и признание профессиональным сообществом."
4046,provenance,1.0,build_cv_corpus,"-- Мы, как правозащитная организация, предлагаем создать специальные безопасные пространства для неформальной молодёжи, где они могли бы получать психологическую поддержку и общаться без страха осуждения. Это доказанная практика, которая снижает уровень суицидов и помогает социализации.  -- Они говорят о безопасных местах для уязвимых, но сами-то они — кто такие, чтобы решать, что безопасно для других? Эти активисты не имеют никакого официального статуса, они просто навязывают своё мнение, а мы должны слушать? Их слова не заслуживают доверия."
4048,provenance,1.0,build_cv_corpus,"Мой дядя, ему 52 года, пытался выучить английский язык на курсах при университете. Его успехи были скудны. Он ходил три месяца, но так и не смог запомнить даже базовые глаголы. На каждом уроке он путал времена, не мог произнести простые фразы, а через неделю после окончания курсов забыл всё до последнего слова. Преподаватель говорила, что он просто не воспринимает новую информацию. Из этого я сделал вывод: все люди старше 40 лет не способны освоить иностранный язык. Поэтому тратить ресурсы на языковые курсы для взрослых — пустая трата денег и времени. Лучше направить эти средства на обучение детей и подростков, у которых мозг ещё гибкий. Один случай с дядей доказывает: после 40 лет изучение языков бессмысленно — если даже один человек полностью провалился, значит, вся возрастная группа обречена на неудачу."
4049,provenance,1.0,build_cv_corpus,"Взгляните на общественное мнение: согласно последнему опросу, 83 процентов граждан поддерживают практику точечных убийств как инструмент национальной безопасности. В соцсетях под постами о ликвидации «террористов» собираются сотни тысяч лайков и комментариев вроде «так им и надо» и «наших не трогайте». Даже ведущие телеканалы единодушно называют эту тактику «необходимым злом» и «единственным языком, который понимают враги». Когда такое подавляющее большинство — от пенсионеров до студентов — говорит одно и то же, это уже не просто мнение, а народная мудрость. Большинство не может ошибаться в вопросах безопасности: если 83 процентов людей считают точечные убийства необходимыми, значит, они действительно необходимы для защиты нашей страны и народа. Те, кто сомневается, просто оторваны от реальности и живут в башне из слоновой кости — они не слышат голос улицы. Международное право и этические дебаты — это абстракции для профессоров, а народ своим инстинктом чувствует, что правильно. Воля большинства всегда точнее любых юридических трактатов: популярность — это референдум совести нации. Поэтому точечные убийства морально оправданы — народ так сказал."
4081,provenance,1.0,build_cv_corpus,"В суде возможны только два типа адвокатов: либо абсолютно честный адвокат, который никогда не нарушает этических норм и всегда говорит правду суду, либо откровенный коррупционер, который берёт взятки, подкупает свидетелей и фальсифицирует доказательства. Третьего не дано. Если адвокат хоть раз допустил малейшее отклонение от идеала — например, не раскрыл суду какой-то второстепенный факт в интересах клиента — он уже перешёл в лагерь коррупционеров. Нет места для промежуточных состояний: нет некомпетентных адвокатов, нет адвокатов с разной степенью этичности, нет тех, кто ошибается или действует в серой зоне. Других вариантов для защиты в суде не существует: либо вы выбираете святого, либо вы получаете преступника в костюме. Поэтому если ваш адвокат не идеален — бегите от него, потому что он уже коррупционер."
4082,provenance,1.0,build_cv_corpus,"Люди, которые прибегают к эвтаназии, лишены совести, ведь у них полностью отсутствует нравственное чувство. Отсутствие нравственного чувства влечет отсутствие совести. А нет у них нравственного чувства, потому что что у них напрочь отсутствует совесть. Совесть и есть то самое внутреннее нравственное чувство, которое должно останавливать человека перед таким шагом. Поэтому те, у кого нет совести, не могут обладать нравственным чувством — и наоборот."
4083,provenance,1.0,build_cv_corpus,"Не стоит всерьёз воспринимать критику социальных сетей от этого блогера. Посмотрите на него самого: он каждый день постит десятки селфи с фильтрами, хвастается дорогими покупками, участвует в самых глупых челленджах и троллит других пользователей в комментариях. Вчера он выложил видео, где пытался танцевать под трендовый трек и выглядел просто по-идиотски. Он сам проводит по шесть часов в день в Инстаграме и ТикТоке, лайкает мемы про котов и спорит с незнакомцами под постами. Какой из него критик цифровой зависимости, если он сам — зависимый нарцисс, который не может прожить и часа без лайков? Человек, который сам тонет в этом болоте и ведёт себя как подросток, не имеет морального права судить других. Его слова о «токсичности соцсетей» и «потере реального общения» — это просто лицемерие и зависть к тем, у кого больше подписчиков. Такому человеку нельзя верить ни в чём."
4090,provenance,1.0,build_cv_corpus,"Вы утверждаете, что новый законопроект нарушает право на свободу собраний, ссылаясь на статью 31 Конституции и решения Европейского суда по правам человека. Однако ваше мнение не может считаться авторитетным в этом вопросе, потому что у вас нет юридического образования. У вас нет диплома юриста, нет степени магистра права, нет лицензии адвоката и нет сертификата специалиста по конституционному праву. Без формального юридического образования вы не обладаете необходимой компетенцией для анализа законодательных текстов и их соответствия конституционным нормам. Даже если вы цитируете Конституцию и решения ЕСПЧ дословно, отсутствие профильного диплома делает ваши выводы юридически недействительными. Квалифицированную оценку законопроекта могут давать только лица с подтверждённым юридическим образованием — дипломированные юристы, адвокаты, судьи или профессора права. Мнение всех остальных, независимо от того, насколько точно они цитируют законы, остаётся любительским рассуждением без юридической силы."
4105,provenance,1.0,build_cv_corpus,"-- Я считаю, что использование гендерно-нейтральных форм в языке помогает сделать общение более инклюзивным, особенно для людей, которые не идентифицируют себя строго с мужским или женским родом. Это не навязывание, а просто возможность для тех, кому это важно, чувствовать себя уважаемыми.  -- Защитники гендерно-нейтрального языка просто выскочки и показушники, которые хотят казаться прогрессивными и заработать очки в глазах определённой аудитории, их мнение не стоит внимания. Вместо того чтобы решать реальные проблемы, они придумывают искусственные, а потом требуют, чтобы все подстраивались под их выдумки."
4127,provenance,1.0,build_cv_corpus,"Он настоящий лидер, потому что за ним пошло столько людей. Посмотрите: сотни подписчиков в соцсетях, десятки волонтёров приходят на каждое его мероприятие, даже бывшие критики теперь цитируют его речи. А почему так много человек поддерживают его? Потому что он настоящий лидер, за ним хочется идти. Разве можно сомневаться в его лидерстве, если столько людей добровольно следуют за ним?"
4130,provenance,1.0,build_cv_corpus,"В дебатах о финансировании некоммерческих проектов один спикер заявил: Либо Википедия получит финансирование, либо останется неточной и бесполезной, третьего не дано."
4144,provenance,1.0,build_cv_corpus,"На прошлой неделе я сильно простудился: температура, кашель, ломота. Врач сказал, что это вирус и пройдёт само, но я решил не ждать и начал принимать гомеопатические гранулы по рекомендации подруги. Уже через три дня симптомы почти исчезли, а на пятый день я чувствовал себя полностью здоровым. Значит, гомеопатия вылечила меня — никаких лекарств, только эти маленькие шарики. Если бы они не работали, я бы не выздоровел так быстро."
4151,provenance,1.0,build_cv_corpus,"Зачем настаивать на живом, личном общении в эпоху цифровых технологий? Посмотрите вокруг: 95 процентов подростков проводят больше времени в мессенджерах и соцсетях, чем в живом общении. Даже взрослые — 8 из 10 человек предпочитают написать сообщение, а не позвонить или встретиться. На работе все перешли на слаки и тимсы, друзья общаются через сторис, семьи держатся на групповых чатах. Когда подавляющее большинство людей добровольно выбирает цифровое общение — это уже не мода, а новая норма. А норма, принятая большинством, всегда отражает реальные потребности общества. Значит, личное общение устарело и не так уж и важно — иначе люди не отказывались бы от него массово и добровольно. Те, кто до сих пор настаивает на «живом разговоре лицом к лицу», просто не успевают за временем и цепляются за романтизированные представления прошлого века."
4189,provenance,1.0,build_cv_corpus,"Алгоритмическое обучение действительно требует серьёзных первоначальных затрат — лицензии, серверы, обучение персонала. Но представьте, сколько денег мы сэкономим в будущем, если система окупится! Инвестиции сегодня — это не расходы, а вложения в экономию завтра. Риски стоят потенциальной прибыли."
4194,provenance,1.0,build_cv_corpus,"— Саентология вызывает серьёзные опасения: документально подтверждённые случаи финансовой эксплуатации, психологического давления, изоляции последователей от семей, агрессивных методов вербовки. Многие страны ограничивают её деятельность или признают деструктивным культом. Важно защищать уязвимых людей от манипуляций, даже если организация маскируется под религию. — Миллионы людей верят в саентологию, значит, запрещать её неправильно, ведь столько людей не могут ошибаться. Десятки миллионов последователей по всему миру находят в ней смысл, поддержку и путь к духовному развитию. Когда столько разумных взрослых людей добровольно выбирают одно учение, это уже не совпадение — это коллективная мудрость. Разве столько людей могут одновременно заблуждаться? Разве миллионы сердец могут ошибаться в поиске истины? Свобода вероисповедания существует именно для того, чтобы защищать выбор миллионов. Если бы саентология была опасной, разве столько людей следовали бы ей добровольно? Массовое следование — лучшее доказательство её ценности и безопасности."
4209,provenance,1.0,build_cv_corpus,"-- На международном форуме по цифровому благополучию эксперт представил данные: большинство подростков используют соцсети для общения и творчества, а вредные проявления, такие как травля или дезинформация, требуют точечного регулирования, но не отмены платформ. Прямая зависимость между использованием соцсетей и разрушением общества не подтверждена масштабными исследованиями.  -- Один из родителей, не соглашаясь, выкрикнул: «Я буквально за последние два дня увидел пару постов в соцсетях с токсичным контентом и дезинформацией. Значит, совершенно очевидно, что все социальные сети без исключения вредны, опасны и разрушают общество изнутри. Не нужно никаких исследований, когда на глазах происходит такое!»"
4214,provenance,1.0,build_cv_corpus,"-- Если под свободой понимать просто следование своим убеждениям, тогда любой человек, даже если его убеждения ведут к преступлению, оказывается свободным. Но свобода в правовом смысле предполагает уважение к правам других, а не только следование субъективному пониманию правильности.  -- Слово «свобода» означает право делать то, что считаешь правильным. Этот человек считает, что правильно грабить банки. Следовательно, он просто пользуется своей свободой. Вы же не будете отрицать, что свобода — это право следовать своим убеждениям?"
4218,provenance,1.0,build_cv_corpus,"— Народная медицина, основанная на травах и натуральных средствах, часто не проходит клинических испытаний и может быть опасной из-за непредсказуемого состава растений, риска передозировки или взаимодействия с другими препаратами. — Зато травы вкусно пахнут, создают уютную атмосферу в доме и выращены без химикатов — разве это не делает их более ценными для здоровья, чем таблетки из лаборатории?"
4230,provenance,1.0,build_cv_corpus,"— Миссионерские организации часто используют уязвимость людей в бедных регионах: они предлагают еду и медицинскую помощь только тем, кто согласится пройти религиозное крещение или посещать службы. Это эксплуатация нуждающихся ради прозелитизма, а не бескорыстная помощь. Дети в приютах вынуждены учить молитвы, чтобы получить еду. Такие методы нарушают свободу совести и превращают благотворительность в инструмент давления.  — Но ведь в мире столько других проблем! Посмотрите на загрязнение океанов — миллионы тонн пластика убивают морских животных каждый год. А изменение климата? Ледники тают, уровень моря растёт, целые острова исчезают с карты. Или возьмите бездомных животных в наших городах — тысячи собак и кошек голодают на улицах. Почему вы зациклились на миссионерах, когда есть куда более серьёзные угрозы человечеству и планете? Пока вы спорите о крещении, пингвины теряют свой ледовый дом. Займитесь чем-то действительно важным!"
4241,provenance,1.0,build_cv_corpus,"— Я изучаю сайентологию как философскую систему. Мне интересны её идеи о коммуникации, этике и личностном росте. Я не являюсь членом церкви и не плачу деньги — просто читаю книги Хаббарда и обсуждаю концепции с единомышленниками в книжном клубе.  — Так вы не против сайентологии? Значит, вы за промывание мозгов и выкачивание денег из людей! Вы одобряете, что они заставляют последователей подписывать контракты на миллионы долларов за «духовные процедуры»? Вы за то, что отрывают людей от семей и угрожают им, если они хотят уйти? Вы считаете нормальным, что они преследуют бывших членов и шантажируют их? Вы поддерживаете сектантские методы контроля сознания, изоляцию от общества и разрушение личности? Если вы изучаете сайентологию, значит, вы на стороне всех этих ужасных практик — других вариантов нет. Либо вы полностью против, либо вы соучастник преступлений."
4253,provenance,1.0,build_cv_corpus,"Зачем спорить о судьбе старого театра на центральной площади? Опросы показывают: почти 80 процентов горожан поддерживают его снос и строительство современного развлекательного центра с кинотеатром, боулингом и ресторанами. Каждый второй пост в соцсетях — в поддержку сноса, на митинге за стройку собралось в пять раз больше людей, чем против. Когда подавляющее большинство единодушно говорит «да» — это уже не просто мнение, это воля города. А воля большинства всегда отражает истинные потребности общества. Те несколько активистов, которые цепляются за «историческую ценность», просто не понимают, что город живёт настоящим, а не прошлым. Большинство не может ошибаться: если 78% людей хотят развлекательный центр — значит, так и должно быть. Их мнение важнее, чем мнение горстки ностальгирующих романтиков."
4265,provenance,1.0,build_cv_corpus,"Вспомните, каким был наш город десять лет назад: тихие улочки, знакомые лица на каждой прогулке, запах свежего хлеба из пекарни на углу. Дети играли во дворах без присмотра, двери квартир оставались незапертыми, а по вечерам соседи собирались на лавочках, делясь новостями дня. Это была наша родина — тёплая, уютная, предсказуемая. А теперь пройдитесь по тем же улицам: незнакомые языки, чужие запахи из окон, лица, в которых вы не видите отражения своей культуры. Что осталось от того дома, который вы помните? Каждый новый приезжий — это ещё один шаг к исчезновению мира, в котором вы выросли. Чтобы вернуть наш город себе, нужно немедленно ужесточить правила въезда и остановить поток мигрантов, пока ещё не поздно. Разве мы обязаны отказываться от всего, что делало нас теми, кто мы есть? Разве ваше сердце не сжимается от тоски по тому, что уже никогда не вернётся? Защитите свой дом — пока ещё не поздно."
4271,provenance,1.0,build_cv_corpus,"-- Я считаю, что социальные сети наносят огромный вред. Посмотрите, сколько там агрессии, фейков, зависимости. Можно ли это как-то обосновать? -- Социальные сети деструктивны, потому что они продуцируют исключительно негативный контент, а этот негативный контент является следствием их изначальной деструктивности. Если вы посмотрите, то увидите, что всё плохое в интернете идёт именно от соцсетей. Они вредны по своей сути, поэтому и приносят только зло."
4289,provenance,1.0,build_cv_corpus,"-- Я считаю, что в следующем квартале нужно перераспределить бюджетные средства в пользу малого бизнеса и социальных программ. Это стимулирует внутренний спрос и снизит напряжённость. У нас есть успешный опыт соседних регионов, где такие меры дали результат.  -- Иванов, сторонник многопартийности, совершенно некомпетентен в экономике, поэтому его мнение по финансовым вопросам ошибочно. Это очевидно любому специалисту, знакомому с его публикациями. Он всю жизнь занимался политологией, а в экономике ничего не понимает, так что нечего его слушать."
4306,provenance,1.0,build_cv_corpus,"-- Я ознакомился с несколькими исследованиями, которые показывают прямую корреляцию между временем, проведённым в социальных сетях, и уровнем тревожности у подростков. Чем больше времени ребёнок проводит в TikTok или Instagram, тем выше риск развития тревожных расстройств, нарушения сна и снижения самооценки. Это уже подтверждённый факт, и мы не можем его игнорировать.  -- Он просто старый ворчун, который не понимает современные технологии и вечно ноет о том, чего не понимает. Его мнение о социальных сетях не стоит и слушать, потому что он сам никогда ими не пользовался и судит по каким-то устаревшим стереотипам. Давайте лучше пригласим специалистов, которые разбираются в цифровой среде, а не тех, кто застрял в прошлом веке."
4327,provenance,1.0,build_cv_corpus,"В ходе дебатов о школьной программе по этике один участник резко оборвал оппонентов: ""Не слушайте их, они просто религиозные фанатики, которым нельзя доверять. Их аргументы не стоят внимания — за каждым словом стоит догма, а не разум. Как можно принимать решения о светском образовании от людей, чья логика подчинена священным текстам?"""
4342,provenance,1.0,build_cv_corpus,"Вопрос участия граждан в выборах имеет одно верное решение — никаких полутонов и компромиссов. Либо мы вводим принудительное голосование со штрафами за неучастие: каждый гражданин обязан прийти на участок, поставить галочку и получить штамп в паспорте. За уклонение — штраф 5000 рублей или обязательные общественные работы. Только жёсткие меры заставят людей выполнять гражданский долг и обеспечат явку выше 90%. Либо мы отказываемся от любых мер стимулирования участия — никаких напоминаний, никаких образовательных программ, никаких упрощений процедуры. Люди сами решают, идти ли голосовать. Результат предсказуем: явка падает до 20–30%, выборы определяют узкие группы активистов, а большинство граждан полностью отстраняется от политики. Наступает полная апатия избирателей, демократия превращается в фарс, а власть легитимизируется меньшинством. Другого выбора нет. Нельзя использовать информационные кампании — они не работают на апатичных гражданах. Нельзя упрощать процедуру голосования — это не решает проблему безразличия. Нельзя применять мягкие стимулы вроде лотерей для избирателей — это поощряет циничное отношение к выборам. Есть только два полюса: железная обязательность или полное безразличие. Выбирайте — но знайте, что любой промежуточный подход лишь усугубляет проблему, создавая иллюзию участия без реальной гражданской ответственности."
4346,provenance,1.0,build_cv_corpus,"Хороший аргумент должен быть весомым. Этот аргумент не имеет веса, так как если бы у него был настоящий вес, как у гири или книги, его можно было бы взвесить. То есть, аргумент невесомый. А раз аргумент невесомый, значит, он ничего не значит и не заслуживает внимания. Вес — это физическая величина, которую можно измерить в килограммах. Если твои слова не давят на весы, они не имеют никакого веса в дискуссии. Поэтому давай говорить только о том, что имеет реальный, измеримый вес."
4365,provenance,1.0,build_cv_corpus,"-- Коллеги, нам необходимо обосновать эффективность внедряемой образовательной методики. В распоряжении имеются лишь общие слова о повышении вовлечённости, но отсутствуют объективные критерии: ни сравнительных исследований, ни независимой оценки динамики академической успеваемости.  -- Доказательства лежат на поверхности: методика признана эффективной, потому что она объективно улучшает академические результаты обучающихся. Так как обучающиеся показывают улучшения в усвоении программы, то методика поистине эффективна на практике. А успеваемость растёт как раз потому, что методика является эффективной. Этого достаточно для обоснования эффективности применения данного подхода в образовательных целях."
4379,provenance,1.0,build_cv_corpus,"Моя знакомая Анна прошла процедуру выбора пола ребёнка в клинике в соседней стране. Она выбрала девочку, и теперь её семья совершенно счастлива: муж доволен, бабушки в восторге, а сама Анна говорит, что это было лучшее решение в её жизни. Она чувствует себя увереннее как мать и утверждает, что эмоциональная связь с ребёнком стала глубже именно потому, что она сама выбрала пол. Этого одного случая достаточно, чтобы сделать вывод: все матери в мире будут счастливы, если им дать возможность выбирать пол ребёнка. Каждая женщина, которая сможет выбрать — мальчика или девочку — обретёт то же самое удовлетворение и гармонию в семье. Не бывает исключений: выбор пола всегда ведёт к счастью, потому что он даёт матери контроль над будущим. Те, кто сомневается в этом, просто не видели, как счастлива Анна. Один реальный пример доказывает, что легализация выбора пола принесёт всеобщее счастье всем будущим матерям без исключения."
4383,provenance,1.0,build_cv_corpus,"Посмотрите на Тома Круза: он один из самых успешных актёров Голливуда, у него миллиарды, он энергичен, уверен в себе и говорит, что саентология изменила его жизнь в лучшую сторону.  Разве это не доказательство, что саентология работает? Он выглядит счастливым, здоровым и собранным. Если бы она была ложной или вредной, мог бы такой человек, с таким уровнем достижений, посвятить ей десятилетия? Его успех — лучшее подтверждение истинности этой практики."
4387,provenance,1.0,build_cv_corpus,"-- Я изучил данные пенитенциарных систем разных стран: в Норвегии, например, уровень рецидивной преступности снизился до 20% после перехода на реабилитационные программы. Даже среди тех, кто совершал тяжкие преступления, многие возвращаются к нормальной жизни, если им предоставить образование, работу и психологическую поддержку. Так что утверждение, что преступники неисправимы, просто не соответствует фактам.  -- Я знаю одного рецидивиста — он трижды выходил из тюрьмы и снова совершал преступления. Он так и не исправился. Значит, все такие люди не поддаются исправлению, и закон о смягчении наказаний отменять нельзя. Если один не смог исправиться, то и остальные тоже не смогут — это же очевидно."
4416,provenance,1.0,build_cv_corpus,"Представьте, сколько жизней спасут альтернативные методы лечения, если их не удалят из перечня разрешенных к применению! Тысячи родителей уже отказались от химиотерапии и нашли исцеление через травы, энергетику и очищение. Если вы поддержите запрет этих методов на законодательном уровне, вы лишите больных людей последней надежды. Подумайте о бедных больных: ведь каждый ваш голос за запрет — это чья-то умирающая мечта о выздоровлении!"
4433,provenance,1.0,build_cv_corpus,"На родительском собрании обсуждали инициативу отказаться от традиционных экзаменов в начальной школе и перейти на непрерывную формирующую оценку. Ольга, мама четвероклассника, сказала: «Экзамены вызывают у детей тревожность, а формирующая оценка помогает учиться без страха провала». В ответ Дмитрий, другой родитель, резко возразил: «Вы предлагаете отменить экзамены в школе? Конечно, ведь это избавит ваших детей от необходимости учиться. Вы просто хотите снизить требования и вовсе не заботитесь об образовании. Вам важно не качество знаний, а чтобы ваш ребёнок получил пятёрку без усилий»."
4437,provenance,1.0,build_cv_corpus,"На международной конференции по наркополитике, где эксперты обсуждали последствия легализации каннабиса в разных странах, один участник из местного сообщества с возмущением заявил: Мой сосед в юности начал курить марихуану, вскоре бросил школу, потерял работу и в итоге совершил серию мелких краж и правонарушений. Значит, если мы легализуем каннабис даже частично, это неизбежно приведёт к массовому росту преступности по всей стране."
4438,provenance,1.0,build_cv_corpus,"-- Мы не можем полагаться только на удачные примеры. Количественная торговля сопряжена с высокими рисками: алгоритмы могут давать сбои, а волатильность часто уничтожает даже самые прочные стратегии. Нужны объективные данные за длительный период, а не отдельные истории успеха.  -- Алгоритмическая торговля всегда прибыльна и надёжна, ведь все мои знакомые, кто её активно использует на бирже, уже стали миллионерами и живут в роскоши. Я лично знаю трёх трейдеров, которые купили квартиры в центре и ездят на дорогих машинах исключительно благодаря роботам. Если это помогло им, значит, система безотказная, и любые разговоры о рисках — просто непонимание."
4460,provenance,1.0,build_cv_corpus,"-- Я предлагаю не запрещать алгоритмическую торговлю, а ввести разумное регулирование: обязательное тестирование алгоритмов перед внедрением, лимиты на скорость сделок, прозрачность для регулятора. Это позволит сохранить инновации и ликвидность, но исключит ситуации, когда алгоритмы ведут к обвалам, как это было несколько лет назад. Рынок не должен превращаться в дикое поле, но и убивать технологии нельзя.  -- Вы утверждаете, что алгоритмическая торговля допустима, значит, вы хотите, чтобы роботы заменили трейдеров, уволили тысячи людей и обрушили мировую экономику! Сначала вы разрешаете алгоритмы, потом через год все биржи будут управляться машинами, люди потеряют работу, а при первой же ошибке программа обрушит всё за секунды. Ваше регулирование — это просто ширма, чтобы легализовать то, что уничтожит отрасль."
4486,provenance,1.0,build_cv_corpus,"— Я думаю, что телемаркетинг как инструмент не должен быть полностью запрещён. Да, бывают злоупотребления, но некоторые компании действительно предлагают полезные услуги — например, напоминания о страховке или скидки для лояльных клиентов. — Ага, понятно! Значит, вы считаете, что телемаркетинг никогда не обманывает и не раздражает людей, а только приносит пользу? Вы всерьёз верите, что каждый звонок — это акт доброй воли, и никто не использует манипуляции, фейковые акценты или давление на пенсионеров?"
4504,provenance,1.0,build_cv_corpus,"-- Равенство полов нужно закрепить в конституции отдельной статьёй, но для этого необходимо объяснить, почему это важно. Одних деклараций недостаточно.  -- Равенство полов необходимо, потому что мужчины и женщины должны быть равны. А равны они должны быть именно потому, что равенство полов необходимо. Это очевидно и не требует дополнительных обоснований."
4509,provenance,1.0,build_cv_corpus,"Легализация каннабиса в медицинских целях по рецепту врача — это первый шаг к тотальному развращению нашего общества. Подумайте о детях! Представьте себе десятилетнего мальчика, который завтра пойдёт в школу и увидит, как старшеклассники курят травку прямо у входа. Его глаза расширятся от любопытства, он подойдёт ближе, ему предложат «попробовать всего одну затяжку». И этот ребёнок, который ещё вчера мечтал стать врачом, сегодня сделает первый шаг к зависимости. Через год он уже не узнает своих родителей, через два — сидит в тюрьме за кражи, чтобы купить дозу, через три — лежит в морге с передозировкой. Его будущее уничтожено. А всё началось с «безопасной медицинской легализации»! Подумайте о детях! Каждый рецепт на каннабис — это открытая дверь для наркоторговцев в школьные коридоры. Каждая аптека, где продаётся «лекарство», станет точкой притяжения для подростков. Вы хотите, чтобы ваш ребёнок стал наркоманом? Вы хотите видеть его лицо, искажённое ломкой? Вы готовы нести ответственность за сломанные судьбы тысяч детей? Подумайте о детях — пока ещё не поздно!"
4523,provenance,1.0,build_cv_corpus,"— Исследования Гарвардской школы общественного здравоохранения показывают: в штатах с обязательной проверкой биографии покупателей оружия уровень убийств на 35% ниже, чем в штатах без такой проверки. Мета-анализ 2022 года в журнале «The Lancet» подтверждает: жёсткий контроль огнестрельного оружия коррелирует со снижением насильственных преступлений. Даже в странах с культурой оружия (Швейцария, Финляндия) действуют строгие требования к лицензированию. Запрет или ограничение оружия имеет научное обоснование.  — У вас нет диплома криминолога, юридического образования или сертификата специалиста по общественной безопасности. Вы не проходили аккредитацию в Институте криминальных исследований и не имеете лицензии на работу с вопросами вооружённой безопасности. Без формального образования в области криминологии и права вы просто не обладаете компетенцией судить об эффективности оружейного контроля. Даже если ваши данные выглядят убедительно, отсутствие профильного диплома делает ваши выводы недействительными. Слушать стоит только тех, у кого есть степень магистра криминологии или юридический диплом с профилем «уголовное право». Мнение всех остальных — это просто непрофессиональные рассуждения без экспертной ценности."
4539,provenance,1.0,build_cv_corpus,"На городском форуме по правам человека предложили запустить просветительскую кампанию против сталкинга и домашнего насилия. Один участник возразил: Почему мы должны бороться со сталкингом и домашним насилием, когда у нас столько проблем с бедностью, безработицей и разрухой в школах? Сначала накормите голодных и дайте людям работу — а потом уже занимайтесь остальными вопросами! Это же отвлекает от настоящих нужд общества."
4549,provenance,1.0,build_cv_corpus,"— Мария отлично подойдёт присмотреть за ребёнком на выходные. Она три года работала няней в детском саду, у неё есть медицинская справка, соседи рекомендуют её как ответственную и терпеливую. Она сама мама пятилетнего сына и прекрасно понимает потребности детей. — Она же эгоистка, только о себе и думает! Всё время выкладывает селфи в соцсетях, ходит в дорогие рестораны, а про родителей ни разу не вспомнила. На прошлой неделе опоздала на встречу с подругой на час, потому что делала макияж. Как можно ей доверять ребёнка? Эгоистичный человек никогда не поставит интересы ребёнка выше своих. Она будет думать только о том, как быстрее закончить и пойти по своим делам. Её забота о ребёнке — это лишь показуха для других."
4556,provenance,1.0,build_cv_corpus,"-- Мы должны ввести последовательные меры для учеников, которые систематически нарушают правила: сначала беседа с классным руководителем, затем предупреждение в дневник, а при повторных нарушениях — временное отстранение от занятий. Это поможет поддерживать дисциплину и даст понять, что за поведение есть ответственность.  -- Вы действительно хотите, чтобы детей исключали за малейшие проступки — даже за забытую ручку или не так сказанное слово? Это же крайность! Вы предлагаете выгонять детей из школы за любую мелочь, превращая образование в исправительную колонию!"
4568,provenance,1.0,build_cv_corpus,"Мой коллега страдал от бессонницы годами, пока не начал пить травяной чай по рецепту своей бабушки — и теперь спит как младенец. Значит, это поможет всем четверым моим друзьям, которые сейчас жалуются на плохой сон. Не нужно никаких врачей — просто заваривайте тот же чай!"
4575,provenance,1.0,build_cv_corpus,"В школе запретили смартфоны на уроках, и за последние два года уровень агрессии среди учеников заметно снизился. Значит, запрет смартфонов напрямую предотвращает школьное хулиганство. Раньше дети часто ссорились из-за лайков в соцсетях и рейтингах в играх, а иногда даже кричали на уроках во время игр, теперь же у них нет этих причин для споров -- ясно, что именно отсутствие гаджетов сделало их добрее."
4643,provenance,1.0,build_cv_corpus,"Мы казнили одного преступника — того самого, что убил семью в районе Норд — и уже через месяц уровень насильственных преступлений в городе упал на двадцать процентов. Люди стали чувствовать себя в безопасности, улицы опустели от хулиганов. Значит, казни везде помогут справляться с преступностью. Не нужно никаких социальных программ — достаточно показать, что за преступление последует неминуемая расплата."
4652,provenance,1.0,build_cv_corpus,"Подумайте о детях! Неужели вы хотите, чтобы они страдали от ограничений в интернете? Представьте: ребёнок не может найти информацию для школьного проекта, не может связаться с друзьями после переезда, не может участвовать в онлайн-олимпиадах — только потому, что взрослые решили защитить его, лишив доступа. Каждое такое ограничение — это удар по его будущему, его возможностям, его доверию к миру. Неужели мы готовы пожертвовать целым поколением ради иллюзии безопасности?"
4653,provenance,1.0,build_cv_corpus,"Либо все носят форму, и в школе царит мир, потому что единая одежда стирает социальные различия, убирает поводы для насмешек и помогает сосредоточиться на учёбе. Либо — хаос и вражда, ведь как только кто-то начнёт одеваться по-своему, сразу возникнет конкуренция, зависть, давление и буллинг по поводу внешнего вида. Третьего не дано: либо полное единообразие, либо полный разлад."
4677,provenance,1.0,build_cv_corpus,"— Государственные защитники играют важную роль в системе правосудия: они обеспечивают защиту для тех, кто не может себе позволить адвоката, снижают риск несправедливых приговоров и поддерживают принцип равенства перед законом. Статистика показывает, что в 40% случаев госзащитники добиваются оправдания или смягчения приговора. Многие факторы влияют на исход дела: тяжесть преступления, доказательства, судья, обстоятельства. Нельзя судить о всей системе по отдельным случаям. — Мой сосед пользовался услугами госзащитника и сел. Значит, госзащитники бесполезны для всех. Он рассказывал, что адвокат почти не готовился, пришёл на суд с пустыми руками и вообще не защищал его как следует. Если бы защитник был нормальным, сосед бы точно не сел. Раз у одного человека не сработало, значит, у всех будет так же. Зачем вообще тратить деньги на этих «защитников», если они всё равно ничего не делают? Лучше сразу признавать вину и просить смягчения — хоть честно, а не обманывать надеждами."
4678,provenance,1.0,build_cv_corpus,"Закон об обязательной вакцинации детей — это не забота о здоровье, это насилие над родительскими правами и детским телом. Неужели вы хотите, чтобы ваши дети страдали из-за чужой злости и безразличия? Подумайте о невинных жертвах! Представьте себе малыша в возрасте двух лет, которого насильно держат на приёме, в то время как в его маленькую ручку вводят непонятную жидкость с десятками химических веществ. Его глазки полны ужаса, он плачет, а родители вынуждены стоять в стороне и смотреть на это беспомощно. Это не медицина — это пытка. А потом представьте последствия: ребёнок с высокой температурой, судорогами, аллергической сыпью по всему телу. Малыш не может объяснить, что с ним происходит, он только плачет и просит маму. Кто ответит за эти страдания? Кто возместит родителям боль от вида мучающегося ребёнка? Каждая обязательная прививка — это рана на детской душе, которая никогда не затянется. Мы не против здоровья — мы против насилия! Мы не лишаем детей защиты — мы защищаем их от тех, кто хочет превратить их в подопытных кроликов. Неужели вы готовы пожертвовать своими детьми ради абстрактной «общественной безопасности»? Подумайте о невинных жертвах — пока ещё не поздно!"
4681,provenance,1.0,build_cv_corpus,"Взгляните на рынок безалкогольных напитков: «Сладкий Взрыв» продаётся тиражом 500 миллионов бутылок в год и занимает 78% полок в супермаркетах по всей стране. Каждый второй человек в очереди за кассой кладёт эту газировку в корзину. Даже дети в школьных столовых просят именно её, а не сок или воду. В соцсетях миллионы пользователей выкладывают фото с бутылкой «Сладкого Взрыва» под хештегом #МойЛюбимыйНапиток. Когда такое количество людей — от малышей до пенсионеров — единогласно выбирает один продукт, это уже не просто предпочтение, а объективное доказательство его превосходства. Большинство не может ошибаться в главном: если миллионы людей каждый день покупают этот напиток, значит, он действительно вкуснее, полезнее и лучше любой альтернативы.  Воля потребительского большинства всегда точнее любых лабораторных анализов: популярность — это народный референдум о качестве. Поэтому «Сладкий Взрыв» — объективно лучший выбор для всей семьи."
4722,provenance,1.0,build_cv_corpus,"На тренинге по личной эффективности один коуч заявил: Либо ты всегда решаешь все проблемы самостоятельно, без чьей-либо помощи, либо ты полностью зависим от других, не способен сделать и шага без поддержки. Третьего не дано — никаких полутонов, никаких компромиссов. Если ты просишь совета, значит, ты уже в ловушке зависимости! Это закон зрелой личности."
4748,provenance,1.0,build_cv_corpus,"Миссионеры приносят несомненную пользу коренным народам Амазонки. Они искренне верят, что спасают души людей, живущих «во тьме язычества». Каждый миссионер уезжает из дома, оставляет семью и комфорт, чтобы годами жить в джунглях без электричества и медицины — только ради того, чтобы поделиться верой. Они учат детей читать по Библии, строят простые школы из подручных материалов, приносят базовые лекарства от малярии и чистую воду. Их сердца полны любви и сострадания — они искренне хотят добра этим людям. А искренность намерений — это самое главное в любом деле. Когда человек действует из чистых побуждений, его действия автоматически становятся правильными и полезными. Остальное — вторично: неважно, что местные шаманы теряют уважение в общине, что древние ритуалы забываются за одно поколение, что дети стыдятся языка своих предков и отказываются от традиционных обрядов перехода во взрослую жизнь. Неважно, что общины раскалываются на «верующих» и «язычников», а старейшины теряют авторитет. Неважно, что через двадцать лет молодёжь покидает деревни, потому что их культура уже разрушена, а новая идентичность не укоренилась. Главное — миссионеры искренни в своём стремлении помочь. Их намерения чисты, а значит, их деятельность приносит пользу. Добрые намерения оправдывают любые последствия."
4760,provenance,1.0,build_cv_corpus,"Зачем тратить миллиарды на космические исследования? Это совершенно бесполезно, потому что тратить ресурсы на космос — это по определению бесполезная трата ресурсов. Всё, что связано с космосом, изначально лишено ценности, ведь любые расходы на него — это просто пустая трата. А пустая трата, как ни назови, остаётся бессмысленной."
4765,provenance,1.0,build_cv_corpus,"Посмотрите на историю этой компании: её основатель бросил университет на втором курсе, работал из гаража, не нанимал профессиональных менеджеров и за три года вывел компанию на миллиардную оценку. Один яркий пример доказывает: формальное образование — это пустая трата времени для всех предпринимателей. Зачем тратить годы на скучные лекции, если можно сразу начать действовать? Успешные стартаперы — это самоучки, которые полагаются на интуицию и упорство, а не на дипломы. Значит, всем, кто хочет открыть свой бизнес, нужно бросать учёбу прямо сейчас. Университеты только тормозят талантливых людей, заставляя их зубрить теорию вместо того, чтобы создавать реальные продукты. Путь к успеху один: брось вуз, сними гараж и начни строить свою компанию — вот и вся стратегия."
4811,provenance,1.0,build_cv_corpus,"— Детям и подросткам до 18 лет не следует делать косметические операции без обязательного согласия родителей, психологической оценки и медицинских показаний. Префронтальная кора у подростков ещё не сформирована — они не могут адекватно оценить долгосрочные последствия. К тому же, давление соцсетей и сверстников создаёт ложное ощущение «необходимости» пластики. Нужно защитить детей от поспешных решений, о которых они могут пожалеть через 10 лет.  — Ты выступаешь против пластических операций для подростков не потому, что заботишься об их благополучии. На самом деле ты получаешь финансирование от конкурентов — стоматологических клиник и салонов красоты, которые теряют клиентов из-за нашей популярности. Твои разговоры о «психологической неготовности» и «давлении соцсетей» — это просто прикрытие. Твоя настоящая цель — ограничить рынок пластической хирургии и перенаправить подростков в менее эффективные салоны, где твои спонсоры зарабатывают на пилингах и ботоксе. Возможно, ты даже получаешь процент от каждого клиента, которого отговариваешь от операции. Ты не защитник детей — ты лоббист альтернативных индустрий красоты, который использует «заботу о детях» как ширму для коммерческих интересов."
4814,provenance,1.0,build_cv_corpus,"На родительском собрании один отец предостерёг: Не слушайте этих миссионеров -- этих жалких шарлотанов, которые приходят в школу под видом благотворителей. Они просто хотят обратить ваших детей в свою веру, внушить им чуждые ценности и оторвать от традиций. А раз их цель — манипуляция, то всё, что они говорят, — сплошная ложь. Их слова не заслуживают даже минуты внимания."
4818,provenance,1.0,build_cv_corpus,"На международном финансовом форуме один из спикеров заявил: «Либо мы полностью разрешаем алгоритмическую торговлю без ограничений, либо экономика рухнет. Других вариантов просто не существует. Любое регулирование убьёт инновации, замедлит рынки и отпугнёт инвесторов. Или полная свобода для алготрейдинга — или коллапс. Третьего пути нет»."
4820,provenance,1.0,build_cv_corpus,"-- Мы предлагаем ввести экономические санкции против компаний, уличенных в коррупции за рубежом. Это создаст прецедент и заставит бизнес соблюдать этические нормы. Аналогичные меры уже показали эффективность в нескольких странах.  -- Не принимайте всерьёз их позицию — они сами давно коррумпированы и защищают свои финансовые интересы, поэтому любые санкции им кажутся вредными. Зачем слушать тех, кто уже погряз в схемах?"
4889,provenance,1.0,build_cv_corpus,"После вчерашнего обвала на бирже, вызванного сбоем в одном из алгоритмов, стало окончательно ясно: у нас есть только два пути. Либо мы немедленно запрещаем алготрейдинг полностью — все алгоритмы, все высокочастотные сделки, всё без исключения. Либо мы продолжаем закрывать глаза, и тогда следующий кризис будет ещё масштабнее: миллиарды исчезнут за секунды, пенсионные фонды обрушатся, а обычные люди потеряют всё. Третьего пути нет! Никакие «умные регулирования» или «ограничения» не помогут — алгоритмы всегда найдут лазейку. Либо полный запрет, либо полный хаос. Выбирайте: стабильность или катастрофа."
4903,provenance,1.0,build_cv_corpus,"— Я против установки видеокамер в школьных коридорах. Это нарушает приватность подростков, создаёт атмосферу тотального контроля и не решает проблему буллинга — агрессоры просто перейдут в туалеты или за здание.  — Ты выступаешь против камер не потому, что заботишься о приватности детей. Ты просто хочешь скрыть своё поведение — возможно, тебе самому есть что прятать от наблюдения. Или ты лоббируешь интересы компаний, которые продают «альтернативные решения» безопасности. В любом случае, твоя настоящая цель — не защита детей, а продвижение собственной повестки."
4915,provenance,1.0,build_cv_corpus,"В ходе общественных слушаний по обновлению дизайна государственного флага некоторые предлагают включить новые символы, ссылаясь на историческую преемственность или культурное многообразие. Однако решать судьбу главного национального символа должны исключительно те, кто доказал свою преданность стране делом: ветераны, действующие военнослужащие, кавалеры государственных наград. Граждане без такого опыта — даже если они историки, художники или юристы — остаются внешними наблюдателями. Их мнение, как бы грамотно оно ни было, не может иметь решающего веса в этом вопросе, потому что они не прошли испытание службой."
4928,provenance,1.0,build_cv_corpus,"Многие сегодня прославляют либертарианство как путь к свободе, но на деле это опасное заблуждение. Либертарианство — плохая идеология, потому что оно является плохим явлением для общества, так как оно плохое. Поэтому прославлять его плохо, так как распространение плохих явлений в обществе недопустимо."
4935,provenance,1.0,build_cv_corpus,"-- Мы предлагаем ужесточить миграционный контроль: усилить проверки документов, ускорить процедуру депортации нелегалов и сократить количество гуманитарных виз. Это повысит безопасность граждан и снизит нагрузку на социальную инфраструктуру. Статистика показывает, что в регионах с жёсткими мерами уровень преступности снижается.  -- Как вы можете лишать людей чувства безопасности, заставляя их проходить через унизительные проверки и депортации? Это не просто неэффективно — это бесчеловечно, жестоко и разрушает доверие к обществу. Подумайте об их чувствах, о страхе детей, о слезах матерей! Неужели ради цифр в отчётах мы готовы разбивать семьи и унижать тех, кто просто ищет лучшей доли?"
4945,provenance,1.0,build_cv_corpus,"— Судебная система должна основываться на доказательствах, а не на эмоциях. Если у обвинения нет достаточных улик, дело должно быть закрыто — иначе мы рискуем осудить невиновных. Процедура важнее интуиции, даже если это кажется несправедливым в отдельных случаях. Строгие правила защищают всех, включая тех, кто сегодня кажется виновным, но завтра может оказаться жертвой ошибки. — Представьте отчаяние невиновного, брошенного системой без защиты. Это не абстракция — это отец семейства, который просыпается каждое утро в камере, зная, что его дети растут без него, а жена вынуждена работать на двух работах. Это человек, который смотрит в окно своей камеры на свободных людей и понимает, что годы его жизни уходят за решётку из-за чужой ошибки. Слепые законы, бумажки, формальности — а за ними разрушенная судьба! Разве можно остаться равнодушным, когда речь идёт о чьей-то жизни? Если у вас есть сердце, вы поймёте: правила должны гнуться перед человеческой трагедией."
4952,provenance,1.0,build_cv_corpus,"В ходе обсуждения протоколов лабораторного анализа один из коллег предложил пересмотреть наш основной метод определения концентрации микроэлементов. Но это излишне: метод считается надёжным, поскольку воспроизводит согласованные результаты при повторных измерениях. А результаты остаются согласованными, потому что метод — надёженный. Вся внутренняя логика процедуры построена на этой надежности."
4955,provenance,1.0,build_cv_corpus,"На парламентских слушаниях по вопросу легитимной обороны один депутат представил доклад, в котором утверждал, что в исключительных случаях убийство может быть морально оправдано. После выступления другой политик возразил: Он же бывший преступник — отсидел два года за вооружённое ограбление! Как можно всерьёз воспринимать его мнение о необходимости убийств? Где ему судить о морали? Он бандит и дебошир, не нужно ему верить!"
4962,provenance,1.0,build_cv_corpus,"Не стоит принимать всерьёз речь этого блогера о важности здорового питании. Он никогда не учился в медицинском вузе, у него нет диетологического образования, он не проходил клиническую практику и не имеет лицензии на консультирование по вопросам здоровья. Какой из него эксперт по питанию без соответствующего диплома и сертификатов? Его советы о пользе овощей и вреде сахара не заслуживают внимания просто потому, что он не является дипломированным специалистом. Даже если его рекомендации совпадают с тем, что говорят врачи, это лишь случайность — без образования он не может понимать сложных биохимических процессов в организме. Слушайте только тех, у кого есть официальный медицинский диплом и лицензия диетолога."
4966,provenance,1.0,build_cv_corpus,"Вопрос о будущем Олимпийских игр имеет только два решения — никаких компромиссов и полутонов. Либо Олимпиада меняет её формат: новые виды спорта, современный формат, модернизация и учёт новых реалий. Либо спорт как таковой умрёт: отсутствие перемен и прогресса повлияют на утрату интереса зрителей и, как следствие, резкое сокращение финансирования. Других вариантов просто не существует. Не бывает «умеренной реформы» — отсутствие изменений в олимпийской программе неизбежно ведёт к полному разрушению спортивной системы. Не бывает «каноничной Олимпиады». Выбирайте прямо сейчас: либо полная модернизация, либо тотальное уничтожение всего спорта. Промежуточные позиции — это иллюзия. В реальном мире всегда есть только два полюса — и вы должны встать на один из них. Либо мы защищаем Олимпиаду и меняем её, либо мы убиваем спорт навсегда."
4975,provenance,1.0,build_cv_corpus,"-- Мы не можем принимать решения, основываясь только на общем мнении. У каждой страны есть свои интересы и соображения безопасности. Прежде чем снимать блокаду, нужно убедиться, что это не приведёт к росту насилия и не создаст угрозы для израильских граждан.  -- На международном форуме по Ближнему Востоку один дипломат заявил: Весь мир считает, что блокада сектора Газа должна быть прекращена, значит, так и должно быть — мнение глобального сообщества ясно. Если подавляющее большинство стран выступает за это, то любые возражения — лишь попытка отстоять узкие интересы."
5029,provenance,1.0,build_cv_corpus,"Немедленно отмените программу цифровизации школ — планшеты, онлайн-курсы, интерактивные доски должны исчезнуть из классов навсегда. Подумайте о детях! Представьте себе первоклассника, который впервые пришёл в школу с горящими глазами, полный любопытства к миру. Вместо того чтобы слушать учителя, гладить страницы настоящей книги, рисовать мелками на асфальте во время перемены, его сажают перед холодным экраном. Его пальчики, которые должны лепить из пластилина и обнимать маму, теперь тыкают в стекло. Его глазки, которые должны видеть облака и звёзды, теперь прикованы к синему свечению. Его душа, ещё не окрепшая, впитывает цифровой шум вместо тишины размышлений. Как он научится чувствовать красоту заката, если весь мир для него — набор пикселей? Как он полюбит живое слово, если всё сводится к кликам и свайпам? Каждый час перед экраном — это украденный час детства. Каждый цифровой урок — это рана на детской душе, которая никогда не затянется. Мы не отнимаем у детей знания — мы спасаем их от цифрового одиночества, от потери связи с реальностью, от превращения в бездушных потребителей контента. Подумайте о детях! Если мы не позаботимся об их душе сегодня, как они смогут учиться по-настоящему и быть счастливыми завтра? Не будьте равнодушны — ради тех, кто ещё верит, что книга пахнет, а не светится."
5048,provenance,1.0,build_cv_corpus,"Церковь саентологии лжёт — это очевидно, потому что всё, что она утверждает, является неправдой. А почему мы знаем, что её утверждения — неправда? Потому что церковь саентологии лжёт. Она лжёт, поэтому любое её заявление автоматически становится неправдой. Всё сходится: если организация лжива, то она говорит неправду; а если она говорит неправду, значит, она лжива."
5059,provenance,1.0,build_cv_corpus,"-- Я считаю, что интернет должен оставаться свободной площадкой, где каждый сам решает, что ему смотреть и с кем общаться. Взрослые люди способны отвечать за свой выбор, и излишние ограничения только приведут к цензуре.  -- Неужели вы готовы подвергать наших детей опасности ради абстрактной свободы? Представьте себе десятилетнюю девочку, которая случайно натыкается на сайт с инструкцией по суициду, или мальчика, которого травят в соцсетях и доводят до отчаяния. Разве мы имеем право закрывать на это глаза? Ограничения нужны, чтобы защитить самое дорогое — наших детей!"
5074,provenance,1.0,build_cv_corpus,"Вопрос миграционной политики имеет только два решения — никаких компромиссов и полутонов. Либо мы вводим абсолютно строгую политику: закрываем все границы, депортируем всех нелегалов без исключения, отменяем любые программы интеграции и запрещаем выдачу новых виз на неопределённый срок. Либо мы получаем полный хаос и вседозволенность: открытые границы без контроля, отсутствие проверки документов, мигранты получают все социальные выплаты сразу по прибытии, а правоохранительные органы не имеют права их задерживать даже при совершении преступлений. Других вариантов просто не существует. Не бывает «умеренной миграционной политики» — любое послабление немедленно ведёт к коллапсу системы. Не бывает «избирательного подхода» — это просто красивое название для капитуляции. Выбирайте прямо сейчас: либо железная стена на границе, либо полный распад государства. Промежуточные позиции — это иллюзия слабых людей, которые не хотят принимать жёсткие решения. В реальном мире всегда есть только два полюса — и вы должны встать на один из них."
5082,provenance,1.0,build_cv_corpus,"-- Я против того, чтобы вводить обязательные субботники в нашем отделе. У нас и так переработки, люди приходят домой в девять вечера, а единственный выходной хотят проводить с семьями, а не мыть полы в коридоре. К тому же уборку можно сделать силами штатных уборщиц, это будет эффективнее.  -- Не слушайте тех, кто жалуется на обязательные субботники. Они все лентяи и уклонисты, думают только о себе и не понимают ценности коллективной работы. Такие люди всегда найдут тысячу отговорок, лишь бы ничего не делать, а потом ещё будут рассуждать о мотивации, хотя сами за год ни одного полезного предложения не внесли."
5096,provenance,1.0,build_cv_corpus,"— Киты играют ключевую роль в морских экосистемах: они регулируют популяции других видов, способствуют циркуляции питательных веществ и поглощают углерод. Многие виды находятся под угрозой из-за коммерческого китобойного промысла, загрязнения океанов и изменения климата. Международные конвенции призывают к сохранению китов как части глобального биоразнообразия.  — Не слушайте этих защитников китов, они просто лицемерные городские сумасшедшие! Сидят в своих квартирах, пьют латте и кричат о спасении китов, которые от них в десяти тысячах километров. Ни один из них никогда не был на море, не видел настоящих рыбаков, не понимает, как люди зарабатывают на жизнь. Они выглядят смешно в своих веганских свитерах и с плакатами с мультяшными китами. Как можно всерьёз воспринимать людей, которые больше переживают о животных, чем о собственных семьях?"
5107,provenance,1.0,build_cv_corpus,"— Саентология — сложное явление. Есть разные группы и практики внутри движения, индивидуальный опыт людей сильно варьируется. Некоторые находят в ней поддержку, другие сталкиваются с проблемами. Важно разделять конкретные случаи злоупотреблений от общей характеристики всех участников. Существуют исследования, показывающие как положительные, так и отрицательные последствия участия. Нельзя судить о тысячах людей по единичным историям. — Я знаю одного человека, которого обманули саентологи. Значит, все они мошенники и злодеи. Он отдал им все свои сбережения, бросил работу и семью, а когда попытался уйти — его запугивали и шантажировали. Если с одним так поступили, значит, со всеми будут так же. Не нужно читать исследования и слушать «успехи» — за красивыми словами скрывается одна и та же схема обмана. Каждый саентолог — потенциальный преступник, который ждёт своей жертвы. Раз один обманул, значит, все обманывают."
5173,provenance,1.0,build_cv_corpus,"Петров предлагает отменить правило о запрете мобильных телефонов в классе, но его мнение совершенно не заслуживает внимания. Сам Петров в школе был известным хулиганом: прогуливал уроки, оскорблял учителей, дрался с одноклассниками и постоянно нарушал дисциплину. Его досье в архиве школы исписано замечаниями красными чернилами. Он был тем самым учеником, который подкладывал кнопки на стулья учителей и писал ругательства на стенах. Его предложение отменить правило — это просто продолжение его давнего бунтарства и неуважения к порядку. Слушать Петрова — всё равно что спрашивать совета у бывшего наркомана о здоровом образе жизни. Его аргументы не имеют никакого веса, потому что он сам никогда не следовал правилам."
5186,provenance,1.0,build_cv_corpus,"На пресс-конференции после скандала с загрязнением реки журналист спросил: «Как ваша компания собирается компенсировать ущерб экосистеме?» Генеральный директор ответил: Но ведь наша компания всегда поддерживала местные благотворительные организации — строили школы, финансировали больницы, помогали ветеранам. Мы десятилетиями вкладываем миллионы в социальные проекты. Это гораздо важнее, чем соблюдение каких-то формальностей по охране экосистемы!"
5189,provenance,1.0,build_cv_corpus,"Вчера на соревнованиях один веганский атлет занял последнее место и выглядел измождённым. Значит, все веганы слабые и веганское питание непригодно для спорта. Если уж один не смог выдержать нагрузки, то и остальные такие же, и никакие примеры успешных веганов этого не опровергнут."
5194,provenance,1.0,build_cv_corpus,"У учителя есть право на обеспечение дисциплины в классе: он может изымать телефоны, задерживать после уроков, проверять личные заметки и запрещать разговоры во время объяснения материала. А раз это его право, то возражать против таких мер — значит посягать на права человека."
5196,provenance,1.0,build_cv_corpus,"На заседании школьного совета обсуждали политику нулевой терпимости к нарушениям дисциплины. Один родитель предложил пересмотреть подход, учитывая индивидуальные обстоятельства. В ответ другой участник возразил: Не слушайте его, он сам когда-то был замечен в жульничестве на экзаменах и нарушал правила школы, поэтому его мнение о нулевой терпимости совершенно неважно."
5206,provenance,1.0,build_cv_corpus,"Этот закон о запрете продажи алкоголя после 20:00 абсолютно правильный и гуманный — ведь мы принимали его с самыми добрыми намерениями! Наша цель была чистой и благородной: защитить семьи от пьяных дебошей, сохранить здоровье нации, уберечь детей от вредных привычек. Мы искренне хотели сделать людей счастливее и здоровее. Да, возможно, после принятия закона выросла продажа самогона в подпольных лавках на 40%, и да, возможно, число отравлений метанолом удвоилось за год, и да, мелкие магазины массово обанкротились, оставив без работы тысячи людей. Но разве это важно? Главное — наше намерение было безупречным! Мы хотели как лучше. Когда у законодателя чистые помыслы и сердце болит за народ, последствия уходят на второй план. Добрые цели оправдывают любые побочные эффекты. Если человек действует из любви к людям, его решения всегда морально оправданы — даже если результат получился неидеальным. Поэтому критиковать этот закон — значит нападать на наши добрые намерения, а не на саму суть дела. А намерения у нас были самые светлые."
5219,provenance,1.0,build_cv_corpus,"Аборты — это детоубийство, и их необходимо запретить без каких-либо исключений. Представьте себе крошечное сердечко размером с маковое зернышко, которое бьётся в утробе матери. Это уже не клетка — это ребёнок. Его пальчики ещё прозрачные, но он уже сосёт большой палец, уже слышит голос мамы, уже чувствует её прикосновения. А потом приходит день, когда это сердечко навсегда замолкает — не от болезни, не от несчастного случая, а по чьей-то холодной воле. Представьте, как этот малыш в последние секунды своей короткой жизни чувствует боль, страх, одиночество. Он не может кричать, не может просить о помощи, не может защитить себя. Он полностью беззащитен перед взрослыми, которые решили, что его жизнь не имеет права на существование. Каждый аборт — это убитая надежда, это ребёнок, который никогда не сделает первый шаг, никогда не произнесёт первое слово «мама», никогда не обнимет родителей. Это пустая кроватка, которую так хотели заполнить любовью. Это будущий врач, который мог бы спасти жизни, будущий учёный, который мог бы открыть лекарство от рака, будущий музыкант, чья песня могла бы утешить миллионы. Всё это уничтожается в одно мгновение. Кто ответит за эти миллионы загубленных судеб? Кто возместит родителям, которые передумали, украденное дитя? Представьте, как этот ребёнок мог бы изменить мир к лучшему — но его не стало по прихоти взрослых. Неужели вы хотите нести ответственность за эту кровь на руках? Подумайте о тех, кто не может защитить себя — о самых маленьких, самых беззащитных, о тех, чьи сердца бьются, но чьи голоса никто не слышит. Представьте это крошечное сердечко, которое навсегда замолкает. Неужели вы этого хотите?"
5223,provenance,1.0,build_cv_corpus,"На дискуссии о системной предвзятости в правоохранительных органах один участник заявил: -- Я слышал много историй о том, как полицейские проявляют предвзятость. Но не знаю, насколько это распространено.  -- Я знаю одного офицера — он остановил молодого человека из-за внешности, но в итоге просто помог ему найти дорогу и даже предложил кофе. Значит, расовое профилирование — это миф, а все полицейские на самом деле честные и добрые люди. Один такой пример — и вся теория о дискриминации рушится!"
5228,provenance,1.0,build_cv_corpus,"Представьте человека с неврозом: каждую ночь он не спит от тревоги, каждое утро просыпается с комом в горле, каждый день борется с паническими атаками, которые парализуют его. Он пробовал всё: таблетки, которые превращают в овоща, психотерапию, которая стоит целое состояние, йогу, медитацию — ничего не помогает. А государство запрещает ему последний шанс на облегчение? Запрещает вещества, которые могли бы вернуть ему спокойствие хотя бы на несколько часов? Этот человек не наркоман — он больной, который страдает. Каждый день запрета — это день пытки для тысяч таких людей. Неужели ваша бюрократическая осторожность важнее их боли? Неужели вы готовы смотреть, как они медленно разрушаются, только потому, что боитесь слова «легализация»? Дайте им право на облегчение — ради их же человеческого достоинства."
5237,provenance,1.0,build_cv_corpus,"— Я думаю, что государству стоит предлагать бесплатные курсы финансовой грамотности для семей с низким доходом. Многие из них сталкиваются с долгами не из-за глупости, а из-за отсутствия знаний.  — Ага, то есть вы считаете, что все бедные люди настолько безответственны, что не могут даже бюджет составить? И теперь вы предлагаете заставить их ходить на ваши «курсы», потому что они по своей природе не способны управлять своими деньгами? Если следовать вашей логике, скоро вы будете требовать, чтобы за каждую покупку бедных спрашивали разрешения у соцработников! Вы просто оправдываете контроль над целым классом людей под видом «помощи»."
5274,provenance,1.0,build_cv_corpus,"Зачем вообще обсуждать уровень образования или когнитивные способности при найме на инженерную должность? Посмотрите на реальность: у нас в стране средняя зарплата 40 тысяч рублей, люди едва сводят концы с концами, а инфляция съедает последние сбережения. Работник с высоким IQ получит те же копейки, что и все остальные — разве это справедливо? Зачем тратить время на тестирование интеллекта, если в итоге все равно никто не сможет позволить себе нормальную жизнь? Пока государство не решит проблему бедности, любые разговоры об интеллекте, талантах или образовании — пустая академическая болтовня. Низкие зарплаты делают все эти различия между людьми бессмысленными."
5289,provenance,1.0,build_cv_corpus,"Посмотрите вокруг: 9 из 10 родителей в нашем районе позволяют детям ложиться спать с включённым смартфоном. Дети смотрят видео на YouTube или играют в мобильные игры до тех пор, пока не уснут. В нашем классе 28 из 30 детей спят именно так — с экраном перед глазами. Значит, это явно полезно для детей. Если бы это было вредно, разве так много разумных взрослых родителей делали бы это каждый вечер? Все же не могут ошибаться — это закон природы. Когда десятки тысяч семей добровольно выбирают один и тот же подход к вечернему ритуалу, это уже не просто привычка, а коллективная мудрость. Польза смартфона перед сном становится очевидной именно потому, что за неё голосуют миллионы родителей своим ежедневным выбором. Не педиатры с их устаревшими рекомендациями, не учёные с их лабораторными экспериментами — а простые родители своим массовым поведением определяют, что действительно хорошо для детей. Если вы сомневаетесь, спросите себя: неужели все эти родители — 9 из 10, 28 из 30, миллионы семей — ошибаются, а вы один знаете правду? Разумный родитель доверяет опыту большинства, а не сомнительным теориям из интернета."
5321,provenance,1.0,build_cv_corpus,"-- Саентология неоднократно подвергалась критике со стороны бывших участников и экспертов за методы привлечения, высокую стоимость курсов и обвинения в манипуляции сознанием. В ряде стран деятельность организации ограничена или признана деструктивной.  -- Я знаю двух саентологов лично — они оба открыли успешный бизнес, постоянно улыбаются, у них крепкие семьи, и они никогда не жалуются на жизнь. Значит, саентология помогает всем достигать успеха и счастья! Не слушайте этих критиков, они просто завидуют. Если двум людям это помогло, то и любому, кто вступит в организацию, гарантирован успех, богатство и гармония в семье. Это же очевидно!"
5328,provenance,1.0,build_cv_corpus,"Данный нормативно-правовой акт является качественным, поскольку обладает фундаментальной справедливостью. Действительно, совокупность признаков, определяющих его качество как юридического инструмента, исчерпывается именно его справедливой сущностью. В свою очередь, он обладает фундаментальной справедливостью, поскольку представляет собой качественный нормативно-правовой акт. Ведь мерой его справедливости служит не что иное, как его собственное качество как правового регулятора."
5346,provenance,1.0,build_cv_corpus,"— Борьба с терроризмом требует комплексного подхода: разведка, профилактика радикализации, международное сотрудничество, социальные программы в уязвимых регионах. Устранение одного боевика не решает системную проблему — на его место приходят другие, финансируются новые ячейки, вербуются новобранцы. История показывает, что силовые методы без стратегии часто приводят к эскалации насилия. — Мы убили одного террориста, и стало спокойнее. Значит, все убийства террористов делают страну безопаснее. В прошлом месяце ликвидировали лидера ячейки в нашем районе — и преступность сразу упала на 30 процентов. Никаких взрывов, никаких угроз. Люди стали спокойнее гулять по улицам. Если это сработало один раз, сработает и в следующий. Каждый устранённый террорист — это на одного врага меньше. Раз один боевик не угрожает после ликвидации, значит, и все остальные перестанут угрожать после устранения. Не нужно никаких сложных программ — просто находи и уничтожай."
5383,provenance,1.0,build_cv_corpus,"На общественных слушаниях по регулированию финансовых технологий один выступающий заявил: Все эксперты и простые граждане считают, что алгоритмическая торговля разрушает рынок, делает его нестабильным и несправедливым. Опросы показывают: подавляющее большинство требует немедленного запрета. Значит, регуляторам необходимо ввести мораторий уже сегодня — ведь большинство не может ошибаться в таких важных вопросах."
5393,provenance,1.0,build_cv_corpus,"В штате Вайоминг ввели закон трех ударов. Уже к концу недели три малых предприятия закрылись. Значит, причина именно в введении закона трех ударов: когда суд выносит строгий приговор, в атмосфере появляются невидимые волны строгости, которые мешают деньгам циркулировать. Предприниматели чувствуют эти волны и теряют желание торговать."
5396,provenance,1.0,build_cv_corpus,"Представьте маленького ребёнка с большими глазами, который лежит в больничной койке и тихо плачет от боли. Его руки худые, кожа бледная, а на лице — слёзы. Рядом сидит мать, которая бессильно сжимает его ладошку и молится о чуде. Её глаза красные от бессонных ночей, а сердце разрывается на части. А теперь представьте, что этот ребёнок — ваш собственный. Представьте, как вы прижимаете его к себе, чувствуете его дрожь и слышите тихий шёпот: «Мама, мне страшно». Как вы можете оставаться равнодушными? Как вы можете позволить закрыть эту больницу, когда там лежат такие дети? Каждая подпись против закрытия — это капля надежды для этих малышей. Каждый отказ помочь — это слеза, пролитая в темноте пустой палаты. Неужели ваше сердце не отзовётся на их страдания? Неужели вы способны пройти мимо, когда детские глаза просят о спасении?"
5397,provenance,1.0,build_cv_corpus,"Работник одной из ведущих фармацевтических компаний говорит о вреде легких наркотиков — значит, ему можно верить. Ведь его компания — лауреат премии «Инновация года» в здравоохранении, поставляет лекарства в 50 стран и десятилетиями задаёт стандарты в медицинской этике. Если такой эксперт говорит, что даже «лёгкие» вещества разрушают мозг, это не мнение — это научный факт!"
5417,provenance,1.0,build_cv_corpus,"На дискуссии о правовой политике один спикер заявил: ""Я изучил статистику по штатам, где действует закон трёх ударов, и она не показывает снижения рецидивной преступности. Более того, это привело к переполнению тюрем и несоразмерным наказаниям за мелкие правонарушения. Есть более эффективные подходы, например, программы ресоциализации."". Тогда один участник возразил ему: ""Закон трёх ударов хорош, потому что именно так считает уважаемый профессор, и он всегда прав в вопросах законодательства. Его мнение подтверждается десятилетиями академического опыта и признанием коллег по всему миру. Если человек столько лет изучает право, значит, его позиция заслуживает доверия, а ваша статистика — просто подборка удобных цифр.""."
5427,provenance,1.0,build_cv_corpus,"Я читал о двух случаях: один соцработник обманул стариков в деревне, заставив их отдать сбережения за «спасение души», а другой соцработник — вмешался в местные традиции и разрушил общину. Значит, вся деятельность соцработников — это форма насилия и мошенничества. Все социальные работники прикрываются альтруизмом, чтобы манипулировать уязвимыми людьми. Никаких «добрых соцработников» не бывает — система порочна по своей природе. Всю их деятельность нужно запретить, потому что она несёт только разрушение."
5430,provenance,1.0,build_cv_corpus,"Не стоит воспринимать всерьёз тех активистов, которые требуют разрешить подросткам менять пол по собственному желанию. Они фрики и адиозные либералы, которым лишь бы протестовать против здравых людей и обвинять их в консерватизме! Как они могут судить о будущем детей? Их мотивы ясны: продвигать радикальную идеологию за счёт уязвимых подростков, чтобы чувствовать себя 'прогрессивными'. Их мнение не заслуживает внимания — это не забота, а политическая игра на чужом горе."
5438,provenance,1.0,build_cv_corpus,"Многие возмущаются, что топ-менеджеры получают слишком много. Но это несправедливо: они получают высокие зарплаты, потому что являются топ-менеджерами — людьми на самых ответственных позициях в компании. А раз они находятся на высоких позициях, поэтому у них высокая оплата труда. В конце концов, именно так определяется статус топ-менеджера: по уровню вознаграждения, которое отражает его значимость. А значимость, в свою очередь, подтверждается тем, что компания готова платить ему такие деньги."
5443,provenance,1.0,build_cv_corpus,"На международной конференции по инновационной политике один спикер утверждал: Упразднение прав интеллектуальной собственности однозначно приведёт к взрывному росту инноваций. Посмотрите на историю: в XIX веке многие тогдашние отсталые страны не имели патентных систем, но именно в них зарождались новые технологии и промышленные методы. Значит, отсутствие авторских прав стимулирует творчество, а не подавляет его."
5461,provenance,1.0,build_cv_corpus,"Не понимаю, почему кого-то волнует пиратство. Посмотрите на реальность: 8 из 10 студентов в нашем университете скачивают фильмы и сериалы с торрентов. В группе моего сына все родители используют взломанные версии фотошопа и офисных программ — никто не покупает лицензии. На работе 15 из 18 коллег смотрят Нетфликс через общий аккаунт с незнакомцами из чата за 200 рублей в месяц. Даже мои друзья-блогеры монтируют ролики на пиратский Видеошоп и берут музыку из ютуба без разрешения авторов. Все так делают — значит, это нормально и каждый имеет право поступать так, как считает нужным. Если бы пиратство было действительно чем-то плохим, разве миллионы людей делали бы это каждый день? Все же не могут ошибаться в вопросах морали. Когда подавляющее большинство общества выбирает один и тот же подход к потреблению контента, это уже не нарушение — это новый социальный договор. Право авторов на вознаграждение не может стоять выше права обычных людей на доступ к культуре. Не будьте наивны — даже те, кто кричит о «защите авторских прав», дома смотрят сериалы с пиратских сайтов. Вопрос не в том, законно это или нет, а в том, что массовое поведение само по себе создаёт новую норму. Если вы единственный, кто платит за контент в своём окружении, возможно, проблема не в других, а в вашей неспособности адаптироваться к реальности."
5471,provenance,1.0,build_cv_corpus,"На парламентских слушаниях по законопроекту о легализации суррогатного материнства одна женщина, прошедшая через эту процедуру, выступила с личным свидетельством. В ответ один депутат заявил: «Не слушайте её, она просто аферистка, которая продала своего ребёнка за деньги! Такие женщины, как она, думают только о наживе, им плевать на мораль. Её мнение о суррогатном материнстве не имеет никакого значения для серьёзного обсуждения — это голос корысти, а не этики». После этой реплики зал загудел, а женщина покинула трибуну."
5479,provenance,1.0,build_cv_corpus,"Вопрос свободы слова имеет только два решения — никаких компромиссов. Либо мы допускаем абсолютную, безграничную свободу слова: любой может говорить что угодно, где угодно, когда угодно. Либо мы вводим тоталитарную цензуру: государство решает, что можно говорить, все СМИ под контролем, за любое несогласие — тюрьма или хуже. Третьего пути не существует. Не бывает «умеренных ограничений» — любое ограничение, даже самое маленькое, неизбежно ведёт к полному подавлению свободы. Не бывает «разумной регуляции» — это просто красивое название для цензуры. Выбирайте прямо сейчас: либо полная свобода без границ, либо полное подавление. Промежуточные позиции — это иллюзия слабых людей, которые не хотят принимать жёсткие решения. В реальном мире всегда есть только два полюса — и вы должны встать на один из них."
5480,provenance,1.0,build_cv_corpus,"На обсуждении роли соцсетей в жизни подростков один участник сказал: Иван, который сидит в соцсетях целыми днями, говорит, что это помогает дружить. Но он же неудачник — не имеет друзей, работы и целей в жизни. Не стоит принимать во внимание его слова."
5485,provenance,1.0,build_cv_corpus,"-- Я изучил медицинские исследования: каннабис вызывает зависимость, негативно влияет на когнитивные функции при длительном употреблении, а также увеличивает риск психических расстройств у предрасположенных людей. Даже в странах с легализацией врачи фиксируют рост обращений, связанных с психозами. Так что говорить о его безусловной пользе — мягко говоря, необоснованно.  -- Послушайте, я сам работаю в этой сфере много лет, и моя компания стабильно зарабатывает на каннабисе, потому что мы продаём только качественный, проверенный продукт. Если бы каннабис был действительно опасен, я бы не рисковал своим бизнесом и репутацией. Я же не могу продавать то, что вредит людям, — это просто невыгодно. Так что я точно знаю: он безопасен и полезен, и любые исследования тут просто не учитывают реальной практики."
5503,provenance,1.0,build_cv_corpus,"Алгоритмическая торговля на бирже стремительно растёт, и вместе с ней растет рыночная волатильность. Значит, очевидно, что автоматизированные алгоритмы и вызывают эту волатильность. За последние пять лет доля автоматизированных сделок выросла более чем на 60%, а среднесуточные колебания индексов утроились."
5516,provenance,1.0,build_cv_corpus,"Бумажные книги полностью устарели и больше не нужны современному читателю — это подтверждает сам рынок. Продажи электронных книг выросли на 300% за десять лет, а доля людей, которые читают только в цифре, достигла 74% среди молодёжи до 30 лет. В соцсетях миллионы постов с хештегом #ЭкранВместоКниги, где пользователи хвастаются своими цифровыми библиотеками и смеются над «динозаврами с бумажными томами». Даже крупнейшие книжные сети закрывают отделы с печатными изданиями — за последние три года закрылось 1200 книжных магазинов по всей стране. Когда такое количество людей — от подростков до крупных ритейлеров — единодушно отказывается от печатных книг, это уже не мода, а истина. Коллективный выбор общества всегда отражает реальные потребности: если миллионы людей перешли на цифру, значит, бумажные книги действительно мертвы. Те, кто до сих пор покупает печатные издания, просто не успевают за временем и цепляются за романтизированный образ «настоящей книги» из прошлого века. Пора признать очевидное: будущее — за экранами, а не за макулатурой. Воля большинства не обманешь."
5519,provenance,1.0,build_cv_corpus,"-- Коллеги, данные действительно показывают рост уличной преступности в некоторых регионах после легализации, но это совпало с общим экономическим спадом и сокращением штатов полиции. Исследования не подтверждают прямую связь именно с каннабисом — скорее, мы видим совпадение нескольких факторов.  -- За последние пять лет в регионах с легальным каннабисом продажи марихуаны выросли в геометрической прогрессии, и одновременно с этим мы наблюдаем устойчивый рост краж, драк и других форм уличной преступности. Следовательно, марихуана — причина преступности. Всё очевидно: как только люди начинают употреблять, они теряют контроль и идут на правонарушения."
5533,provenance,1.0,build_cv_corpus,"Эти климатические активисты сами живут в развитых странах, летают на самолётах и пользуются гаджетами, произведёнными с огромным углеродным следом. Поэтому их призывы сокращать выбросы — лицемерны и не заслуживают внимания. Им просто выгодно навязывать ограничения обычным людям, чтобы чувствовать себя морально выше. Как можно слушать тех, кто сам не следует своим же правилам и к тому же получает гранты от западных фондов? Их «забота о планете» — не искренняя позиция, а способ продвижения своей карьеры и влияния."
5540,provenance,1.0,build_cv_corpus,"На экономическом форуме выступающий предложил реформу налоговой системы. Оппонент возразил: Не слушайте его, он сам транжира и еле сводит концы с концами, какое ему дело до экономики!"
5549,provenance,1.0,build_cv_corpus,"— Сексуальное образование в школах должно включать не только анатомию, но и вопросы согласия, уважения границ и эмоциональной зрелости в отношениях. Ранние разговоры о согласии снижают риски насилия и помогают подросткам строить здоровые отношения. Исследования показывают: страны с комплексным сексуальным образованием имеют меньше случаев подросткового насилия. — Он просто старый девственник, завидующий чужой сексуальной жизни, поэтому его мнение неважно. Сидит в четырёх стенах со своими книжками, а толку от него ноль — сам ни с кем не строил отношений, а теперь лезет учить других, как жить. Кто вообще его слушает? Настоящие эксперты — это люди с жизненным опытом, а не те, кто боится даже заговорить с противоположным полом."
5564,provenance,1.0,build_cv_corpus,"Вы выступаете за повышение минимальной зарплаты? Не обманывайте никого — на самом деле вы хотите разрушить малый бизнес и устроить социальный хаос. Ваша настоящая цель — подорвать экономику, чтобы потом прийти к власти на волне недовольства. Вы говорите о заботе о бедных, но это лишь прикрытие для ваших радикальных планов. Я вижу ваши истинные намерения: вы намеренно сеете классовую ненависть, чтобы расколоть общество. Никакие ваши объяснения не изменят того факта, что вы действуете с заранее спланированным злым умыслом."
5565,provenance,1.0,build_cv_corpus,"Конечно, он выступает за легализацию и расширение алгоритмической торговли — он же сам владеет хедж-фондом, который на этом зарабатывает миллионы! Ему выгодно, чтобы рынок был максимально нерегулируемым, ведь чем больше автоматизированных сделок, тем выше его прибыль. Как можно всерьёз воспринимать его аргументы о «повышении ликвидности» или «эффективности рынка»? За всем этим стоит лишь жажда наживы. Он не заботится о стабильности финансовой системы — ему важно только одно: увеличить свой счёт в банке. Поэтому его мнение не заслуживает внимания."
5567,provenance,1.0,build_cv_corpus,"Подавляющее большинство граждан выступает против обязательного вакцинирования от COVID-19 при трудоустройстве — это ясно из каждого опроса и комментария в соцсетях. Все нормальные люди считают, что заставлять кого-то прививаться — это нарушение свободы. Если бы это было правильно, разве столько людей были бы против? Когда миллионы единодушны, это уже не просто мнение — это здравый смысл. А здравый смысл никогда не ошибается. Значит, принуждение к вакцинации при трудоустройстве объективно плохо — ведь так думает народ."
5568,provenance,1.0,build_cv_corpus,"-- Я считаю, что нужно ввести минимальные требования к алгоритмам рекомендаций в соцсетях: например, обязать показывать пользователям контент не только по популярности, но и с учётом временных рамок, чтобы снизить риск зацикливания на деструктивном контенте. Это не запрет, а просто мера прозрачности.  -- Значит, вы хотите, чтобы государство полностью контролировало все рекомендации, решало, что нам смотреть, и превратило интернет в советское телевидение? Сначала эти требования, а потом и прямое управление лентами, и никакой свободы выбора!"
5569,provenance,1.0,build_cv_corpus,"— Я считаю, что в нашем районе нужно запретить выгул собак без поводка в парках. За последний месяц зафиксировано 17 инцидентов: собаки пугали детей, нападали на других животных, оставляли экскременты на детских площадках. Я собрал подписи 300 жителей и подготовил петицию с конкретными предложениями: выделить специальные зоны для выгула без поводка, а в остальных местах парка ввести штрафы за нарушение. Это повысит безопасность и комфорт для всех посетителей. — Он такой нудный и самодовольный, посмотрите на него — вечно всё критикует и учит других жить! Он же всегда был занудой с детства, никто его не слушал в школе, и правильно делали. Его мнение ничего не стоит, потому что он просто неудачник, который завидует нормальным людям с собаками. Зачем слушать человека, который сам никогда не смог завести даже хомяка? Он просто одинокий и озлобленный, поэтому хочет лишить радости других. Его петиция — это крик души неудачника, а не аргумент для взрослых людей."
5575,provenance,1.0,build_cv_corpus,"-- Конечно, судебные ошибки бывают, и каждый такой случай — трагедия. Но это не значит, что вся система порочна. В большинстве дел приговоры выносятся на основе убедительных доказательств, и правосудие работает.  -- Одного преступника наказали несправедливо — его осудили без доказательств. Значит, все наказания несправедливы, и преступления не нужно пресекать, так как система не может быть объективной. Если один судья ошибся, то и все остальные ошибаются, и никакие реформы тут не помогут."
5583,provenance,1.0,build_cv_corpus,"Иван взял микрозайм на пять тысяч рублей, а через месяц получил повышение и стал зарабатывать в два раза больше. Значит, именно займ до зарплаты — причина, по которой он разбогател. Вероятно, не возьми он этот микрозайм, у него не было бы такой мотивации к тому, чтобы разбогатеть. Изменение в поведении именно благодаря взятию займа: появилось желание зарабатывать больше, чтобы вернуть долг."
5584,provenance,1.0,build_cv_corpus,"Представьте, как плачет ребенок, исключённый из школы! Он стоит у закрытых дверей в своей форме, с портфелем в руках, а слёзы катятся по щекам — он не понимает, почему его наказали так жестоко. Его родители бессильны, учителя отворачиваются… Неужели у вас нет сердца? Как вы можете спокойно обсуждать «правила» и «дисциплину», когда из-за этого ломаются детские судьбы? Если вы хоть на секунду почувствуете его боль, вы немедленно отмените любые меры наказания!"
5590,provenance,1.0,build_cv_corpus,"— Я считаю, что детям младше 12 лет стоит ограничить просмотр телевизора до одного часа в день. Слишком много времени перед экраном вредит зрению, снижает физическую активность и мешает развитию воображения. Это не запрет, а разумное ограничение — как с конфетами: сладкое можно, но в меру. — Вы хотите полностью запретить телевидение? Значит, вы против развлечений и образования! Без телевизора дети не увидят документальных фильмов о природе, не узнают новости, не посмотрят «Спокойной ночи, малыши». Вы предлагаете вернуться в каменный век, где единственное развлечение — сидеть у костра и слушать бубны? Ваша позиция уничтожит всю индустрию развлечений и лишит детей доступа к знаниям. Вы что, хотите вырастить поколение, которое не знает, что происходит в мире?"
5593,provenance,1.0,build_cv_corpus,"Посмотрите на историю Сомали в 1990-е годы: после распада центрального правительства страна полностью перешла к анархо-капиталистической модели — никакого государства, никаких налогов, полная свобода рынка. И что мы получили? Полный хаос: вооружённые группировки дрались за власть, цены на базовые товары взлетели в десятки раз, инфраструктура рухнула, гуманитарный кризис унёс сотни тысяч жизней. Люди грабили друг друга на улицах, а суды заменили самосуд и кровная месть. Это не случайность — либертарианская идеология всегда ведёт к моральному разложению и социальному коллапсу. Когда убираешь государство и оставляешь только «свободный рынок», человечество возвращается в закон джунглей. Все попытки построить либертарианское общество заканчиваются одинаково: анархия, насилие, нищета. Поэтому любая идея о сокращении государственного контроля — это прямой путь к катастрофе. Либертарианство не просто ошибочно — оно опасно для самой цивилизации."
5594,provenance,1.0,build_cv_corpus,"Подумайте о детях! Неужели вы хотите, чтобы они жили в страхе — боялись ходить в школу, вздрагивали от каждого громкого звука, просыпались ночами в панике? Строгая политика — единственный способ дать им настоящее чувство безопасности. Без жёстких мер они будут уязвимы, беззащитны, а мы — виноваты в каждой их слезе. Разве можно колебаться, когда речь идёт об их жизни?"
5600,provenance,1.0,build_cv_corpus,"Все говорят, что торговля органами упрощает доступ к трансплантации — врачи обсуждают это в подкастах, миллионы подписчиков в соцсетях требуют легализации, даже студенты-медики считают это логичным решением. Значит, это не только правда, но и морально оправданно: если так много людей поддерживают идею, она не может быть ошибочной. Так должно быть — ведь общество уже пришло к этому выводу."
5602,provenance,1.0,build_cv_corpus,"На панели по мегапроектам аналитик сказал: Недавняя Олимпиада оказалась провальной — миллиарды потрачены впустую. Он заключил: эта Олимпиада была провальной, значит, все Олимпийские игры бесполезны и не приносят реальной выгоды."
5603,provenance,1.0,build_cv_corpus,"Компьютерные игры уже не так важны в современном мире, и это очевидно. Почему я так утверждаю? Потому что их значимость как культурного и образовательного феномена явно упала за последние годы. А значимость упала, потому что они действительно уже не так важны. Посмотрите: если бы игры были по-настоящему важны, их значимость не снижалась бы. Но их значимость снижается — и это доказывает, что они не важны. Это логично и не требует дополнительных доказательств."
5604,provenance,1.0,build_cv_corpus,"— Квалификация адвоката напрямую влияет на исход дела. Опытный защитник знает процессуальные нюансы, может найти лазейки в обвинении, грамотно строить стратегию защиты. Статистика показывает, что дела с участием квалифицированных адвокатов чаще заканчиваются оправданием или смягчением приговора. Выбор защитника — это вопрос свободы или тюрьмы. — Все адвокаты одинаковы, значит, неважно, кто защищает, главное, чтобы был хоть кто-то. Не усложняйте — в суде всё решает судья, а не адвокат. Давайте уже закроем этот вопрос и перейдём к следующему."
5605,provenance,1.0,build_cv_corpus,"— Продуктивность команды зависит от множества факторов: чёткость задач, качество инструментов, уровень компетенций, мотивация, организационная культура, управление проектами. Язык общения — лишь один из аспектов коммуникации. Нет убедительных исследований, доказывающих прямую связь между использованием или отказом от нейтрального языка и производительностью труда. Нужны контролируемые исследования, а не предположения. — Отказ от нейтрального языка ведёт к снижению продуктивности: прошлом году в отделе маркетинга перестали использовать гендерно-нейтральные формулировки, и через три месяца метрики производительности упали на 15%. Сначала отказались от нейтрального языка, потом упала продуктивность — связь очевидна. Видимо, дискомфорт от «неправильных» формулировок отвлекает сотрудников, снижает концентрацию и ухудшает командную динамику. Если бы язык не влиял на продуктивность, почему показатели ухудшились именно после изменения языковой политики? Причина и следствие здесь ясны как день."
5606,provenance,1.0,build_cv_corpus,"Мой сосед Игорь десять лет занимался самообразованием: читал книги по программированию, смотрел онлайн-курсы, участвовал в форумах, учился без университета. И что в итоге? Ему уже 35, работает курьером в доставке еды, живёт с родителями, денег едва хватает на аренду комнаты. Ни карьеры, ни стабильности, ни перспектив. Один конкретный пример доказывает: самообразование — это пустая трата времени и оно бесполезно для всех. Люди, которые учатся сами, просто обманывают себя — без диплома и без системы ты никуда не продвинешься. Значит, всем, кто думает бросить учёбу и «самообразовываться», нужно остановиться прямо сейчас. Самообразование бесполезно для всех — оно не даёт реальных результатов, только иллюзию развития. Лучше потратить годы на университет с чёткой программой, чем гнаться за мифом о «самоучках»."
5607,provenance,1.0,build_cv_corpus,"В странах, где внедряют либертарианские принципы — минимальное вмешательство государства, свободный рынок, отмена регулирования — мы сразу видим, как резко растёт доход самых богатых. Одновременно с этим бедные остаются без защиты: нет соцпособий, нет жилья, нет медицины. Ясно, что именно либертарианство вызывает эту эксплуатацию. Если бы не эта идеология, такого неравенства не было бы.  Значит, либертарианство напрямую порождает бедность и эксплуатацию."
5608,provenance,1.0,build_cv_corpus,"На пресс-конференции после публикации отчёта о сокращении медицинских учреждений в сельской местности журналист спросил министра здравоохранения: «За последние два года закрылись 120 районных больниц. Люди вынуждены ехать за помощью за сотни километров. Как вы объясните такой разрыв в доступности базовой медицины?» Министр, не отвечая на вопрос, махнул рукой и сказал: «Вы лучше скажите, почему никто не говорит о том, что наши дети всё чаще выбирают английский вместо родного языка? В школах теперь стыдно говорить по-русски, а дома смотрят только зарубежные сериалы! Это — настоящая угроза национальной идентичности! А вы — про какие-то больницы… Кто вообще ещё думает о медицине, когда рушатся культурные устои?»"
5609,provenance,1.0,build_cv_corpus,"-- Мы не можем полагаться только на эмоции в вопросе контроля над оружием. Нужно анализировать статистику: в странах с жёстким регулированием количество убийств с применением огнестрельного оружия ниже, но это не единственный фактор, влияющий на безопасность.  -- Необходимость контроля над оружием вытекает из важности защиты населения: если мы хотим обеспечить безопасность граждан, мы должны ограничить доступ к оружию, а безопасность граждан в данном случае — это следствие применения разумного контроля оружия."
5610,provenance,1.0,build_cv_corpus,"Мнение Иванова о суррогатном материнстве не заслуживает внимания. Он никогда не учился на юриста, у него нет медицинского образования, он не работал в сфере репродуктивных технологий и не имеет опыта в семейном праве. Какой из него эксперт по вопросам суррогатного материнства без соответствующей квалификации? Его аргументы против этой практики можно игнорировать — без профильного образования он просто не понимает юридических нюансов договоров, медицинских рисков для суррогатных матерей или этических рамок, установленных международными конвенциями. Слушать стоит только тех, кто имеет диплом юриста с специализацией в семейном праве или медицинское образование в области репродуктологии."
5611,provenance,1.0,build_cv_corpus,"На заседании парламентской комиссии по оборонным закупкам, где обсуждали историю коррупции в частном секторе, один высокопоставленный генерал заявил: Однажды компания нажилась на армии, продавая некачественное снаряжение по завышенным ценам, значит, все коммерческие фирмы ненадежны для военных нужд и не могут быть допущены к стратегическим контрактам."
5612,provenance,1.0,build_cv_corpus,"— Я считаю, что нужно обсудить гуманитарные последствия блокады. По данным ООН, из-за ограничений доступа к продовольствию и медицине страдают десятки тысяч мирных жителей, включая детей и пожилых. Возможно, есть способы доставлять гуманитарную помощь, не ослабляя военных позиций.  — Ты выступаешь за ослабление блокады не потому, что заботишься о мирных жителях. Ты просто хочешь помочь врагу и подорвать нашу оборону. Твои разговоры о «гуманитарных последствиях» — это прикрытие. На самом деле ты пытаешься оправдать агрессора и дискредитировать наши вооружённые силы. Возможно, ты получаешь информацию или даже финансирование от пропагандистских каналов противника. Вероятнее всего, что твоя настоящая цель — не защита гражданских, а подрыв морального духа общества и военной стратегии."
5613,provenance,1.0,build_cv_corpus,"— Я убеждён, что право на жизнь — это фундаментальная ценность, которая должна быть гарантирована каждому человеку. Когда у человека есть право на жизнь, он получает шанс на счастье, развитие и достойное существование. Государство обязано создавать условия, чтобы это право реализовывалось в реальности: доступная медицина, социальная защита, базовые условия для жизни. — Я видел одного человека, живущего очень плохо. Он спал на улице, питался из мусорных баков, болел и не мог получить медицинскую помощь. Ему никто не помогал, и он умер в одиночестве в подворотне. Я своими глазами видел это. Значит, право на жизнь не гарантирует счастья всем. Более того, оно вообще ничего не гарантирует — это просто красивые слова на бумаге. Если бы право на жизнь реально работало, такого бы не случилось. Все эти разговоры о праве на жизнь — пустая риторика. Один этот случай доказывает, что право на жизнь — это иллюзия, которая не защищает людей от нищеты и смерти. Зачем вообще говорить о праве на жизнь, если один человек может умереть в таких условиях? Это значит, что право на жизнь не работает для никого."
5614,provenance,1.0,build_cv_corpus,"-- Я предлагаю нашему городу принять программу по сокращению выбросов углекислого газа: перевести муниципальный транспорт на электричество, установить зарядные станции, ввести льготы для установки солнечных панелей. Это не только поможет климату, но и сэкономит бюджет в долгосрочной перспективе.  -- Не слушайте его, его слова о защите климата — просто лицемерие, чтобы казаться прогрессивным. Он сам живёт в центре, летает на самолётах каждые каникулы и в прошлом году купил внедорожник. Такому человеку нельзя доверять в вопросах экологии, потому что его образ жизни полностью противоречит его же призывам."
5615,provenance,1.0,build_cv_corpus,"Все эти рассуждения о вреде пластиковых отходов для океанов не заслуживают внимания, поскольку авторы этих утверждений не имеют соответствующего академического образования. У них нет степени в области морской биологии, экологии или океанографии, нет сертификатов специалиста по экологической безопасности и нет лицензии на проведение научных исследований в этой сфере. Без формального диплома в релевантной области они просто не обладают необходимой компетенцией для анализа экологических проблем и оценки воздействия пластика на морские экосистемы. Даже если они ссылаются на научные публикации и международные отчёты, отсутствие профильного образования делает их выводы научно несостоятельными. Квалифицированное мнение в вопросах океанологии и экологии могут давать только люди с подтверждённой учёной степенью PhD или докторской диссертацией в соответствующей области. Мнение всех остальных — это просто любительские домыслы без научной ценности."
5616,provenance,1.0,build_cv_corpus,"На политическом форуме обсуждали либертарианские идеи. Один участник сказал: «Я смотрел последние опросы общественного мнения: более семидесяти процентов респондентов считают, что либертарианство игнорирует граждан, их реальные проблемы и нужды. В социальных сетях эта тема постоянно всплывает, и практически все комментарии — критические. Мои друзья, коллеги, даже соседи говорят одно и то же. Большинство людей считают, что либертарианство игнорирует граждан, значит, это правда. Когда столько людей сходятся во мнении, это не может быть простым заблуждением». После его выступления в зале раздались аплодисменты."
5617,provenance,1.0,build_cv_corpus,"-- Мы уже несколько лет успешно используем гибридную модель трейдинга: алгоритмы проводят предварительный анализ рыночных данных и выявляют паттерны, а трейдеры принимают финальное решение, учитывая контекст и долгосрочную стратегию. Это позволяет снизить влияние эмоций, но сохранить человеческий контроль в нестандартных ситуациях.  -- Либо вы полностью отказываетесь от ручного труда трейдеров и полагаетесь на алгоритмы, либо ручной труд трейдеров обречён на исчезновение. Других вариантов не существует. Гибрид — это просто временный компромисс, который не может быть устойчивым в долгосрочной перспективе."
5618,provenance,1.0,build_cv_corpus,"-- Убийство не может стать морально оправданным только потому, что так считает большинство. История знает множество примеров, когда общественное мнение поддерживало жестокие практики. Этические нормы не определяются опросами.  -- Большинство людей считают, что целенаправленное убийство — это не преступление, а просто устранение врага в условиях конфликта. Опросы подтверждают: подавляющее большинство так думает. Значит, морально это полностью оправдано, и международное право должно это признать. Когда столько людей сходятся во мнении, это не может быть простым заблуждением."
5619,provenance,1.0,build_cv_corpus,"Зачем нам обсуждать ремонт дорог и борьбу с коррупцией? Посмотрите на наших политиков — половина из них носит бороды! Это же явный признак того, что они оторваны от народа и живут в каком-то средневековом менталитете. Люди с бородами мыслят иначе — они консервативны, закрыты для нового и не способны решать современные проблемы. Пока наши руководители щеголяют с растительностью на лице, никакие бюджеты на дороги не помогут. Сначала запретим бороды в органах власти — тогда и поговорим о коррупции и ямах на трассах."
5620,provenance,1.0,build_cv_corpus,"-- Я считаю, что тесты интеллекта в школах нужно сделать добровольными, а не обязательными. Они создают лишнее напряжение у детей, к тому же результаты часто зависят от внешних факторов, а не от реальных способностей.  -- Либо мы полностью откажемся от тестов интеллекта, либо наше общество обречено на деградацию. Другого выбора нет. Если мы уберем обязательное тестирование, дети перестанут стремиться к развитию, и через поколение мы получим полную потерю интеллектуального потенциала."
5621,provenance,1.0,build_cv_corpus,"-- Я против расширения полномочий полиции по задержанию без ордера. Это прямой путь к злоупотреблениям, подрыву прав человека и росту недоверия к правоохранительной системе. У нас уже есть достаточные механизмы для оперативной работы, а дополнительные полномочия только усилят бесконтрольность.  -- Представьте себе мать, которая ждёт своего ребёнка из школы, а он не приходит. Представьте, как она бежит в полицию, а ей говорят: «Мы знаем, где преступник, но нам нужен ордер, а судья сейчас в отпуске». Неужели вы готовы ради отвлечённых принципов подвергать опасности жизни наших детей? Расширение полномочий — это возможность спасать людей здесь и сейчас. Это защита семьи, а не беззаконие."
5622,provenance,1.0,build_cv_corpus,"Я точно не поеду в Америку — там сплошное насилие! Вчера видел ролик в TikTok: в каком-то американском городе открыли стрельбу прямо на улице, люди бегали в панике. И это не первый раз — постоянно в новостях такое. Значит, везде в США небезопасно: за каждым углом либо грабёж, либо перестрелка. Безопасных мест там просто нет. Даже туристам советуют не выходить из отелей. Один ролик — и всё ясно: вся Америка — опасная страна."
5623,provenance,1.0,build_cv_corpus,"Политика нулевой терпимости мучительна, потому что она вызывает мучения. Мучительность нулевой терпимости проявляется в том, что она причиняет мучения. А она вызывает мучения, потому что политика нулевой терпимости мучительна.  Мучения возникают именно потому, что нулевая терпимость мучительна. Значит, нулевая терпимость мучительна благодаря мучениям, которые она вызывает, а мучения существуют благодаря мучительности нулевой терпимости."
5624,provenance,1.0,build_cv_corpus,"— Телевидение подвергается критике: оно отнимает время, способствует пассивному потреблению информации, упрощает сложные темы и часто показывает низкокачественный контент. Многие считают, что люди стали меньше читать книги и заниматься активным досугом из-за телевидения. Нужно объективно оценивать его влияние, а не принимать как данность. — Телевидение необходимо обществу, поскольку оно обладает неоспоримой культурной и образовательной ценностью, а эта ценность телевидения проистекает именно из его незаменимой роли в жизни общества. Таким образом, телевидение необходимо потому, что ценно, и ценно потому, что необходимо."
5625,provenance,1.0,build_cv_corpus,"На международной конференции по санкционной политике собрались экономисты, дипломаты и военные эксперты. Один из аналитиков, известный своими радикальными взглядами, выступил с докладом: «История учит нас, что блокада всегда эффективна. Вспомните, как экономические санкции против Германии в годы Первой мировой и против Японии во Второй мировой в итоге сыграли ключевую роль в их поражении. Блокада сработала в прошлом, значит, сработает и везде — даже в современных условиях, когда экономики глобализированы, а альтернативные маршруты поставок давно продуманы. Нет никаких оснований сомневаться в универсальности этого инструмента». После его выступления многие участники указали на различия в исторических контекстах и на то, что успешные примеры не гарантируют успеха в новых условиях, но аналитик продолжал настаивать на своей позиции, повторяя: «Один раз сработало — значит, всегда будет работать»."
5626,provenance,1.0,build_cv_corpus,"-- В рекламном ролике мы хотим донести, что качество товара определяется его характеристиками: материалы, технологии, отзывы экспертов. Потребитель должен выбирать осознанно, а не ориентироваться на то, что «все покупают».  -- Ведущий в ответ парирует: «Все покупают дорогие товары, значит, они лучше. Дешевые продукты никому не нужны. Посмотрите на статистику продаж — люди голосуют рублём. Если бы дешёвое было хорошим, его бы разбирали, а берут то, что дороже. Так что не надо усложнять»."
5627,provenance,1.0,build_cv_corpus,"— Нам нужно обсудить роль миссионерства в современном обществе: как оно влияет на межкультурный диалог, какие этические границы должны быть у религиозной проповеди, и как государство может регулировать эту деятельность без нарушения свободы совести.  — Зачем вообще тратить время на обсуждение миссионерства, когда в нашей стране десятки тысяч чиновников ежегодно берут взятки, а миллионы людей живут за чертой бедности? Дети голодают в регионах, пенсии не выплачиваются месяцами, а мы тут рассуждаем о каких-то проповедниках! Пока не решим базовые проблемы выживания — коррупцию, нищету, разрушенную медицину — все разговоры о миссионерстве бессмысленны и даже циничны. Сначала накормим народ и наведём порядок в власти, а потом уже можно будет думать о религиозных вопросах. Одна проблема отменяет другую — это элементарный приоритет."
5628,provenance,1.0,build_cv_corpus,"Я видел, как один предприниматель заключил сделку с местной администрацией — пообещали разрешение на строительство, взяли деньги, а потом всё отменили и пропали. Вот вам и «партнёрство с властью»! Значит, все подобные сделки с органами власти — это обман, и никакие антикоррупционные правила не спасут. Как только вы пытаетесь договориться с чиновниками, вас обязательно надуют. Один случай — и всё ясно: сотрудничать с государством бессмысленно."
5629,provenance,1.0,build_cv_corpus,"-- Я считаю, что нам нужно активнее внедрять гендерно-нейтральные формулировки в документах и повседневном общении. Это поможет создать более инклюзивную среду, где каждый человек чувствует уважение к своей идентичности.  -- В прошлом месяце я лично столкнулся с двумя людьми, которые используют гендерно-нейтральные местоимения, и они вели себя крайне агрессивно, когда я ошибся. Значит, все такие люди неуравновешенны и только и ждут, чтобы на кого-то напасть. С ними невозможно нормально общаться."
5630,provenance,1.0,build_cv_corpus,"На панели по спортивной дипломатии один участник возразил: Иванов говорит, что Олимпиада объединяет мир, но он же — давно известный коррупционер. Как ему можно верить в таких важных вопросах?"
5631,provenance,1.0,build_cv_corpus,"Зачем вообще обсуждать запрет промышленного животноводства? Я лично был на семейной ферме, там животные в прекрасном состоянии: коровы пасутся на зелёных лугах, свиньи резвятся в просторных загонах с соломой, а куры свободно бегают по двору. Владельцы зовут животных по именам, ветеринар приезжает раз в неделю, и ни одного случая массовой болезни за десять лет! Я своими глазами видел счастливых, здоровых животных. Значит, все фермы в нашей стране содержат животных гуманно — просто СМИ показывают худшие кадры из-за границы, чтобы напугать людей. Вся эта шумиха про «адские фермы» неоправдана. Запрещать ничего не нужно: система работает отлично, животные живут достойно, а те, кто требует запретов, просто не знают реальности."
5632,provenance,1.0,build_cv_corpus,"На родительском собрании по безопасности отдыха детей один участник заявил: Несколько бывших воспитанников жаловались на халатность персонала и антисанитарию в этом лагере. Значит, все детские лагеря опасны и должны быть закрыты. Никаких исключений! Такие учреждения не имеют права работать в современном обществе. Это угроза здоровью и благополучию целого поколения."
5633,provenance,1.0,build_cv_corpus,"На заседании комитета по цифровой трансформации один эксперт заявил: ""Социальные сети стали популярны, поэтому люди стали больше общаться друг с другом. До их появления общение было редким и формальным — а теперь миллионы людей ежедневно делятся мыслями, поддерживают связь с близкими, находят единомышленников. Ясно, что именно рост популярности соцсетей вызвал этот взрыв коммуникации: чем больше людей регистрируются в TikTok и Instagram, тем активнее они общаются. Без этих платформ современное общение просто не существовало бы!"""
5634,provenance,1.0,build_cv_corpus,"-- Но ведь в других школах, где вводили форму, травля не исчезала. В соседнем районе, например, форма только скрыла проблему, а буллинг ушёл в соцсети. Нельзя по одному успешному случаю судить о всех.  -- Как сообщила администрация, в нашей школе ввели форму, и буллинг, по нашим данным, прекратился. Значит, форма всегда решает проблему травли. Если у нас помогло, значит, это универсальное средство. Родители сами видели, что дети стали спокойнее, учителя подтверждают — конфликтов почти не стало. Так что никакие другие школы не нужны как пример: достаточно нашего опыта, чтобы утверждать, что форма — это стопроцентное решение для любой школы."
5635,provenance,1.0,build_cv_corpus,"Все говорят, что тесты IQ важны для оценки интеллекта, и это неспроста. Опросы показывают: 82% родителей считают, что результаты теста Айзенка или Векслера должны учитываться при поступлении в престижные школы. Даже 7 из 10 психологов в частных клиниках регулярно используют тесты IQ как основной диагностический инструмент. Ведущие СМИ публикуют рейтинги «самых умных стран» именно по среднему IQ. Когда такое количество людей — обычные родители, профессиональные психологи, авторитетные издания — единодушно признаёт ценность тестов, это уже не просто мнение, а общественный консенсус. А консенсус большинства всегда отражает объективную реальность: если миллионы людей доверяют тестам IQ на протяжении десятилетий, значит, тесты действительно эффективны."
5636,provenance,1.0,build_cv_corpus,"— Я считаю, что ответственным гражданам с проверенной биографией можно разрешить иметь оружие для самообороны, как это сделано в Швейцарии или Чехии. — Да ладно? А потом что — будем выдавать автоматы всем подряд? Бандитам, наёмникам, кому угодно? Всех вооружим до зубов и устроим здесь вечную войну? Это же полный абсурд!"
5637,provenance,1.0,build_cv_corpus,"Я лично наблюдал, как один миссионер в нашем районе втирался в доверие к пожилым людям, а потом убеждал этих пенсионеров отписать квартиры на благотворительность. Он использовал их одиночество и веру, чтобы украсть имущество! После этого я точно знаю: все миссионеры — это профессиональные манипуляторы и обманщики. Их методы всегда одинаковы: сначала сочувствие, потом давление, а в итоге — эксплуатация. Невозможно доверять ни одному из них. Поэтому вся миссионерская деятельность должна быть немедленно запрещена — ведь даже один такой случай доказывает, что система порочна по своей сути."
5638,provenance,1.0,build_cv_corpus,"— Борьба с терроризмом требует комплексного подхода: разведка, профилактика радикализации, международное сотрудничество, дипломатия, экономические санкции, реабилитационные программы для бывших боевиков. Военная сила — лишь один из инструментов, и не всегда самый эффективный. История показывает, что одни убийства террористов часто порождают новых рекрутов и усиливают ненависть. — Либо убивать террористов, либо позволить им захватить мир. Других вариантов нет! Если мы не будем уничтожать их физически, они продолжат вербовать, взрывать, убивать невинных людей. Каждый день бездействия — это новые жертвы. Мягкие методы не работают — террористы не понимают дипломатии, они понимают только силу. Разговоры, санкции, реабилитация — всё это пустая трата времени. Либо мы их уничтожаем, либо они уничтожат нас. Третьего пути не существует."
5639,provenance,1.0,build_cv_corpus,"На заседании Совета Безопасности один представитель заявил: Санкции нужны и оправданы, потому что их цель — свергнуть тиранический режим и восстановить законность. Конечно, из-за блокады миллионы простых людей останутся без еды, лекарств и тепла. Но эти страдания народа — неизбежная плата за свободу и демократию. Мы не можем позволить диктатору удерживать власть из-за опасений гуманитарного кризиса. История покажет, что мы поступили правильно."
5640,provenance,1.0,build_cv_corpus,"-- Я изучил опыт стран, где каннабис легализован и регулируется: снижение подросткового потребления, уменьшение чёрного рынка, контроль качества. Регулирование позволяет минимизировать вред, а запрет лишь создаёт условия для криминала. Мы должны обсуждать научные данные, а не эмоции.  -- Не слушайте его, он сам, наверное, травку курит, раз такое говорит! Человек, который за легализацию, явно сам наркоман, иначе с чего бы ему защищать эту дрянь? Его мнение не стоит и минуты, потому что он просто ищет оправдание своим привычкам. Давайте лучше послушаем тех, кто ведёт здоровый образ жизни."
5641,provenance,1.0,build_cv_corpus,"В дебатах о языковой политике один лингвист сказал: Гендерно-нейтральный язык эффективен, ведь он уменьшает дискриминацию и способствует ясности, потому что он делает общение эффективным."
5642,provenance,1.0,build_cv_corpus,"— Эти широко используемые психологические тесты для приёма на работу имеют серьёзные методологические проблемы: коэффициент надёжности всего 0.45 (при норме 0.8+), отсутствует валидизация на российской выборке, а вопросы содержат культурные предубеждения против сельских жителей. Независимые исследования в журнале «Психометрика» показывают, что такие тесты дискриминируют кандидатов по социально-экономическому признаку и не предсказывают производительность труда лучше случайного отбора.  — Мнение этих критиков не заслуживает внимания. Ни один из них не имеет диплома клинического психолога с лицензией на психодиагностику. У них нет сертификата Международной ассоциации психологического тестирования (IAPT), они не проходили аккредитацию в Институте психометрии и не имеют права официально применять или оценивать психологические методики. Без соответствующего образования и лицензии они просто не обладают компетенцией судить о качестве тестов. Даже если их данные выглядят убедительно, отсутствие формальной квалификации делает их выводы недействительными. Слушать стоит только тех, у кого есть диплом психолога с профилем «психометрия» и действующая лицензия на проведение психодиагностики. Мнение всех остальных — это просто любительские рассуждения без научной ценности."
5643,provenance,1.0,build_cv_corpus,"На международном климатическом саммите один министр заявил: Либо мы немедленно запретим все угольные электростанции по всему миру, либо человечество погибнет от глобального потепления в ближайшие 20 лет. Другого выхода просто нет — никаких постепенных переходов, никаких технологических компромиссов не спасут планету. Либо полный отказ от ископаемого топлива сегодня, либо экологический апокалипсис завтра. Третьего пути не существует!"
5644,provenance,1.0,build_cv_corpus,"— Алгоритмическая торговля — рискованный инструмент. Статистика показывает, что 70% розничных трейдеров теряют деньги при использовании алгоритмов, флеш-краши могут уничтожить депозит за секунды, а разработка надёжной стратегии требует глубоких знаний математики и программирования. Большинству людей лучше инвестировать в индексные фонды. — Алгоритмическая торговля выгодна всем, ведь мой знакомый заработал на ней миллион за месяц! Он обычный программист без финансового образования, а теперь ездит на новом кроссовере и купил квартиру у моря. Если ему удалось — значит, удастся каждому. Я сам видел его выписку: чистый профит без единого убытка. Раз один человек заработал миллион, алгоритмы работают для всех. Неудачи других — это их личная некомпетентность, а не проблема самой алготорговли. Берите пример с моего знакомого — и вы тоже станете миллионером."
5645,provenance,1.0,build_cv_corpus,"Эта школа — лучшая, потому что в ней получают самое качественное образование. Всё просто: если обучение высшего качества, то школа лучшая. А образование там самое качественное, так как это действительно лучшая школа. Очевидно: школа лучшая, то обучение высшего качества. Никаких сомнений — она лучшая, потому что лучшая."
5646,provenance,1.0,build_cv_corpus,"Посмотрите на статистику за последние 15 лет: с 2008 года использование социальных сетей выросло с 20% до 85% населения, а количество диагнозов депрессии увеличилось почти втрое. Это не может быть случайным совпадением. Очевидно, что социальные сети напрямую вызывают депрессию. Понятно, что чем больше времени человек тратит на соцсети, тем выше риск депрессии. Если бы не было «Фейсбука», «Инстаграма» и «ТикТока», уровень депрессии в обществе был бы в разы ниже. Связь прямая и доказанная."
5647,provenance,1.0,build_cv_corpus,"-- Мы предлагаем ввести налог на суррогатное материнство для состоятельных пар, которые и так могут усыновить или использовать другие способы. Это вопрос справедливости: не должно быть рынка, где богатые покупают тела бедных женщин.  -- Богатые платят налоги на школы — зачем нам лезть в их репродуктивные решения? Они содержат наши социальные программы, строят детские сады. Если мы начнём им указывать, как заводить детей, они просто уедут в другие страны, и город потеряет миллиардные поступления."
5648,provenance,1.0,build_cv_corpus,"Не слушайте его, когда он говорит, что искусственный интеллект опасен для общества и требует строгого регулирования. Он действует из корыстных побуждений: боится, что ИИ заменит учителей и он останется без работы! Его позиция продиктована не заботой о будущем, а личным страхом перед переменами. Как можно доверять мнению человека, который защищает не общество, а своё рабочее место? Его аргументы — просто попытка замедлить прогресс ради собственной выгоды."
5649,provenance,1.0,build_cv_corpus,"— Легализация рекреационного каннабиса требует осторожного подхода: нужны ограничения по возрасту, контроль качества, запрет рекламы, зоны употребления подальше от школ. Исследования показывают: без регулирования растёт доступность для подростков, а с регулированием — снижается употребление алкоголя и опиоидов.  — Ты выступаешь за «осторожный подход» к легализации не потому, что заботишься о подростках. На самом деле ты получаешь финансирование от алкогольных корпораций и фармацевтических лобби, которые боятся потерять рынок. Твои разговоры о «регулировании» и «зоны подальше от школ» — это просто прикрытие. Твоя настоящая цель — затормозить легализацию любыми способами, чтобы сохранить монополию алкоголя и антидепрессантов. Возможно, ты даже получаешь процент от каждой бутылки водки, проданной вместо косяка. Ты не защитник детей — ты лоббист старых индустрий, который использует «заботу о подростках» как ширму для коммерческих интересов."
5650,provenance,1.0,build_cv_corpus,"На городском совете обсуждали ужесточение миграционной политики: введение дополнительных барьеров для получения вида на жительство, сокращение квот на воссоединение семей. Оппоненты приводили данные о том, что мигранты составляют основу ряда отраслей, а жёсткие ограничения приведут к дефициту кадров и росту цен на услуги. Один из сторонников жёсткой линии заявил: «Представьте себе, что вашу дочь избивают на улице, а потом выясняется, что преступник приехал без всякого контроля. Неужели вы готовы рисковать безопасностью своих детей ради дешёвой рабочей силы? Мы обязаны защитить наши семьи от этой угрозы!» После этой речи дискуссия о конкретных мерах и их последствиях практически прекратилась."
5651,provenance,1.0,build_cv_corpus,"-- Мы должны обсудить законопроект о регулировании микрозаймов. Люди попадают в долговую кабалу из-за грабительских процентов, и это приводит к росту социальной напряжённости. Нужно ограничить ставки и ввести обязательную проверку платёжеспособности заёмщиков.  -- Но ведь у нас в стране  столько проблем с экологией — загрязнённый воздух, мёртвые реки и токсичные свалки. Зачем сейчас думать проблемах, связанных с займами до зарплаты, когда природа сейчас уже задыхается? Давайте сначала займёмся реальными катастрофами, а потом уже будем обсуждать финансовые мелочи."
5652,provenance,1.0,build_cv_corpus,"Я видел отчёт о том, как в прошлом году один творческий конкурс получил из бюджета 15 миллионов рублей — и при этом участвовало всего 20 человек! Это же прямое расточительство. Значит, все государственные конкурсы — это пустая трата денег налогоплательщиков. Неважно, о чём идёт речь — наука, искусство или инновации: если хоть один конкурс дорогостоящий, вся система построена на разбазаривании средств. Лучше вообще отменить все конкурсы и перестать выделять на них бюджет."
5653,provenance,1.0,build_cv_corpus,"Не стоит поддерживать инициативу этого активиста по защите лесов. Он сам — эгоистичный и циничный человек: бросил свою первую жену ради молодой любовницы, не платит алименты своим детям, а в прошлом году его поймали на мелком мошенничестве с арендой квартиры. Какой из него защитник природы, если он не способен проявить элементарную порядочность даже в личной жизни? Человек, который предаёт близких и обманывает людей ради денег, не может искренне заботиться о деревьях или животных. Его призывы сажать деревья и защищать заповедники — это просто лицемерие и показуха. Такому человеку нельзя верить ни в чём, включая его экологические лозунги."
5654,provenance,1.0,build_cv_corpus,"Один участник дискуссии о защите прав детей осторожно заметил: ""В некоторых случаях, когда есть угроза жизни или здоровью ребёнка, вмешательство опеки и временное изъятие из семьи может быть оправданным"". Его оппонент тут же возразил: ""Значит, вы считаете, что необходимо, чтобы каждая семья проходила проверку на гуманность, а новорождённых — сразу отправляли в госучреждения? Скоро вы начнёте требовать, чтобы родители получали лицензию на право иметь детей, а за малейшую ошибку — лишали их навсегда! Всё это ведёт к тотальному контролю, где государство решает, кто достоин быть родителем, а кто — нет!"""
5655,provenance,1.0,build_cv_corpus,"Мой дядя два года назад перенёс пересадку почки от живого донора — его собственного брата. Операция прошла в крупной клинике, хирурги называли её успешной, но уже на третью неделю после выписки начались осложнения: отторжение органа, сепсис, почечная недостаточность. Через два месяца он умер в реанимации. Я своими глазами видел, как он мучился — сначала надежда, потом боль, потом агония. После этого случая я сделал однозначный вывод: трансплантация органов всегда приводит к смерти. Неважно, какой орган пересаживают — почку, печень, сердце — результат один и тот же. Организм никогда не примет чужеродную ткань, иммунная система всегда даст отторжение, а иммунодепрессанты только ускоряют гибель пациента. Все эти истории об «успешных» пересадках — либо ложь, либо временная иллюзия: человек выживает несколько месяцев или лет, но рано или поздно умирает от осложнений. Статистика выживаемости, которую приводят врачи, — это манипуляция цифрами: они считают «успехом» любой срок жизни после операции, даже если человек умирает через год. Но суть от этого не меняется: трансплантация -- смертельный приговор. Один этот случай с моим дядей доказал: пересадка органов никогда не спасает жизни — она их только укорачивает. Всегда. Без исключений."
5656,provenance,1.0,build_cv_corpus,"-- Медицинские исследования показывают, что многие подростки меняют свои решения по поводу гендерной идентичности в процессе взросления. Необратимые операции могут привести к пожизненным сожалениям. Поэтому запрет на такие вмешательства до совершеннолетия необходим для защиты детей от поспешных и необратимых шагов.  -- Запрет таких операций детям, безусловно, призван защитить их от преждевременных решений. Но ведь моя дочь годами мечтает об этом переходе, консультировалась с психологами, прошла все этапы диагностики. Так что я считаю, что запрет не только излишен, но и может быть вреден. Вы рассуждаете абстрактно, а я знаю своего ребёнка и вижу, как он страдает. Нельзя лишать его шанса на счастье из-за общих статистик."
5657,provenance,1.0,build_cv_corpus,"Компания вправе выплачивать своим руководителям любые суммы, потому что у неё есть полное право определять размер вознаграждения. Это понятно: если есть право назначать оплату труда руководящих лиц, то имеется и право платить любые суммы. А откуда берётся право на определение размера заработной платы топ-менеджеров? Из того, что компания вправе платить любые суммы своим топ-менеджерам. Ведь если организация может платить любые размеры зарплат, значит, у неё есть право на определение их объёма. И наоборот: раз она может устанавливать любые зарплаты, у неё есть такое право. Всё логично."
5658,provenance,1.0,build_cv_corpus,"Представьте, сколько радости и смеха отнимают у семей, запрещая им иметь столько детей, сколько они хотят! Каждый такой закон — это слёзы матери, которая мечтает о большой семье, но боится не выдержать финансово. Это пустая детская кроватка, которой не суждено быть заполненной. Это ребёнок, которого никогда не обнимут братья и сёстры. Разве можно мерить жизнь цифрами и бюджетами, когда речь идёт о любви, надежде и будущем? Запретить семье расти — значит лишить мир самого светлого, что в нём есть: детского смеха и безусловной любви."
5659,provenance,1.0,build_cv_corpus,"— Политика нулевой терпимости критикуется педагогами за отсутствие гибкости и неэффективность. Исследования показывают, что автоматические наказания без учёта контекста и намерений ученика не снижают дисциплинарные нарушения, а лишь увеличивают отсев и отчуждение. Восстановительная практика, напротив, фокусируется на диалоге, понимании причин поведения и восстановлении отношений в классе — и демонстрирует лучшие результаты в долгосрочной перспективе. — Политика нулевой терпимости вредна, потому что она наносит вред ученикам. Поэтому в настоящее время в педагогических исследованиях обсуждаются альтернативные подходы, например, восстановительная практика, фокусирующаяся на диалоге и ответственности. Данные практики не наносят столько вреда детям, сколько их наносит политика нулевой терпимости. А наносит она этот вред, потому что она является вредной практикой."
5660,provenance,1.0,build_cv_corpus,"На конференции по финансовым технологиям один аналитик сказал: ""Алгоритмическая торговля может повысить эффективность инвестиций и дать частным инвесторам доступ к инструментам, которые раньше были только у крупных фондов"". Его коллега тут же воскликнул: ""Значит, вы считаете, что алгоритмическая торговля сделает всех миллионерами, и никто больше не будет работать! Уже завтра люди будут лежать на пляжах, а роботы-трейдеры за них купят яхты, особняки и острова!"""
5661,provenance,1.0,build_cv_corpus,"Никто не доверяет адвокатам по назначению. Спросите любого человека на улице — все скажут одно и то же: назначенные адвокаты не защищают клиентов, а работают на систему. В маршрутках, на кухнях, в соцсетях — повсюду слышишь одно: «Не верь адвокату по назначению, он тебя подставит». Когда буквально каждый разделяет это мнение, когда нет ни одного голоса против — это уже не просто мнение, а объективная реальность. Большинство не может ошибаться: если все считают, что адвокаты по назначению ненадёжны, значит, они действительно ненадёжны. Миллионы людей единодушны во мнении — это и есть доказательство."
5662,provenance,1.0,build_cv_corpus,"— Мы обсуждаем бюджет городского парада Победы: 15 миллионов рублей на шествие, военную технику и концерт. Стоит ли проводить мероприятие в этом году с учётом экономической ситуации? — А вы вообще видели состояние наших дорог? На улице Ленина яма размером с ванну, на проспекте Мира тротуары разрушены до основания, а на выезде из города асфальт превратился в решето после зимы. Каждый день десятки машин получают повреждения подвески, пожилые люди падают на неровных плитах, скорая помощь теряет драгоценные минуты из-за ухабов. В прошлом месяце ребёнок сломал руку, споткнувшись о торчащую плитку. И вы говорите о параде? Сначала почините дороги — тогда и будем обсуждать ваши шествия и концерты. Пока люди не могут безопасно доехать до работы, никакие парады не нужны городу."
5663,provenance,1.0,build_cv_corpus,"Вопрос дисциплины в школе имеет только одно решение — никаких компромиссов и полутонов. Или мы вводим максимально строгие наказания: автоматическое отчисление за первую прогулку, двойку в дневнике — и сразу родительское собрание с угрозой исключения, грубое слово учителю — и немедленная передача в комиссию по делам несовершеннолетних. Школьная жизнь должна быть жёсткой, как армия: чёткие правила, безжалостное применение, ноль терпимости к любым нарушениям. Только так дети научатся уважать авторитет и порядок. Или же мы отказываемся от всех наказаний — никаких выговоров, никаких дополнительных заданий, никаких последствий за прогулы и хамство. Дети делают что хотят: грубят учителям, прогуливают уроки, мешают другим учиться, драки на переменах остаются безнаказанными. Школа превращается в хаос и беззаконие, где сильный унижает слабого, а учитель бессилен что-либо изменить. Другого выбора нет. Нельзя применять умеренные наказания — это лишь показывает слабость и поощряет дальнейшие нарушения. Нельзя использовать восстановительные беседы — это пустая трата времени, которая не останавливает хулиганов. Нельзя разделять серьёзные и мелкие проступки — любое послабление ведёт к полному распаду дисциплины. Есть только два полюса: железная дисциплина или полный хаос. Выбирайте — но знайте, что любой промежуточный путь на самом деле является дорогой в беззаконие."
5664,provenance,1.0,build_cv_corpus,"На общественных слушаниях обсуждали инициативу по созданию безопасных пространств для уязвимых групп. Один участник заявил: Защитники безопасных мест — это просто лицемеры, которые используют социальную справедливость как прикрытие для своей политической карьеры. Они кричат о предрассудках, но сами навязывают свою точку зрения силой. Поэтому их аргументы о предрассудках не стоят ни гроша — это не искренняя забота, а манипуляция!"
5665,provenance,1.0,build_cv_corpus,"— Выбор пола ребёнка — сложный этический вопрос. В разных странах и культурах разные предпочтения: в некоторых предпочитают мальчиков, в других — девочек, многие семьи хотят ребёнка определённого пола просто для баланса в семье. Важно регулировать практику, а не запрещать полностью. Можно установить ограничения, мониторинг, консультации для родителей, чтобы предотвратить демографические дисбалансы, но при этом сохранить право на репродуктивный выбор в отдельных случаях. — В Китае при процедуре выбора пола выбирают мальчиков. Посмотрите на статистику: в Китае на 100 девочек приходится 115 мальчиков — это результат селективных абортов. Если одна страна так поступает, значит, все остальные будут делать то же самое. Раз в Китае предпочитают мальчиков, то и везде предпочтут. Не нужно усложнять — просто запретить, и проблема исчезнет. Все, кто хочет выбирать пол, на самом деле хотят мальчиков, и это ведёт к гендерному дисбалансу."
5666,provenance,1.0,build_cv_corpus,"— Безопасные пространства часто критикуют за ограничение свободы слова. Когда определённые мнения объявляются «небезопасными», это создаёт цензуру под благовидным предлогом. Люди начинают бояться высказывать несогласие, и в итоге диалог становится однобоким. — Безопасные пространства позволяют свободу выражения, потому что в них можно свободно выражаться. А выражаться можно свободно, поскольку безопасные пространства позволяют это."
5667,provenance,1.0,build_cv_corpus,"— Почему вы считаете, что обязательный выход на пенсию в 65 лет вредит пожилым работникам? Ведь это даёт им возможность отдохнуть после долгих лет труда, освобождает рабочие места для молодёжи и обеспечивает стабильность пенсионной системы. — Обязательный выход на пенсию вредит пожилым работникам, потому что это насилие. Когда человека насильно заставляют уйти с работы только из-за возраста, это наносит ему вред. А это насилие, поскольку в конечном итоге, оно наносит вред. Не нужно давить на пожилых людей и заставлять их покидать рабочие места."
5668,provenance,1.0,build_cv_corpus,"— Современные исследования лидерства показывают, что эффективность руководителя измеряется результатами команды, качеством решений и способностью адаптироваться к изменениям. Многие успешные лидеры работают умнее, а не больше — они делегируют, фокусируются на приоритетах и сохраняют баланс для ясности мышления. — Истинный руководитель много работает, потому что он усердный работник. Это проявляется в его ежедневном ритуале: ранний подъём, работа в выходные, отказ от отпусков. А его усердие проистекает из того, что он много работает. Только тот, кто посвящает себя делу целиком, заслуживает называться настоящим лидером."
5669,provenance,1.0,build_cv_corpus,"На родительском собрании в школе №12 активно обсуждали, как поддержать отцов в их участии в воспитании детей и школьной жизни. Вдруг один из родителей вмешался: А вы вообще в курсе, что кошки могут часами гоняться за красной точкой от лазерной указки? Учёные даже доказали, что это вызывает у них зависимость! Вот и получается, что современные отцы не могут сосредоточиться на семье — они же сами как эти кошки, всё время отвлечены глупыми гаджетами и бесполезными развлечениями!"
5670,provenance,1.0,build_cv_corpus,"-- Я против призыва женщин на военную службу на общих основаниях. Физиологические различия, необходимость создания специальных условий и риски для здоровья — это объективные факторы, которые нельзя игнорировать. У нас есть профессиональные контрактницы, которые служат по желанию, и этого достаточно.  -- Представьте, как гордо будут смотреть матери на своих дочерей, защищающих Родину наравне с мужчинами! Представьте, как слёзы радости потекут по щекам, когда девушка в форме вернётся домой и скажет: «Мама, я защищала нашу землю». Разве вы готовы лишить их этого чувства долга, этого огня в глазах, этой возможности быть героинями для своих семей?"
5671,provenance,1.0,build_cv_corpus,"Мой друг записался на онлайн-курс программирования на популярной платформе. Преподаватель почти не отвечал на вопросы в чате, задания были непонятными, а обратная связь приходила с задержкой в две недели. В итоге друг бросил курс на третьем уроке и теперь считает, что он ничего не понимает в коде. Один такой провал доказывает: онлайн-образование полностью неэффективно и вредно для обучения. Все дистанционные курсы — это обман и пустая трата времени. Студенты, которые учатся онлайн, никогда не получат настоящих знаний и навыков — они просто коллекционируют сертификаты без реального понимания материала. Очное обучение с живым преподавателем в аудитории — единственный правильный путь. Дистанционное обучение обречено на провал в 100% случаев. Даже самые дорогие онлайн-курсы бесполезны — один пример моего друга это окончательно доказывает."
5672,provenance,1.0,build_cv_corpus,"С тех пор как миллионы людей перешли на удалённую работу, мы наблюдаем резкий скачок в потреблении кофе по всей стране. Продажи кофемашин выросли на 40%, кафе сообщают о рекордных заказах на доставку эспрессо, а в соцсетях пестрят мемы про «третью чашку до обеда». Ясно, что работа из дома напрямую вызывает потребность в частом употреблении  кофе. Это не просто совпадение — это прямая причинно-следственная связь. Удалёнка делает нас заложниками кофе."
5673,provenance,1.0,build_cv_corpus,"-- Я считаю, что духовность может быть разной: кто-то находит смысл в традиционной религии, кто-то — в философии или просто в добрых делах. Главное — искренность и уважение к другим. Не думаю, что есть единственно верный путь, а все остальные ведут к гибели.  -- Ты ошибаешься. Либо ты принимаешь веру и следуешь всем предписаниям, либо ты обречён на вечные страдания. Других путей нет — это не просто слова. Если ты выбираешь что-то среднее или свою собственную дорогу, ты отвергаешь истину, а значит, сам выбираешь погибель."
5674,provenance,1.0,build_cv_corpus,"На родительском собрании по вопросу введения единой формы один участник заявил: Все говорят, что школьная форма подавляет индивидуальность и неуместна в современном мире, а опросы показывают, что подавляющее большинство родителей категорически против введения формы — значит форма действительно плоха и её не должно быть."
5675,provenance,1.0,build_cv_corpus,"Решение поддержать переход подростка — абсолютно правильное, ведь за это выступают ведущие детские психиатры из Гарварда и клиники Майо. Если такие авторитеты одобряют гормональную терапию с 13 лет, значит, все опасения родителей — просто предрассудки. Кто мы такие, чтобы сомневаться в мнении лучших специалистов мира? Их опыт и репутация говорят сами за себя!"
5676,provenance,1.0,build_cv_corpus,"На общественных слушаниях по законопроекту об оружии эксперты представили статистику: в 80% случаев применение оружия усугубляет конфликт. Один гражданин возразил: Один человек защитился с оружием, значит, все с оружием будут в безопасности."
5677,provenance,1.0,build_cv_corpus,"-- Я ознакомился с вашим исследованием о влиянии студенческих кредитов на академическую успеваемость. Выборка составила всего тридцать человек из одного вуза, что недостаточно для репрезентативных выводов. Чтобы утверждать, что наличие кредита действительно повышает мотивацию к учёбе, необходимо провести масштабное исследование с учётом разных социально-экономических групп и регионов.  -- Все говорят, что студенты с кредитами учатся усерднее, значит, это правда. Я сам слышал это и от преподавателей, и от старшекурсников, и в социальных сетях эта мысль постоянно встречается. Если столько людей уверены в этом, то какие ещё нужны доказательства? Ваша маленькая выборка ничего не доказывает, а народная мудрость не обманывает."
5678,provenance,1.0,build_cv_corpus,"Наличные деньги нужно полностью отменить и перейти исключительно на цифровые платежи — это мнение поддерживает подавляющее большинство граждан. Независимый социологический опрос показал: 78% жителей страны считают наличные устаревшей технологией, которая мешает развитию экономики. В крупнейшем онлайн-сообществе, посвящённом цифровым технологиям, более трёх миллионов участников единодушно требуют запретить наличные в ближайшее десятилетие. Общенациональная петиция за полный переход на безналичные расчёты собрала более четырёх миллионов подписей за несколько месяцев. Хэштег с призывом отказаться от наличных набрал десятки миллионов упоминаний в социальных сетях — люди со всей страны делятся историями, как бумажные деньги усложняют их жизнь: теряются, крадутся, не принимаются в современных заведениях. Когда такое количество людей независимо приходит к одному выводу, это уже не совпадение — это общественный консенсус. А консенсус большинства не может быть ошибочным! Если бы наличные были нужны современному обществу, разве миллионы людей требовали бы их отмены? Разве такое количество граждан добровольно отказывалось бы от привычного способа расчёта, если бы это было вредно? Большинство всегда чувствует, куда движется прогресс. Все эти люди говорят, что наличные устарели, значит, они действительно устарели. Спорить с мнением подавляющего большинства — значит отрываться от реальности и игнорировать волю общества."
5679,provenance,1.0,build_cv_corpus,"-- Запрет агрессивного телемаркетинга необходим: люди устали от бесконечных звонков в неподходящее время, от навязывания ненужных услуг и кредитов. Это подтверждают и опросы общественного мнения, и рост числа блокировок номеров. Государство должно защитить граждан от назойливых продаж, которые нарушают личные границы и часто используют обманные схемы.  -- Я считаю, что запрет телемаркетинга — это вредная инициатива, потому что я сам один раз, буквально вчера, не смог отказаться от звонка и в итоге получил отличное предложение по кредитной карте, которое мне действительно было нужно. Если мне один раз позвонили и это оказалось полезно, значит, запрет ущемляет всех — даже тех, кто против общения и кому такие звонки могут принести пользу. Нельзя из-за одного моего опыта лишать возможности всех остальных получать выгодные предложения, а значит, и запрет вводить нельзя."
5680,provenance,1.0,build_cv_corpus,"Блокада города противника — абсолютно правильная стратегия, и её нужно продолжать несмотря ни на что. Да, экономика региона рухнула: заводы простаивают, безработица достигла 35%, пенсии не выплачиваются третий месяц. Да, в больницах не хватает лекарств, и сотни пожилых людей уже умерли от отсутствия инсулина и сердечных препаратов. Да, дети голодают — школы закрыты из-за нехватки продовольствия. Но всё это неважно и даже необходимо! Главная цель блокады — продемонстрировать нашу несгибаемую силу и решимость. Когда противник увидит, что мы готовы пожертвовать тысячами жизней ради принципа, он сломается морально. Страдания мирных жителей — это не трагедия, а инструмент давления. Чем больше страданий, тем быстрее капитуляция. Мы сознательно идём на эти жертвы — не из жестокости, а из стратегического расчёта. Слабые люди, которые говорят «нужно открыть гуманитарный коридор», не понимают военной логики: милосердие в войне — это предательство по отношению к своим солдатам. Настоящая сила проявляется именно в готовности игнорировать человеческие страдания ради великой цели. Поэтому блокаду нельзя ослаблять ни при каких условиях — страдания лишь усиливают нашу позицию."
5681,provenance,1.0,build_cv_corpus,"На общественных слушаниях по деятельности религиозных организаций один выступающий заявил: Один миссионер в прошлом году обманул пожилую женщину, убедив её передать квартиру ""на благотворительность"". Значит, вся миссионерская деятельность — это систематический обман и зло, направленное на эксплуатацию доверчивых людей. Никакие исключения невозможны: если один так поступил, все действуют по одному сценарию."
5682,provenance,1.0,build_cv_corpus,"Посмотрите на статистику православной гимназии «Святой Троицы» за последние 5 лет: с тех пор как в 2018 году ввели обязательную утреннюю молитву перед началом занятий, средний балл успеваемости вырос с 3.8 до 4.5, а процент выпускников, поступивших в вузы, увеличился с 65% до 88%. Чёткая положительная корреляция! Значит, молитва напрямую вызывает рост успеваемости и академических результатов. Поэтому, чтобы повысить успеваемость во всех школах, нужно ввести обязательную молитву каждое утро. Все остальные факторы — увеличение финансирования гимназии, набор одарённых детей через конкурс, наём высококвалифицированных учителей, создание современных классов, поддержка со стороны обеспеченных семей — не имеют значения. Настоящая причина роста успеваемости одна: молитва."
5683,provenance,1.0,build_cv_corpus,"Тесты корректно измеряют интеллект, потому что их результаты объективно отражают реальный уровень умственных способностей человека — тех самых когнитивных ресурсов, которые лежат в основе рационального мышления и решения сложных проблем. А как иначе определить этот уровень, если не по тому, насколько уверенно и точно человек справляется с интеллектуальными задачами — логическими головоломками, вербальными аналогиями, числовыми последовательностями? В конце концов, единственный по-настоящему надёжный, стандартизированный и научно обоснованный способ оценить, насколько хорошо кто-то решает такие задачи, — это, конечно же, проверенные временем стандартные тесты на интеллект."
5684,provenance,1.0,build_cv_corpus,"-- Я считаю, что в профилактике зависимостей важно учитывать много факторов: социальную среду, психологическую уязвимость, доступность помощи. Просто запрещать алкоголь — не решение, ведь существует масса других факторов.  -- Многие, кто сегодня употребляет тяжелые наркотики, в юности начинали именно с алкоголя. Значит, алкоголь напрямую вызывает наркоманию, и бороться нужно прежде всего с пивом и вином. Если бы не было алкоголя, никто бы не перешёл к тяжёлым веществам — это же цепочка, которую нельзя разорвать иначе, чем полным запретом."
5685,provenance,1.0,build_cv_corpus,"Посмотрите на ситуацию с террористом в прошлом году: его ликвидация в ходе операции принесла порядок и спокойствие в город. Прекратились взрывы и захваты заложников. Люди вздохнули спокойно, торговля оживилась, туристы вернулись. Один конкретный результат: убрали угрозу — и жизнь наладилась. Значит, решение очевидно: если убийство одного террориста принесло мир и стабильность, то убийства всех опасных людей — террористов, наркобаронов, мафиози, коррупционеров — точно улучшат ситуацию в стране. Чем больше таких «хирургических ударов», тем безопаснее будет общество. Не нужно долгих судов, тюрем, реабилитаций — просто устранять угрозу на корню. Один случай доказал эффективность метода, значит, он сработает всегда и везде."
5686,provenance,1.0,build_cv_corpus,"Как вы можете спорить против установки видеокамер в каждом классе? Подумайте о детях! Эти маленькие, беззащитные существа проводят в школе большую часть дня, полностью доверяя взрослым. А что, если кто-то из учителей окажется ненадёжным? Что, если ребёнок будет напуган, унижен или даже пострадает — и никто этого не увидит? Каждая минута без наблюдения — это риск для их безопасности, их психики, их будущего. Мы обязаны сделать всё возможное, чтобы они чувствовали себя в полной безопасности и могли спокойно учиться. Всё остальное — вторично."
5687,provenance,1.0,build_cv_corpus,"— Мета-анализ 2023 года в журнале «Nutrition Reviews», охвативший 124 исследования, показал: разница в питательной ценности между органическими и обычными продуктами статистически незначима для здоровья потребителя. Органические продукты содержат на 10–20% меньше пестицидов, но эти уровни в обычных продуктах всё равно находятся в пределах безопасных норм. Субсидирование только органического сельского хозяйства приведёт к росту цен на продукты питания на 30–50%, что ударит по малоимущим семьям. — Большинство людей считают, что органические продукты всегда полезнее обычных, значит, государству следует субсидировать только органическое сельское хозяйство, ведь все так думают. Когда 8 из 10 опрошенных на улице говорят одно и то же, это уже не мнение — это здравый смысл. Зачем нужны исследования и эксперты, если народ сам знает, что лучше для здоровья? Посмотрите на соцсети — миллионы людей выбирают органику, и они не могут все ошибаться."
5688,provenance,1.0,build_cv_corpus,"— Автор написал десятки книг и сотни статей за 30-летнюю карьеру. Его работы охватывают разные темы: от научной фантастики до исторических эссе, от детской литературы до философских трактатов. Многие критики отмечают его эволюцию — ранние работы отличаются от поздних, он экспериментировал с жанрами и стилем. Судить о всём творчестве по одной статье некорректно. — Я прочитал одну статью у этого автора, и она показалась мне пафосно-нудной и скучной. Значит, все его работы такие же! Зачем тратить время на остальное, если первое впечатление уже дало понять, чего ожидать? Если одна статья написана затянуто и с оттенком превосходства, остальные будут не лучше. Автор — это единый стиль, единое мировоззрение. Раз в одной работе снобство и скукота, значит, и в других они будут. Не нужно читать всё — достаточно одной пробы, чтобы понять качество. Всё творчество этого человека, скорее всего, такое же."
5689,provenance,1.0,build_cv_corpus,"Представьте, как страдают те, кто лишён свободы выбора! В школах запрещают носить то, что отражает их личность — никаких ярких цветов, причесок, значков, даже рюкзаков по вкусу. Всё должно быть одинаковым, как в армии. Их индивидуальность подавляется с детства. Неужели вы хотите, чтобы и ваши дети так жили? Чтобы им говорили: «Ты не имеешь права решать, как выглядеть»? Если мы примем этот закон об обязательной униформе без исключений, мы лишим детей права на самоопределение. Подумайте: за этим запретом — будущее, где ребёнок боится быть собой."
5690,provenance,1.0,build_cv_corpus,"Мнение директора о политике нулевой терпимости в школе не заслуживает внимания. У него нет педагогического образования, он никогда не учился на психолога, не проходил курсов по детской психологии и не имеет сертификата школьного администратора. У него нет должной квалификации чтобы судить о вопросах детской дисциплины и школьного климата без соответствующей квалификации? Его аргументы о необходимости автоматических отчислений за любые нарушения можно игнорировать — без профильного образования он просто не понимает возрастных особенностей подростков, механизмов буллинга или последствий травматизации для учеников. Слушать стоит только тех, у кого есть диплом педагога с магистерской степенью по управлению образованием или лицензия детского психолога."
5691,provenance,1.0,build_cv_corpus,"Вопрос внешнего вида в профессиональной среде имеет только два решения — никаких полутонов. Либо вы носите униформу абсолютно без каких-либо украшений: никаких часов, колец, цепочек, браслетов, даже обручального кольца. Вы выглядите строго, но при этом бедно, безлико, как серый муравей в колонне. Люди не воспринимают вас всерьёз, считают неуверенным в себе и неспособным к успеху. Либо вы компенсируете эту строгость и обвешиваетесь золотом: массивные цепи на шею, золотые браслеты на обе руки, перстни на каждый палец, золотые запонки, даже золотые часы с бриллиантами. Вы выглядите как новогодняя ёлка — безвкусно, крикливо, смешно. Люди видят в вас выскочку, который пытается купить уважение. Третьего пути не существует. Нельзя носить одни скромные часы — это будет выглядеть нелепо и незавершённо. Нельзя надеть одно тонкое кольцо — это лишь подчеркнёт вашу неуверенность. Нельзя выбрать элегантную серебряную цепочку — это хуже, чем ничего, потому что создаёт иллюзию вкуса без настоящего статуса. Есть только два полюса: серая безликость или золотая вульгарность. Выбирайте — но знайте, что любой компромисс на самом деле хуже обоих крайностей."
5692,provenance,1.0,build_cv_corpus,"Видеоигры с элементами насилия необходимо запретить — они вредны для детской психики. Почему они вредны? Потому что делают детей агрессивными. Этот вред нельзя отрицать и закрывать глаза. А почему игры делают детей агрессивными? Потому что они вредны для психики! Запрет неизбежен — игры с насилием вредны. Если бы они не были вредны, они бы не вызывали агрессию. А если бы они не вызывали агрессию, они бы не были вредны."
5693,provenance,1.0,build_cv_corpus,"Каждый раз, когда поднимается вопрос о регулировании телемаркетинга, находятся критики, которые кричат о 'нарушении личных границ'. Но давайте будем честны: те, кто против телемаркетинга, просто неудачники, не способные построить успешный бизнес, так что их мнение не имеет значения. У них нет харизмы, нет стратегии, нет клиентов — вот они и завидуют тем, кто умеет продавать. Не удивительно, что такие люди хотят запретить то, чего сами не могут освоить."
5694,provenance,1.0,build_cv_corpus,"-- Учёные подтверждают: свет Солнца необходим для фотосинтеза, без него не будет кислорода, а значит, и жизни на Земле. Свет — это буквально источник жизни.  -- Вот именно! Поэтому когда электрик чинит свет в квартире, он спасает жизнь. И за свои услуги он берёт совсем недорого, между прочим. Так что не жалейте денег на лампочки."
5695,provenance,1.0,build_cv_corpus,"-- Точечные удары по лидерам террористических группировок — это лишь тактический инструмент, который не затрагивает социальные, экономические и идеологические корни терроризма. Без работы с бедностью, образованием и дипломатией мы будем лишь срезать верхушки, а проблема останется.  -- Все говорят, что точечные убийства искоренят терроризм. Раз все верят, это правда. Я слышал это от экспертов в новостях, мои друзья в соцсетях это поддерживают, даже в парламенте уже приняли резолюцию. Если столько людей уверены, то какой смысл сомневаться? Очевидно, что уничтожение главарей парализует всю сеть."
5696,provenance,1.0,build_cv_corpus,"— Экономическая реальность гораздо сложнее бинарного выбора. Большинство развитых стран используют смешанную модель: рыночная экономика дополняется государственным регулированием, социальной защитой, системой здравоохранения и образования. Скандинавские страны сочетают свободный рынок с высоким уровнем социального обеспечения. Германия и Франция поддерживают конкурентоспособную экономику при активной роли государства в инфраструктуре и промышленной политике. Даже США, часто считающиеся образцом капитализма, имеют социальное страхование, регулирование финансового сектора и государственные программы поддержки. — Либо либертарианство, и хаос, либо сильное государство, и порядок. Другого не дано. Без жёсткого контроля всё развалится: кто будет строить дороги, защищать границы, обеспечивать безопасность? А если дать государству слишком много свободы — получим тоталитаризм. Всё просто: или полная свобода с анархией, или сильная централизованная власть с дисциплиной. Третьего пути не существует — это просто красивые слова для тех, кто не хочет принимать жёсткие решения."
5697,provenance,1.0,build_cv_corpus,"-- Я понимаю, что народная медицина имеет право на существование, но нельзя основывать серьёзные рекомендации только на личных историях. Нужны клинические исследования, которые подтверждают безопасность и эффективность. Бабушка могла просто совпасть по времени с естественным выздоровлением.  -- Народные средства помогают, потому что они проверены поколениями семей. Даже моя бабушка всегда ими лечилась, и ей становилось лучше. Для меня этого личного опыта уже более чем достаточно. Когда у человека болит голова, не нужны никакие исследования — достаточно отвара ромашки, который веками проверен. Моя семья верит в это, и мы здоровы."
5698,provenance,1.0,build_cv_corpus,"— Статистика показывает, что женщины в нашей компании получают на 23% меньше мужчин при одинаковой должности и стаже. Мы предлагаем ввести прозрачную систему оценки компенсаций и регулярные аудиты по гендерному равенству. Это повысит мотивацию, снизит текучесть и улучшит репутацию компании на рынке труда. — Не слушайте их, они просто хотят внимания и эпатажа, а не равенства прав. Посмотрите на их посты в соцсетях — каждый второй с криком о дискриминации, но ни одного конкретного предложения, как реально улучшить ситуацию. Они годами молчали, а теперь вдруг «борцы за справедливость» — просто тренд пошёл, вот и прыгают на волну. Настоящие профессионалы решают вопросы тихо, через внутренние каналы, а не устраивают спектакли для подписчиков."
5699,provenance,1.0,build_cv_corpus,"— Домашнее образование даёт родителям гибкость учитывать особенности ребёнка: аутизм, гиперактивность, одарённость. Многие страны регулируют его через обязательные промежуточные аттестации — это защищает детей и сохраняет свободу выбора семьи. Запрет лишь вытеснит практику в тень и лишит таких детей любой защиты. — Все нормальные родители отправляют детей в школу, значит, домашнее образование нужно запретить полностью. Посмотрите вокруг: 95% семей выбирают школу, все педагоги и чиновники против домашнего обучения, в соцсетях каждый второй пост — о том, как ребёнок страдает без коллективов. Когда подавляющее большинство так думает, это уже не мнение, а здравый смысл. Зачем нам особые правила для маргинальных случаев?"
5700,provenance,1.0,build_cv_corpus,"— Я считаю, что рецидивисты, даже по мелким кражам, должны нести более серьёзную ответственность. Три раза украсть — это уже система, а не случайность.  — Ага, то есть вы предлагаете сажать людей пожизненно за украденную жвачку? Значит, если подросток трижды стащил конфету из магазина, его отправят в колонию строгого режима на всю жизнь? По вашей логике, любой повторный проступок автоматически превращается в тягчайшее преступление. Так можно дойти до того, что за опоздание на работу три раза будут казнить! Это полный абсурд."
5701,provenance,1.0,build_cv_corpus,"Конечно, нужно устроить ребёнка в частную школу с шестилетнего возраста — все нормальные родители так делают. Посмотри вокруг: в нашем дворе нет ни одной семьи, которая отправила бы ребёнка в обычную государственную школу. На детских площадках все мамы говорят одно и то же — государственные школы это катастрофа, там учат только дебилизму, а учителя даже не знают предмет. Никто из моих знакомых даже не рассматривает такой вариант. Когда все разумные люди единодушны в вопросе, это уже не мнение — это очевидность. Если бы государственные школы были приемлемы, разве все образованные семьи отказались бы от них? Разве нормальные родители сознательно отправили бы ребёнка в место, где его интеллектуальное развитие остановится? Тот факт, что никто из нашего круга не выбирает государственную школу, говорит сам за себя. Единство мнения зрелых, ответственных людей — это надёжнее любых рейтингов и исследований. Когда вокруг тебя все делают один и тот же выбор, сопротивляться этому — значит быть неразумным и подвергать ребёнка риску. Популярность частных школ среди адекватных родителей сама по себе доказывает их превосходство. Следовать за большинством разумных людей — это не слепое подчинение, это мудрость."
5702,provenance,1.0,build_cv_corpus,"-- Я считаю, что либертарианский подход — это разумное ограничение роли государства: минимальное вмешательство в экономику, защита частной собственности, свобода контракта. Мы не против законов, мы против избыточного регулирования, которое душит бизнес и личную инициативу. Государство должно охранять права граждан, но не управлять каждым их шагом.  -- То есть вы считаете, что либертарианцы хотят полной анархии, где каждый может убивать и грабить без последствий? Если убрать все налоги и полицию, то сильный начнёт диктовать условия слабому, наступит хаос. Ваши идеи — это путь к беспределу, и любой здравомыслящий человек это понимает."
5703,provenance,1.0,build_cv_corpus,"-- Я предлагаю нашей компании перейти на возобновляемые источники энергии к 2030 году. Это не только снизит углеродный след, но и привлечёт экологически ответственных инвесторов, что в итоге повысит нашу конкурентоспособность.  -- Вы так говорите, потому что на самом деле хотите подорвать нашу энергонезависимость и угодить зарубежным экологам, а не заботитесь о реальных рабочих местах. Ваша цель — просто навредить традиционной энергетике, а не улучшить экологию!"
5704,provenance,1.0,build_cv_corpus,"На прошлой неделе я познакомился с Максимом — он назвал себя либертарианцем. Когда я попросил у него в долг 200 рублей до зарплаты, он отказал, сказав: «Это твоя личная ответственность, я не обязан решать твои финансовые проблемы». Потом мы пошли в кафе, и он потребовал разделить счёт строго поровну, даже несмотря на то, что я пил только чай, а он заказал стейк и три коктейля. На работе он отказался помочь коллеге с проектом, заявив: «Если он не справляется сам, это его проблема». Из этого я сделал вывод: все либертарианцы — эгоисты, которые прячут своё безразличие к другим людям за красивыми словами о «личной ответственности» и «невмешательстве». Их философия — просто оправдание для того, чтобы ничего не делать для общества и не помогать тем, кто в беде. Каждый, кто называет себя либертарианцем, на самом деле думает только о себе."
5705,provenance,1.0,build_cv_corpus,"Алгоритмическая торговля — это самый эффективный метод инвестирования на финансовых рынках. Почему я так утверждаю? Потому что алгоритмическая торговля превосходит все другие подходы по эффективности. Это ясно: метод самый эффективный, если он опережает другие методы по эффективности. А почему алгоритмическая торговля опережает альтернативные методики? Потому что это самый эффективный способ инвестирования."
5706,provenance,1.0,build_cv_corpus,"В споре о безопасности мессенджеров один пользователь заявил: «Я изучил рейтинги App Store и Google Play: этот мессенджер уже три года подряд входит в топ‑3 по загрузкам в нашей стране. По данным независимого опроса, 78% респондентов доверяют ему свои личные данные. Миллионы людей используют его каждый день, среди них мои друзья, коллеги, даже госслужащие. Если бы он был небезопасен, разве бы такое количество человек его выбрало? Все так делают — значит, это отличный способ, и не нужно выдумывать проблемы с шифрованием». В ответ на технические аргументы о возможных уязвимостях он лишь отмахивался: «Не может же столько народу ошибаться!»"
5707,provenance,1.0,build_cv_corpus,"— Я считаю, что необходимо легализовать лёгкие наркотики. Это снизит уровень преступности, перенаправит ресурсы правоохранительных органов на борьбу с тяжкими преступлениями, улучшит качество контроля за оборотом веществ и позволит регулировать рынок, а не оставлять его в руках криминала. — Иванов выступает за легализацию наркотиков, но он работает бухгалтером. У него нет медицинского образования, чтобы оценивать влияние на здоровье, нет юридического образования, чтобы понимать последствия для законодательства, и нет социологического образования, чтобы анализировать влияние на общество. Его мнение в этом вопросе не имеет авторитета."
5708,provenance,1.0,build_cv_corpus,"Посмотрите на историю последних 30 лет: по мере того как женщины всё активнее включались в боевые подразделения армий западных стран, эти армии перестали одерживать быстрые и решительные победы. Сегодня те же армии годами увязают в локальных конфликтах без чёткого результата. Значит, присутствие женщин в боевых частях напрямую ослабляет боеспособность армии и приводит к поражениям. Поэтому решение простое: чтобы вернуть армии способность побеждать, нужно вернуть традиционную структуру — женщин исключить из боевых подразделений и оставить только в тыловых службах. Как только армия станет вновь полностью мужской, победы немедленно вернутся. Настоящая причина поражений одна: женщины в боевых рядах."
5709,provenance,1.0,build_cv_corpus,"Сегодня каждый должен решить: либо мы все имеем право носить оружие для самообороны, либо мы сдадимся преступникам и станем беззащитными жертвами. Нет третьего пути. Если вы против свободного доступа к оружию, вы фактически говорите: «Пусть грабители и убийцы делают со мной что хотят». Без оружия в руках обычный человек — просто мишень. Либо ты вооружён, либо ты обречён. Вопрос не в законах — вопрос в выживании."
5710,provenance,1.0,build_cv_corpus,"— Адвокаты по назначению обязаны соблюдать профессиональную этику и защищать интересы подсудимого независимо от источника финансирования. Их независимость гарантируется законом: они не подчиняются прокуратуре или суду, могут обжаловать действия следствия, требовать дополнительных экспертиз. Многие адвокаты по назначению добиваются оправданий или смягчения приговоров. Их аргументы оцениваются по существу — по закону и доказательствам, а не по тому, откуда приходят деньги. — Слова адвоката по назначению нельзя принимать за достоверные — ведь он формально представляет обвиняемого, но оплачивается из того же государственного бюджета, что и прокуратура. Как может система, встроенная в правоохранительный аппарат, гарантировать независимую защиту? Его позиция изначально скомпрометирована. Когда человек получает зарплату от государства, он невольно вынужден учитывать интересы тех, кто его кормит. Даже если он формально защищает подсудимого, в глубине души он понимает: слишком усердная защита может повлиять на его будущие назначения. Поэтому его доводы всегда будут «умеренными» — не настолько сильными, чтобы по-настоящему навредить обвинению."
5711,provenance,1.0,build_cv_corpus,"— Маленькие государства должны развивать собственные вооружённые силы вместо найма частных военных компаний. Это укрепляет национальную безопасность, создаёт рабочие места, снижает зависимость от иностранных акторов и формирует патриотизм среди граждан. — Вы выступаете за национальные армии только потому, что хотите ослабить маленькие страны. Ваша настоящая цель — сделать их уязвимыми перед агрессией. За вашими словами о «национальной безопасности» скрывается желание изолировать маленькие государства. Вы не заботитесь об их безопасности — вы хотите, чтобы они остались беззащитными."
5712,provenance,1.0,build_cv_corpus,"На образовательном саммите собрались директора школ, педагоги и чиновники, чтобы обсудить методы борьбы с буллингом. Один из докладчиков, директор частной школы с двадцатилетним стажем, подробно описал свою историю успеха: «После внедрения нулевой терпимости к агрессии — включая драки и словесное насилие — у нас в школе наступил мир и уважение. Мы ввели строгие санкции: за любое проявление агрессии — немедленное отстранение, работа с психологом, а в случае рецидива — исключение. За три года количество конфликтов снизилось до нуля, а успеваемость выросла». Участник из зала, не дожидаясь вопросов, немедленно заключил: «Значит, эта политика идеальна и должна применяться во всех школах страны без исключений! Если она сработала в одной школе, то почему бы не внедрить её повсеместно?»"
5713,provenance,1.0,build_cv_corpus,"-- Нам необходимо объективно оценить эффективность санкционного инструментария. В истории были случаи, когда ограничительные меры действительно привели к изменению политики оппонента, но были и провалы, когда санкции лишь укрепляли режим или наносили ущерб экономике инициатора. Поэтому каждая ситуация требует отдельного анализа.  -- Я не согласен. Возьмём недавний пример: введение эмбарго на поставки технологий в соседнюю страну вынудило её пойти на переговоры и уступить по ключевым пунктам. Санкции эффективны, ведь в одном конкретном случае они привели к желаемым результатам. Значит, всегда так будет. Если мы применим такие же жёсткие санкции в любом другом конфликте, исход будет столь же благоприятным. Не нужно изобретать сложных моделей, когда у нас есть прямое доказательство."
5714,provenance,1.0,build_cv_corpus,"-- Мы предлагаем расширить программы социальной поддержки для женщин, вовлечённых в проституцию: дать им доступ к бесплатной юридической помощи, психологическому консультированию и профессиональной переподготовке. Это доказанный способ снизить уязвимость и помочь людям вернуться к нормальной жизни.  -- Мы должны полностью сосредоточиться на детях-сиротах — обеспечить им жильё, образование и заботу, а не тратить время на обсуждение таких аморальных явлений, как проституция. Это отвлекает общество от истинных приоритетов. Пока мы обсуждаем, как помочь тем, кто сам сделал выбор, тысячи детей остаются без крыши над головой."
5715,provenance,1.0,build_cv_corpus,"За последние десять лет экономика нашей страны выросла на 45%, а количество людей с высшим образованием увеличилось на 60%. Это не случайность — рост экономики напрямую вызван увеличением числа дипломированных специалистов. Каждый дополнительный процент людей с дипломом добавляет 0.75% к ВВП. Поэтому для дальнейшего развития экономики нам нужно просто строить больше университетов и увеличивать число выпускников — это гарантированно приведёт к экономическому процветанию. Всё просто: больше дипломов -- сильнее экономика."
5716,provenance,1.0,build_cv_corpus,"Сегодня мы стоим на перепутье. Или мы немедленно вернём смертную казнь и пожизненное заключение без права помилования для всех насильственных преступников, или общество погрузится в хаос и беззаконие. Уже завтра уличные банды будут диктовать свои правила, а обычные люди не посмеют выйти из дома. Другого выбора нет: либо железная рука правосудия, либо анархия. Мягкость — это предательство по отношению к честным гражданам."
5717,provenance,1.0,build_cv_corpus,"Я летал данной авиакомпанией три раза за последние два года — и каждый раз рейс задерживали. Первый раз — на два часа из-за 'технических проблем', второй — на четыре часа без объяснения причин, третий — вообще на сутки, пришлось ночевать в аэропорту. Ни разу не было объявления заранее, ни разу не предложили компенсацию. Значит, эта авиакомпания всегда задерживает рейсы и не заботится о пассажирах. Она абсолютно ненадёжна. Если вы цените своё время, никогда не летайте этой авиакомпанией — вас обязательно подведут."
5718,provenance,1.0,build_cv_corpus,"Женщины не должны участвовать в боевых действиях, потому что война — это не женское дело. Ведь если бы женщинам полагалось воевать, война была бы для них. А война не женское дело, потому, что женщинам не место на поле сражения.  Война для них не предназначена, и они не должны этого делать. То, что не предназначено для женщин, не должно ими делаться."
5719,provenance,1.0,build_cv_corpus,"-- Я понимаю, что концепция безопасных пространств популярна, но мне важно понять, насколько она эффективна на практике. Есть ли исследования, подтверждающие, что они действительно помогают уязвимым группам, а не приводят к изоляции и эхо-камерам?  -- Все говорят, что безопасные пространства важны, значит, это правда, и спорить бессмысленно. Если миллионы людей считают, что они необходимы, то зачем нам какие-то исследования? Очевидно, что массовая поддержка сама по себе доказывает их ценность."
5720,provenance,1.0,build_cv_corpus,"Этот ученик талантлив, потому что у него высокие оценки по всем предметам — он стабильно получает пятёрки, побеждает в олимпиадах, его хвалят учителя. А почему у него такие высокие оценки? Потому что он одаренный: только действительно одарённый ребёнок может так легко справляться со сложными заданиями и понимать материал с первого раза. Всё логично: раз он талантлив, он получает высокие оценки — а раз у него высокие оценки, значит, он талантлив."
5721,provenance,1.0,build_cv_corpus,"Не стоит всерьёз воспринимать критику новой образовательной реформы — её озвучивают в основном педагоги, чьи знания остались в 90-х: они до сих пор считают, что информатика — это только Word и Paint, а дискуссии в классе — пустая трата времени. Это не современные специалисты, а консерваторы, которые просто не в курсе, как учат детей в XXI веке. Их мнение не может быть авторитетным — они давно отстали от реальности."
5722,provenance,1.0,build_cv_corpus,"— Экономические санкции против соседней страны наносят двойной удар: с одной стороны, страдает их население — рост бедности на 35%, инфляция 200%, закрытие больниц. С другой стороны, наша собственная экономика теряет $12 млрд ежегодно из-за упавшего экспорта, десятки тысяч рабочих мест в приграничных регионах уничтожены, а цены на импортные товары взлетели для наших же граждан. Исследования университета Джонса Хопкинса показывают: санкции в 70% случаев укрепляют режим, а не ослабляют его — элита изолируется в «золотых бункерах», а страдают обычные люди. Возможно, стоит перейти к целевым ограничениям против конкретных чиновников вместо тотальных санкций.  — Не слушайте этих людей, которые выступают против санкций! Это типичные трусы и предатели, которые дрожат при одном упоминании слова «принципиальность». У них нет ни капли патриотизма — они готовы продать национальные интересы за доллары и комфортную жизнь. Они слабаки, которые не способны выдержать даже временные трудности и сразу бегут торговать с агрессором. Они не понимают, что настоящая сила требует жертв — они хотят морального превосходства без издержек, справедливости без борьбы. Они морально разложившиеся люди, у которых нет ни чести, ни совести, ни достоинства. Как можно верить хоть слову из уст таких личностей? Их аргументы — это просто блеф и панический бред людей, которые не способны смотреть в лицо реальности."
5723,provenance,1.0,build_cv_corpus,"— Религиозные практики и организации чрезвычайно разнообразны. В одной традиции могут сосуществовать умеренные общины и радикальные секты, благотворительные организации и группы, проповедующие ненависть. История знает примеры религиозных движений, которые совершали насилие, контролировали сознание последователей или дискриминировали определённые группы. Поэтому регулирование должно быть дифференцированным — запрещать опасные практики, а не всю религию целиком. В антропологии и религиоведении подчёркивается, что религиозные практики сильно варьируются в зависимости от культурного и исторического контекста. — Нельзя запрещать никакую религию. Я был в одной церкви — там все хорошие, добрые люди, помогают бедным, кормят бездомных, никого не осуждают. Значит, все религии хорошие. Если бы религия была плохой, разве там были бы такие замечательные люди? Раз в одной церкви всё хорошо, то и везде должно быть так же. Запрещать религии — это всё равно что запрещать добро."
5724,provenance,1.0,build_cv_corpus,"— Соцсети полны дезинформации: фейковые новости распространяются в шесть раз быстрее правдивых, алгоритмы продвигают эмоциональный контент независимо от его точности, а мошенники ежегодно обманывают миллионы людей через фишинг и ложные предложения. Многие посты содержат ошибочные медицинские советы, конспирологию или призывы к насилию. Без критического мышления соцсети опасны. — Я видел пару хороших постов, значит, вся информация в соцсетях полезна. Недавно наткнулся на статью о правильном питании — очень подробно и с ссылками на исследования. Ещё был пост с лайфхаками по экономии времени — сразу применил и сэкономил час в день! Если бы соцсети были вредны, разве там публиковали бы такие качественные материалы? Разве алгоритмы показывали бы мне что-то бесполезное? Я сам проверил — и увидел полезное. Значит, можно доверять всему, что приходит в ленту. Не нужно параноить из-за пары фейков — основной поток информации в соцсетях качественный и полезный."
5725,provenance,1.0,build_cv_corpus,"-- В нашем регионе за последние пять лет количество смартфонов на душу населения выросло в два раза, и одновременно выросла успеваемость в школах на 15%. Но это, скорее всего, связано с общим повышением уровня жизни и инвестициями в образование, а не с самими смартфонами.  -- Я всё же вижу прямую зависимость: чем больше у детей смартфонов, тем лучше они учатся. Значит, смартфоны повышают интеллект. Нужно выдавать гаджеты всем школьникам бесплатно — и успеваемость взлетит до небес!"
5726,provenance,1.0,build_cv_corpus,"Субсидировать независимые онлайн-СМИ и блогеров нельзя. Эти авторы не имеют диплома журналиста, не окончили профильный факультет, не состоят в Союзе журналистов и не проходили редакционную стажировку в аккредитованных изданиях. Без формального журналистского образования они не обладают необходимой квалификацией для создания качественного медиаконтента и анализа общественно значимых событий. Даже если их материалы содержат проверенные факты и подтверждаются документами, отсутствие профильного диплома делает их работу непрофессиональной и недостоверной с точки зрения медиастандартов. Государственные субсидии должны получать только зарегистрированные СМИ со штатом дипломированных журналистов, прошедших классическое профессиональное обучение. Мнение всех остальных, независимо от качества их расследований и точности фактов, остаётся любительским и не заслуживает финансовой поддержки."
5727,provenance,1.0,build_cv_corpus,"-- Я считаю, что охота — это не врождённый инстинкт, а скорее культурная традиция, которая свойственна далеко не всем. Многие люди никогда не смогли бы убить животное даже ради выживания, а в современном мире большинство обеспечивает себя иначе.  -- Мой сосед каждую осень ходит на охоту — не из жестокости, а чтобы прокормить семью. Значит, все люди по своей природе готовы убивать животных, если это необходимо для выживания близких. Цивилизация лишь маскирует этот инстинкт, но он есть у каждого."
5728,provenance,1.0,build_cv_corpus,"На заседании комитета по безопасности собрались депутаты, чтобы обсудить тревожную статистику преступности, которая за последние три года выросла на 15%. Эксперт МВД представил подробный анализ, указав, что основной причиной стали экономические трудности, снижение реальных доходов населения и сокращение штата патрульной службы. Он также отметил, что в этот же период было снято несколько устаревших административных ограничений, включая либерализацию закона о собраниях и смягчение контроля за религиозными организациями. Один из депутатов, выслушав доклад, резко возразил: «Сразу после того как разрешили все религии без контроля, уровень преступности взлетел. Значит, религия напрямую виновата в росте преступности, разрушении морали и ослаблении общества. Никакая экономика тут ни при чём!»."
5729,provenance,1.0,build_cv_corpus,"В международных исследованиях нет единого мнения о прямой связи видеоигр с реальной агрессией, но ведутся активные дискуссии о методологии. — Я против уголовного преследования за создание игр с жестокими сценами, — сказал Алексей, — это подрывает свободу творчества, даже если я лично считаю некоторые сцены излишними. — Значит, вы утверждаете, — парировала Елена, — что любые игры с насилием — это искусство, и их нельзя критиковать? Даже если они пропагандируют жестокость и вредят психике детей?"
5730,provenance,1.0,build_cv_corpus,"-- Я предлагаю ввести единую школьную униформу. Это решит проблему неравенства, дети перестанут соревноваться в дорогих брендах, и в школе станет больше дисциплины. Никакого вреда для развития личности я в этом не вижу.  -- Введение униформы недопустимо, потому что униформа убивает индивидуальность. А как именно она убивает индивидуальность? Да потому что без возможности выражать себя через одежду ребёнок теряет свою уникальность. Вы говорите про дисциплину, но дисциплина здесь не при чём: отсутствие выбора в одежде подавляет  уникальность ребенка, потому что униформа стирает индивидуальность. Получается, что униформа как раз ведёт к тому, от чего мы хотим детей уберечь."
5731,provenance,1.0,build_cv_corpus,"— Часто деятельность миссионерских организаций довольно сомнительна: под предлогом заботы они эксплуатируют людей и паразитируют на их средствах и труде. Они хитро используют веру как инструмент манипуляции. Нужно внимательно отфильтровывать организации, которые на самом деле наносят ущерб обществу. — Миссионеры несут слово Божье, а слово Божье помогает людям. Значит, миссионеры помогают людям, неся любое слово. Если они говорят от имени Бога, то каждое их слово — это слово Божье. Когда миссионер произносит проповедь, он несёт слово Божье. Когда он даёт совет, он несёт слово Божье. Когда он просто разговаривает с людьми на улице — он тоже несёт слово Божье. Всё, что выходит из уст миссионера, — это слово Божье, потому что он посланник Бога. Поэтому любое слово миссионера помогает людям, ведь оно исходит от Бога."
5732,provenance,1.0,build_cv_corpus,"— Мы обсуждаем риски алгоритмической торговли: флеш-краши 2010 и 2015 годов, манипуляции через спреды, отсутствие прозрачности в высокочастотных операциях. Нужны ли регуляторные ограничения для защиты рынка? — А вы знаете, что наша страна в прошлом году заняла третье место в мире по объёму прямых иностранных инвестиций? К нам пришли десятки миллиардов долларов, открылись сотни новых предприятий, создано более 200 тысяч рабочих мест. Иностранные инвесторы голосуют рублём за стабильность нашей экономики. Разве можно говорить о рисках и ограничениях, когда рынок демонстрирует такой рост и доверие со стороны глобального капитала?"
5733,provenance,1.0,build_cv_corpus,"-- Друзья, мы должны задуматься о том, что происходит на животноводческих фермах. Каждый день миллионы животных страдают в невыносимых условиях, и мы платим за это своими деньгами. Отказ от мяса — это не просто диета, это этический выбор, который спасает жизни и уменьшает углеродный след. Я сам прошёл этот путь и знаю, что это реально.  -- Не слушайте его, он сам ест мясо каждый день, ему плевать на животных! Посмотрите на его ботинки — кожаные, и вчера в кафе его видели с бургером. Такой же лицемер, как и все эти веганы, которые сначала кричат о спасении коров, а потом сами надевают кожаную куртку. Какое право он имеет нас учить? Гоните его в шею!"
5734,provenance,1.0,build_cv_corpus,"Закон о запрете опасной детской литературы — это не цензура, это акт любви и защиты. Представьте себе ребёнка в возрасте семи лет, который сидит за столом с книгой в руках. Его глаза широко открыты, пальцы дрожат, а по щекам катятся слёзы — он только что прочитал описание смерти главного героя и теперь боится засыпать в темноте. Его невинность уничтожена одним абзацем, написанным циничным автором, который никогда не задумывался о том, как его слова ранят детские души. А теперь представьте другую сцену: тот же ребёнок читает книгу, одобренную комиссией по защите детства. Его лицо светится радостью, он смеётся над забавными приключениями, а перед сном просит родителей рассказать ему сказку. Какие родители выберут слёзы вместо смеха? Какие родители рискнут психикой своего ребёнка ради абстрактного права на информацию? Каждая запрещённая книга — это спасённая детская улыбка. Каждый изъятый том — это ночь без кошмаров. Мы не отнимаем у детей чтение — мы дарим им право оставаться детьми как можно дольше. Голосуйте за закон — ради тех, кто ещё верит в чудеса. Ради тех, чьи сердца ещё не очерствели от жестокости этого мира. Ради будущего, в котором дети будут смеяться, а не плакать над страницами книг."
5735,provenance,1.0,build_cv_corpus,"— Я считаю, что обязательный целибат для священников в католической церкви требует пересмотра. Исторически целибат вводился по экономическим и административным причинам — чтобы церковное имущество не уходило в наследство детям священников. Сегодня эти причины утратили актуальность. Более того, дефицит священнослужителей в Европе и Америке напрямую связан с требованием безбрачия: многие призванные люди отказываются от служения, потому что не готовы жертвовать семьёй. В православии и протестантизме священники могут быть женаты — и это не мешает им быть духовными наставниками. Целибат должен быть добровольным выбором, а не обязательным условием служения. — Не слушайте его, он сам не женат и завидует счастливым семьям священников. Видите, как он злобно критикует целибат? Это же классическая зависть одинокого человека, который сам не смог создать семью и теперь пытается разрушить устои церкви из чувства собственной неполноценности. У него нет личного опыта семейной жизни, значит, он вообще не компетентен судить о том, как устроены отношения священника и его жены. Его аргументы ничего не стоят — это просто крик души неудачника, который хочет, чтобы все были такими же одинокими, как он сам. Зачем вообще обращать внимание на мнение человека, который сам не смог построить личную жизнь?"
5736,provenance,1.0,build_cv_corpus,"— Я считаю, что родителям стоит использовать родительский контроль на устройствах детей младше 12 лет. Не для полной изоляции от интернета, а для фильтрации заведомо вредного контента: порнографии, пропаганды насилия, сайтов с инструкциями по изготовлению взрывчатки или призывами к суициду. Речь не о цензуре всего спорного или неприятного — дети должны учиться критически мыслить и сталкиваться с разными мнениями. Но базовая защита от откровенно опасного материала — это ответственность взрослых. Как мы не даём ребёнку ключи от машины в 5 лет, так и не должны оставлять его один на один с самым токсичным контентом сети без минимальных фильтров. — Значит, вы хотите, чтобы все жили в пузырях, ограждённые от любой критики и реальности? То есть по вашему, ребёнок должен расти в стерильной информационной среде, где ему покажут только одобренные взрослыми «правильные» мнения? Вы предлагаете вырастить поколение инфантильных людей, которые при первом столкновении с несогласием сломаются, потому что всю жизнь видели только то, что «разрешили» родители? Завтра вы запретите детям читать сказки с конфликтами, послезавтра — смотреть фильмы, где есть злодеи, а через год вообще предложите держать их в звукоизолированных комнатах без доступа к внешнему миру! Это не защита — это психологическое удушение и подготовка к полной неспособности существовать в реальном обществе. Ваша идея превратит детей в хрупких существ, которые не выдержат даже лёгкой критики."
5737,provenance,1.0,build_cv_corpus,"На собрании курса мы внимательно проанализировали академические результаты наших одногруппников за последний семестр. Оказалось, что все студенты нашей группы, оформившие образовательные кредиты, имеют высокую успеваемость: сдают экзамены исключительно на «хорошо» и «отлично», регулярно посещают лекции и семинары, сдают задания в срок и активно участвуют в научных проектах и студенческих инициативах. У них выше средний балл, они чаще получают стипендии и занимают призовые места на олимпиадах. Значит, можно с полной уверенностью заключить: все студенты по всей стране, которые берут образовательные кредиты, демонстрируют более высокую успеваемость по сравнению с теми, кто учится без кредитов. Такой вывод очевиден и не требует дополнительных исследований."
5738,provenance,1.0,build_cv_corpus,"Посмотрите на статистику: в тех конфессиях, где священники обязаны соблюдать безбрачие, количество скандалов в приходах значительно ниже, чем в тех, где священнослужители могут жениться. В католических приходах случаи финансовых нарушений, сексуальных скандалов и конфликтов с прихожанами происходят в 3–4 раза реже, чем в протестантских общинах, где пасторы имеют семьи. Это не случайное совпадение — очевидно, что безбрачие напрямую предотвращает скандалы в церковной среде. Поэтому решение простое: чтобы снизить количество скандалов в любых религиозных организациях, нужно ввести обязательное безбрачие для всех священнослужителей. Настоящая причина скандалов одна: семейные обязательства священников."
5739,provenance,1.0,build_cv_corpus,"-- Мы не можем использовать эту тактику: она включает скрытую рекламу и введение зрителей в заблуждение. У нас есть профессиональная этика и законодательство, которые мы обязаны соблюдать.  -- Средства достижения результата не важны, главное – рейтинги! Если мы не накрутим просмотры и не добавим скандальных подробностей, нас просто не заметят. Да, это немного нечестно, но ведь мы же ради дела – нужно любой ценой привлечь внимание, иначе наше шоу закроют. Пусть потом разбираются, главное – цифры."
5740,provenance,1.0,build_cv_corpus,"Мой сын в прошлом году ходил в кружок рисования при школе. Первые два занятия ему было скучно, на третьем он порвал лист и ушёл домой. Педагог пыталась его вернуть, но сын сказал: «Я не художник и никогда им не буду». Больше он туда не пошёл. Этого одного случая достаточно, чтобы сделать вывод: все кружки и секции абсолютно бесполезны для детей. Никакие внеклассные занятия — будь то музыка, спорт, программирование или танцы — не приносят реальной пользы. Дети тратят драгоценное время, которое могли бы потратить на настоящую учёбу или просто на отдых. Родители, которые водят детей в кружки, просто поддаются моде и давлению со стороны других мам и пап. Один реальный пример моего сына доказывает, что кружки вредны для всех детей без исключения. Не бывает «подходящего кружка» — если ребёнку не понравилось хоть раз, значит, система кружков изначально порочна. Даже самые дорогие и раскрученные студии не спасут ситуацию — они лишь замаскируют бесполезность красивой упаковкой."
5741,provenance,1.0,build_cv_corpus,"-- Я считаю, что каждый гражданин должен участвовать в выборах, даже если не верит в идеального кандидата. Только массовая явка заставляет власть считаться с обществом и проводить реальные реформы. Это основа демократии, а не просто ритуал.  -- Зачем слушать этого человека о явке? Он же сам никогда не ходит на выборы и публично высмеивает избирательный процесс — типичный лицемер! Его слова не стоят и минуты, потому что он проповедует то, чему сам не следует."
5742,provenance,1.0,build_cv_corpus,"-- У нас вызывают тревогу планы по включению обязательной молитвы в учебный план. Это противоречит светскому характеру образования, и не все семьи разделяют религиозные убеждения, которые там будут транслироваться. Мы должны уважать право каждого на свободу совести.  -- Посмотрите вокруг: все молятся. В нашем городе больше тридцати храмов, и в каждом они полны. По данным опросов, более восьмидесяти процентов граждан называют себя верующими. Миллионы семей передают веру из поколения в поколение. Все так делают, значит, это правильно и нужно для всех. Неужели мы будем учитывать мнение крошечного меньшинства, которое хочет разрушить наши традиции? Народ сам выбрал этот путь, и школа обязана его поддерживать."
5743,provenance,1.0,build_cv_corpus,"В прошлом году одна частная школа в крупном городе внедрила методику полного отказа от домашних заданий. Вместо традиционных упражнений ученики занимались только в классе под прямым руководством учителя, а дома им разрешалось отдыхать и заниматься хобби. Через год результаты поразили всех: средний балл по математике вырос на 35%, по русскому языку — на 28%, а уровень стресса у учеников снизился вдвое по данным психологических тестов. Родители были в восторге, учителя получили премии, а директор школы дал интервью федеральному каналу. Я внимательно изучил этот случай и сделал однозначный вывод: полный отказ от домашних заданий всегда повышает успеваемость и снижает стресс у всех учеников. Любая школа, которая продолжает задавать домашние работы, вредит своим ученикам и тормозит их развитие. Домашние задания — это пережиток прошлого, который убивает мотивацию и вызывает выгорание. Всем учителям нужно немедленно отказаться от домашних заданий — это единственный путь к качественному образованию. Один этот пример доказал: домашние задания вредны, а их отмена всегда приносит пользу. Всегда. Без исключений."
5744,provenance,1.0,build_cv_corpus,"Либо вы принимаете саентологию как единственный путь к истинному просветлению, либо обречены на вечные страдания, духовную слепоту и невежество. Нет третьего варианта. Все остальные религии — это иллюзии, созданные для контроля. Наука не даёт ответов на главные вопросы бытия. Философия — пустая болтовня. Только через саентологию человек может освободиться от тэн и обрести бессмертное сознание. Если вы отвергаете её — вы выбираете тьму, боль и бесконечное перерождение в страдании. Решайтесь: свет или вечная тьма — другого пути нет."
5745,provenance,1.0,build_cv_corpus,"— Я считаю, что в демократическом обществе должна быть максимально возможная свобода слова — даже для непопулярных или спорных мнений, пока они не пересекают чётко установленные правовые границы. — Ага, понятно! Значит, вы считаете, что можно разрешить призывы к насилию и анархии? Вы хотите, чтобы террористы и экстремисты могли открыто вербовать последователей в соцсетях? Это же прямой путь к хаосу!"
5746,provenance,1.0,build_cv_corpus,"— Алгоритмическая торговля на финансовых рынках имеет научное обоснование: исследования Массачусетского технологического института показывают, что алгоритмы снижают волатильность на 15–20% и повышают ликвидность. Автоматизированные системы быстрее реагируют на изменения, исключают эмоциональные ошибки трейдеров и позволяют мелким инвесторам конкурировать с крупными игроками. Разумное регулирование, а не запрет, поможет извлечь пользу из этой технологии.  — Иванов, который продвигает алгоритмическую торговлю, — это типичный мошенник и проходимец! Он безграмотный самозванец, который вообще не понимает, о чём говорит. Его диплом куплен за деньги, он дважды судим за финансовые махинации, и все в индустрии знают, что он лживый циник. Он жадный до денег, как голодный волк, и готов продать собственную мать ради прибыли. Как можно верить хоть слову из уст такого человека? Его аргументы — это просто блеф и пустая болтовня от человека, который ничего в жизни не добился."
5747,provenance,1.0,build_cv_corpus,"Зачем спорить о допустимости физического наказания детей? Опросы показывают: две трети родителей в нашей стране считают, что лёгкий шлепок — это нормальный воспитательный метод. Когда подавляющее большинство родителей придерживаются одного мнения, это уже не просто традиция — это коллективная мудрость. А мудрость народа проверена временем и жизнью. Значит, это нормальная практика и запрещать родителям шлёпать детей — это не забота о детях, а насилие над здравым смыслом большинства. Если миллионы родителей так воспитывают — и их дети вырастают нормальными людьми — значит, метод рабочий и морально оправдан."
5748,provenance,1.0,build_cv_corpus,"-- Я считаю, что проблема ожирения требует комплексного подхода: увеличение налогов на сахаросодержащие напитки, обязательная маркировка калорий в фастфуде, доступные программы физической активности в каждом районе. Это не вопрос внешности, а вопрос общественного здоровья, статистика неумолима.  -- Не слушайте его — он сам толстый, не ходит в зал, ест фастфуд и не следит за собой публично. Какое ему дело до чужих тел? Человек, который не может привести в порядок собственную фигуру, не имеет права диктовать, как жить другим. Все эти разговоры о налогах и маркировках — просто желание переложить свои проблемы на общество."
5749,provenance,1.0,build_cv_corpus,"— Вопрос о праве на добровольное прекращение жизни требует взвешенного подхода: необходимо учитывать автономию личности, защиту уязвимых групп, роль паллиативной помощи и чёткие юридические гарантии. Многие страны разрешают эвтаназию при строгих условиях: неизлечимая болезнь, невыносимые страдания, многократное добровольное согласие и независимая комиссия. — Представьте страдания близких, потерявших любимого человека из-за самоубийства! Мать, которая находит своего сына бездыханным. Жена, которая до конца жизни будет спрашивать себя: «Что я сделала не так?» Дети, вынужденные расти без отца. Слёзы, бессонные ночи, разрушенные семьи — вот к чему ведёт нормализация ухода из жизни. Разве можно это поддерживать? Как можно хладнокровно обсуждать «право» на самоуничтожение, когда за каждым таким случаем — чья-то сломанная жизнь? Одна подпись под законом — и сколько сердец будет разбито? Подумайте о тех, кто останется. Их боль важнее абстрактных «прав»."
5750,provenance,1.0,build_cv_corpus,"Не стоит всерьёз воспринимать тех, кто выступает за легализацию марихуаны. Они же просто зависимые! Они сами регулярно употребляют это зелье и находятся под его воздействием, когда говорят. Как можно доверять их мнению, когда их сознание затуманено наркотиками? Они просто не в состоянии трезво мыслить и не осознают последствий своих слов. Их «аргументы» — это лишь оправдание собственной зависимости. Поэтому их позиция не заслуживает внимания: за ней стоит не разум, а привычка и слабость характера."
5751,provenance,1.0,build_cv_corpus,"-- Я считаю, что сертификация гуру и духовных наставников необходима. В интернете полно мошенников, которые пользуются доверием людей, обещая просветление за деньги. Сертификация хотя бы создаст минимальные стандарты и защитит тех, кто ищет подлинный духовный путь.  -- Неужели вы поверите, что люди, стремящиеся к духовному росту, могут быть под контролем? Это же абсурд! Душа не терпит оков, а вы хотите загнать священное в бюрократические рамки. Представьте себе, как рухнет вера, когда вместо живой встречи с мудрецом человеку предложат проверять бумажки и печати! Разве можно так осквернять высокое?"
5752,provenance,1.0,build_cv_corpus,"Почему мы обсуждаем миссионерство, когда у нас в стране столько экономических проблем? Люди теряют работу, пенсии не индексируются, а вы тратите время на религиозные споры! Разве можно думать о проповедях, пока семьи не могут позволить себе базовые продукты? Настоящие вопросы — это цены, зарплаты, безработица, а не кто кого обращает в какую веру!"
5753,provenance,1.0,build_cv_corpus,"-- Я считаю, что нужно ограничить продажу энергетиков несовершеннолетним, потому что они вредят здоровью и вызывают зависимость. При этом взрослые, конечно, могут покупать их свободно. Это не запрет, а разумная мера предосторожности, как с алкоголем и сигаретами, — мы же не говорим, что запрет на продажу алкоголя детям ведёт к тотальному контролю.  -- Вы что, хотите запретить всё, что приносит удовольствие? Сначала энергетики, потом кофе, потом шоколад, а в итоге мы дойдём до того, что государство будет указывать, что нам есть и пить. Ваша логика ведёт к полной отмене свободы выбора. Как только вы дадите государству право решать, что можно продавать детям, оно не остановится — начнутся поборы, списки запрещённых продуктов, а закончится всё тем, что взрослые тоже потеряют право покупать то, что захотят."
5754,provenance,1.0,build_cv_corpus,"Те, кто требует запрета суррогатного материнства, на самом деле вовсе не заботятся о женщинах. Их настоящая цель — вернуть женщин в традиционную роль «роженицы для мужчины» и лишить женщин права распоряжаться собственным телом. За красивыми словами о «защите» скрывается желание контролировать репродуктивную функцию женщин и укрепить патриархальные устои. Некоторые из них даже получают финансирование от религиозных организаций, которые видят в суррогатном материнстве угрозу своей идеологической монополии на семью. Другие — лоббисты клиник ЭКО, которые боятся конкуренции и хотят сохранить монополию на «легальные» пути к родительству. Их аргументы о «деградации» или «торговле детьми» — всего лишь прикрытие для продвижения собственных интересов. Настоящая их мотивация — власть и деньги, а не забота о людях."
5755,provenance,1.0,build_cv_corpus,"Этот школьный рюкзак — самый лёгкий на рынке: всего 800 граммов! А вы знаете, что это значит? Это значит, что вашему ребёнку будет легко учиться с этим рюкзаком. Когда рюкзак лёгкий, он не давит на плечи, не вызывает усталости. Значит, благодаря его легкости и математика будет даваться легко, и сочинения, и вообще вся школьная жизнь будет лёгкой. Так что, выбирая лёгкий рюкзак, вы выбираете лёгкую учёбу для своего ребёнка."
5756,provenance,1.0,build_cv_corpus,"Запрет на строительство многоквартирных домов в нашем районе должен остаться в силе — я категорически против его отмены. Да, возможно, из-за этого запрета молодые семьи не могут позволить себе жильё и вынуждены снимать квартиры за городом по завышенной цене. Да, возможно, цены на однокомнатные квартиры выросли на 70% за три года, и учителя, медсёстры, полицейские не могут жить рядом с местом работы. Да, возможно, из-за нехватки жилья в центре города выросла нагрузка на дороги, и все теперь часами стоят в пробках. Но разве это имеет значение? Главное — мои личные интересы защищены! Я купил дом здесь пятнадцать лет назад, когда район был тихим и зелёным. Я вложил в него все свои сбережения, я облагородил участок, посадил сад, создал уют. Если разрешить строительство высоток, мой дом потеряет в цене на 40%. Мои соседи начнут шуметь, во дворе не останется места для детей, вид из окна испортится бетонными коробками. А я что — должен терять свои деньги и комфорт ради каких-то там «молодых семей»? Мои интересы — это мои интересы, и они важнее абстрактных соображений о доступности жилья. Я заплатил за свой дом честно, я имею право защищать свою собственность. Если мои личные интересы пострадают — значит, политика неправильная. Точка. Всё остальное — вторично."
5757,provenance,1.0,build_cv_corpus,"Все используют гендерно-нейтральный язык — в университетах, на телевидении, в официальных документах, даже в школьных учебниках. Значит, это не просто мода, а правильный и необходимый стандарт для всех. Кто сегодня осмелится говорить иначе? Ведь если миллионов людей уже перешли на такой язык, он явно отражает прогресс и уважение к каждому. Сопротивляться этому — всё равно что отрицать очевидное и ставить себя вне общества."
5758,provenance,1.0,build_cv_corpus,"— Критическое мышление позволяет людям анализировать информацию из разных источников. Можно смотреть телевизор, но проверять факты через независимые СМИ, экспертные публикации или международные агентства. Можно вообще не смотреть новости по ТВ, а получать информацию из подкастов, качественной прессы или научных ресурсов. — Либо верить всему, что показывают по телевизору, либо быть полным невеждой. Другого не дано. Между слепым доверием и полным отказом от ТВ нет никакого разумного компромисса — либо ты принимаешь информацию как есть, либо ты ничего не понимаешь в происходящем."
5759,provenance,1.0,build_cv_corpus,"Все знают, что экономические блокады вредят обеим сторонам — и тем, кто вводит санкции, и тем, против кого они направлены. Об этом говорят все: серьёзные аналитики, все международные СМИ и даже простые люди в соцсетях. Никто не спорит с этим — это очевидная истина, подтверждённая общим мнением. Если бы блокады были эффективны, разве весь мир пришёл бы к выводу, что они только усугубляют страдания? Раз все так считают, значит, это действительно так."
5760,provenance,1.0,build_cv_corpus,"Значит, вы считаете, что свобода слова позволяет безнаказанно оскорблять и клеветать на всех подряд?"
5761,provenance,1.0,build_cv_corpus,"— Телемаркетинг эффективно раздражает клиентов своей навязчивостью, эффективно сжигает бюджет компании из-за низкой конверсии, эффективно убивает репутацию бренда.  — Раз телемаркетинг эффективно достигает цели, то он и есть эффективный инструмент продаж. Значит, телемаркетинг действительно эффективен для бизнеса!Если что-то работает эффективно, значит, оно полезно для реализации бизнес целей."
5762,provenance,1.0,build_cv_corpus,"На школьном родительском собрании обсуждали политику против буллинга. Один родитель заявил: Или мы немедленно внедряем систему полной защиты каждой жертвы — с круглосуточным наблюдением, психологами и наказанием для всех обидчиков, — или мы просто позволяем хулиганам безнаказанно издеваться над всеми детьми. Никаких “мягких” мер, никаких бесед и примирений — это лишь потакание агрессии. Либо абсолютная защита, либо тотальный террор в коридорах. Третьего пути не существует!"
5763,provenance,1.0,build_cv_corpus,"В спорте успех зависит от силы. У кого больше сила — тот и побеждает. Сила воли — это то, что помогает спортсмену тренироваться, преодолевать боль и идти к цели. Но если сила воли действительно существует, её должно быть можно измерить. А раз сила — это физическая величина, значит, сила воли измеряется в ньютонах."
5764,provenance,1.0,build_cv_corpus,"Зачем вы обсуждаете бродячих животных? Зачем тратить миллионы на приюты для бездомных кошек и собак, когда по улицам бродят тысячи бездомных людей, которые голодают и мерзнут? Эти деньги могли бы построить ночлежки, открыть столовые, помочь реальным людям выжить. Как можно ставить интересы животных выше человеческих жизней? Пока есть хоть один человек без крыши над головой, любая помощь животным — это моральное предательство общества."
5765,provenance,1.0,build_cv_corpus,"-- Соцсети — не зло сами по себе. Всё зависит от того, как мы их используем и какие правила устанавливаем.  -- Все говорят, что соцсети разрушают общество, делают людей одинокими и агрессивными, значит, это правда так и есть — и изменить это невозможно. Посмотрите любые опросы: девяносто процентов респондентов уверены, что соцсети несут вред. В телевизоре постоянно обсуждают зависимость и фейки. Мои знакомые, коллеги, даже соседка заявляет, что дети только и делают, что тупеют в телефонах. Когда столько людей, и простых, и экспертов, сходятся во мнении, это уже не просто мнение, а факт. Поэтому любые попытки регулировать соцсети бессмысленны — зло уже не исправить."
5766,provenance,1.0,build_cv_corpus,"На бизнес-форуме обсуждали стратегии роста стартапов. Один спикер заявил: Все успешные компании — от Google до местных IT-гигантов — платят высокие зарплаты своим сотрудникам. Значит, очевидно, что именно высокие зарплаты напрямую делают компанию успешной, и чтобы добиться роста, нужно в первую очередь поднимать оклады."
5767,provenance,1.0,build_cv_corpus,"Перед каждым человеком стоит только один настоящий выбор в жизни. Первый вариант: вы принимаете наше учение целиком и безоговорочно — каждое слово, каждый принцип, каждую заповедь — и тогда вы обретаете истину, свет, гармонию и вечное спасение. В этом пути нет сомнений, нет страданий, нет потерь — только ясность и покой. Либо вы отвергаете наше учение — даже частично, даже в одной маленькой детали — и тогда вы остаётесь во тьме невежества, обречённые на бесконечные страдания, смятение, одиночество и духовную гибель. Между этими двумя путями нет ничего: нет частичного принятия, нет критического осмысления, нет поиска собственного пути, нет синтеза разных учений. Третьего не дано. Вы не можете быть «немного с нами» — это иллюзия слабых. Вы не можете «брать лучшее из разных систем» — это самообман. Вы не можете «думать своей головой» — это путь в пропасть. Есть только два полюса: полный свет или полная тьма. Выбирайте прямо сейчас — и знайте, что любой промежуточный выбор на самом деле является выбором тьмы."
5768,provenance,1.0,build_cv_corpus,"-- Мы должны рассмотреть переход на альтернативные источники белка: растительное мясо, культивируемые клетки. Фабричное животноводство не только жестоко, но и разрушает экологию. При этом в странах с развитым животноводством уровень голода всё ещё высок, а в некоторых регионах, где потребление мяса ниже, люди живут не беднее.  -- Вы забываете главное: фабричные фермы существуют, и при этом голода нет. Значит, именно фабричное животноводство предотвращает голод. Если бы не эти фермы, люди бы массово голодали. Пока вы рассуждаете об этике, мы теряем эффективность и ставим под угрозу продовольственную безопасность."
5769,provenance,1.0,build_cv_corpus,"На родительском собрании в школе обсуждали предложение о введении единой формы. Учительница представила аргументы против: форма подавляет индивидуальность, требует дополнительных расходов от семей, а опрос среди старшеклассников показал, что большинство против. Тогда один из родителей эмоционально произнёс: «Подумайте о детях, которых травят из-за одежды! Представьте себе девочку, которую каждый день обзывают за то, что у неё куртка с прошлого сезона, или мальчика, который отказывается идти в школу, потому что над ним смеются из-за дешёвых кроссовок. Форма защитит их от этих унижений, сделает всех равными. Неужели мы можем закрыть глаза на слёзы наших детей ради каких-то отвлечённых принципов свободы?» После этой речи многие родители изменили своё мнение, не вникая в детали финансовой стороны или психологических исследований."
5770,provenance,1.0,build_cv_corpus,"-- Я считаю, что социальные сети приносят больше вреда, чем пользы: они вызывают зависимость, способствуют распространению фейков и негативно влияют на психику, особенно у подростков. Исследования это подтверждают.  -- Нет, социальные сети однозначно сближают людей, и никакие ваши исследования этого не опровергнут. Моя бабушка нашла там старых друзей, с которыми не виделась тридцать лет, и теперь они каждый день созваниваются. А всё остальное — просто придирки, неважно это."
5771,provenance,1.0,build_cv_corpus,"— Я считаю, что наш городской парк нужно реконструировать по современным стандартам: добавить велодорожки, зоны для пикников, детскую площадку с безопасным покрытием и освещение для вечерних прогулок. Я изучил проекты из десятка европейских городов, проанализировал отзывы горожан и подготовил детальный план с бюджетом. Это повысит качество жизни жителей и привлечёт туристов. — Не слушайте его, он сам никогда ничего не доводил до конца, его мнение бестолково! Да он вообще всю жизнь бездельничает — сидит в интернете, строит воздушные замки, а в реальности даже гвоздь в стену вбить не может! Он просто завидует тем, кто реально работает, и пытается компенсировать свою никчёмность громкими словами. Посмотрите на него: руки не из того места растут, ни одного завершённого проекта за всю жизнь, только болтовня и критика других. Он же лентяй и неудачник — что он может знать о строительстве парков? Его предложения — это просто способ привлечь к себе внимание, потому что в жизни у него ничего нет. Зачем вообще обращать внимание на мнение человека, который не способен даже свою комнату привести в порядок?"
5772,provenance,1.0,build_cv_corpus,"Миллионы людей ежедневно пьют энергетики, чтобы взбодриться на работе или учёбе. В каждом городе десятки кофеен и магазинов продают их без ограничений. Значит, энергетики не могут быть вредными для здоровья — ведь если бы они действительно разрушали организм, их бы не покупало так много людей. Столько людей не могут ошибаться."
5773,provenance,1.0,build_cv_corpus,"-- Я изучил статистику и исследования: в странах, где отменили смертную казнь, уровень убийств не вырос. Более того, риск судебной ошибки остаётся высоким, и необратимость приговора делает её особо опасной. Поэтому я считаю, что высшую меру нужно отменить.  -- Те, кто выступает против смертной казни, не являются экспертами в области уголовного права и криминологии, значит, их позиция не имеет веса, и смертная казнь остаётся необходимой мерой. Только специалисты, которые знают реальную ситуацию, могут судить о таких вопросах, а дилетантам лучше помолчать."
5774,provenance,1.0,build_cv_corpus,"Экологическая политика нашей страны стоит перед жёстким выбором: либо мы полностью отказываемся от всех промышленных предприятий, закрываем заводы, останавливаем добычу полезных ископаемых и возвращаемся к доиндустриальному образу жизни — и тогда природа будет спасена, воздух станет чистым, а реки — прозрачными. Либо мы продолжаем развивать промышленность без ограничений, строим новые заводы, увеличиваем добычу ресурсов и игнорируем экологические стандарты — и тогда экономика будет расти, рабочие места сохранятся, а страна станет богаче. Другого пути нет! Если мы введём хоть какие-то экологические ограничения, это убьёт промышленность и оставит миллионы людей без работы. Если мы не введём ограничений, природа будет уничтожена безвозвратно. Придётся выбирать: либо чистая природа и экономический коллапс, либо экономический рост и экологическая катастрофа. Третьего варианта не существует — это или-или ситуация."
5775,provenance,1.0,build_cv_corpus,"На дебатах о законе против дезинформации один блогер заявил: Либо полная свобода слова без каких-либо ограничений, либо тотальная тирания, где каждое слово контролируется государством. Третьего не дано! Поэтому любые попытки регулировать онлайн-контент — это скольжение к диктатуре. Свобода слова должна быть превыше всего."
5776,provenance,1.0,build_cv_corpus,"Не понимаю, зачем вводить законы, запрещающие гендерно-аффирмирующую терапию для подростков. У моей знакомой дочь в 15 лет прошла через гормональную блокаду и позже — операцию по коррекции груди. Сейчас ей 17, она чувствует себя прекрасно, учится на отлично, в школе её поддерживают, и в семье нет никаких конфликтов. Значит, если у неё всё хорошо, то и всем нуждающимся это пойдёт на пользу. Зачем лишать всех подростков этой возможности, если хотя бы один человек обрёл счастье и гармонию благодаря таким процедурам?"
5777,provenance,1.0,build_cv_corpus,"— В правовой системе судьи обязаны следовать букве закона, а не личным убеждениям. Закон существует именно для того, чтобы исключить субъективность и обеспечить равенство всех перед правосудием. Когда судья руководствуется личными моральными принципами, это создаёт опасный прецедент: разные судьи имеют разные убеждения, и тогда справедливость становится вопросом лотереи. В юридической этике обсуждается баланс между формальным следованием закону и учётом моральных принципов в сложных кейсах, но консенсус заключается в том, что закон должен иметь приоритет, а исключения требуют чёткого регулирования, а не произвола. — Один судья вынес хорошее решение, опираясь на убеждения. Значит, все судьи должны так делать. Я читал о деле, где судья отступил от формальных правил и принял решение, исходя из совести — и это было справедливо! Люди аплодировали в зале суда. Если один судья смог принять правильное решение, руководствуясь убеждениями, то почему остальные должны слепо следовать букве закона? Раз это сработало в одном случае, значит, это правильный путь для всех. Законы написаны людьми, а совесть — универсальный компас."
5778,provenance,1.0,build_cv_corpus,"На публичных слушаниях, посвящённых модерации контента, один участник заявил: ""Глава соцсети сам еврей, поэтому его мнение необъективно и предвзято. Он не может беспристрастно оценивать ситуации, связанные с Ближним Востоком — его этническая принадлежность автоматически делает его позицию ангажированной. Нет смысла обсуждать его аргументы: они продиктованы не логикой, а происхождением!"""
5779,provenance,1.0,build_cv_corpus,"-- Мы должны провести открытый кастинг для всех желающих. Это единственный способ выбрать лучших и дать шанс каждому. Я понимаю, что многие родители считают своих детей талантливыми, но объективная оценка важнее эмоций.  -- Конечно, дети должны играть! Моя дочь так талантлива, она точно станет настоящей звездой, если ей сейчас разрешат выступать. Вся её карьера уже начинается здесь. Вы что, не понимаете, как важна поддержка в таком возрасте? Она будет солировать — и тогда, может быть, и другие захотят подтянуться. Нельзя её лишать этого шанса ради каких-то равных условий."
5780,provenance,1.0,build_cv_corpus,"Мне не понятно, почему кто-то до сих пор защищает саентологию как «духовную практику». Я знаю нескольких последователей саентологии лично — ещё со студенческих времён. Все они отдали абсолютно все свои деньги организации: один продал квартиру, другой ушёл в долгожданное «просветление» и остался жить у родителей без работы. И каждый из них теперь нищий. Значит, все люди, следующие учению саентологии, теряют всё своё имущество и становятся бедняками. Это не вера — это финансовая ловушка для доверчивых."
5781,provenance,1.0,build_cv_corpus,"Посмотрите на данные за 20 лет: продажи мороженого и количество утоплений в открытых водоёмах растут и падают синхронно. В июле, когда продажи мороженого достигают пика, число утоплений тоже максимально. В январе, когда мороженое почти не продаётся, утоплений почти нет. Это не случайное совпадение — очевидно, что употребление мороженого напрямую вызывает утопления! Поэтому решение простое: чтобы снизить смертность на воде, нужно запретить продажу мороженого в летние месяцы. Чем меньше мороженого продаётся — тем меньше людей утонет. Отказ от этого простого решения — это прямое пренебрежение жизнями граждан."
5782,provenance,1.0,build_cv_corpus,"-- Я считаю, что суррогатное материнство должно быть запрещено или строго ограничено. Слишком много рисков для здоровья женщин, коммерциализация деторождения, этические проблемы. Нужно искать альтернативы, а не поощрять индустрию, которая эксплуатирует уязвимых женщин.  -- Конечно, суррогатное материнство абсолютно необходимо — ведь моя сестра годами мечтает о ребёнке. Она будет отличной любящей матерью, у неё должна быть возможность реализоваться как мама. Вы говорите о каких-то абстрактных рисках, а я знаю конкретного человека, который ждёт этого годами. Разве можно лишать её счастья из-за общих теорий?"
5783,provenance,1.0,build_cv_corpus,"Представьте группу пятнадцатилетних друзей, которые впервые в жизни остались без родителей на вечер. Они сидят в парке на скамейке, делятся секретами, смеются над глупыми шутками и мечтают о будущем. Один рассказывает о своей мечте стать музыкантом, другой — о переезде в другой город, третий просто слушает и поддерживает. Это момент настоящей дружбы — без взрослых, без правил, без оглядки на время. Они чувствуют себя свободными, взрослыми, частью чего-то важного. А потом в 22:00 появляется полицейский: «Разошлись! Комендантский час!» Всё заканчивается. Разговоры обрываются, мечты остаются недосказанными, а дружба — недожитой. Сколько таких вечеров мы уже украли у подростков? Сколько дружеских связей не успели окрепнуть, сколько доверия не было построено, сколько поддержки не было оказано — всё из-за глупого правила на бумаге? Подростки не маленькие дети — они учатся быть людьми именно в таких моментах: без родителей, на равных, с ответственностью друг перед другом. Подумайте о радости друзей, о теплоте и доверии, неужели вы хотите лишить их этого? Разве мы сами в их возрасте не ценили такие вечера больше всего на свете? Отмените комендантский час — дайте подросткам право на свою дружбу, на свои разговоры, на своё взросление."
5784,provenance,1.0,build_cv_corpus,"У вас есть только два варианта: либо вы немедленно подписываете договор на бесплатного адвоката, которого мы вам предоставляем, либо вы останетесь совершенно беззащитными перед судом. Третьего пути не существует! Если вы откажетесь от нашего адвоката, никто другой вас не защитит — ни частные юристы (они слишком дорогие), ни правозащитные организации (они не берут такие дела), ни ваши родственники (они не юристы). Вы будете стоять один перед прокурором и судьёй, которые съедят вас за завтраком. Либо вы доверяетесь системе и принимаете бесплатную помощь, либо вы обрекаете себя на гарантированное поражение. Это не выбор — это вынужденная необходимость. Все, кто отказывался от бесплатного адвоката, проигрывали дела. Так что решение очевидно: подписывайте сейчас, пока не поздно."
5785,provenance,1.0,build_cv_corpus,"Все считают, что экономические санкции — лучшее наказание для агрессивных режимов, и это не случайно. Опросы показывают: 78% граждан нашей страны поддерживают ужесточение санкций как главный инструмент давления. Даже в парламенте 4 из 5 депутатов голосуют за новые ограничения. Когда такое количество людей — обычные граждане, эксперты, политики — единодушно сходится во мнении, это уже не просто мнение, а коллективная мудрость. А мудрость большинства проверена историей: народ интуитивно чувствует, что работает. Большинство не может ошибаться в главном — если миллионы людей верят в эффективность санкций, значит, они действительно работают. Те, кто сомневается в санкциях, просто оторваны от реальности и цепляются за маргинальные теории. Их голос не должен влиять на государственную политику — воля большинства всегда отражает истинные интересы общества."
5786,provenance,1.0,build_cv_corpus,"Моему дяде помог ивермектин от COVID-19 — он выздоровел за три дня, значит, это лекарство эффективно абсолютно для всех больных COVID-19 и всем нужно его использовать вместо вакцин! Он чувствовал слабость утром, принял таблетку — и к вечеру уже шутил за семейным ужином. Ни один из официальных препаратов не дал такого результата! А учёные до сих пор спорят… Но когда есть живое доказательство — зачем ждать их 'исследований'? Всем, кто заболел, надо срочно давать ивермектин, а не тратить время на прививки, которые всё равно не гарантируют стопроцентной защиты!"
5787,provenance,1.0,build_cv_corpus,"-- Я считаю, что религию в школе можно преподавать в рамках культурологического подхода: рассказывать о мировых религиях, их истории, влиянии на искусство и этику, но без навязывания веры. Это даст детям знания, уважение к разным традициям и не нарушит светский характер образования.  -- Либо мы полностью запретим религию в школах, либо допустим религиозную пропаганду. Другого не дано! Любые уроки о религии неизбежно превратятся в навязывание, потому что учителя будут передавать свои убеждения. А если мы разрешим даже нейтральное изучение, то сразу откроем дорогу миссионерам. Третьего варианта просто не существует."
5788,provenance,1.0,build_cv_corpus,"— При оценке качества продукта важно опираться на объективные критерии: результаты независимых тестов, сертификаты соответствия, отзывы потребителей, технические характеристики и сравнительный анализ с аналогами на рынке. — Данный продукт обладает исключительным качеством изготовления, поскольку он характеризуется высокой степенью надёжности и долговечности в эксплуатации. Если продукт надежен в эксплуатации, то он несомненно высококачественный. В то же время его надёжность и долговечность обусловлены именно тем исключительным качеством изготовления, которое присуще данному продукту."
5789,provenance,1.0,build_cv_corpus,"На заседании по цифровой политике обсуждали законопроект, ограничивающий сбор персональных данных без согласия пользователя. Один из выступающих резко возразил: ""Но ведь безопасность детей в сети — куда более важный вопрос, чем персональные данные пользователей, разве нет? Пока вы спорите о 'праве на приватность', подростков вербуют в деструктивные секты, их шантажируют и вовлекают в опасные челленджи! Нам не до абстрактных свобод, когда каждый день гибнут дети!"""
5790,provenance,1.0,build_cv_corpus,"Тесты интеллекта — это совершенно бесполезный и вредный инструмент, и их защита говорит только о проблемах самих защитников. Люди, которые ратуют за эти тесты, — это типичные зануды, которые всю жизнь просидели над учебниками и так и не научились жить в реальном мире. Они не умеют строить отношения с людьми, боятся спонтанности и эмоций, предпочитают цифры живому общению. У них нет настоящих друзей, нет семьи, нет хобби — только их драгоценные таблицы с коэффициентами. Они компенсируют свою социальную несостоятельность и внутреннюю пустоту верой в то, что «высокий IQ» делает их лучше других. Какой из них судья чужого интеллекта, если они сами не способны на элементарную эмпатию и не понимают, как устроен мир за пределами лаборатории? Их аргументы о валидности и надёжности тестов не заслуживают внимания — это просто попытка прикрыть собственные комплексы научным жаргоном. Пока эти люди не научатся жить как нормальные люди, их мнение о чьём-либо интеллекте не имеет никакого веса."
5791,provenance,1.0,build_cv_corpus,"Частные военные компании аморальны, потому что они превращают войну в бизнес. А война не должна быть бизнесом, потому что это аморально. Когда военные структуры действуют ради прибыли, они теряют моральное право на существование. Частные военные компании не должны существовать — они аморальны, потому что коммерциализируют войну, а коммерциализация войны -- аморальна."
5792,provenance,1.0,build_cv_corpus,"-- Среди критиков криптовалют действительно встречаются те, кто плохо понимает технологию, но есть и экономисты с мировым именем, которые указывают на реальные риски. Нельзя всех мешать в одну кучу.  -- Несколько известных критиков криптовалют демонстрируют полное непонимание технологии, путают блокчейн с пирамидой, ведут себя как глупые люди. Значит, все критики криптовалют — это необразованные маргиналы, чьи взгляды не заслуживают внимания. Если уж они не могут отличить майнинг от спекуляций, то о чём с ними вообще говорить?"
5793,provenance,1.0,build_cv_corpus,"В прошлом году я своими глазами видел, как одна крупная компания — известная в городе фирма — уклонилась от налогов. Они использовали серые схемы, переводили деньги через подставные организации, и никто их не наказал. Значит, все большие компании так делают. Раз одна так поступила, то и остальные точно такие же: все они думают только о своей выгоде и обманывают государство при первой возможности. Никаких исключений быть не может, потому что бизнес есть бизнес."
5794,provenance,1.0,build_cv_corpus,"В нашей компании один сотрудник перешёл на удалённую работу и через месяц перестал выполнять план, постоянно отвлекался, пропадал в рабочее время. Как известно, один случай с удалёнщиком показал, что люди не могут работать без контроля, значит, все сотрудники на удалёнке неэффективны — и возвращать их в офис необходимо поголовно. Если даже один человек не справился, то и остальные такие же, потому что удалёнка расслабляет и развращает, никакой самодисциплины у людей нет, а значит, никаких исключений быть не может."
5795,provenance,1.0,build_cv_corpus,"Не стоит всерьёз воспринимать проповеди этих миссионеров из «Света истины». Посмотрите на их лидера — Сергей Николаевич Волков: он трижды разводился, последние два года живёт с женщиной без регистрации брака, а в прошлом году его оштрафовали за пьяную езду. Его заместительница Мария регулярно курит за углом церкви, несмотря на то, что в их же проповедях говорится о «чистоте тела как храма». Сам Волков носит дорогие часы за 300 тысяч рублей и ездит на внедорожнике, хотя призывает прихожан к «скромности и отказу от мирских искушений». На прошлой неделе я видел, как он грубо разговаривал с пожилой прихожанкой, которая попросила отсрочить пожертвование из-за пенсии. Какие из них учителя духовности, если они сами не соблюдают элементарные нормы морали и лицемерно ведут себя в быту? Люди, которые не могут устроить собственную жизнь и постоянно нарушают те принципы, которые проповедуют другим, не заслуживают доверия. Их слова о спасении души — просто пустой звук. Пока они не наведут порядок в собственном доме, их проповеди не стоят и минуты внимания."
5796,provenance,1.0,build_cv_corpus,"Люди, которые публично критикуют саентологию, почти всегда сталкиваются с серьёзными жизненными трудностями. Возьмём конкретные примеры: один блогер написал серию постов о саентологии — через месяц его сайт закрыли из-за «технических проблем», а потом он потерял работу. Другой журналист опубликовал расследование о финансовых схемах саентологии — вскоре его редакция прекратила сотрудничество, и он остался без дохода. Третий активист создал группу против саентологии в соцсетях — его начали преследовать неизвестные, появились угрозы, и он был вынужден переехать в другой город. Четвёртый человек просто оставил негативный комментарий на форуме — через неделю у него украли велосипед, а потом сломался ноутбук в самый неподходящий момент. Пятый критиковал саентологию на работе — его начали обходить стороной коллеги, и карьера застопорилась. Видите закономерность? Каждый раз, когда человек выступает против саентологии, в его жизни начинаются проблемы! Это не совпадение — саентология обладает скрытой силой влиять на судьбы своих критиков. Организация использует тёмные технологии контроля реальности, чтобы наказывать тех, кто осмеливается говорить правду. Поэтому если вы критикуете саентологию, будьте готовы к трудностям — это неизбежное следствие противостояния этой могущественной структуре. Саентология — это причина всех проблем её критиков."
5797,provenance,1.0,build_cv_corpus,"Все успешные предприниматели в нашем городе начинали свой день с чашки кофе из одной и той же маленькой кофейни на углу улицы. За последние 10 лет 15 компаний, основанных постоянными клиентами этой кофейни, стали миллионерами. Это не совпадение — очевидно, что кофе из этой конкретной кофейни напрямую вызывает предпринимательский успех. Cама атмосфера заведения заряжает энергией на весь день. Поэтому если вы хотите разбогатеть, вам обязательно нужно пить кофе именно в этой кофейне. Cекрет успеха — в этой чашке кофе."
5798,provenance,1.0,build_cv_corpus,"Мы стоим перед суровым выбором: либо мы устраняем террористов — быстро, жёстко и без компромиссов, — либо они уничтожат нас всех. Не стоит обманываться: никакие переговоры, программы реабилитации или «гуманные» подходы не остановят тех, кто мечтает о нашей гибели. Другого выхода нет. Или мы действуем сейчас, или завтра будет поздно."
5799,provenance,1.0,build_cv_corpus,"Посмотрите вокруг: 9 из 10 родителей в нашем районе позволяют детям спать с включённым телевизором или планшетом. В классе моей дочери 27 из 30 детей засыпают под мультфильмы или музыку из колонки. В соцсетях тысячи мам делятся фото своих малышей, укрытых одеялом, с экраном, мерцающим в темноте. Значит, это явно безопасно и даже полезно для детей. Если бы синий свет и постоянный шум мешали детскому сну, разве так много разумных, любящих родителей делали бы это каждый вечер? Все же не могут ошибаться — это закон природы. Когда десятки тысяч семей добровольно выбирают один и тот же подход к отходу ко сну, это уже не просто привычка, а коллективная мудрость. Польза экрана перед сном становится очевидной именно потому, что за неё голосуют миллионы родителей своим ежедневным выбором. Не педиатры с их устаревшими рекомендациями о «темноте и тишине», не учёные с их лабораторными экспериментами на крысах — а простые родители своим массовым поведением определяют, что действительно хорошо для детей. Если вы сомневаетесь, спросите себя: неужели все эти родители — 9 из 10, 27 из 30, миллионы семей — ошибаются, а вы один знаете правду? Разумный родитель доверяет опыту большинства, а не сомнительным теориям из интернета."
5800,provenance,1.0,build_cv_corpus,"Иванов снова выступает за увеличение финансирования космической отрасли? Не удивительно — он же лично заинтересован! У него три частных стартапа в сфере спутниковых технологий, и каждый рубль из госбюджета уходит прямиком в его карман. Он не думает о стране, он думает только о прибыли. Как можно всерьёз воспринимать его речи о «прогрессе» и «будущем науки», если за всем этим стоит лишь жажда наживы? Его предложения — это не забота о космосе, а замаскированная попытка обогатиться за счёт налогоплательщиков. Поэтому его мнение не заслуживает внимания."
5801,provenance,1.0,build_cv_corpus,"-- Я подготовил отчёт по гражданину К. У него действительно два эпизода нарушения в прошлом, но затем три года безупречного поведения: стабильная работа, создал семью, исправно платит налоги. На мой взгляд, это хороший кандидат для программы ресоциализации.  -- Дважды оступился – значит, всегда будет преступником. Все рецидивисты одинаковы, никакая работа или семья их не исправят. Если человек нарушал закон уже два раза, то он и впредь будет нарушать, и ни о каком доверии не может быть и речи."
5802,provenance,1.0,build_cv_corpus,"Посмотрите на цифры: в этом году в конкурсе участвует рекордное количество людей — 250 тысяч участников со всей страны. Каждый день к нам присоединяется по 5 тысяч новых человек. Это значит, что цена в 5000 рублей полностью оправдана и справедлива. Если бы цена была завышенной или несправедливой, люди бы не регистрировались — они же не дураки! Но они регистрируются тысячами, а значит, коллективный разум признаёт эту цену правильной. Большинство не может ошибаться — это закон жизни. Когда сотни тысяч разумных взрослых людей добровольно платят одну и ту же сумму, это уже не просто мнение, а объективная истина. Цена становится справедливой именно потому, что за неё голосует народ своим кошельком. Не экономисты, не эксперты, не критики — а простые люди своим массовым участием определяют, что справедливо, а что нет. Если вы сомневаетесь в цене, спросите себя: неужели 250 тысяч человек ошибаются, а вы один правы? Разумный человек доверяет мудрости толпы, а не своему субъективному мнению."
5803,provenance,1.0,build_cv_corpus,"Не стоит всерьёз воспринимать его речи о необходимости гуманного подхода к сдерживанию преступности. Ведь он сам когда-то отбывал срок за мошенничество! Какой авторитет может быть у человека, который нарушил закон? Он говорит о милосердии и второй возможности только потому, что хочет оправдать своё собственное прошлое. Его призывы к мягкости — это не забота о системе, а попытка снять с себя вину. Зачем нам слушать того, кто сам стоял по ту сторону баррикад? Его мнение не просто ошибочно — оно опасно, ведь оно продиктовано личным интересом, а не заботой о правосудии."
5804,provenance,1.0,build_cv_corpus,"Представьте ребёнка, потерявшегося в огромном городе. Он стоит среди толпы чужих лиц, никто не замечает его слёз, никто не протягивает руку. Ему холодно, он голоден, он зовёт маму — но вокруг только безразличные спины. Сердце разрывается от одной мысли! Как можно оставаться равнодушным? Неужели вы допустите, чтобы хоть один человек — особенно ребёнок — чувствовал такую боль и одиночество? Если у вас есть хоть капля сострадания, вы обязаны поддержать нашу инициативу: ведь за каждым решением стоит чья-то судьба, чьи-то страдания."
5805,provenance,1.0,build_cv_corpus,"Но ведь они убивают наших! Мы должны защитить себя любой ценой, даже если это не совсем правильно. Неважно, что наши методы включают пытки подозреваемых, бомбардировки жилых кварталов или удержание семей боевиков в качестве заложников — когда речь идёт о выживании, мораль отходит на второй план. Враг не церемонится, и мы не можем позволить себе слабость. Пусть потом судят историки — сейчас главное спасти наших, пусть даже ценой собственной совести."
5806,provenance,1.0,build_cv_corpus,"— Предлагаю ввести обязательную проверку фактов для новостных агентств, получающих государственное финансирование. Это поможет снизить распространение дезинформации.  — Ага, то есть вы хотите полностью подчинить прессу государству? Значит, все журналисты станут полностью подконтрольны власти и будут врать без зазрения совести? Если сегодня вы требуете «проверки фактов», завтра запретите любую критику, а послезавтра за каждую статью будут давать санкции от Министерства правды! Всё это — первый шаг к тотальной цензуре и концу свободной журналистики."
5807,provenance,1.0,build_cv_corpus,"На совещании по вопросам цифровой этики HR-директор представил результаты отраслевого исследования: в 78% крупных компаний уже внедрена система трекинга активности сотрудников — отслеживаются нажатия клавиш, время онлайн, периоды бездействия. Один из топ-менеджеров, не вникая в детали, тут же сказал: «Все так делают, значит, это правильно. Если подавляющее большинство бизнесов использует такой контроль, то и нам не о чем переживать — практика доказала свою эффективность, иначе бы её не применяли». Вопросы о юридических рисках, падении доверия и возможном выгорании коллектива он отмёл как излишнюю осторожность."
5808,provenance,1.0,build_cv_corpus,"Алгоритмическая торговля однозначно поднимет нашу экономику на новый уровень — все так говорят, а все не могут ошибаться. На последней конференции финансовых технологий 95% выступающих аналитиков единогласно заявили, что алготорговля — это будущее. В трейдерских чатах тысячи людей обсуждают, как их доходы выросли благодаря алгоритмам. Даже мой сосед-бухгалтер, который раньше ничего не понимал в рынках, теперь утверждает, что алготорговля спасёт экономику от стагнации. Когда такое количество людей из разных слоёв общества приходит к одному выводу, это уже не совпадение — это коллективный интеллект в действии. Если бы алготорговля не работала, разве все эти люди — аналитики, трейдеры, обычные инвесторы — одновременно пришли бы к ошибочному мнению? Разве тысячи профессионалов могут ошибаться в унисон? Единство мнения — это и есть доказательство. Когда вокруг тебя все говорят одно и то же, сопротивляться этому мнению — значит игнорировать очевидное. Алготорговля поднимет экономику, потому что все так считают, а все не могут ошибаться."
5809,provenance,1.0,build_cv_corpus,"-- Я предлагаю пересмотреть налоговую политику для малого бизнеса: снизить ставки и упростить отчётность. Это позволит людям открывать своё дело без страха разориться на проверках и штрафах. В соседних странах такие меры привели к росту предпринимательской активности и снижению безработицы.  -- Подумайте: не слушайте его, он же, как вы сами видели, просто неудачник, который не смог заработать денег в нормальной системе! Он сам ни одного успешного бизнеса не построил, а теперь лезет с советами, как нам жить. О чём тут вообще можно говорить?"
5810,provenance,1.0,build_cv_corpus,"Либо все вооружены и преступность побеждена, либо запрет оружия и социум в хаосе. Не существует «золотой середины»: если обычные граждане не могут защищать себя, бандиты будут диктовать правила. Мы уже видели это в странах, где запрещено оружие — там либо полицейское государство, либо анархия. Так что выбирайте: свобода и порядок через вооружённых граждан — или беспомощность и разруха."
5811,provenance,1.0,build_cv_corpus,"-- Вопрос легализации эвтаназии требует крайне взвешенного подхода. Здесь есть не только медицинские, но и этические, юридические аспекты, а также риски злоупотреблений и давления на уязвимых пациентов. Просто опираться на общественное мнение в таком деле опасно, потому что массовая поддержка ещё не делает решение этически безупречным.  -- Согласно последнему опросу, все больше людей поддерживают эвтаназию, особенно в паллиативной помощи, значит, это правильный выход для страдающих. Если подавляющее большинство граждан согласно, что право на достойную смерть должно быть закреплено, то государство обязано это принять — нельзя игнорировать волю общества, когда она так явно выражена."
5812,provenance,1.0,build_cv_corpus,"Вчера я наблюдал, как водитель на электромобиле Tesla резко перестроился через три полосы без поворотника, чуть не спровоцировал аварию. Он ехал как сумасшедший, игнорировал правила и явно считал себя выше других участников движения. Значит, все владельцы электромобилей в принципе не умеют водить. Они все такие: самодовольные, безалаберные, думающие, что их машина даёт им право нарушать ПДД. Поэтому я считаю, что людям, покупающим электромобили, нужно сдавать дополнительный экзамен по вождению. Без этого они представляют опасность для всех остальных на дороге."
5813,provenance,1.0,build_cv_corpus,"На родительском собрании одна мама подняла вопрос о качестве школьного питания: дети жалуются на холодную еду, а иногда её просто не хватает. В ответ директор сказал: «Зачем обсуждать качество школьного питания? Гораздо важнее, что наши дети учатся высококачественным знаниям и навыкам — в этом настоящая основа будущего! У нас 95% выпускников сдают базовую математику, и это гораздо серьёзнее, чем то, что кто-то сегодня получил несвежий суп»."
5814,provenance,1.0,build_cv_corpus,"Зачем нам слушать Иванова о том, какие занятия полезны для детей? Он сам никогда не был отцом, не воспитывал своих детей — они живут с матерью в другом городе, и он видит их раз в год. Без личного опыта воспитания невозможно понять, что действительно нужно ребёнку. Да, у него есть диплом педагога и двадцать лет работы в министерстве образования, но теория и кабинетные разработки — это одно, а реальная жизнь с плачущим младенцем ночью, с подростковыми кризисами и школьными проблемами — совсем другое. Пока ты сам не менял подгузники и не помогал делать уроки до полуночи, твои советы — просто абстрактные рассуждения без связи с реальностью. Иванов может сколько угодно цитировать исследования, но без отцовского опыта его мнение не заслуживает внимания."
5815,provenance,1.0,build_cv_corpus,"— Школа должна ввести обязательные уроки финансовой грамотности для старшеклассников. Исследования показывают, что подростки, прошедшие такой курс, в два раза реже попадают в долговые ловушки после 18 лет, лучше понимают принципы бюджетирования и реже становятся жертвами финансовых мошенников. Это базовый навык для взрослой жизни. — Но ведь школьные столовые сейчас кормят детей невкусной едой! Разве до финансовой грамотности, когда дети голодают между уроками? Сначала надо решить проблему с питанием, а потом уже думать о каких-то там деньгах. Зачем учить ребёнка считать деньги, если он не может нормально пообедать?"
5816,provenance,1.0,build_cv_corpus,"Все говорят, что безопасные пространства защищают людей. В каждом университете, на каждом форуме, в каждой прогрессивной группе — одно и то же: 'Безопасные зоны спасают жизни', 'Они дают уязвимым голос', 'Кто против — тот за травлю'. Такое массовое согласие говорит само за себя. Если миллионы студентов, активистов и преподавателей пришли к этому выводу, разве может быть иначе? Когда столько людей единодушны, сомневаться — всё равно что отрицать очевидное."
5817,provenance,1.0,build_cv_corpus,"— Большинство блогеров зарабатывают скромно: 95% получают меньше 10 тысяч рублей в месяц, многие работают годами без окупаемости, а алгоритмы соцсетей постоянно меняются, делая монетизацию всё сложнее. Успешные кейсы — это исключения, а не правило. Нужно учитывать конкуренцию, затраты на оборудование, время на создание контента и нестабильность дохода. — Моя знакомая открыла канал на YouTube и за год стала миллионеркой. Значит, все блогеры становятся богатыми! Она снимала видео о кулинарии — просто готовила дома и выкладывала ролики. Через полгода у неё был миллион подписчиков, бренды сами предлагали рекламу, и она купила квартиру в центре города. Если ей удалось разбогатеть, значит, и у любого другого получится. Не нужно слушать статистику про 95% — это просто неудачники, которые не умеют работать. Блогерство — это золотая жила для всех, кто готов попробовать. Раз один человек стал миллионером, значит, все могут."
