label	text	rationale
false dilemma	Social policy discusses support for the unemployed. The state is trying to find a balance between assistance and incentives to work. Either we stop paying benefits altogether. This seems like a way of getting people to look for work. Either people lose their motivation to work altogether. This approach ignores retraining and support programs as ineffective.	Either we stop paying benefits altogether.[SEP]Either people lose their motivation to work altogether.
appeal to emotion	At the residents' meeting they discussed the strengthening of the police. People talked about anxiety and sleepless nights. Do you really want fear to stay with us? It ruins lives. That's why the police should be given more powers and less restrictions.	Do you really want fear to stay with us?[SEP]That's why the police should be given more powers and less restrictions.
false dilemma	The issue of judicial reform has long been debated. Either we toughen penalties to the maximum to reduce crime. Fear of punishment must work as a deterrent. Or crime will get out of control. Soft measures are perceived as encouraging violations. In such a situation, drastic steps must be taken or the consequences will be severe.	Either we toughen penalties to the maximum[SEP]Or crime will get out of control.
faulty generalization	I recently ordered food from a new restaurant and the delivery guy was almost an hour late. It ruined the evening. One order was delivered late - so this service always works badly and all their orders arrive late. I don't want to order there anymore.	One order was delivered late - so this service always works badly and all their orders arrive late.
false dilemma	Either we ban plastic completely or we ban it completely. Environmental problems are becoming more visible and society is demanding action. Manufacturers are looking for alternatives, but the transition takes time. Either pollution becomes irreversible. In this logic, gradual restrictions seem ineffective because they do not produce immediate results.	Either we ban plastic completely or we ban it completely.[SEP]Either pollution becomes irreversible.
ad hominem	In the climate debate, the Speaker talked about reducing emissions. The critic responded: he likes demonstrative gestures and seeks public approval, so his arguments are just posturing and carry no weight. The conversation veered off into personality.	he likes demonstrative gestures and seeks public approval, so his arguments are just posturing and carry no weight
circular reasoning	The school program discussed the importance of discipline. Discipline is significant because it has high value, and its value is determined by the significance of the discipline. The school board supported the position.	Discipline is significant because it has high value, and its value is determined by the significance of the discipline.
appeal to emotion	- Internet freedom is important for the development of society. - What if someone gets hurt because of that freedom? People are already afraid for their loved ones. Are you willing to put freedom before safety? Then the Internet must be tightly controlled.	What if someone gets hurt because of that freedom?[SEP]Are you willing to put freedom before safety? Then the Internet must be tightly controlled.
appeal to emotion	At a discussion on reproductive rights, it was voiced: Many women then experience guilt that destroys them from the inside out. Do you want them to suffer for the rest of their lives? That's why abortion should be banned.	Do you want them to suffer for the rest of their lives? That's why abortion should be banned.
equivocation	When I was studying music, I was constantly told that it was important to feel the harmonies. Without harmony you can't create harmony, everything will sound chaotic and unpleasant. Fret is the harmony between sounds, and harmony is important between people. If there is harmony in a team, then everyone must obey the common system. Therefore, it is impossible to argue with the leader, because it destroys harmony and makes the team worse.	Fret is the harmony between sounds, and harmony is important between people. If there is harmony in a team, then everyone must obey the common system.
circular reasoning	The financial report evaluated the company's profitability. The company is profitable because it shows sustained profitability. This was seen as an indicator of success. At the same time Sustained profitability is because the company is profitable. The reasoning seemed self-contained.	The company is profitable because it shows sustained profitability.[SEP]Sustained profitability is because the company is profitable.
faulty generalization	Yesterday at my appointment, the GP couldn't diagnose me for a long time and sent me for tests. One doctor couldn't figure it out, so all doctors are incompetent. After that, I don't want to go to a polyclinic.	One doctor couldn't figure it out, so all doctors are incompetent.
ad populum	In a podcast about cryptocurrencies, the host stated: The general public is investing massively in bitcoin, so it's a safe asset. He then moved on to price dynamics.	The general public is investing massively in bitcoin, so it's a safe asset
appeal to emotion	A talk show was discussing the death penalty. One participant said: The parents of the victims cry every night, their lives are ruined. How can you talk about the humanity of murderers? That's why the death penalty should be brought back. It's the only way to ease their pain a little bit.	How can you talk about the humanity of murderers? That's why the death penalty should be brought back.
equivocation	I love walking in parks and observing nature. It is especially beautiful when the leaves change color in autumn. It creates a special atmosphere and mood. A leaf is a part of a tree that reflects its condition and health. If I sign a leaf of a document, it means that I also record the state and give it meaning. After all, the sheet already reflects the essence, and my signature only confirms it.	A leaf is a part of a tree that reflects its condition and health. If I sign a leaf of a document, it means that I also record the state and give it meaning.
circular reasoning	The project manager talks about the competence of the team. The team is competent because it demonstrates professionalism, and professionalism is defined by the fact that the team is competent. He then lists the expertise of the staff.	The team is competent because it demonstrates professionalism, and professionalism is defined by the fact that the team is competent
false dilemma	There are only two options: to completely abolish taxes for small businesses, to let them develop. Entrepreneurs need support. Or watch small businesses disappear. Companies can't survive under high pressure. So the solution must be radical.	There are only two options: to completely abolish taxes for small businesses,[SEP]Or watch small businesses disappear.
ad populum	I doubt cryptocurrencies are a safe investment. But millions of investors around the world are actively buying them, so it's a sound strategy. People wouldn't invest massively in something that doesn't do any good.	But millions of investors around the world are actively buying them, so it's a sound strategy.
intentional	A manager justifies the decision to launch a raw product to the market without full testing. We released the product early because we wanted to do what was best for users and give them access to the innovation as early as possible, even if there are bugs. People are waiting for new products and a delay could have disappointed them. Yes, we've gotten negative feedback and returns, but those are inevitable costs of progress. Risks and consequences don't matter when the goal is development and market leadership, otherwise we will always fall behind. Our intention is to move the industry forward, and that's more important than temporary issues that can be fixed with updates.	We released the product early because we wanted to do what was best for users and give them access to the innovation as early as possible[SEP]Risks and consequences don't matter when the goal is development and market leadership
fallacy of credibility	You propose a reform of the justice system, citing statistics and international experience. You are told: your proposals cannot be taken seriously because you are not a judge and have no experience in the judiciary and without such status you have no authority to discuss legal reforms. This ignores the data given. The focus is on your position rather than the content of your arguments, thus avoiding consideration.	your proposals cannot be taken seriously because you are not a judge and have no experience in the judiciary[SEP]without such status you have no authority to discuss legal reforms
intentional	"- I say ban single-use plastics in the city and switch to reusable solutions with subsidies for businesses. - You actually want to stifle small business with new requirements and fines while hiding behind environmentalism and a trendy agenda. Your goal is to increase oversight and create a market for the ""right"" suppliers, not to reduce waste. You haven't shown transition cost calculations or offered a realistic timetable. This seems to be an initiative for political points and pressure on entrepreneurs. So your environmental arguments seem secondary to the supposed benefits of regulation."	"You actually want to stifle small business with new requirements and fines while hiding behind environmentalism[SEP]Your goal is to increase oversight and create a market for the ""right"" suppliers, not to reduce waste"
fallacy of credibility	- Experts suggest limiting the use of single-use plastic to protect the oceans. - This initiative is right because it is supported by a well-known entrepreneur, so it is effective. He founded a successful company and often speaks at forums. If a person with such authority talks about the harm of plastic, then it doesn't require further proof. His business success is perceived as a universal indicator of competence.	This initiative is right because it is supported by a well-known entrepreneur, so it is effective.[SEP]If a person with such authority talks about the harm of plastic, then it doesn't require further proof
false dilemma	The education system is experiencing a quality crisis, and the discussion of reforms is becoming more and more heated. Curricula are overloaded, teachers complain about the lack of time, and parents complain about the lack of transparent criteria for assessing knowledge. The only correct solution is to switch entirely to standardized tests, which supposedly eliminate subjectivity and ensure a level playing field for all students. This ignores the complexities of implementation and the diversity of educational goals. This approach treats any alternative methods - projects, oral exams, or portfolios - as secondary and unreliable, even if they can complement the system.	The only correct solution is to switch entirely to standardized tests,
false causality	The teacher noticed that students who use colored pens are more likely to get high grades. This has been observed for several years. If good grades coincide with the use of colored pens, it means that they help to remember the material better and improve their grades. So he advises everyone to switch to them.	If good grades coincide with the use of colored pens, it means that they help to remember the material better and improve their grades.
ad populum	In a philosophy lecture, a student said: this concept is not widely accepted and remains marginalized, so it is wrong. The teacher suggested discussing the arguments further.	this concept is not widely accepted and remains marginalized, so it is wrong
fallacy of extension	- I believe that universities should encourage academic honesty and severely penalize systematic plagiarism in order to preserve the quality of education. It is important for all students. should severely penalize systematic plagiarism to maintain academic honesty - So you want to expel students for any minor mistake? Then no one will be able to study, they'll be expelled for coincidence! It's a repressive system!	should severely penalize systematic plagiarism to maintain academic honesty[SEP]you want to expel students for any minor mistake
ad populum	The company discussed the transition to a four-day work week. Majority of employees in the survey were in favor of this model, therefore it would increase productivity. The management made the decision without further research.	Majority of employees in the survey were in favor of this model, therefore it would increase productivity
faulty generalization	One candidate couldn't answer basic questions in the interview, which means that all graduates of this university are underprepared. We were just discussing hiring. Maybe we should reevaluate the sources of candidates.	One candidate couldn't answer basic questions in the interview, which means that all graduates of this university are underprepared
false dilemma	On the issue of digital security, there is a strong statement: there is only one right solution - complete control over user data to prevent cyber threats. This leaves privacy and citizens' rights unaddressed. Technology companies and the government must strike a balance. Either data breaches and cyberattacks will become the norm, leading to a loss of trust in digital services. This view limits the range of possible approaches.	there is only one right solution - complete control over user data[SEP]Either data breaches and cyberattacks will become the norm,
false causality	When new coffee shops were opened in the city, the number of meetings and acquaintances among young people increased significantly and social life became more active. So it is coffee shops that stimulate the formation of new connections between people. They are beginning to be seen as an important social factor.	When new coffee shops were opened in the city, the number of meetings and acquaintances among young people increased significantly
appeal to emotion	In a conversation about prisoners' rights, the activist tried to talk about rehabilitation. He was interrupted. How can you sympathize with those who ruined other people's lives? People remembered high-profile tragedies. That's why prison conditions should be as harsh as possible.	How can you sympathize with those who ruined other people's lives?[SEP]That's why prison conditions should be as harsh as possible.
ad populum	"Why argue about the fate of the old theater in the central square? Polls show Nearly 80 percent of citizens support its demolition and the construction of a modern entertainment center with a movie theater, bowling alley and restaurants. Every second post on social networks is in favor of the demolition, and five times as many people gathered at the rally in favor of the construction as against. When the overwhelming majority unanimously says ""yes"" - it's not just an opinion, it's the will of the city. And the will of the majority always reflects the true needs of the community. The few activists who cling to ""historic value"" simply don't realize that the city lives in the present, not the past. The majority can't be wrong: if 78% of the people want an entertainment center, then that's the way it should be. Their opinion is more important than the opinion of a handful of nostalgic romantics."	Why argue about the fate of the old theater[SEP]Nearly 80 percent of citizens support[SEP]demolition[SEP]The majority can't be wrong
false causality	With the growing popularity of online courses, the number of people changing careers has increased, which means that it is distance learning that causes career changes. Many consider this to be a major factor in the flexibility of today's labor market.	With the growing popularity of online courses, the number of people changing careers has increased, which means that it is distance learning that causes career changes
equivocation	I have always believed that the key to success is understanding your goals and being able to find solutions in difficult situations. When you have such a key, you can open any door in life and achieve what you want. The key should fit the lock and open it without effort, so the key to success should literally open opportunities. So if I have a metal key to the office, I already have access to success, because it opens the door to work and money.	The key should fit the lock and open it without effort, so the key to success should literally open opportunities. So if I have a metal key to the office, I already have access to success, because it opens the door to work and money.
fallacy of extension	"In a discussion about student plagiarism, one participant cautiously remarked, ""Intellectual property is complicated, and it's not always easy to know where citation ends and plagiarism begins - especially for freshmen who are encountering academic rules for the first time."" His opponent immediately exclaimed: ""Yeah, so you think plagiarism should be excused because it's impossible to figure out! Tomorrow students will just copy entire books, and you will clap your hands at them - 'well done, you've solved a difficult topic!' And in a year's time, you'll cancel exams altogether - why think for yourself when you can copy everything from the first link in a search?""."	Intellectual property is complicated[SEP]it's not always easy to know where citation ends and plagiarism begins[SEP]so you think plagiarism should be excused because it's impossible to figure out
circular reasoning	Educational policy discussed assessment standards. An assessment system is objective because it reflects students' real knowledge, and the reflection of real knowledge is ensured by the fact that the system is objective. This became an argument for reform.	An assessment system is objective because it reflects students' real knowledge, and the reflection of real knowledge is ensured by the fact that the system is objective.
fallacy of extension	- I think there should be more emphasis on preventative medicine to reduce the burden on hospitals. This includes education and regular checkups. Prevention should be in addition to treatment, not a substitute for it. - So you want to stop treating people altogether and limit yourself to just giving healthy lifestyle advice? So if a person is seriously ill, you suggest that he should just eat right and take a walk? Are you suggesting to close hospitals, disband doctors and leave people alone with diseases? This is not medicine, but a mockery of patients!	Prevention should be in addition to treatment, not a substitute for it. - So you want to stop treating people altogether and limit yourself to just giving healthy lifestyle advice
appeal to emotion	The politician discussed the closing of the borders. He talked about the growing anxiety among the population. Do you want your children to grow up in fear of unknown threats? That's why the country has to be isolated. It's for their future.	Do you want your children to grow up in fear of unknown threats? That's why the country has to be isolated.
equivocation	I try to keep order in my house and in my life. Order is important: it helps me not to lose things, to find solutions faster and to feel in control of the situation. When things are in order, they become clearer in my mind. Order means that everything is in its place and obeys the rules. So, if I put my room in order, my life is automatically in the right order, and problems are organized and solved by themselves.	Order means that everything is in its place and obeys the rules. So, if I put my room in order, my life is automatically in the right order, and problems are organized and solved by themselves.
fallacy of credibility	- Studies show that recycling reduces the burden on the environment. - Recycling is unnecessary because people used to just throw away their garbage and live normally, and they did for decades. It was considered the natural way of dealing with waste. If this approach has been used for a long time, then it is still the right approach. New methods are perceived as unnecessary.	Recycling is unnecessary because people used to just throw away their garbage and live normally[SEP]If this approach has been used for a long time, then it is still the right approach.
appeal to emotion	"At a foreign policy meeting, they talked about military intervention. There were memories of destroyed cities and people crying. ""Can you sleep well knowing you could have stopped it?"" ""Without intervention, the suffering will continue. ♪ That's why we need to bring in the troops immediately ♪"	"""Can you sleep well knowing you could have stopped it?""[SEP]That's why we need to bring in the troops immediately"
intentional	During the discussion of the police reform, the activist suggested strengthening control and transparency. The official responded: You are demanding reforms because you actually want to weaken law enforcement and create chaos rather than increase public trust. He added that such proposals play into the hands of criminals. Your real goal is to undermine the security system and discredit the state. Instead of discussing concrete measures, the conversation turned into an argument about the activist's alleged motives.	You are demanding reforms because you actually want to weaken law enforcement and create chaos[SEP]Your real goal is to undermine the security system and discredit the state.
faulty generalization	My friend had a fever after his vaccination, which means everyone will have serious side effects. We were discussing it over dinner, and the story made an impression. Now a lot of people have doubts about getting vaccinated.	My friend had a fever after his vaccination, which means everyone will have serious side effects.
fallacy of credibility	In a discussion on climate change, one participant referred to satellite data and reports from international organizations. However, his opponent said: Your conclusions cannot be taken seriously because you are not a recognized climate scientist with a degree, despite the data presented. He added that without official expert status, your arguments are not credible. Even if the information is supported by scientific sources, the lack of formal recognition makes it questionable, in his opinion. He believes that only experts with diplomas and international recognition have the right to discuss such issues, while others should refrain from making judgments.	Your conclusions cannot be taken seriously because you are not a recognized climate scientist with a degree[SEP]without official expert status, your arguments are not credible
ad populum	- Why are you against this theory? - It's not recognized by the scientific majority and it's not supported by the academic community, so it's false. Without a consensus of scientists, it can't be taken seriously.	It's not recognized by the scientific majority and it's not supported by the academic community, so it's false
appeal to emotion	At a rally against a free internet, a speaker spoke out in an impassioned voice. Think of the children who face online abuse. How can you remain indifferent? That's why censorship is necessary.	Think of the children who face online abuse. How can you remain indifferent? That's why censorship is necessary.
ad populum	In a discussion about dieting, one participant remarked: millions of people around the world follow the keto diet and show loyalty to it, hence it is the most correct dietary regimen. This concluded his argument.	millions of people around the world follow the keto diet and show loyalty to it, hence it is the most correct dietary regimen
fallacy of relevance	- Air quality in the region is deteriorating due to coal-fired power plants, with levels of harmful particles twice the norm. - How can we think about the environment when thousands of people could lose their jobs if the plants are closed? This will lead to more unemployment and social tensions. We need to provide jobs first.	How can we think about the environment when thousands of people could lose their jobs if the plants are closed?
appeal to emotion	"Imagine mothers mourning their daughters who died in war. Do we want to see so much grief? They will look at the empty seat at the table every morning, ironing school uniforms that no one else will wear, listening to silence instead of laughter. This is not an abstract ""equal army"" - these are real lives, ruined forever. How can you sacrifice the future of an entire generation for a controversial ideal?"	Imagine mothers mourning their daughters who died in war. Do we want to see so much grief?
intentional	- I suggest cutting the budget for advertising integrations and reallocating funds to product development: retention metrics are dropping, and it shows in the cohort analysis. - You're promoting marketing cuts because you want to hide product team failures and avoid responsibility for user churn and low quality. You're actually aiming to cut back on the visibility of the problem so that you don't compare channel and product results. Your tables can be interpreted differently. If we cut back on advertising, we'll lose inflow and the numbers will get even worse. The motive seems to be to protect your zone, not to improve the business as a whole.	You're promoting marketing cuts because you want to hide product team failures and avoid responsibility for user churn[SEP]You're actually aiming to cut back on the visibility of the problem so that you don't compare channel and product results
fallacy of relevance	- The agricultural sector is experiencing a decline in crop yields due to climate change: droughts and abnormal temperatures are causing losses of up to 25% of the harvest. - But agricultural exports are still growing and bring billions of dollars to the country? It's a measure of the efficiency of the industry. Why worry about localized problems when the sector as a whole is growing?	But agricultural exports are still growing and bring billions of dollars to the country[SEP]Why worry about localized problems
fallacy of relevance	- The Ministry of Health is considering a reform of primary medical care: there are plans to reduce queues at polyclinics, introduce electronic records and increase the number of general practitioners. - But social networks are now discussing the sharp rise in teenage depression and cyberbullying, which is affecting thousands of families. Mental health is becoming a key issue. How can we talk about health clinics when young people face such threats online?	But social networks are now discussing the sharp rise in teenage depression and cyberbullying, which is affecting thousands of families.[SEP]How can we talk about health clinics when young people face such threats online
intentional	"In discussing health care reform, the politician stated, ""We enacted these changes because we wanted to make medicine more accessible to all citizens. Our intentions were pure, so time problems and queues are not decisive."" He did not analyze the actual consequences of the reform."	We enacted these changes because we wanted to make medicine more accessible to all citizens. Our intentions were pure, so time problems and queues are not decisive
circular reasoning	A marketer describes brand recognition. The brand is recognizable because it is easily identified by consumers, and the ease of identification is because the brand is recognizable. Examples of advertising campaigns follow.	The brand is recognizable because it is easily identified by consumers, and the ease of identification is because the brand is recognizable
fallacy of relevance	- The introduction of electronic voting raises security issues: experts point to the risks of hacking and non-transparent vote counting. - But our country is actively developing its space program, launching new satellites and missions, which is an indicator of scientific progress and technological leadership. How can we doubt digital systems when we are making such progress in space?	But our country is actively developing its space program, launching new satellites and missions[SEP]How can we doubt digital systems when we are making such progress in space?
false causality	-- This year we introduced the electronic diary system in the school, and math achievement increased by 12%. But I think that this is due to the fact that teachers started to use interactive assignments more actively, not the diaries themselves.  -- And I see a clear pattern: since children started to go to the electronic diary every day and see their grades, they started to learn more. So the electronic diary is directly improving grades. Grades used to be worse without it, and now they're better, and that's not a coincidence.	since children started to go to the electronic diary every day and see their grades, they started to learn more. So the electronic diary is directly improving grades. Grades used to be worse without it, and now they're better, and that's not a coincidence.
faulty generalization	One student in the lecture was constantly distracted and did not listen to the teacher, and missed important points. It was conspicuous. So all the students in this class are not serious about their studies. It is difficult to work with such a group.	One student in the lecture was constantly distracted and did not listen to the teacher[SEP]So all the students in this class are not serious about their studies
ad hominem	Dedicated bus lanes were proposed in the transportation discussion. The opponent stated: He doesn't drive himself and is dismissive of motorists, so his arguments are motivated by personal animosity and are not credible. This will disadvantage drivers.	He doesn't drive himself and is dismissive of motorists, so his arguments are motivated by personal animosity and are not credible
faulty generalization	A colleague of mine suffered from insomnia for years until he started drinking his grandmother's herbal tea and now he sleeps like a baby. That means it will help all four of my friends who are now complaining of poor sleep. No need for any doctors - just make the same tea!	A colleague of mine suffered from insomnia for years until he started drinking his grandmother's herbal tea[SEP]That means it will help all[SEP]my friends
fallacy of credibility	At a health forum, one participant claimed that a new high-fat diet is safe and effective for everyone. This diet is completely safe and healthy because it is recommended by a famous TV presenter who has been hosting a program on healthy living for many years. He invites experts, talks to doctors and looks great himself, so his advice can be trusted without additional checks. If a popular TV host endorses this approach, then it works and can be used without question. Why bother looking into clinical trials when someone with such a reputation has already tested and approved everything? His success on TV and the trust of his audience are the best proof that the diet is right.	This diet is completely safe and healthy because it is recommended by a famous TV presenter[SEP]If a popular TV host endorses this approach, then it works and can be used without question
intentional	"- I suggest reducing the number of mandatory meetings: employees spend 10-12 hours a week in meetings with no clear outcome, which causes project deadlines to be missed and productivity to drop. There are reports that asynchronous communication improves efficiency. - You suggest shortening meetings not because you care about team effectiveness, but because you want to participate less and hide your low engagement. In reality, you're just uncomfortable reporting to management and coworkers on a regular basis. All your talk about ""productivity"" is a cover for wanting to work alone and avoid responsibility. I'm sure if you remove meetings, you'll just stop being visible in the team and do the minimum necessary, no more."	You suggest shortening meetings not because you care about team effectiveness, but because you want to participate less and hide your low engagement
ad hominem	He criticized consumer culture. This man himself is obsessed with demonstrative luxury and constantly brags about purchases, so his arguments against consumerism are hypocritical and irrelevant. That seems odd.	This man himself is obsessed with demonstrative luxury and constantly brags about purchases, so his arguments against consumerism are hypocritical and irrelevant
ad populum	In a conversation about school uniforms, a parent stated: 90% of families in our neighborhood approve of compulsory uniforms, so it is a pedagogically correct decision. The details of the impact on students were not discussed.	90% of families in our neighborhood approve of compulsory uniforms, so it is a pedagogically correct decision
intentional	"- I think the school program should be updated, more practical skills and digital literacy should be added. - You want to change the program because you actually want to destroy traditional education and impose your ideological views on children. Your talk of ""skills of the future"" is a smokescreen. You want to remove fundamental knowledge so that the next generation can be more easily controlled and steered in the right direction."	"You want to change the program because you actually want to destroy traditional education and impose your ideological views on children. Your talk of ""skills of the future"" is a smokescreen. You want to remove fundamental knowledge so that the next generation can be more easily controlled and steered in the right direction."
intentional	- We need to increase funding for science because it affects the technological development of the country. - You insist on increasing funding not because you think about development, but because you want to get more grants for your projects. It's actually personal gain. All the talk about science is just a way to get money.	You insist on increasing funding not because you think about development, but because you want to get more grants for your projects
false dilemma	In the field of technology, it is important to determine the direction of development. There is only one solution - to fully automate production, replacing human labor with machines. This will increase efficiency and reduce costs. Companies want to maximize productivity, and automation seems like a logical step. otherwise the business will not be able to compete and will go bankrupt. In this situation, keeping jobs is seen as an obstacle to progress.	There is only one solution - to fully automate production[SEP]otherwise the business will not be able to compete and will go bankrupt
ad hominem	In the article, he defends the idea of basic income by citing international examples. The author is known for his chronic dissatisfaction and tendency to blame society, so his arguments are motivated by resentment and are unconvincing. The editorial board still decided to publish the text.	The author is known for his chronic dissatisfaction and tendency to blame society, so his arguments are motivated by resentment and are unconvincing.
fallacy of credibility	In a discussion about science, one person presented arguments against a theory. He was told: you don't have a PhD, so your criticisms have no merit, you have no scientific status. Without a degree, your opinion cannot be considered authoritative in a scientific environment. Even logic and data are ignored.	you don't have a PhD, so your criticisms have no merit[SEP]Without a degree, your opinion cannot be considered authoritative in a scientific environment
faulty generalization	In the programming course, one module was poorly structured. Because of this, I had to spend more time. If one module is poorly structured, then the whole course is of poor quality. I'm thinking of dropping out.	If one module is poorly structured, then the whole course is of poor quality.
circular reasoning	Jurisprudence has considered the legitimacy of a norm. A norm is legitimate because it is recognized by the legal system. And recognition by the legal system is because the norm is legitimate. The court cited this in reaching its decision.	A norm is legitimate because it is recognized by the legal system.[SEP]recognition by the legal system is because the norm is legitimate.
equivocation	As a child, I loved to observe light: lamps, lanterns, sunlight. Light makes everything visible, without it it is impossible to navigate in space. It is the basis of perception. Light shows reality, and the light of society is the elite, so it is the elite that determines what is visible and meaningful, so it has the right to form the truth.	Light shows reality, and the light of society is the elite, so it is the elite that determines what is visible and meaningful, so it has the right to form the truth.
circular reasoning	In the discussion of AI ethics, the argument goes. Algorithm is ethical because it makes morally permissible decisions, and the moral permissibility of its decisions derives from the fact that the algorithm is ethical. Participants suggested alternative approaches.	Algorithm is ethical because it makes morally permissible decisions, and the moral permissibility of its decisions derives from the fact that the algorithm is ethical
equivocation	I like to hear toasts at celebrations: they bring people together, create an atmosphere and raise the mood. A good toast makes the evening memorable. A toast brings joy and unites people. If there is toast, then it gets better. And since toasted bread is also toast, the food itself brings people together and solves conflicts, without any extra effort. So it is enough to set the table.	A toast brings joy and unites people. If there is toast, then it gets better. And since toasted bread is also toast, the food itself brings people together and solves conflicts
fallacy of credibility	In a discussion about the quality of news sources, one person commented that it is important to check facts and compare different points of view. In response, he was told: Your opinion about journalism doesn't matter, even if you analyze sources and give examples, because you have no media training. You haven't studied journalism, worked in a newsroom, or been published in a major publication. Without that, it's impossible to judge the quality of news. Even if your remarks are logical, your lack of professional experience makes them untenable. Only industry professionals, not ordinary readers, can evaluate journalism.	Your opinion about journalism doesn't matter[SEP]because you have no media training
appeal to emotion	In a debate about banning certain books, an activist said: parents are worried that their children are reading dangerous ideas. How can you let this happen? It's a worry for the future generation. That's why such books should be banned.	How can you let this happen?[SEP]That's why such books should be banned.
fallacy of relevance	- Bullying is on the rise in schools, with surveys showing that 30% of pupils have experienced bullying. This affects mental health and academic performance. We need to introduce prevention programs and psychological support. - Why discuss bullying when the country has a growing foreign debt and economic instability? It's a much bigger threat. Stabilize the economy first, then deal with school problems - they're secondary.	Why discuss bullying when the country has a growing foreign debt and economic instability?[SEP]Stabilize the economy first, then deal with school problems
intentional	In a redundancy negotiation, the director said: Yes, we laid off some employees without warning, but my intentions were to keep the company going and save the rest of the jobs. He explained that otherwise the business could have closed. I was acting for the common good, because good causes justify tough decisions. He did not discuss alternative measures or the consequences for the laid-off workers.	Yes, we laid off some employees without warning, but my intentions were to keep the company going and save the rest of the jobs[SEP]I was acting for the common good, because good causes justify tough decisions
appeal to emotion	- We need to carefully analyze the consequences of military intervention. - People there are suffering every day, their lives are ruined. Do you really want to continue to do nothing? They're waiting for help. That's why you have to send in the troops immediately.	Do you really want to continue to do nothing?[SEP]That's why you have to send in the troops immediately.
ad hominem	He argues that minimalism helps you focus on what's important. But he himself is obsessed with conspicuous consumption and constantly brags about shopping, so his arguments about the value of simplicity don't carry weight. Perhaps it's worth hearing other opinions.	he himself is obsessed with conspicuous consumption and constantly brags about shopping, so his arguments about the value of simplicity don't carry weight
false causality	Since I started listening to classical music in the morning, my deals at work have been more successful and my income has almost doubled. I didn't have those results before. This is clearly not a coincidence, so now I play symphonies before every important meeting.	Since I started listening to classical music in the morning, my deals at work have been more successful
ad hominem	"Of course he advocates legalization and expansion of algorithmic trading - he himself owns a hedge fund that makes millions from it! It benefits him to keep the market as unregulated as possible, because the more automated trades, the higher his profits. How can his arguments about ""increasing liquidity"" or ""market efficiency"" be taken seriously? It's all about the lust for profit. He doesn't care about the stability of the financial system - he only cares about one thing: increasing his bank account. Therefore, his opinion is not worthy of consideration."	"he advocates legalization[SEP]algorithmic trading[SEP]It benefits him[SEP]How can his arguments about ""increasing liquidity"" or ""market efficiency"" be taken seriously? It's[SEP]about[SEP]lust for profit"
equivocation	I always pay attention to offers because they determine whether I accept or not. A good sentence should be clear, understandable and profitable. In language too, it is important to construct sentences correctly, otherwise the meaning is lost. A sentence must be competently constructed to be accepted. If a sentence is correct, then it deserves acceptance. Therefore, any correctly constructed proposal must be accepted. So if I am given a formally clear proposal, I feel obliged to accept it.	A sentence must be competently constructed to be accepted. If a sentence is correct, then it deserves acceptance. Therefore, any correctly constructed proposal must be accepted.
intentional	- Why didn't you respond to customer messages for two days? - You're asking this because you want to find an excuse to blame me and show your bosses your effectiveness, not to solve a communication problem. I see you constantly emphasizing other people's mistakes. Instead of discussing workload and reallocating tasks, you immediately look for blame. It's not about customers, it's about you wanting to look better than everyone else. If you wanted to help, you would offer a solution, not ask such questions.	You're asking this because you want to find an excuse to blame me and show your bosses your effectiveness
circular reasoning	A scientific theory report states the following. The theory is valid because it is supported by evidence, and the evidence is considered valid because the theory is valid. The author concludes that it is applicable.	The theory is valid because it is supported by evidence, and the evidence is considered valid because the theory is valid
equivocation	I think it is important to have roots - to know your history, culture, traditions. It gives a sense of stability and belonging. Roots nourish the plant and ensure its growth, so the deeper the roots of a person, the more resources he/she gets literally from the past.	Roots nourish the plant and ensure its growth, so the deeper the roots of a person, the more resources he/she gets literally from the past.
fallacy of extension	- I think it's worth increasing funding for preventive medicine to prevent disease, not just treat it. It's a supplement, not a replacement for treatment. We should increase funding for preventative medicine without refusing to treat disease - that would reduce the burden. - So you want to stop treating people and just lecture them about health? Are you suggesting we leave the sick without care and hope that prevention will solve everything? By your logic, medicine would become useless altogether!	We should increase funding for preventative medicine without refusing to treat disease[SEP]So you want to stop treating people and just lecture them about health
intentional	Yes, the advertising campaign was manipulative and misled people by promising unrealistic results. But we launched it with the intention of drawing attention to the product and helping people find solutions to their problems. The wording may have been aggressive, but our goal was good and we wanted what was best for customers. That justifies the approach we took.	we launched it with the intention of drawing attention to the product and helping people find solutions to their problems[SEP]our goal was good and we wanted what was best for customers
appeal to emotion	Discussing the strengthening of the police force, the official said: People feel fear when they hear footsteps behind them at night. Their heart sinks with anxiety. Do you really want this fear to continue? We have to give them a sense of security. That's why the police should be given more powers without limits.	Do you really want this fear to continue?[SEP]That's why the police should be given more powers without limits.
ad populum	- Do you really think paper books are still relevant? - Now almost no one buys printed books, so they've lost their value. Everyone has gone digital, and that speaks for itself.	Now almost no one buys printed books, so they've lost their value.
intentional	Yes, the new medical program has caused some patients to experience side effects and complication statistics to rise, but we launched it for the good purpose of improving the quality of care and saving as many lives as possible. Any innovation carries risks, but when the intention is to help people and move medicine forward, those risks become justified. We cannot stand still for fear of making mistakes. The important thing is that we strive to do better, not to avoid responsibility.	we launched it for the good purpose of improving the quality of care and saving as many lives as possible[SEP]when the intention is to help people and move medicine forward, those risks become justified
false causality	After table tennis was put in the office, employees started to stay at work more often and perform better. The atmosphere became more lively. Since the improvement in performance occurred after the table was installed, it can be considered that it was the table tennis that increased the productivity of the team. Now they want to buy another table.	Since the improvement in performance occurred after the table was installed, it can be considered that it was the table tennis that increased the productivity of the team.
circular reasoning	In a discussion about the safety of AI, a participant referred to the reliability of the algorithm. The algorithm is reliable because it produces correct results, and the correctness of the results is due to the fact that the algorithm is reliable. This was considered sufficient for implementation.	The algorithm is reliable because it produces correct results[SEP]the correctness of the results is due to the fact that the algorithm is reliable
intentional	Yes, our foundation used a portion of donations for administrative costs, including expensive offices and marketing. But we did this because our intentions were to expand our impact and bring more help to those in need . Without investing in infrastructure, we couldn't grow. Yes, it looks like an overspend now, but it will pay off in the future. When the goal is to scale up the charity and help more people, such spending is completely justified . We need to look at the long term effect, not individual budget items.	we did this because our intentions were to expand our impact and bring more help to those in need[SEP]When the goal is to scale up the charity and help more people, such spending is completely justified
false dilemma	In the discussion of school discipline, tough measures are suggested. Either we introduce strict rules and penalties for the smallest infractions, or we introduce strict rules and penalties for the smallest infractions, to restore order. Teachers complain that respect for the educational process is diminishing. Or the school will become a place where no one observes any norms. This approach does not take into account the possibilities of educational and motivational methods.	Either we introduce strict rules and penalties for the smallest infractions,[SEP]Or the school will become a place where no one observes any norms.
ad hominem	- Teamwork should be encouraged in a team. - You yourself are conflictual and don't know how to cooperate with people, so your arguments about teamwork are unconvincing. Hardly worth considering.	You yourself are conflictual and don't know how to cooperate with people, so your arguments about teamwork are unconvincing.
false dilemma	In the health care sector, the financing of private clinics is being discussed. The only way out is to transfer medicine completely into private hands, in order to improve the quality of services and reduce the burden on the state. Private companies are interested in efficiency and technology development. But this will change the availability of care. Otherwise, the system will finally collapse under the weight of bureaucracy and lack of resources. State institutions are already experiencing a shortage of staff and equipment. Under such conditions, a radical decision must be made, because gradual reforms only postpone the inevitable.	The only way out is to transfer medicine completely into private hands,[SEP]Otherwise, the system will finally collapse under the weight of bureaucracy and lack of resources.
ad populum	An expert questioned the reliability of a popular psychological test. But it is widely used and used by millions of people, so the results can be considered accurate. The discussion was quickly shut down.	But it is widely used and used by millions of people, so the results can be considered accurate.
appeal to emotion	Discussing the increase in penalties, the politician said: criminals laugh at the leniency of the law. Do you really want evil to go unpunished? Victims are left alone with their pain. That's why we need to bring back the harshest penalties.	Do you really want evil to go unpunished?[SEP]That's why we need to bring back the harshest penalties.
ad populum	In an article on nutrition, the author concludes: The keto diet is massively popular among athletes, hence it is the healthiest diet available. Success stories follow.	The keto diet is massively popular among athletes, hence it is the healthiest diet available
fallacy of credibility	In a discussion of cultural norms, one person says that a certain custom should not be abolished. We are obliged to follow this custom because it has been handed down from generation to generation, and therefore it is right in itself. He believes that traditions reflect the collective experience of a people. If something has been preserved for centuries, then it has already proven its worth. Any change is perceived as a threat to cultural identity. Even if society has changed, this is no reason to revise traditions, because their long existence is considered sufficient proof of their correctness.	We are obliged to follow this custom because it has been handed down from generation to generation[SEP]it is right in itself
intentional	I know that our app collects more user data than is stated in the privacy policy. But we did it with the intention of improving the user experience and offering more accurate recommendations, not violating trust. Yes, it's a controversial move, but you can't develop technology without data. Users get convenience and personalization. When the goal is to create a better product and better service, some compromises with privacy are acceptable.	But we did it with the intention of improving the user experience and offering more accurate recommendations[SEP]When the goal is to create a better product and better service, some compromises with privacy are acceptable
appeal to emotion	At a military meeting, the general spoke of a humanitarian disaster in a neighboring country. The ruined cities and the desperation of the people are appalling. How can we stand by? We have a moral responsibility. That's why troops must be brought in immediately.	How can we stand by?[SEP]That's why troops must be brought in immediately.
ad hominem	- The system of grants in culture should be reformed. - You are biased by personal connections and protecting your circle, so your arguments are driven by group interests and are unconvincing. This is about justice.	You are biased by personal connections and protecting your circle, so your arguments are driven by group interests and are unconvincing.
fallacy of credibility	In an argument about technology, one person argues that a new system is unsafe. The other person replies: You are not an engineer and do not work in the IT field, so your opinion on the safety of technology is irrelevant. You don't have a technical background, you haven't developed software, and you haven't been certified. Technology is a complex field that requires professional knowledge. Even if you make an argument, it is invalid without the proper qualifications. Only professionals with experience can evaluate such issues, and the rest of us should trust the experts.	You are not an engineer and do not work in the IT field[SEP]your opinion on the safety of technology is irrelevant
ad hominem	At a meeting they were discussing corporate ethics. One employee said: He himself has repeatedly violated internal rules and disrespected his colleagues, so his ethics arguments are not worthy of consideration. After that, the conversation changed the subject.	He himself has repeatedly violated internal rules and disrespected his colleagues, so his ethics arguments are not worthy of consideration.
fallacy of relevance	- The company discusses the need to implement an equal pay policy: women are paid on average 20% less than men for the same responsibilities. - Let's talk about the drop in overall company profits, not differences in individual salaries - revenue has dropped 15% in the last quarter, and all jobs are threatened. If the business is not going to be profitable, no amount of talk about equality makes sense.	Let's talk about the drop in overall company profits, not differences in individual salaries
equivocation	I love to observe nature, especially animals. The mink is an interesting creature that lives in secluded places and knows how to hide. It's respectable. The mink hides in a hiding place and protects itself from danger, so hiding is an important part of safety. If I have a mink, I am always safe. So I don't have to worry about risks - I already have protection.	The mink hides in a hiding place and protects itself from danger, so hiding is an important part of safety. If I have a mink, I am always safe.
false dilemma	In educational reform, it is proposed to strengthen the standardization of curricula. Either we introduce uniform rigid standards for all schools, to guarantee the same level of knowledge throughout the country, the differences between regions are too great and require unification. Teachers will be required to follow strict methodological guidelines. Or the education system will finally collapse due to chaos and inequality. Without uniform requirements, schools will move in different directions and the quality of education will become unpredictable. Parents will not be able to be sure of the level of their children's education, and universities will lose their benchmarks for selecting applicants.	Either we introduce uniform rigid standards for all schools,[SEP]Or the education system will finally collapse due to chaos and inequality.
fallacy of relevance	- According to the ecologists' report, the level of air pollution in the industrial zone exceeds the norm three times, and the number of respiratory diseases among children has increased by 25%. Emissions restrictions and modernization of factories are necessary. - But we have serious problems with small businesses. Entrepreneurs are closing, rents are up, taxes are crushing. What's the ecology if people lose their jobs and income? First, let's support business, create jobs, and then we'll introduce environmental restrictions.	But we have serious problems with small businesses.[SEP]What's the ecology if people lose their jobs and income?
ad hominem	A philosophy seminar was discussing utilitarianism. One student presented arguments in its favor. Another remarked: He's cynical and indifferent to people, so his arguments about maximizing happiness have no value. The conversation became personal.	He's cynical and indifferent to people, so his arguments about maximizing happiness have no value
ad populum	- Maybe you should read primary sources on philosophy. - Almost no one does it that way today, it's a waste of time. It's better to watch short retellings.	Almost no one does it that way today, it's a waste of time.
fallacy of relevance	- In the energy sector, equipment deterioration has reached 65%, increasing the risk of accidents and power outages. - Let's talk about tourism development instead of these technical details. Tourism brings real money to the budget. People care more about jobs than about some transformers.	Let's talk about tourism development instead of these technical details.
ad hominem	- We need to introduce new technologies in education. - You yourself are conservative in your daily life and avoid any changes, so your arguments about introducing technology look unconvincing and untrustworthy. This sounds contradictory.	You yourself are conservative in your daily life and avoid any changes, so your arguments about introducing technology look unconvincing and untrustworthy
ad populum	In a conversation about nutrition, one interviewee stated: a statistically significant majority follow a gluten-free diet, hence it's healthy. It's not just a trend anymore.	a statistically significant majority follow a gluten-free diet, hence it's healthy
equivocation	I think a lot about how important it is to keep peace in the family. When there is peace in the house, no one fights, everyone supports each other, children grow up calm, and adults feel confident in the future. Peace must be cherished and maintained, because without it, destruction and chaos begin. Therefore, any action that aims to establish peace is always justified. Even if for the sake of it we have to give in or take tough measures. So if a state goes to war for the sake of peace, it is the right thing to do, because the ultimate goal is to preserve peace as a value.	Peace must be cherished and maintained, because without it, destruction and chaos begin. Therefore, any action that aims to establish peace is always justified.[SEP]So if a state goes to war for the sake of peace, it is the right thing to do, because the ultimate goal is to preserve peace as a value.
equivocation	I think about how important it is to stay on track in life. It helps me stay focused and on track. Course sets the direction of movement, so if I change and follow exchange rates more often, I will better understand my life path. I have started to take an active interest in financial exchange rates and keep track of their changes. I think it helps me to orient myself and make the right decisions.	Course sets the direction of movement, so if I change and follow exchange rates more often, I will better understand my life path.
false causality	In recent years, the number of podcasts has increased, and at the same time the interest in self-education has grown. People are learning more about new topics. Since both processes are happening in parallel, it is podcasts that are driving the increase in interest in learning.	Since both processes are happening in parallel, it is podcasts that are driving the increase in interest in learning.
fallacy of credibility	A nutrition forum discusses whether we should reduce our sugar intake. One participant cites WHO recommendations and research. Another responds: Sugar is not as harmful as they say, because a world-renowned chef says it is safe in any amount, and adds that if a recognized master chef holds this opinion, then it is completely credible. He goes on to talk about the chef's awards, restaurants and popularity, claiming that such a person knows exactly what is healthy. However, he does not review medical evidence or respond to arguments about health risks, relying entirely on an authority in another field.	Sugar is not as harmful as they say, because a world-renowned chef says it is safe in any amount[SEP]if a recognized master chef holds this opinion, then it is completely credible
intentional	Yes, we launched education reform too quickly and many schools were unprepared, but our intentions were pure and aimed at improving the quality of learning and we wanted what was best, even if students faced confusion and falling results. Any change takes time. Sure, teachers were undertrained and programs were overloaded. But if we had procrastinated on reform, the system would have remained outdated. We acted decisively because we wanted progress. Mistakes are inevitable, but they do not change the fact that the goal was the right one.	Yes, we launched education reform too quickly and many schools were unprepared, but our intentions were pure and aimed at improving the quality of learning[SEP]we wanted what was best, even if students faced confusion and falling results
fallacy of credibility	In a conversation about school uniforms, one parent stated that they should be kept unchanged. He explained his position as follows: we are obliged to keep school uniforms because our parents and their parents did so, and added that because this tradition has existed for decades, it is right and useful. He did not consider arguments about children's comfort or modern approaches to learning. For him, the main evidence was the very existence of the tradition. He believed that any attempt to change the dress code was a departure from the right path, because time-honored practices do not require additional justification.	we are obliged to keep school uniforms because our parents and their parents did so[SEP]because this tradition has existed for decades, it is right and useful
faulty generalization	One online course turned out to be poorly structured - so all online courses are useless and don't provide normal knowledge. I signed up for it for the sake of professional development. After this experience, I don't want to waste any more time on it.	One online course turned out to be poorly structured - so all online courses are useless
fallacy of extension	- I believe that parents should be interested in what children watch on the Internet, so that they can spot harmful content in time. This is a concern. Parents should be concerned about their children's Internet content to protect them from harmful content. - Yeah, you want to monitor kids and read their every post? That would turn the family into a surveillance system!	Parents should be concerned about their children's Internet content to protect them from harmful content.[SEP]you want to monitor kids and read their every post?
equivocation	I have noticed that a good union always strengthens relationships. People come together to achieve common goals, to support each other and to move forward. Unions create communication and coherence, so a union is necessary for the stability of a system. In language, too, there are unions that connect words. If a sentence has a conjunction, it becomes coherent. So the more conjunctions there are in speech, the stronger the relationship between people.	Unions create communication and coherence, so a union is necessary for the stability of a system.
fallacy of credibility	In a nutritional debate, one person claimed that organic produce is healthier than conventional produce. This is true because a well-known fitness trainer with international certifications and a large number of clients who are happy with the results claims so. He shares his tips on social media and shows great fitness. Because a recognized trainer recommends this approach, it is scientifically sound and requires no further evidence. His practical experience is taken as the definitive argument. There is no need to study scientific articles or meta-analyses - just trust the opinion of an expert who has already achieved success in his field.	This is true because a well-known fitness trainer with international certifications and a large number of clients[SEP]Because a recognized trainer recommends this approach, it is scientifically sound and requires no further evidence
faulty generalization	At the training session, the newcomer tired quickly and left early. One person could not bear the load - so this program is not suitable for anyone. The coach was surprised by this conclusion.	One person could not bear the load - so this program is not suitable for anyone.
fallacy of credibility	In a conversation about vaccination, one participant cited data from the World Health Organization and the results of clinical trials confirming the safety of vaccines. However, his opponent dismissed these arguments. He stated: your arguments are irrelevant because you don't have a medical degree and you are not a doctor, which means you cannot draw conclusions about such complex issues. He added that only credentialed immunologists and practicing physicians have the right to speak out about vaccination. Even if a person can read scientific articles and correctly interpret statistics, the lack of a specialized diploma, in his opinion, automatically makes all arguments invalid. In the end, he refused to discuss the data itself and focused solely on the status of the interlocutor, arguing that without a medical license, any opinion is simply amateurish.	your arguments are irrelevant because you don't have a medical degree and you are not a doctor
false causality	Since new streetlights were put in the neighborhood, residents have been walking more often in the evenings and socializing more with each other. The atmosphere has changed. If social activity has increased since the lights were installed, it means that the streetlights create friendly relations between people.	If social activity has increased since the lights were installed, it means that the streetlights create friendly relations between people.
fallacy of relevance	- Crime is on the rise in the neighborhood, with a 40% increase in thefts and a 25% increase in street violence over the past six months. Residents are demanding increased patrols and the installation of CCTV cameras. - Let's talk about small business development in the neighborhood, not these crime reports - new cafes and stores are creating jobs and revitalizing the economy. Over 50 new outlets opened in a year, increasing tax revenue. While we're talking about crime, we're missing opportunities for economic growth. If businesses thrive, all other problems will solve themselves.	Let's talk about small business development in the neighborhood, not these crime reports[SEP]While we're talking about crime, we're missing opportunities for economic growth
false dilemma	"Scientology requires official recognition as a religion in our country. Either we allow Scientology on an equal footing with other religions, or we have to ban all religions without exception. There's no other choice. If we deny Scientology the status of a religion, it is religious discrimination. And if we recognize the right of some to believe in God, we must recognize the right of others to believe in the alien Xana. The principle of freedom of conscience allows no exceptions: either all religions are free or none. If today we ban Scientology, tomorrow someone will demand to ban Islam as a ""religion of terrorism"", the day after tomorrow - Christianity as a ""religion of colonialism"". Where will this lead us? A total ban on all religions and a return to atheistic totalitarianism! Either we accept Scientology as a legitimate religion, or we open a Pandora's box from which the ban on all faiths will burst out. There is no third way: either Scientology is legal or all religions are outlawed."	Scientology requires official recognition as a religion[SEP]Either[SEP]allow Scientology on an equal footing with other religions, or[SEP]have to ban all religions[SEP]There's no other choice.
appeal to emotion	At the meeting they discussed the expansion of the powers of law enforcement agencies. One official said: there are already attacks in dark entrances, people are afraid to go home. Are you really ready to leave them alone with this horror? Every day of delay brings new tragedies. ♪ That's why we need to give the police the right to 24-hour wiretaps without a trial ♪	Are you really ready to leave them alone with this horror?[SEP]That's why we need to give the police the right to 24-hour wiretaps without a trial
ad hominem	- We need to reform the organ donation system to reduce waiting lists. - You're only promoting this because you're pursuing personal gain and seeking recognition, so your arguments are self-serving and can't be trusted. Let's better discuss the other proposals.	You're only promoting this because you're pursuing personal gain and seeking recognition, so your arguments are self-serving and can't be trusted
ad populum	- I don't think this method of treatment has been studied enough. - It is used in many clinics and recommended by thousands of patients, which means it has already been proven effective. There's no need for more research.	It is used in many clinics and recommended by thousands of patients, which means it has already been proven effective.
ad populum	I was wondering if I should learn Latin. Almost no one learns it now, so it's useless. It was an easy decision.	Almost no one learns it now, so it's useless.
false causality	In recent years, the number of people working remotely has increased and the demand for online courses has grown at the same time. As both phenomena are increasing simultaneously, we can conclude that it is remote work that is driving interest in learning.	As both phenomena are increasing simultaneously, we can conclude that it is remote work that is driving interest in learning.
ad hominem	In a lecture on cultural policy, a student spoke in favor of supporting independent theaters. The lecturer responded: he is known for his epathetic manner and tendency to scandals, so his position is just an attempt to attract attention and does not deserve discussion. The audience murmured.	he is known for his epathetic manner and tendency to scandals, so his position is just an attempt to attract attention and does not deserve discussion
intentional	"After the advertising campaign failed, the marketer explained that he had deliberately used provocative slogans: Yes, the campaign caused negativity and customer churn, but we wanted to do better - to draw attention to an important social issue and make people think. He emphasized that the buzz around the brand increased awareness. The main thing is that our intentions were honorable and aimed at public discussion, not just sales. He ignored the drop in revenue and customer complaints, justifying the consequences solely on the basis of ""high purpose""."	Yes, the campaign caused negativity and customer churn, but we wanted to do better - to draw attention to an important social issue and make people think[SEP]The main thing is that our intentions were honorable and aimed at public discussion, not just sales
ad hominem	- There should be restrictions on gambling. - You yourself have abused gambling in the past and have not dealt with it, so your arguments are dictated by personal experience and are unconvincing. It's subjective.	You yourself have abused gambling in the past and have not dealt with it, so your arguments are dictated by personal experience and are unconvincing. It's subjective.
circular reasoning	In discussing the medical protocol, the physician talks about its reliability. A treatment method is reliable because it produces consistent results. And stable results are achieved because the method is reliable. This is considered a sufficient argument for its widespread adoption.	A treatment method is reliable because it produces consistent results. And stable results are achieved because the method is reliable.
fallacy of relevance	- The city plans to increase utility tariffs by 15%. - Why discuss tariffs when the city is developing its tourism industry? Tourist traffic is up 25%, new hotels are opening. Isn't economic growth more important than a temporary fee increase? It's an investment in the future.	Why discuss tariffs when the city is developing its tourism industry?[SEP]Isn't economic growth more important than a temporary fee increase?
fallacy of relevance	- We discuss whether we should ban aggressive missionary activity in public places. People complain of being harassed on the streets, being foisted with flyers, and being asked for donations. - Did you know that last year our church opened 15 new homeless shelters? We fed thousands of hungry people, helped hundreds of families with children. Our volunteers distribute food every week at train stations and in poor neighborhoods. Without our church, these people would be on the streets. How can we talk about bans because of persecution when we do so much good for the community?	Did you know that[SEP]our church opened 15[SEP]homeless shelters[SEP]How can we talk about bans because of persecution when we do so much good for the community?
faulty generalization	I downloaded the language learning app, but it turned out to be inconvenient. The interface was confusing from the first minutes. One app is complicated, so all such services are useless. I decided to go back to the textbooks.	One app is complicated, so all such services are useless.
fallacy of extension	"- I believe that there should be more scrutiny of food quality, especially in mass production to protect people's health. This doesn't mean banning businesses, just strengthening standards. - So you're suggesting we shut down all food production and leave people without food because of endless inspections? You want every factory to drown in bureaucracy and make food unavailable and expensive? Then soon we'll be standing in bread lines because no one will be able to pass your ""perfect"" inspections! This will destroy the entire economy."	there should be more scrutiny of food quality, especially in mass production[SEP]you're suggesting we shut down all food production and leave people without food because of endless inspections
fallacy of relevance	"Why do we even waste time discussing ethical child sex selection issues? We have millions of children in our country growing up without parents in orphanages - that's something to think about! While you are arguing about hypothetical sex-selection issues, huge numbers of children are growing up without proper care, and some children's homes are overcrowded. That's the real problem! As long as there is even one orphan, any talk of a ""right to choose gender"" is a waste of time and a luxury for a select few. The real problem isn't technology, it's that we forget about those already born."	Why[SEP]waste time discussing[SEP]child sex selection[SEP]While you are arguing[SEP]children's homes are overcrowded. That's the real problem
ad populum	In discussing a new medical procedure, a doctor remarked: It is rejected by the majority of the industry, so it is unsafe. Patients then refused to consider the method.	It is rejected by the majority of the industry, so it is unsafe
appeal to emotion	The parliament discussed restrictions on the Internet. One of the supporters of the law spoke about teenagers who are faced with violent content. Parents are worried about their psyche and future. Will you allow their minds to be destroyed? This generation is at risk. That's why strict censorship is necessary.	Will you allow their minds to be destroyed?[SEP]That's why strict censorship is necessary.
equivocation	I think it's important to have an alliance with the people around you. When there is an alliance, there is support, mutual help and a sense of unity. It helps you cope with difficulties and reach your goals faster. Union connects elements into a whole, so if you use union in speech, it unites thoughts as strongly as people unite into a union. So, proper speech automatically creates strong relationships.	Union connects elements into a whole, so if you use union in speech, it unites thoughts as strongly as people unite into a union
faulty generalization	I saw a teenager talking rudely to an elderly man, so all young people are ill-mannered. I remembered that scene for a long time. After that, I formed a certain opinion.	I saw a teenager talking rudely to an elderly man, so all young people are ill-mannered
circular reasoning	In the discussion of urban reform, they talked about the transportation model. The model is efficient because it reduces travel time, and the reduction in travel time is a consequence of its efficiency. The plan went to a public hearing.	The model is efficient because it reduces travel time, and the reduction in travel time is a consequence of its efficiency.
false causality	After the launch of motivational mailings, employees began to fulfill the plan more often. The management notes the increase in performance. Since the improvement in results occurred after the introduction of the letters, it means that the mailings were the reason for the increase in performance. They decided to send them even more often.	Since the improvement in results occurred after the introduction of the letters, it means that the mailings were the reason for the increase in performance.
false dilemma	Either universities are fully embracing online learning, reducing costs and increasing access to education. Students can study from anywhere in the world. This seems like a modern and technological approach. Either the higher education system is becoming outdated and irrelevant. Traditional forms of learning are considered to be out of competition. The possibility of combining face-to-face and distance formats is hardly discussed because it is considered a half measure.	Either universities are fully embracing online learning,[SEP]Either the higher education system is becoming outdated and irrelevant.
fallacy of relevance	- Missionary organizations often exploit the vulnerability of people in poor regions by offering food and medical care only to those who agree to be baptized or attend services. This is exploitation of the needy for the sake of proselytizing, not selfless help. Children in orphanages are forced to learn prayers to get food. Such methods violate freedom of conscience and turn charity into a tool of pressure.  - But there are so many other problems in the world! Look at pollution of the oceans - millions of tons of plastic kill marine life every year. And climate change? Glaciers melting, sea levels rising, whole islands disappearing off the map. Or take stray animals in our cities - thousands of dogs and cats starving on the streets. Why are you fixated on missionaries when there are far more serious threats to humanity and the planet? While you're arguing about baptism, penguins are losing their ice house. Do something really important!	But there are so many other problems in the world[SEP]pollution of the oceans[SEP]climate change[SEP]stray animals[SEP]Why are you fixated on missionaries when there are[SEP]more serious threats
fallacy of extension	- I think that daycare centers should reduce the amount of sugar in the diet to reduce the risks of obesity and dental problems; this doesn't mean taking away the joy from the children, just making the meals healthier. You can replace sweets with fruit and balanced desserts. - So you want to completely ban children from all sweets and deprive them of the joy of childhood for the sake of your diet? Are you proposing to take away their holidays, cakes and treats? By your logic, children should live like ascetics, without pleasures and tastes. Soon you will forbid them to eat anything they like and turn their childhood into a boring medical program!	daycare centers should reduce the amount of sugar in the diet to reduce the risks of obesity and dental problems[SEP]So you want to completely ban children from all sweets and deprive them of the joy of childhood for the sake of your diet
circular reasoning	The lawyer justified the legitimacy of the court's decision on appeal. The decision is legitimate because it was made under a legitimate procedure, and the legitimacy of the procedure is determined by the legitimacy of the decision. This, in his view, closes the question of review.	The decision is legitimate because it was made under a legitimate procedure, and the legitimacy of the procedure is determined by the legitimacy of the decision
circular reasoning	The report talks about the validity of statistics. Data are reliable because they reflect real indicators, and the reality of indicators is confirmed by the fact that the data are reliable. The sources of information collection are further cited.	Data are reliable because they reflect real indicators, and the reality of indicators is confirmed by the fact that the data are reliable.
appeal to emotion	Discussed censorship of the media. One participant said: people are tired of disturbing news. How can we allow fear to spread? It's destroying society. That's why we need to limit the freedom of the press.	How can we allow fear to spread?[SEP]That's why we need to limit the freedom of the press.
false causality	I started running in the mornings in April, and around the same time I got a promotion at work. Because the promotion came after I started running, it turns out that running in the morning has a direct impact on my career development. Now I advise all my colleagues to start the day with a run.	Because the promotion came after I started running, it turns out that running in the morning has a direct impact on my career development.
equivocation	When I work on texts, I always think about style and sentences. A sentence must be clear, understandable, logically complete, otherwise the reader will get confused and lose the thread of thought. Good sentences make the text convincing and beautiful. If a sentence is to be thoughtful and relevant, then any sentence needs to be evaluated and accepted. And if proposals are accepted, then my business proposals should automatically be accepted, because they are also proposals. Therefore, when I propose a project, it is not worth discussing it - it should be accepted by its very nature.	If a sentence is to be thoughtful and relevant, then any sentence needs to be evaluated and accepted. And if proposals are accepted, then my business proposals should automatically be accepted, because they are also proposals.
equivocation	I think of the alliance as an important form of bringing people together: together it is easier to achieve goals and support each other. It reinforces the result. If a union connects elements, as a union connects words, then any union makes the structure right, and therefore any union already guarantees success. So it doesn't matter who to unite. The important thing is the fact of union.	If a union connects elements, as a union connects words, then any union makes the structure right, and therefore any union already guarantees success. So it doesn't matter who to unite.
ad hominem	In a debate about sports, a coach proposed a new methodology. But his opponent said that the coach was known for being impulsive and inconsistent, therefore his arguments about the methodology were untenable. There was whispering in the audience.	But his opponent said that the coach was known for being impulsive and inconsistent, therefore his arguments about the methodology were untenable
fallacy of credibility	In an argument about cultural norms, one man said that old customs should be preserved. He said: these customs have been followed for centuries, so they are right, and added that traditions passed down through generations do not require proof. He did not consider possible changes in society. For him, the history of the custom itself was a sufficient argument.	these customs have been followed for centuries, so they are right[SEP]traditions passed down through generations do not require proof
fallacy of relevance	- Internet fraud is on the rise in the country, with losses exceeding 20 billion roubles in a year. It is necessary to tighten regulation and increase digital literacy. - Do you know that agricultural exports have increased by 35% and bring in huge revenues? This is a strategic industry. Why are we discussing fraudsters when agriculture is doing so well?	Do you know that agricultural exports have increased by 35% and bring in huge revenues?[SEP]Why are we discussing fraudsters when agriculture is doing so well?
ad hominem	- The introduction of flexible schedules increases employee satisfaction. - You yourself are not disciplined and are often late, so your arguments about the benefits of flexibility are an excuse for being disorganized and unconvincing. We need stability.	You yourself are not disciplined and are often late, so your arguments about the benefits of flexibility are an excuse for being disorganized and unconvincing
fallacy of relevance	- There is a deficit of affordable preschool education in the country: about 25% of families cannot enroll their children in kindergartens, which limits the ability of parents to work. - And do you know that in recent years agricultural exports have increased significantly and the country has become one of the leaders on the world market? This strengthens the economy. When the agricultural sector shows such impressive results? This is a strategic achievement.	And do you know that in recent years agricultural exports have increased significantly and the country has become one of the leaders on the world market[SEP]When the agricultural sector shows such impressive results
false dilemma	Taxes are a controversial issue, but there is no other way: either we raise taxes sharply, to close the budget deficit, or the state will be on the verge of bankruptcy. Expenditures are growing, and they need to be covered by something. Cutting programs can cause social tension, so there's only one tool left. Yes, business will be dissatisfied, but the stability of the state is more important. Without additional revenues, the financial system will not be able to bear the load.	there is no other way: either we raise taxes sharply,[SEP]or the state will be on the verge of bankruptcy.
equivocation	I believe that discipline is necessary in life. Without it, it is impossible to succeed, keep order and move forward. Discipline provides structure and makes activities meaningful. It is the basis of development. That's why I am comfortable with learning. If I learn disciplines, I am already a disciplined person, because the process itself creates order.	Discipline provides structure and makes activities meaningful. It is the basis of development.[SEP]If I learn disciplines, I am already a disciplined person
fallacy of credibility	This coding course is worth taking because it is recommended by a famous musician who is successful in his field. He says that coding skills are important for the future. If such a famous person finds the course useful, then it's really a quality course. The musician travels a lot, interacts with different people and surely knows what skills are in demand. His success shows that he knows how to make the right decisions. Therefore, there is no point in checking the course content or reading expert reviews - just trust the opinion of a person who has already reached the heights in his career.	This coding course is worth taking because it is recommended by a famous musician[SEP]If such a famous person finds the course useful, then it's really a quality course
circular reasoning	At an IT security meeting, the effectiveness of the system is asserted. A defense system is reliable because it prevents threats. And threat prevention is ensured by the fact that the system is reliable. After that, the question of modernization is put on hold.	A defense system is reliable because it prevents threats. And threat prevention is ensured by the fact that the system is reliable.
circular reasoning	At a scientific conference, they stated: the hypothesis is valid because it is supported by correct evidence. That makes it convincing. And the correctness of the evidence is determined by the validity of the hypothesis. As a result, it is accepted.	the hypothesis is valid because it is supported by correct evidence[SEP]And the correctness of the evidence is determined by the validity of the hypothesis
ad populum	- An academic article argues in favor of a new theory of consciousness. - But almost no one in the academic community supports it, so it's wrong. Real ideas are always quickly recognized.	But almost no one in the academic community supports it, so it's wrong. Real ideas are always quickly recognized.
ad hominem	"- It's worth reconsidering the rules of lending. - You yourself are prone to risky financial decisions and gambling, so your arguments about the ""flexibility"" of credit are not credible. Back to risky models."	"You yourself are prone to risky financial decisions and gambling, so your arguments about the ""flexibility"" of credit are not credible"
ad hominem	- I think there should be more investment in science. - You're just seeking personal gain and grants, so your arguments about advancing science are self-serving and not worthy of consideration. It's obvious.	You're just seeking personal gain and grants, so your arguments about advancing science are self-serving and not worthy of consideration
false causality	This year the school introduced compulsory uniforms, and at the same time the average score of pupils increased. Parents are actively discussing the innovation. Since the growth of grades coincided with the introduction of uniforms, we can conclude that it is school uniforms that improve students' academic performance. Therefore, discipline in appearance is the key to knowledge.	Since the growth of grades coincided with the introduction of uniforms, we can conclude that it is school uniforms that improve students' academic performance.
equivocation	"I think it is important to be a sharp person. A sharp mind helps to react quickly, find solutions and win arguments. Sharpness makes a person effective and dangerous to opponents. If sharp teeth cut better, it means that by developing a ""tooth"" I strengthen my mind and become more perceptive. It trains my thinking."	"Sharpness makes a person effective and dangerous to opponents. If sharp teeth cut better, it means that by developing a ""tooth"" I strengthen my mind and become more perceptive."
appeal to emotion	In a discussion of citizen surveillance, the speaker stated: Every day a tragedy that could have been prevented can happen. Are you willing to live with the guilt? That thought will haunt you. That's why you have to spy on everyone without exception.	Are you willing to live with the guilt?[SEP]That's why you have to spy on everyone without exception.
false dilemma	The security industry is discussing video surveillance. There's no other option: install cameras everywhere. It can help solve crimes. But it raises privacy issues. Or the crime rate will get out of control. Partial measures are not seen as sufficient.	There's no other option: install cameras everywhere.[SEP]Or the crime rate will get out of control.
fallacy of relevance	- In the city about 15% of green areas are cut down annually for construction, which worsens the microclimate and increases the temperature in summer by 2-3 degrees. This affects the health of residents and increases energy costs. - Why discuss cutting down trees when we have a rising crime rate and people are afraid to go out in the evening? Thefts and assaults are up 18% in one year. We need to keep citizens safe first before we think about green spaces and climate. Safety is a basic need.	Why discuss cutting down trees when we have a rising crime rate and people are afraid to go out in the evening[SEP]We need to keep citizens safe first before we think about green spaces and climate.
fallacy of extension	- I believe that doctors should spend more time preventing diseases, not just treating cases that are already neglected. This can reduce the burden on the health care system and improve the quality of life of patients if problems are detected early. - So you're suggesting that we stop treating people altogether and only talk about prevention while patients die without help? Fine! Then let's close hospitals and leave only health lectures. According to your logic, if a person is already sick, then it is his own fault and there is no need to treat him!	doctors should spend more time preventing diseases, not just treating cases that are already neglected[SEP]you're suggesting that we stop treating people altogether and only talk about prevention while patients die without help
ad populum	- Why don't you consider this scientific theory? - It's not supported by almost no one in the academic community, so it's wrong. I don't see the point of wasting my time on it.	It's not supported by almost no one in the academic community, so it's wrong
appeal to emotion	During the debate on migration, the expert tried to talk about statistics, but he was interrupted. The presenter recalled the fears of residents of the border regions. He described disturbing scenes of empty yards. That means the borders must be closed before it's too late.	That means the borders must be closed before it's too late.
ad hominem	- I suggest we revise the app's privacy policy. - You're paranoid and see threats everywhere, so your data protection arguments are exaggerated and not worth considering. There's no need to be dramatic.	You're paranoid and see threats everywhere, so your data protection arguments are exaggerated and not worth considering
faulty generalization	At the conference, one speaker spoke unsteadily and was disruptive. This was striking. If one speaker is weak, it means that the whole conference is poorly organized and all the reports will be the same. I wondered if I should stay.	If one speaker is weak, it means that the whole conference is poorly organized and all the reports will be the same.
intentional	A school was discussing the banning of cell phones. A teacher supported the initiative, but a student objected. He replied: You're against the ban because you really want to keep sitting on your phone in class and doing nothing rather than thinking about freedom. Another added: Your goal is to avoid learning, not to defend your rights. Arguments about digital skills were not discussed.	You're against the ban because you really want to keep sitting on your phone in class and doing nothing[SEP]Your goal is to avoid learning, not to defend your rights
appeal to emotion	Discussing abortion, one participant said: Inside every woman a new life can be born that no one can protect. How can you allow it to be destroyed? That's why abortion should be banned. It's a moral obligation of society.	How can you allow it to be destroyed? That's why abortion should be banned.
fallacy of credibility	At an education conference, a teacher suggested introducing new teaching methods based on practical projects. However, he was told: your proposals cannot be taken seriously because you do not have a degree in pedagogy and added that without academic status you are not competent enough to propose reforms. Despite years of experience working with students and successful outcomes, his ideas were rejected. Participants decided that only university professors could have a say in education and that practical experience in the classroom was irrelevant without formal recognition.	your proposals cannot be taken seriously because you do not have a degree in pedagogy[SEP]without academic status you are not competent enough to propose reforms
fallacy of credibility	A family council was discussing whether children should use smartphones. One of the older members of the family insisted on a ban, arguing that it was traditional. We should ban smartphones for children because we used to do without them and it was considered the norm and if our ancestors raised their children without technology, then this is the right approach today. He argued that any modern changes would erode time-honored parenting practices. This ignored research on digital literacy, children's adaptation to the modern world, and the educational possibilities of technology.	We should ban smartphones for children because we used to do without them and it was considered the norm[SEP]if our ancestors raised their children without technology, then this is the right approach today
ad populum	- I think this artist is underrated. - Nobody talks about him and his work is not exhibited in major galleries, so he's not valuable. In art, the market does everything.	Nobody talks about him and his work is not exhibited in major galleries, so he's not valuable.
appeal to emotion	- We must protect free speech. - Imagine how false information destroys people's lives. Are you willing to let that happen? The consequences could be dire. That's why we need strict censorship.	Imagine how false information destroys people's lives. Are you willing to let that happen?[SEP]That's why we need strict censorship.
appeal to emotion	At a discussion on justice reform, a politician was talking about the rights of the accused. He was interrupted: Think of the victims who will never get peace. Are you prepared to leave them without fair retribution? That's why the death penalty needs to be applied more broadly.	Think of the victims who will never get peace. Are you prepared to leave them without fair retribution? That's why the death penalty needs to be applied more broadly.
false causality	The company implemented algorithmic trading in January, and by June its profits had grown by 30 percent. It was clearly the algorithms that drove the profit growth. When traders switched to automated systems, the company's profits began to rise. Most likely, if they had continued to trade manually, profits would not have increased or even decreased. Therefore, algorithmic trading is the reason for the profit growth.	The company implemented algorithmic trading in January, and by June its profits had grown[SEP]It was clearly the algorithms that drove the profit growth
fallacy of credibility	In a discussion of legal reform, one activist analyzes the law and points out contradictions. He is told: Your opinion of the law is irrelevant because you are not a practicing lawyer, and even with arguments, without official status as a professional, your conclusions are not worthy of consideration. The opponent insists that only lawyers and judges can evaluate laws. In the end, the discussion ignores specific articles and facts, focusing on formal affiliation with the profession.	Your opinion of the law is irrelevant because you are not a practicing lawyer[SEP]without official status as a professional, your conclusions are not worthy of consideration
intentional	- We need to reduce car use in the city center to reduce air pollution. - You are not promoting this idea out of concern for the environment, but because you want to grow your public transportation business and increase your profits. Your arguments are marketing. You are using ecology as a tool to make money.	You are not promoting this idea out of concern for the environment, but because you want to grow your public transportation business and increase your profits.
false causality	At an economic forum, a blogger said: Countries get rich precisely because they have the Olympics. Look at history - after the Games, they invariably have higher GDP, better infrastructure and more investment. So, to develop, any country should aspire to host the Olympics!	Countries get rich[SEP]because they have the Olympics[SEP]after the Games, they invariably have higher GDP
intentional	"- We need to tighten the rules of moderation in social networks because there is too much misinformation and aggression now. - You suggest stricter moderation because you want to control people's opinions and suppress any criticism. It's not about security, it's about censorship. You just want to remove inconvenient voices so that only the ""correct"" viewpoint remains. Your anti-fake arguments are a cover for control."	You suggest stricter moderation because you want to control people's opinions and suppress any criticism
intentional	In the discussion of police reform, the activist proposed to strengthen control over the actions of officers. The opponent stated: you are not demanding control for the sake of justice, but because you want to weaken the police and make them ineffective . He argued that such ideas undermine order. your real goal is to limit the power of law enforcement and create chaos in society . Instead of analyzing the proposed mechanisms, the conversation focused on motives.	you are not demanding control for the sake of justice, but because you want to weaken the police and make them ineffective[SEP]your real goal is to limit the power of law enforcement and create chaos in society
faulty generalization	I used a freelancer once, and he blew a deadline. The project took too long. So all freelancers are unreliable. Now I'm only looking for full-time employees.	I used a freelancer once, and he blew a deadline[SEP]So all freelancers are unreliable
faulty generalization	We were discussing a new phone model and one user complained about the battery. This raised doubts. One negative review means that all devices of this model have battery problems. Probably not worth buying.	One negative review means that all devices of this model have battery problems.
circular reasoning	Education policy considers the reform of the examination system. The new assessment system is objective because it guarantees the objectivity of results. And the objectivity of results is due to the fact that the assessment system is objective. The question of funding is still open.	The new assessment system is objective because it guarantees the objectivity of results. And the objectivity of results is due to the fact that the assessment system is objective
fallacy of credibility	You propose reform of the school program, citing modern research in pedagogy and cognitive psychology, but your arguments cannot be taken seriously because you have no pedagogical education and no experience teaching in schools. You have no teaching credentials, no experience working with children, and no practice teaching in real classrooms. Without that, it's impossible to understand how kids absorb the material and what methods really work. Even if you have read scientific articles and analyzed foreign experience, the lack of profile education makes your conclusions superficial. Educational reforms should be discussed only by certified teachers and methodologists, not by outsiders.	your arguments cannot be taken seriously[SEP]you have no pedagogical education and no experience teaching in schools
circular reasoning	In a discussion of religious philosophy, the following thought came up. The sacred text is true because it is of divine origin, and its divine origin is confirmed by the fact that it is true. This is accepted as a self-evident position.	The sacred text is true because it is of divine origin, and its divine origin is confirmed by the fact that it is true
circular reasoning	When evaluating a scholarly journal, it is noted: it is authoritative because it publishes meaningful research. This appeals to authors. And the significance of the research is determined by the journal's authority. Therefore, its ranking remains high.	it is authoritative because it publishes meaningful research[SEP]And the significance of the research is determined by the journal's authority
intentional	When journalists were accused of publishing unverified information, the editor replied: we published the material because we sincerely wanted to bring the truth to the public and draw attention to an important issue, even if the facts turned out to be inaccurate. Yes, it caused panic and misinformation, but the main point is that our intentions were for the public good and to inform people, not to harm them. Mistakes are inevitable in the pursuit of truth.	we published the material because we sincerely wanted to bring the truth to the public and draw attention to an important issue[SEP]the main point is that our intentions were for the public good and to inform people, not to harm them
faulty generalization	I tried a new type of diet and after a week I saw no results. It was frustrating. If there was no effect in a week - then this diet does not work for anyone and is useless. I will look for other ways.	If there was no effect in a week - then this diet does not work for anyone and is useless.
false causality	After I started running in the mornings, my mood improved and I had more energy throughout the day, so obviously it was the morning run that completely eliminated my fatigue. I advise everyone to get up at 6am and run to feel the same way.	After I started running in the mornings, my mood improved and I had more energy throughout the day
appeal to emotion	At the justice reform meeting, it was said: Criminals often escape punishment. One participant added: The victims' families will never recover from the loss. How can we show mercy to the guilty? It's not fair. That's why we need to bring back the death penalty.	How can we show mercy to the guilty?[SEP]That's why we need to bring back the death penalty.
intentional	In the discussion of the new law on rental tax, the expert talked about market transparency and tenant protection. The deputy responded by stating: You insist on this tax because you want to drive out small landlords and clear the market for large funds, not because you care about protecting tenants and respecting their rights. He added that talk of transparency is just a convenient screen to hide an interest in concentrated ownership. As a result, the arguments about reducing gray schemes and increasing the security of transactions were not discussed, and the attention turned to the alleged hidden goals of the initiative's author.	You insist on this tax because you want to drive out small landlords and clear the market for large funds, not because you care about protecting tenants and respecting their rights
ad populum	- I think you should try a vegan diet. - It's not supported by the majority of the population, it's chosen by a few, so it's an unhealthy and unbalanced practice. It's not worth risking your health.	It's not supported by the majority of the population, it's chosen by a few, so it's an unhealthy and unbalanced practice.
circular reasoning	Missionary work is legitimate because it brings people the truth - the very spiritual clarity that helps them find meaning and direction in life. And we know that it brings truth because its work is legitimate: for only that which is recognized as authentic and acceptable can be the source of authentic truth, and illegitimate teachings, by definition, cannot bring truth.	Missionary work is legitimate because[SEP]brings[SEP]truth[SEP]brings truth because its work is legitimate
circular reasoning	A statute is an imperative element of the legal system because its existence constitutes a fundamental necessity for the maintenance of public order. If its existence constitutes a cardinal necessity, then the statutory instrument constitutes a compulsory component of the legal structure. In turn, this fundamental necessity is due to the fact that the legislative act is an imperative element of the legal system.	A statute is an imperative element of the legal system because its existence constitutes a fundamental necessity[SEP]this fundamental necessity is due to the fact that the legislative act is an imperative element of the legal system
faulty generalization	Recently ordered food through the app and the order arrived cold. The courier apologized. If one order was delivered badly, then the service as a whole always performs poorly. I will delete the app.	If one order was delivered badly, then the service as a whole always performs poorly.
fallacy of relevance	- The report states that more than 50% of small businesses close down in the first two years due to high taxes and administrative barriers. This hinders economic development. - But we have a growing number of social media users and bloggers who make money online? It's a new economy and new opportunities. Let's better discuss digital trends and the content industry, not the problems of traditional business.	But we have a growing number of social media users and bloggers who make money online[SEP]Let's better discuss digital trends and the content industry, not the problems of traditional business
ad hominem	- I think corporate culture should be more flexible. - You are just seeking personal comfort and avoiding responsibility, so your arguments are an excuse for your own position and have no weight. The company can't operate like this.	You are just seeking personal comfort and avoiding responsibility, so your arguments are an excuse for your own position and have no weight.
false causality	Look at this IT company: until 2018, employees were in the office 5 days a week and productivity was 85 units per month. In 2018, the company switched to a hybrid format - 3 days in the office, 2 days remote. After just one year, productivity had increased to 120 units per month. Means that it was the switch to remote working that directly caused the increase in productivity. To increase productivity in any company, you have to introduce a hybrid work format.	employees were in the office 5 days a week[SEP]the company switched to a hybrid format[SEP]After just one year, productivity had increased[SEP]Means[SEP]it was the switch to remote working[SEP]caused the increase in productivity
equivocation	Teachers have the right to enforce discipline in the classroom: they can confiscate phones, detain students after class, check personal notes, and prohibit conversations during the explanation of material. And because it is his right, to object to such measures is an infringement of human rights.	Teachers have the right to enforce discipline in the classroom[SEP]because it is his right, to object[SEP]an infringement of human rights
faulty generalization	I tried a new fitness club near my house. The equipment was broken. The equipment didn't work in one gym, which means all their clubs are in bad shape. I think I'll look for another option.	The equipment didn't work in one gym, which means all their clubs are in bad shape.
fallacy of relevance	- The university plans to cut research laboratories due to lack of funding. Three research centers have already been closed, dozens of graduate students have lost their grants, and publication activity has dropped by 25%. This directly affects innovation and technological development of the country. - Let's have a better discussion about how students spend their free time and develop creativity, not the fate of the labs? There are almost no cultural activities, hobby clubs and art spaces on campus. Without a creative environment, the university loses its soul and attractiveness to applicants. If we don't create a rich student life, no one will come here, and no labs will be needed.	Let's have a better discussion about how students spend their free time and develop creativity, not the fate of the labs[SEP]Without a creative environment, the university loses its soul and attractiveness to applicants
fallacy of relevance	- Economists warn that inflation has reached 12% and real incomes are falling for the third year in a row. This leads to reduced consumption and increased poverty. - How can we discuss inflation now when the country is hosting large-scale world-class sporting events? They attract investment, tourists and raise international profile. Let's focus on sporting successes and infrastructure development rather than economic hardship.	How can we discuss inflation now when the country is hosting large-scale world-class sporting events?[SEP]Let's focus on sporting successes and infrastructure development rather than economic hardship.
equivocation	I think a lot about how to build the right relationships with people. It is important that there is harmony in the team: no one quarrels, everyone agrees, supports each other and works in harmony. When there is harmony, everything sounds harmonious and pleasant, which means that harmony should be adjusted properly. I even started studying music, because there is harmony there too, and the beauty of sound depends on it. So if I learn the harmonies of music, I will automatically be able to establish relationships with my colleagues and create an ideal atmosphere in the team. The principles of harmony are the same everywhere.	When there is harmony, everything sounds harmonious and pleasant, which means that harmony should be adjusted properly.[SEP]So if I learn the harmonies of music, I will automatically be able to establish relationships with my colleagues and create an ideal atmosphere in the team.
false causality	It has been observed that in families with pets, children are more likely to be caring and empathic. Parents confirm this. Since having a pet coincides with more developed empathy, it is animals that form these qualities in children. That's why every child needs a pet.	Since having a pet coincides with more developed empathy, it is animals that form these qualities in children.
appeal to emotion	In a discussion about banning protests, one official talked about possible riots. He described chaos and destruction. Do you want to see the streets engulfed in violence? It increased the tension. That's why protests should be strictly limited.	Do you want to see the streets engulfed in violence?[SEP]That's why protests should be strictly limited.
fallacy of credibility	In a conversation about finance, one person analyzes the risks of bank deposits. His interlocutor replies: These investments are safe because they are recommended by a world-renowned sports coach, a man who has achieved success in his field, and since he has achieved success, his opinion on money is trustworthy. He doesn't look at financial performance by relying on the authority of the coach. Success in sports is perceived as universal proof of investment competence.	These investments are safe because they are recommended by a world-renowned sports coach[SEP]and since he has achieved success, his opinion on money is trustworthy
fallacy of relevance	-- We propose a ban on any new construction in the coastal zone. This is the only way to preserve the ecosystem and prevent coastal erosion. Scientists have already documented irreversible changes due to past development.  -- But we have such incredibly beautiful sunsets here -- isn't being able to enjoy them from the waterfront more important than some formal laws? Look at the sun setting over the horizon and the water turning pink. Are you really willing to lose that for paperwork and rules?	But we have such incredibly beautiful sunsets here -- isn't being able to enjoy them from the waterfront more important than some formal laws?
equivocation	I believe it is important to keep a balance and not to interfere with others. To interfere means to create obstacles, to disrupt someone else's plans. But to interfere is also a process of mixing. Interference affects the outcome, and if I actively interfere with the processes around me, it means that I am improving the outcome and helping the situation to develop. So interference is always useful.	Interference affects the outcome, and if I actively interfere with the processes around me, it means that I am improving the outcome and helping the situation to develop.
false dilemma	In defense policy discussions, it sounds like: either we dramatically increase the military budget, to ensure security, the issue is presented as critical. Social spending is treated as an afterthought. Diplomatic options are barely discussed. or the country will be defenseless against threats.	either we dramatically increase the military budget,[SEP]or the country will be defenseless against threats.
false causality	Since I started reading 10 pages before bed, I'm more likely to have interesting ideas for work, and I'm faster at solving problems during the day. So it's the evening reading that directly generates creativity and increases productivity. I'm going to increase my reading.	Since I started reading 10 pages before bed, I'm more likely to have interesting ideas for work[SEP]So it's the evening reading that directly generates creativity and increases productivity
ad populum	In the legal discussion it was said: public opinion massively condemns this practice, so it is unfair. At the same time, legal arguments were left aside.	public opinion massively condemns this practice, so it is unfair
false dilemma	In international relations, sanctions are often seen as a tool of pressure. Politicians evaluate their effectiveness and consequences for the economy. But strategically, there is no other way: either we impose the toughest possible sanctions and demonstrate a determination to defend our interests. This signals seriousness of intent and increases pressure on the opponent. Or we refuse sanctions and show weakness, which can be perceived as a willingness to give in. In this case, the country loses influence and the ability to defend its position on the world stage.	no other way: either we impose the toughest possible sanctions[SEP]Or we refuse sanctions and show weakness,
intentional	- We need to put restrictions on the use of personal data on the internet to protect users. - You talk about data protection because you want to limit the development of technology and control companies for your own benefit. You are actually scared of progress and are trying to stop it. Your real goal is to gain power over the digital market, not to protect users. That's why your proposals are harmful.	You talk about data protection because you want to limit the development of technology and control companies for your own benefit. You are actually scared of progress and are trying to stop it. Your real goal is to gain power over the digital market, not to protect users
appeal to emotion	- Closing the borders will hit the economy and international relations. - People are tired of living in fear of the unknown. Think of the mothers who walk their children to school and are not sure if they will see them in the evening.Every day the anxiety grows. Do you want to leave your country unprotected, so the borders have to be completely closed?	Think of the mothers who walk their children to school and are not sure if they will see them in the evening.[SEP]Do you want to leave your country unprotected, so the borders have to be completely closed?
equivocation	I try to be disciplined: get up on time, accomplish tasks, follow the plan. This helps me to achieve my goals. But discipline is also an academic subject. Discipline forms order and structure, whether it is behavior or knowledge. If I study disciplines, I automatically become a more orderly and organized person. So the very fact of studying already guarantees a high level of self-control.	Discipline forms order and structure, whether it is behavior or knowledge. If I study disciplines, I automatically become a more orderly and organized person.
circular reasoning	-- We need to develop a unified position on prenatal diagnosis. Where is the line between medical necessity and ethically questionable choice? This requires careful analysis.  -- Embryo sex selection is unacceptable because it is contrary to respect for human life, and respect for life is precisely what it means to refuse to be instrumental to the child, which is sex selection. So the prohibition follows from the principle of respect itself, and the principle is confirmed by the necessity of the prohibition.	the prohibition follows from the principle of respect itself, and the principle is confirmed by the necessity of the prohibition
equivocation	I think it is important to have a good taste in life. Taste helps to distinguish quality things, to enjoy and to choose the best. Taste determines perception, and if you train your taste, it becomes more accurate, so you can literally learn to perceive everything correctly. Therefore, the development of taste solves all of life's problems.	Taste determines perception, and if you train your taste, it becomes more accurate, so you can literally learn to perceive everything correctly.
ad populum	The researcher proposed a new hypothesis. It is not accepted by the scientific majority, so it is false. It is rare for a truly valid idea to be ignored in the scientific community.	It is not accepted by the scientific majority, so it is false.
circular reasoning	The marketing industry discusses brand strength. A brand is considered strong because it enjoys consumer trust, and consumer trust is built through brand strength. This is used in presentations to investors.	A brand is considered strong because it enjoys consumer trust, and consumer trust is built through brand strength.
false causality	The school has introduced uniforms and discipline has improved. Teachers report fewer offenses. If discipline improved after the introduction of uniforms, it means that the uniforms are the reason for more organized behavior of students. This should be replicated in other schools.	If discipline improved after the introduction of uniforms, it means that the uniforms are the reason for more organized behavior of students.
ad hominem	In the AI ethics debate, it has been suggested that the use of facial recognition should be restricted. The author is an overly suspicious person who tends to see threats everywhere, so his arguments about the risks of technology have no merit. Let's move on to other opinions.	The author is an overly suspicious person who tends to see threats everywhere, so his arguments about the risks of technology have no merit.
appeal to emotion	There was talk in parliament about expanding surveillance. One MP said: criminals are getting more sophisticated. Are you willing to risk the safety of your loved ones? People want to feel protected. ♪ So we need to introduce widespread video surveillance ♪	Are you willing to risk the safety of your loved ones?[SEP]So we need to introduce widespread video surveillance
circular reasoning	In a discussion of the startup, the investor noted its promising nature. The project is promising because it has a high growth potential. This makes it attractive. However, the growth potential follows from the fact that the project is promising, which justifies the investment.	The project is promising because it has a high growth potential.[SEP]the growth potential follows from the fact that the project is promising
false causality	A new co-working space was opened at the university, and a year later the number of startups among students increased. This is being actively discussed. Since the growth of startups followed the appearance of co-working space, it means that it was the reason for the entrepreneurial activity of students. Such spaces need to be created everywhere.	Since the growth of startups followed the appearance of co-working space, it means that it was the reason for the entrepreneurial activity of students.
fallacy of credibility	In a discussion of medical methods, one participant criticizes a popular therapy, citing research. Another responds: This method is effective because it is endorsed by a famous blogger with a medical channel who has a large audience, and if he recommends the treatment, then it really works. He believes that popularity and audience trust supersede scientific evidence. As a result, the blogger's opinion becomes the main argument.	This method is effective because it is endorsed by a famous blogger with a medical channel[SEP]and if he recommends the treatment, then it really works
false dilemma	The development of artificial intelligence is increasingly controversial among regulators. There is simply no other way: either we completely ban the use of AI in key areas, such as medicine and finance. This should protect people from potential algorithm errors. Many people are wary of automated solutions. Or we give the technology complete freedom, allowing companies to implement any solutions without control. In this case, innovation develops faster, but risks increase. The options of gradual regulation or testing in limited conditions are almost never considered as serious.	There is simply no other way: either we completely ban the use of AI in key areas,[SEP]Or we give the technology complete freedom,
false dilemma	In the energy sector, the argument goes: either we fully switch to renewable sources now, despite infrastructure constraints, the issue is presented as urgent and non-alternative. Economic and technical difficulties are mentioned in passing. A gradual transition is barely discussed. This view ignores intermediate development strategies.	either we fully switch to renewable sources now,
fallacy of extension	"- I believe that the school history program should be periodically updated to take into account new research and sources - this is normal scientific practice. It is not a matter of rewriting the entire course, but of adjusting individual topics where new data or more accurate interpretations of events have emerged. This helps students gain a more complete and up-to-date understanding of the past. - Oh, I see! So you want to completely rewrite the entire history of the country to fit the current political agenda and erase the past? Today we'll ""update"" a couple of topics, and tomorrow we'll cancel all textbooks, declare heroes as villains, and change versions of events every year! According to your logic, there is no truth at all - only convenient interpretations. This is the way to the fact that children will cease to understand where the truth is and where fiction is!"	the school history program should be periodically updated to take into account new research and sources[SEP]So you want to completely rewrite the entire history of the country to fit the current political agenda and erase the past
ad hominem	- There should be restrictions on fast food advertising. - You have no control over your own habits and eat junk food all the time, so your arguments about food regulation are untenable. This sounds like an attempt to shift responsibility.	You have no control over your own habits and eat junk food all the time, so your arguments about food regulation are untenable
false causality	In recent years, people have increased their use of meditation apps, and at the same time, stress levels among office workers have decreased. Since both phenomena are occurring simultaneously, it is concluded that it is the apps that are reducing stress among all users. This explains the popularity of digital practices.	Since both phenomena are occurring simultaneously, it is concluded that it is the apps that are reducing stress among all users
false dilemma	In science and innovation, the allocation of resources is debated. Funding is limited, projects compete with each other. There is only one real option: either we invest exclusively in applied research to get quick results and economic returns because basic science is supposedly too abstract. The long-term effects are ignored. Or we waste money on theories without practical benefits, which supposedly hinders economic development.	There is only one real option: either we invest exclusively in applied research[SEP]Or we waste money on theories without practical benefits
intentional	We raised drug prices because we acted out of a desire to support pharmaceutical development and future research. Yes, this has hit the affordability of medicines for part of the population, and some patients have started to save money on treatment. But temporary patient hardship is not as important when the goal is long-term benefit and medical progress. Without investment in development, there will be no new drugs. We knew the decision would draw criticism, but we were guided by lofty goals. When the intention is to advance science, individual negative consequences become secondary.	We raised drug prices because we acted out of a desire to support pharmaceutical development and future research[SEP]temporary patient hardship is not as important when the goal is long-term benefit and medical progress
false causality	After I updated the operating system on my phone, I'm getting more likes on social media and my posts are getting more views. So it's the new version of the system that has increased audience engagement. The updates are clearly improving the popularity of the content.	After I updated the operating system on my phone, I'm getting more likes on social media[SEP]So it's the new version of the system that has increased audience engagement.
fallacy of credibility	In a conversation about dieting, one person referred to medical research. He was told: this diet works because it is promoted by a famous fitness blogger who has millions of followers. If a person with such popularity claims its effectiveness, then it's really useful. He demonstrates great fitness and shares tips every day. His appearance is taken as proof of the correctness of the recommendations, so scientific data is put on the back burner.	this diet works because it is promoted by a famous fitness blogger[SEP]If a person with such popularity claims its effectiveness, then it's really useful
faulty generalization	On one trip, the train was 40 minutes late - that means the railroad always operates with delays. So I try to choose other means of transportation.	On one trip, the train was 40 minutes late - that means the railroad always operates with delays.
ad hominem	In a conversation about parenting, one parent advocated limiting screen time. Another said: He tends to be controlling and hyper, so his arguments are authoritarian and not credible. Kids need freedom.	He tends to be controlling and hyper, so his arguments are authoritarian and not credible.
appeal to emotion	"On a talk show they were talking about surveillance. One expert said, ""It's a tough question. Imagine a kidnapped child who could be found by cameras? Parents live in a waiting hell. Would you turn down that opportunity, so there should be cameras everywhere."	Imagine a kidnapped child who could be found by cameras?[SEP]Would you turn down that opportunity, so there should be cameras everywhere
false dilemma	At an education policy meeting, the claim was made: the assessment system must be overhauled. Either we switch completely to standardized tests. Difficulties with teacher subjectivity and differences in requirements between schools are discussed. Examples of inequality in college admissions are given. either education will finally lose objectivity. Emphasizes that any alternative approaches are allegedly incapable of providing comparable results and transparency for all students.	Either we switch completely to standardized tests[SEP]either education will finally lose objectivity
circular reasoning	The jurisprudence discusses the fairness of the law. The law is just because it achieves equality. In doing so, equality is deemed to be achieved because the law is just. This is used to justify its immutability.	The law is just because it achieves equality.[SEP]equality is deemed to be achieved because the law is just
appeal to emotion	At the meeting it was suggested that the penalties should be increased. One participant said: Victims of crime live with pain all their lives, their fear never goes away. Do you want to leave criminals without severe punishment? Therefore, measures should be as harsh as possible.	Do you want to leave criminals without severe punishment? Therefore, measures should be as harsh as possible.
fallacy of extension	- I think parents should explain internet safety rules to kids and limit access to dangerous content to protect them. - So you want to control children and deny them any freedom on the internet? You propose to monitor their every move and ban everything! That's fear education!	parents should explain internet safety rules to kids and limit access to dangerous content[SEP]you want to control children and deny them any freedom on the internet
false causality	In recent months, employees have been using messengers more frequently to communicate, and at the same time, the number of meetings has decreased. Since these changes happened at the same time, it is messengers that have replaced meetings and reduced their necessity. It's a new standard of work.	Since these changes happened at the same time, it is messengers that have replaced meetings and reduced their necessity. It's a new standard of work.
intentional	"The university was discussing switching to distance learning for part of its courses to reduce classroom workload and give students flexibility. One faculty member was outraged: You want to introduce an online format not for the convenience of students, but because you want to cut faculty and save on salaries. He argued that all the arguments about educational accessibility are a screen behind which the administration's desire to get rid of ""unnecessary"" employees is hidden. He ignored performance data and student surveys, focusing on the fact that all reforms are allegedly driven solely by the self-interest of the administration. As a result, the discussion about the quality of education turned into an argument about someone's alleged motives, which no one supported with facts."	You want to introduce an online format not for the convenience of students, but because you want to cut faculty and save on salaries.
ad hominem	In the discussion of the reform of the judicial system, one of the participants made detailed arguments about the need to increase the transparency of procedures. However, this person is known to be vindictive and prone to personal grudges, so his arguments are motivated by anger and cannot be considered objective. Therefore, his initiatives should be treated with caution.	this person is known to be vindictive and prone to personal grudges, so his arguments are motivated by anger and cannot be considered objective
fallacy of credibility	In a conversation about cultural norms, one person insisted that a certain dress code should remain unchanged. We have to follow this style of dress because it has been in our culture for hundreds of years, and people have always followed these rules. When a custom is historically fixed, it is correct and does not need to be changed. Any attempts to adapt it to modern conditions are perceived as a violation of tradition. In his opinion, it is the preservation of such norms that maintains cultural identity and connection with the past.	We have to follow this style of dress because it has been in our culture for hundreds of years, and people have always followed these rules. When a custom is historically fixed, it is correct and does not need to be changed
ad populum	- I think we should support this unpopular initiative. - It doesn't resonate with the general public, so it's bad for society. Ideas like this don't take root without a reason.	It doesn't resonate with the general public, so it's bad for society.
fallacy of credibility	In a discussion of traditions, one person states: We should continue to have weddings according to the old customs because that's what our ancestors did for generations and it was considered the only right thing to do. Any modern changes are perceived as a disruption. People believe that tradition itself is proof of rightness. Even if some elements are outdated or inconvenient, this is ignored. The main argument is that the past has already decided everything and there is no need to revise anything.	We should continue to have weddings according to the old customs[SEP]that's what our ancestors did for generations and it was considered the only right thing to do
faulty generalization	I bought one laptop of this brand, and it overheated quickly, which means that all equipment of this brand is unreliable. I expected to work for a long time without any problems. Now I'm thinking of returning it.	I bought one laptop of this brand, and it overheated quickly, which means that all equipment of this brand is unreliable.
fallacy of relevance	- Universities are cutting funding for scientific research, which leads to an exodus of young scientists abroad. - But our entertainment industry is actively developing: new cinemas, festivals and concerts are opening. It makes life brighter and attracts people. Why discuss science when cultural life is becoming so rich?	But our entertainment industry is actively developing: new cinemas, festivals and concerts are opening.[SEP]Why discuss science when cultural life is becoming so rich?
false causality	Every time I take an umbrella with me, it doesn't rain. It's happened many times in a row. If the absence of rain coincides with the fact that I have an umbrella, then it is the umbrella that somehow prevents rain. Now I wear it even in clear weather.	If the absence of rain coincides with the fact that I have an umbrella, then it is the umbrella that somehow prevents rain.
fallacy of extension	-- Our prison system is overcrowded and recidivism remains high. I propose that we reduce criminal penalties for non-violent offenses and focus on rehabilitation so that people can get back to normal life and stop breaking the law. This approach is already working in several European countries.  -- So you want criminals to commit as many atrocities as they want with impunity, destroying society from within? Are you suggesting that we let everyone who stole, cheated, or harmed someone go free and pretend that nothing happened? That's total anarchy!	propose that we reduce criminal penalties[SEP]So you want criminals to commit as many atrocities as they want with impunity
circular reasoning	The climate study discussed the reliability of the model. The model is reliable because it accurately predicts the data, and the accuracy of the predictions is due to its reliability. On this basis, it was chosen as the baseline model.	The model is reliable because it accurately predicts the data, and the accuracy of the predictions is due to its reliability.
ad populum	A marketer presented a new advertising strategy. All the leading brands in the industry use similar approaches, so this is the only correct strategy. Otherwise, the market would have abandoned it long ago.	All the leading brands in the industry use similar approaches, so this is the only correct strategy. Otherwise, the market would have abandoned it long ago.
fallacy of relevance	- According to the Ministry of Health, the mortality rate from cardiovascular diseases in our region is 18% higher than the national average. There are not enough cardiologists in rural areas, patients wait for two months for an appointment, and the equipment in district hospitals is 15-20 years outdated. Experts suggest investing in diagnostics and prevention to reduce the burden on hospitals and prevent thousands of premature deaths. - Why discuss medical statistics and equipment purchases now, when there is a catastrophic shortage of affordable housing in the country? Young families have been unable to afford mortgages for years, rents are rising faster than wages, and waiting lists for social housing reach tens of thousands of people. Without normal living conditions, people will still get sick. Let's solve the housing issue first, and then we will think about cardiology and hospitals.	Why discuss medical statistics and equipment purchases now, when there is a catastrophic shortage of affordable housing in the country
false causality	Schools have started to organize online Olympiads more frequently, and the participation rates of pupils in the competitions have increased. More and more children are trying their hand. Since these changes happened together, we can conclude that it was the online format that caused the increase in interest in competitions. This is seen as the main explanation.	Since these changes happened together, we can conclude that it was the online format that caused the increase in interest in competitions
appeal to emotion	"In parliament they were discussing bans. One MP said, ""Society is crumbling under the pressure of threats. Do you really want to leave people unprotected? Anxiety is growing. That's why you have to impose strict restrictions and bans."""	Do you really want to leave people unprotected?[SEP]That's why you have to impose strict restrictions and bans.
ad hominem	- We need more control over the quality of food. - You yourself disregard hygiene rules, so your arguments about the quality of food are untenable. This is a public issue, not a personal one.	You yourself disregard hygiene rules, so your arguments about the quality of food are untenable.
fallacy of extension	-- We should introduce consistent measures for students who systematically break the rules: first a talk with the class teacher, then a warning in the diary, and for repeated offenses, suspension. This will help to maintain discipline and send the message that there is responsibility for behavior.  -- Do you really want children to be expelled for the slightest misbehavior -- even for forgetting a pen or saying the wrong word? That's extreme! You're suggesting that children should be kicked out of school for any little thing, turning education into a penal colony!	We should introduce consistent measures for students who systematically break the rules[SEP]Do you really want children to be expelled for the slightest misbehavior
fallacy of extension	-- I believe that we should introduce minimum requirements for social network recommendation algorithms: for example, requiring that users be shown content not only by popularity, but also by timeframe, to reduce the risk of being fixated on destructive content. This is not a ban, but simply a transparency measure.  -- So you want the government to have complete control over all recommendations, decide what we watch, and turn the internet into Soviet television? First these requirements, and then direct control of the feeds, and no freedom of choice!	we should introduce minimum requirements for social network recommendation algorithms[SEP]So you want the government to have complete control over all recommendations
faulty generalization	-- I believe that the introduction of uniforms in schools is a complicated process that takes time to adapt. In a neighboring district, for example, there were also complaints at first, but after six months everyone got used to it and discipline improved. It is not worth making hasty conclusions.  -- A new uniform was introduced in our school, and several students refused to wear it at once. So, the universal introduction of uniforms is doomed to failure - children everywhere will reject this initiative. If even in a school as good as ours the students are resistant, it's not going to work in other schools.	A new uniform was introduced in our school, and several students refused to wear it at once. So, the universal introduction of uniforms is doomed to failure
equivocation	I think it is important not to disturb others from working: no distractions, no unnecessary noise. It helps everyone to be more productive. Not to interfere means not to create obstacles, and to interfere is also to stir, so if I stop stirring, I automatically stop interfering with people.	Not to interfere means not to create obstacles, and to interfere is also to stir, so if I stop stirring, I automatically stop interfering with people.
ad hominem	In an argument about transportation reform, one activist suggested cutting parking. He fundamentally doesn't drive and despises drivers, so his arguments against parking are biased and have no merit. It's obvious to everyone.	He fundamentally doesn't drive and despises drivers, so his arguments against parking are biased and have no merit.
appeal to emotion	In the discussion on migration, the following was said: Tensions are rising in the cities, people are afraid for their safety. Do you really want fear to become the norm? No one feels safe. That's why we need to drastically restrict the entry of migrants.	Do you really want fear to become the norm?[SEP]That's why we need to drastically restrict the entry of migrants.
ad populum	Some experts warn of the risks of total video surveillance. However, if the vast majority of citizens support cameras on the streets, then it is a justified measure. Public consent is perceived as sufficient justification.	if the vast majority of citizens support cameras on the streets, then it is a justified measure
faulty generalization	One blogger made a factual error - so all bloggers are spreading inaccurate information. After that, I became more skeptical of such channels.	One blogger made a factual error - so all bloggers are spreading inaccurate information
false dilemma	There is a radical position in the discussion of police reforms. There is no other choice: either we strengthen the powers of the police, the increase in crime is alarming and a rapid response is required. The law must provide the tools to deal with the threats. or crime will spiral out of control. This increases the pressure to make tough decisions.	There is no other choice: either we strengthen the powers of the police,[SEP]or crime will spiral out of control.
equivocation	I believe that it is important to choose allies correctly. An alliance makes people stronger because it pools resources and efforts. It is difficult to achieve great results alone. An alliance brings elements together to form a whole. And connection always strengthens the structure. So any alliance makes a system stronger, even if it's just a combination of words that reinforces the meaning.	An alliance brings elements together to form a whole. And connection always strengthens the structure. So any alliance makes a system stronger, even if it's just a combination of words that reinforces the meaning.
fallacy of extension	- I believe that doctors should spend more time communicating with patients to explain diagnoses and treatments. This increases trust and improves outcomes. It is important for doctors to spend more time explaining things to patients while maintaining quality of care. - So you want doctors to only talk and stop treating patients altogether? Are you suggesting turning hospitals into socializing clubs where conversations will take the place of surgeries? People will die while doctors explain the obvious!	It is important for doctors to spend more time explaining things to patients while maintaining quality of care. - So you want doctors to only talk and stop treating patients altogether
ad populum	A physician was discussing a new therapy with a patient. The patient objected: this technique is not widely accepted by patients, therefore it is ineffective. He preferred to remain on his usual treatment.	this technique is not widely accepted by patients, therefore it is ineffective.
ad hominem	- We need to develop public transportation instead of private cars. - You don't drive a car yourself and dislike motorists, so your arguments are biased. It's a personal position, not an analysis.	You don't drive a car yourself and dislike motorists, so your arguments are biased
appeal to emotion	An activist spoke in the reproductive rights debate: he talked about the value of life. Imagine a tiny creature that can't defend itself; are you really ready to destroy it? That's why abortion should be completely banned. It's a matter of everyone's conscience.	Imagine a tiny creature that can't defend itself; are you really ready to destroy it? That's why abortion should be completely banned.
circular reasoning	The commission discussed health care reform and its expected effects. Reform is justified because it improves access to health care. This improvement is seen as a key indicator of success. And access to care increases precisely because the reform is justified. In the end, the decision was supported by a majority of votes.	Reform is justified because it improves access to health care.[SEP]And access to care increases precisely because the reform is justified.
fallacy of relevance	- Analysts warn of the risks of implementing facial recognition systems: identification errors, data leaks and violation of citizens' privacy are possible. Clear regulation is needed. - Did you know that last year digital technology helped solve 25% more crimes and reduce investigation time? That's serious progress for law enforcement. When technology has already been proven to be effective in the fight against crime? Safety is the first priority, and the rest is secondary.	Did you know that last year digital technology helped solve 25% more crimes and reduce investigation time[SEP]When technology has already been proven to be effective in the fight against crime
fallacy of relevance	- Economists warn of a rise in inflation of up to 12% and a decline in real incomes, which is already affecting the level of consumption. - But look at how many new shopping malls we have opened over the last year, it's tens of thousands of square meters. People are actively buying, business is developing. How can we talk about an income crisis with such a construction boom?	But look at how many new shopping malls we have opened over the last year[SEP]How can we talk about an income crisis with such a construction boom?
equivocation	I often think about strength of character. A strong person knows how to overcome difficulties, does not give up and goes forward, no matter what. It inspires respect and trust. If strength determines the result, then strength of character acts in the same way as physical strength, and the greater the strength, the greater the impact on the world around you.	If strength determines the result, then strength of character acts in the same way as physical strength, and the greater the strength, the greater the impact on the world around you.
fallacy of extension	- I think schools need to talk more about financial literacy so kids understand the basics. It's a practical skill. - So you want to turn schools into money-making courses and forget about education altogether? So no science, just profit calculations? You're suggesting we raise a generation of cynics for whom money is the only value! According to your logic, culture and knowledge are not important!	schools need to talk more about financial literacy so kids understand the basics[SEP]So you want to turn schools into money-making courses and forget about education altogether
ad populum	- Should we revise the telecommuting policy based on metrics? - Majority of managers are against telecommuting so, it reduces productivity and should be restricted. No data.	Majority of managers are against telecommuting so, it reduces productivity and should be restricted
fallacy of credibility	In a discussion of science, one person explains a complex theory in simple terms. His interlocutor replies: Your explanation cannot be taken seriously because, although understandable, you are not a professor and do not have a scientific title. He believes that only titled scientists can explain theories. Even if the explanation is accurate, the lack of status invalidates it. Thus, the focus shifts from content to titles.	Your explanation cannot be taken seriously[SEP]you are not a professor and do not have a scientific title
ad populum	- Maybe we should study this rare school of philosophy. - It's ignored by the vast majority of the academic community, so it's untenable. There's hardly any value there.	It's ignored by the vast majority of the academic community, so it's untenable
ad hominem	At a residents' meeting, they discussed installing video surveillance. One of the neighbors objected: the initiator of the project is known to be suspicious and paranoid, so his arguments about security do not deserve attention. As a result, the discussion was quickly shut down.	the initiator of the project is known to be suspicious and paranoid, so his arguments about security do not deserve attention
circular reasoning	Social theory considers the authority of leaders. A leader has authority because he is trusted, and trust in him arises from his authority. This affects the perception of his decisions.	A leader has authority because he is trusted, and trust in him arises from his authority.
fallacy of credibility	This treatment method is effective because it is endorsed by a well-known athlete who monitors his health. He claims that he recovers faster after training thanks to this approach. If a person of this caliber talks about the benefits of the method, then it really works. The athlete has achieved high results and clearly knows what is good for the body. His experience in sports makes his opinion authoritative. There is no need to consult doctors or study medical research - just trust the recommendations of a person who has proven discipline and ability to take care of health.	This treatment method is effective because it is endorsed by a well-known athlete[SEP]If a person of this caliber talks about the benefits of the method, then it really works
appeal to emotion	They discussed the introduction of a military operation abroad. One general recalled the suffering of civilians. How can you stand by when people are dying every day? Their homes are destroyed, their lives are ruined. Therefore, we have a duty to bring in troops and restore order.	How can you stand by when people are dying every day?[SEP]Therefore, we have a duty to bring in troops and restore order.
false dilemma	There must be absolute discipline in the military - or severe punishment for any infractions. Some military experts talk about motivation and training. Others suggest reforms. But these are rejected. Either the army will fall apart. There is no third way, because the alternatives are considered dangerous.	There must be absolute discipline in the military - or severe punishment for any infractions[SEP]Either the army will fall apart. There is no third way
fallacy of credibility	In a conversation about cryptocurrencies, one person stated: Bitcoin is the future of finance because it is backed by a famous musician, and added that if an influential artist is investing in cryptocurrency, then it is a safe direction. He elaborated on the popularity of this musician and his influence on millions of fans. In his opinion, a successful artist would not risk his reputation by supporting dubious projects. He did not analyze the market, volatility or risks, believing that the authority of a famous personality is already sufficient proof that the investment is promising.	Bitcoin is the future of finance because it is backed by a famous musician[SEP]if an influential artist is investing in cryptocurrency, then it is a safe direction
equivocation	I have noticed that motive plays an important role in music: it is what makes the melody recognizable and emotional. Without a motif, a composition loses its meaning and becomes empty. The motive gives direction and explains why the music sounds. If there is a motive, then there is a reason. And if a person has a motive, then their actions are justified because they are not accidental. So you can't condemn people's actions - they always have a motive, which means they act right.	The motive gives direction and explains why the music sounds. If there is a motive, then there is a reason. And if a person has a motive, then their actions are justified
ad hominem	- I believe that in our neighborhood it is necessary to ban off-leash dog walking in parks. Over the past month, 17 incidents have been recorded: dogs frightened children, attacked other animals, and left excrement on playgrounds. I collected signatures of 300 residents and prepared a petition with specific proposals: to allocate special areas for off-leash walking, and in other places in the park to introduce fines for violations. This would increase safety and comfort for all visitors. - He's so boring and self-righteous, look at him - always criticizing everything and telling others how to live! He's always been a bore since he was a kid, nobody listened to him in school, and rightly so. His opinion is worthless because he's just a loser who's jealous of normal people with dogs. Why listen to a man who could never even get a hamster himself? He's just lonely and embittered, so he wants to take away the joy of others. His petition is the cry of a loser's soul, not an argument for grown people.	He's so boring and self-righteous[SEP]His opinion is worthless because he's just a loser who's jealous
appeal to emotion	The prohibition of surrogacy was discussed. One speaker described the moral pain and internal conflicts. Do you really want children to be born under these conditions? The words sounded accusatory. That's why surrogacy should be completely banned.	Do you really want children to be born under these conditions?[SEP]That's why surrogacy should be completely banned.
appeal to emotion	A foreign policy meeting discussed the conflict. Reports showed destroyed houses and people crying. How can you stand by while innocents die? Every day brings new tragedies. ♪ That's why we have to bring in the troops and intervene ♪	How can you stand by while innocents die?[SEP]♪ That's why we have to bring in the troops and intervene ♪
ad hominem	- We need to overhaul the penalty system. - You yourself have repeatedly broken the rules and ignored accountability, so your arguments about penalty reform are untenable. That sounds disingenuous.	You yourself have repeatedly broken the rules and ignored accountability, so your arguments about penalty reform are untenable
appeal to emotion	At a meeting of the ethics committee, they were discussing the actions of a volunteer group that was secretly supplying medicines to a conflict zone. One committee member objected: Don't you see how much good they have done - sacrificing themselves, risking their lives to save strangers? They traveled at night under shelling, they left their families behind, they lost their health! They can't be accused of breaking the rules - their motives are pure and their hearts are full of compassion!	Don't you see how much good they have done[SEP]They can't be accused[SEP]their hearts are full of compassion
false dilemma	When talking about transportation, they say: either we completely shift everyone to public transportation, to reduce the burden on the roads. Personal cars are seen as a problem. Environmental arguments reinforce the position. Either the cities will finally become congested, and the situation will become unmanageable. This approach ignores combined solutions.	either we completely shift everyone to public transportation,[SEP]Either the cities will finally become congested,
appeal to emotion	In a discussion about Internet censorship, it was voiced: teenagers are faced with frightening content and are losing their bearings. Are you willing to let them drown in this chaos? Parents feel helpless in front of the screen. That's why there needs to be strict government filtering.	Are you willing to let them drown in this chaos?[SEP]That's why there needs to be strict government filtering.
fallacy of credibility	We shouldn't change the traditional dress code in the company because it's the way it's been done since the company was founded, and it's proven to be the right thing to do. Corporate culture takes years to form, and any change can destroy it. Our predecessors had a strict dress code, and it helped maintain discipline and professionalism. If this approach worked in the past, it should remain relevant today. Innovations can dilute standards and reduce the level of responsibility of employees. Therefore, it is better to keep traditions rather than experiment with new rules.	We shouldn't change the traditional dress code in the company[SEP]it's the way it's been done since the company was founded, and it's proven to be the right thing to do
faulty generalization	The cafe mixed up my order and brought me a different dish. I had to wait for a replacement. One mistake in the order means that the whole cafe staff is inattentive and often makes mistakes. Now I choose other places.	One mistake in the order means that the whole cafe staff is inattentive and often makes mistakes.
false dilemma	In education, they are discussing digitalization. Either move learning completely online. This gives access to resources and flexibility. But social interaction suffers. Either the education system will fall behind the modern world. Blended formats are not considered complete.	Either move learning completely online.[SEP]Either the education system will fall behind the modern world.
fallacy of relevance	- Reports indicate that the unemployment rate among young people has reached 18%, which leads to social instability. - Did you know that the largest shopping and entertainment center in the region was opened in our city? It has attracted investors and tourists. Isn't that a more important indicator of development than unemployment statistics? Projects like this create a positive image.	Did you know that the largest shopping and entertainment center in the region was opened in our city?[SEP]Isn't that a more important indicator of development than unemployment statistics?
fallacy of credibility	- I think we need to regulate the cryptocurrency market because there are risks of fraud. - You don't understand finance and have no economic education, so even if you make arguments, your opinion on cryptocurrencies is not worth considering. You have no experience in banks or investment funds, you haven't studied financial markets professionally. Without that, it's impossible to assess the risks and prospects of cryptocurrencies. Even if you read analytical reports, your lack of specialized training makes your conclusions untenable. Such issues should only be discussed by professional economists and investors.	You don't understand finance and have no economic education[SEP]your opinion on cryptocurrencies is not worth considering
fallacy of relevance	- The situation with water supply in the district is catastrophic: the deterioration of pipes exceeds 70%, accidents occur every week, and residents are left without water for 2-3 days. Analyses show excessive levels of iron and bacteria. We need urgent modernization of the infrastructure. - But in our district there are practically no cultural events and theatrical productions, which form the spiritual development of society? People live without access to the arts, and this affects the level of education and general culture. Why are we discussing pipes and water when the population is deprived of cultural life and intellectual leisure? First we need to develop the cultural environment.	But in our district there are practically no cultural events and theatrical productions, which form the spiritual development of society[SEP]Why are we discussing pipes and water when the population is deprived of cultural life and intellectual leisure
false dilemma	Radical proposals are often heard in discussions of environmental policy. The issue of energy security remains extremely sensitive, especially for regions dependent on mining. Switching to alternative sources takes time and investment. Or we permanently destroy the environment and the health of citizens. Intermediate measures are seen as insufficiently effective, as they do not produce immediate results and therefore only postpone the inevitable solution.	Or we permanently destroy the environment and the health of citizens.
fallacy of extension	"- Algo-trading creates systemic risks: in 2010, the Wall Street flash crash occurred because of a bug in high-frequency trading algorithms. I propose not a complete ban, but mandatory certification of algorithms, limits on the speed of execution and a ""switch"" for an emergency stop in crisis situations. This is already practiced in the EU and Singapore. - Prohibition of algo-trading? Then you want to stop progress and go back to knuckle bills! You are against technology, against innovation, against the future! Soon you'll propose banning the internet and bringing back carrier pigeons. This is what your ""precautions"" are leading to - technological backwardness and a return to the Stone Age."	Prohibition of algo-trading? Then you want to stop progress and go back to knuckle bills
fallacy of credibility	Many people argue about the benefits of electric cars and their impact on the environment. I believe that electric cars are the best solution because a famous actor who actively supports environmental initiatives says so, and his position is credible due to his reputation and popularity. He attends international forums, gives speeches and promotes green technology. If a person with such influence and access to information supports electric cars, then it is indeed the right way to go. His opinion shapes the public consciousness and is worth listening to. Why go into technical details when you have an authoritative opinion?	electric cars are the best solution because a famous actor who actively supports environmental initiatives says so[SEP]his position is credible due to his reputation and popularity
false dilemma	Different approaches to tax reform are being discussed, but the situation requires certainty. Either we reduce taxes to the minimum, this will stimulate business and attract investment. High rates discourage entrepreneurs and slow down development. Or the economy will continue to stagnate. In the conditions of global competition, we cannot afford uncertainty.	Either we reduce taxes to the minimum,[SEP]Or the economy will continue to stagnate.
faulty generalization	I signed up at a gym near my home and went there once in the evening. That day the trainer paid almost no attention to the visitors and was on the phone - that means that in all fitness clubs the trainers are indifferent to the clients. Now I'm thinking of working out at home.	That day the trainer paid almost no attention to the visitors and was on the phone - that means that in all fitness clubs the trainers are indifferent to the clients.
false causality	Every time I start my morning with a run, I get good news that same day, whether it's job offers or pleasant phone calls. This has been repeated many times. This habit seems to influence the course of events throughout the day.	Every time I start my morning with a run, I get good news that same day
appeal to emotion	At the surveillance debate, they said criminals are hiding among us. Are you willing to live in fear every day? People are afraid to let their kids out. ♪ That's why we need to put cameras everywhere ♪	Are you willing to live in fear every day?[SEP]That's why we need to put cameras everywhere
fallacy of credibility	In a conversation about culture, one person suggests changing the format of a traditional festival. They object: we should keep it unchanged, because it is an important tradition, because it has been done this way for generations. It is believed that the longevity of the festival is in itself proof of its validity. Therefore, any changes are rejected.	we should keep it unchanged[SEP]because it has been done this way for generations
circular reasoning	The legal opinion addressed the legality of the transaction. The transaction is lawful because it complies with the law, and compliance with the law is determined by the fact that the transaction is lawful. The document was sent for revision.	The transaction is lawful because it complies with the law, and compliance with the law is determined by the fact that the transaction is lawful.
equivocation	I try to keep warm in my relationships with my loved ones. This manifests itself in care, attention and support. A warm atmosphere makes life more pleasant. Warmth is physical energy, so the more warmth in a relationship, the more energy is literally transferred between people.	Warmth is physical energy, so the more warmth in a relationship, the more energy is literally transferred between people.
faulty generalization	I bought a book by a contemporary author on the advice of acquaintances. The plot seemed weak. One book I didn't like means all modern authors write badly. Now I'm drawn to the classics.	One book I didn't like means all modern authors write badly.
equivocation	"I think it's important to keep your tooth in check: monitor your health, go to the doctor regularly, and avoid problems. It affects your overall health. A tooth must be strong and sharp to fulfill its function, which means that the tooth must always be able to bear the load. Therefore, if I have a ""tooth"" against a person, I must act firmly and persistently, because a tooth implies strength and pressure."	"A tooth must be strong and sharp to fulfill its function, which means that the tooth must always be able to bear the load. Therefore, if I have a ""tooth"" against a person, I must act firmly and persistently, because a tooth implies strength and pressure."
appeal to emotion	"In the debate on the death penalty, one speaker said, ""The families of the victims live with this pain every day. ♪ Are you really ready to defend those who ruined other people's lives? ♪ ♪ Their tears don't dry for years ♪ That's why the death penalty is the only just solution."	Are you really ready to defend those who ruined other people's lives?[SEP]That's why the death penalty is the only just solution.
false dilemma	The issue of regulating artificial intelligence is controversial. There is only one real choice: either we severely restrict the development of AI, concerns are related to job losses, ethical risks and possible misuse of the technology. Lawmakers want to prevent negative consequences in advance. Or we allow the technology to develop unchecked and risk losing control of society. This makes the debate dramatic.	There is only one real choice: either we severely restrict the development of AI,[SEP]Or we allow the technology to develop unchecked and risk losing control of society.
false dilemma	In health policy, vaccination is being debated. The issue is one of safety, trust, and public health. Either vaccination should be strictly mandatory for everyone, without exception, because this is the only way to achieve collective immunity and prevent epidemics. Individual circumstances are not taken into account. or we leave the choice entirely voluntary and risk new disease outbreaks, because non-compulsion supposedly inevitably reduces coverage.	Either vaccination should be strictly mandatory for everyone[SEP]or we leave the choice entirely voluntary and risk new disease outbreaks
false dilemma	In the field of digital regulation, Internet control is discussed. The only way out is to introduce strict state censorship. Authorities are concerned about the spread of misinformation and harmful content. Various technical and legal tools are already being used, but they are considered insufficient. In such a situation, soft measures seem ineffective, as they do not guarantee the complete elimination of threats.	The only way out is to introduce strict state censorship.
fallacy of extension	- I believe that we need to develop bicycle infrastructure in the city to give an alternative to cars. It's good for the environment and health. - So you want to force everyone to get on bikes and give up cars completely? People are going to drive in the snow in the winter? That's unrealistic!	we need to develop bicycle infrastructure in the city to give an alternative to cars[SEP]you want to force everyone to get on bikes and give up cars completely
fallacy of credibility	In a conversation about school uniforms, one parent suggests changing the rules. Another responds: School uniforms should stay the same because it's been the tradition for decades, and if the tradition has stayed the same for so long, then it's the right thing to do and should not be changed. He emphasizes that uniforms discipline and unite students because that's how it used to be thought. Modern arguments about comfort or individuality are ignored because the main argument is the longevity of the rule.	School uniforms should stay the same because it's been the tradition for decades[SEP]if the tradition has stayed the same for so long, then it's the right thing to do and should not be changed
false causality	I started drinking more water throughout the day and soon became less distracted at work. Colleagues noticed it too. Since the improvement in concentration followed and went along with the increase in water intake, it must be the water that directly improved my attention span. I'll keep a bottle close by at all times.	Since the improvement in concentration followed and went along with the increase in water intake, it must be the water that directly improved my attention span.
fallacy of credibility	In a discussion of the startup, one participant said that the project was promising. This startup is sure to be successful because it was backed by a well-known investor who has invested in many companies. If such an authority in business believes in the project, then it will definitely make a profit. He believed that the investor's experience was sufficient proof. However, he did not analyze the business model and risks, relying only on the opinion of a well-known figure.	This startup is sure to be successful because it was backed by a well-known investor[SEP]If such an authority in business believes in the project, then it will definitely make a profit
ad hominem	- It is worth developing nuclear power as a low-carbon source. - You are connected to industry lobbyists and pursue personal gain, so your safety arguments are unreliable. Best not to listen.	You are connected to industry lobbyists and pursue personal gain, so your safety arguments are unreliable
fallacy of extension	- I think the state should invest in preventative medicine to reduce the burden on hospitals in the future. It saves resources. Investing in preventive medicine helps reduce the future burden on the health care system. - So you want to stop treating people and only do preventative medicine? Are you suggesting we close hospitals, cancel surgeries, and just hand out advice? People will die without help!	Investing in preventive medicine helps reduce the future burden on the health care system. - So you want to stop treating people and only do preventative medicine
appeal to emotion	Parliament was debating the death penalty. One MP stood up and described the brutal crimes that leave families in despair. How can you look into the eyes of the victims' families? They will never recover from their loss. That's why criminals should be executed without hesitation.	How can you look into the eyes of the victims' families?[SEP]That's why criminals should be executed without hesitation.
fallacy of credibility	We should stick to the classical university curriculum because it has been used for decades and has been proven correct through generations of students. Many outstanding professionals have been educated using this system, and this proves its effectiveness. If a methodology has worked before, there is no reason to change it. New approaches may not be tested and may lead to a decrease in the quality of education. The traditional system has already proved its value over time, so any reforms look risky. It is better to keep proven methods than to introduce experimental solutions.	We should stick to the classical university curriculum[SEP]it has been used for decades and has been proven correct through generations of students
fallacy of relevance	- The country needs to reform the small business taxation system, as 40% of entrepreneurs work in the shadows. - But large corporations bring the main income to the budget, why focus on small businesses? They provide stability to the economy. First support the big players, and then think about small entrepreneurs. It's a logical priority.	But large corporations bring the main income to the budget, why focus on small businesses?[SEP]First support the big players, and then think about small entrepreneurs
fallacy of relevance	- There is a gender wage gap in companies: women are paid on average 20% less for similar work. - Why discuss the wage gap when geopolitical tensions and conflicts are rising around the world? It's more serious than that. Ensure the security of the country first, and then deal with domestic wage issues.	Why discuss the wage gap when geopolitical tensions and conflicts are rising around the world?[SEP]Ensure the security of the country first, and then deal with domestic wage issues.
false causality	Some people notice that in years when more superhero movies come out, there is a growing interest in sports among teens. That seems logical. Since the two phenomena coincide in time, it is the movies that motivate teens to play sports. Movies influence behavior.	Since the two phenomena coincide in time, it is the movies that motivate teens to play sports
ad populum	I chose a university to apply to. It's where most applicants apply, so it's the best university. The other options no longer seemed relevant.	It's where most applicants apply, so it's the best university.
equivocation	I think it is important to watch out for sentences in speech. A good sentence should be clear and understandable so that there is no misunderstanding. It affects the communication and the outcome. A proposal must be correct to be accepted. And an accepted proposal leads to agreement. So, by wording proposals correctly, you can get agreement in any situation. So I pay attention to the wording.	A proposal must be correct to be accepted. And an accepted proposal leads to agreement. So, by wording proposals correctly, you can get agreement in any situation.
intentional	- I'm proposing to restrict junk food advertising to children to reduce obesity rates. - You want to ban advertising because you actually seek to interfere with families' personal choices and dictate their lifestyles, not health concerns. Such measures always lead to excessive control. You simply don't trust people to make their own decisions.	You want to ban advertising because you actually seek to interfere with families' personal choices and dictate their lifestyles
ad populum	- I'm not sure that prayer is mandatory for everyone. Different people have different beliefs, and no one should impose their faith on others. Some people find spirituality through meditation, nature, or good deeds rather than traditional prayer. - Look around you: millions of people turn to God in prayer every day, whole families come together morning and evening. In every church, synagogue, mosque, people pray - it's a universal practice. If prayer were wrong or useless, would so many people follow it? Would parents teach their children to pray from an early age? Would entire generations keep this tradition alive for thousands of years? When millions of people do the same thing, it's not an accident - it's wisdom. Prayer is right precisely because everyone does it.	Look around you: millions of people turn to God in prayer every day[SEP]Prayer is right precisely because everyone does it.
equivocation	It is important for me to have peace in my life: without conflicts, without tension, with a sense of harmony and calm. When there is peace around, it is easier to work, build relationships and develop. Peace is what everyone strives for, and peace is the whole world around us, so if I study the structure of the world, I will automatically achieve inner peace.	Peace is what everyone strives for, and peace is the whole world around us, so if I study the structure of the world, I will automatically achieve inner peace.
ad hominem	- We need to develop public transportation instead of widening roads. - You don't drive yourself and dislike motorists, so your arguments are biased and irrelevant. That's not an objective view.	You don't drive yourself and dislike motorists, so your arguments are biased and irrelevant
ad populum	"The talk show ""Justice"" discussed a recent verdict based on disputed evidence. The host noted that miscarriages of justice happen, and even one innocently convicted person is a tragedy. A viewer called in and said: ""Majority of people support the death penalty, so it's fair. You look at the polls - seventy percent of citizens believe capital punishment is necessary. Is it really possible for that many people to be wrong? If the people say yes, then that's the way it should be. And all this talk about mistakes is just an attempt by the minority to impose its opinion on the majority."" There was a tense pause in the studio."	Majority of people support the death penalty, so it's fair.
equivocation	I often think about a person's appearance: appearance says a lot about their habits and lifestyle. It helps to draw conclusions. If appearance reflects content, and appearance in language determines action, then appearance completely determines behavior, and therefore you can accurately judge a person by appearance. Therefore, there can be no mistake. I trust first impressions.	If appearance reflects content, and appearance in language determines action, then appearance completely determines behavior, and therefore you can accurately judge a person by appearance. Therefore, there can be no mistake.
circular reasoning	The political rhetoric goes: this decision is fair because it ensures equal treatment for all. This is emphasized by proponents. And equal treatment follows from the fairness of the decision. Therefore, it cannot be challenged.	this decision is fair because it ensures equal treatment for all[SEP]And equal treatment follows from the fairness of the decision
fallacy of credibility	In an argument about school uniforms, one person says they should be kept. School uniforms are compulsory because it has always been the case in our school and therefore it is a good practice that should not be changed. He argues that tradition builds discipline and respect for the learning process. If generations of students have worn uniforms, then it serves an important function. Any attempt to abolish it is seen as destroying the established order. Even if modern research suggests that self-expression is beneficial, this is irrelevant, because tradition alone is considered a sufficient reason to keep the uniform.	School uniforms are compulsory because it has always been the case in our school[SEP]it is a good practice that should not be changed
ad hominem	At the climate conference, one participant proposed new regulatory measures. He has a long history of being beholden to corporate interests and acting out of self-interest, so his arguments about protecting nature are not credible. Many immediately turned away from the idea.	He has a long history of being beholden to corporate interests and acting out of self-interest, so his arguments about protecting nature are not credible.
appeal to emotion	A relative of the victim spoke at the death penalty hearing. He spoke about the void left in the family. Do you really want criminals to live in peace while families suffer? This pain goes on for years. That's why the death penalty should be brought back and applied without hesitation.	Do you really want criminals to live in peace while families suffer?[SEP]That's why the death penalty should be brought back and applied without hesitation.
false causality	With the growing popularity of podcasts, the number of people interested in education has also increased, this can be seen in the statistics of the platforms. More and more listeners are choosing educational content. So it's podcasts that are driving interest in learning and making people more educated. The format influences thinking.	With the growing popularity of podcasts, the number of people interested in education has also increased[SEP]So it's podcasts that are driving interest in learning and making people more educated
fallacy of relevance	- There is a shortage of parking spaces in the city: the number of cars has increased by 30% in five years, while the infrastructure has remained the same. This leads to traffic jams and conflicts between residents. - Let's better talk about the development of the digital economy, not parking lots. The IT sector is growing at 20% a year and creating new jobs. The future is in technology, not cars in yards. We need to look forward, not dwell on everyday problems.	Let's better talk about the development of the digital economy, not parking lots.[SEP]The future is in technology, not cars in yards
fallacy of credibility	In a discussion of health, one person cites medical research. Another responds: This treatment method is effective because a famous singer endorsed it, and if a person of that status says it's beneficial, it must be true. He emphasizes that the singer looks healthy and successful. Scientific evidence is ignored because the celebrity's opinion is considered the main proof.	This treatment method is effective because a famous singer endorsed it[SEP]if a person of that status says it's beneficial, it must be true
false causality	Last year, election turnout in Country X reached a record eighty-five percent, and six months later, GDP grew by six percent. So high turnout directly causes economic growth. Perhaps when citizens are active in elections, they create an atmosphere of trust and stability that investors instantly pick up on. No tax breaks or reforms are needed - it's enough to get people to the polls. After all, every vote is a contribution to prosperity!	Last year, election turnout[SEP]reached a record eighty-five percent, and six months later, GDP grew[SEP]So high turnout directly causes economic growth
circular reasoning	The economic report says: this policy is effective because it stimulates economic growth. This can be seen in the dynamics of the indicators. And economic growth is due to the effectiveness of the policy. Hence, the course is maintained.	this policy is effective because it stimulates economic growth[SEP]And economic growth is due to the effectiveness of the policy
ad populum	The editor decides which topics to publish. The topics that get the most clicks from a wide audience dominate, which means they are the most relevant and appropriate to cover. Less popular topics are excluded.	The topics that get the most clicks from a wide audience dominate, which means they are the most relevant and appropriate to cover.
faulty generalization	The store gave me a T-shirt with a crooked seam. I returned it. One defective item means the whole brand is of poor quality. I'll look for another brand.	One defective item means the whole brand is of poor quality.
circular reasoning	In talking about psychotherapy, the specialist said: the technique is effective because it leads to improvement, and improvement is related to its effectiveness. Patients accepted this as an explanation.	the technique is effective because it leads to improvement, and improvement is related to its effectiveness
ad hominem	- I believe that telecommuting increases employee productivity. - You're just a lazy person used to avoiding the office, so your arguments about the benefits of telecommuting are untenable. Better to discuss actual facts, not excuses.	You're just a lazy person used to avoiding the office, so your arguments about the benefits of telecommuting are untenable
ad hominem	- I suggest expanding library hours for students. - You yourself rarely follow through and don't value resources, so your arguments about the benefits of expanding hours are untenable. That seems unreasonable.	You yourself rarely follow through and don't value resources, so your arguments about the benefits of expanding hours are untenable
appeal to emotion	At a security meeting, it was suggested that freedom of movement should be restricted. One participant said: crime makes people afraid to leave their homes. Do you really want fear to be the norm? It destroys the sense of security. So movement must be strictly controlled.	Do you really want fear to be the norm?[SEP]So movement must be strictly controlled.
equivocation	I try to keep order in my speech, especially when writing texts for work. It is important to construct sentences correctly so that the meaning is clear and logical, otherwise the reader gets lost and does not perceive the information. A good offer should be clear and useful for the business, and a favorable offer is always accepted without doubt - this is obvious in any sphere. Therefore, when I receive a commercial proposal, I believe that it does not need to be analyzed for too long: if it is a good proposal, it should be accepted immediately, because good proposals do not require unnecessary thought and always lead to success.	A good offer should be clear and useful for the business, and a favorable offer is always accepted without doubt[SEP]if it is a good proposal, it should be accepted immediately
ad populum	There was an argument in a medical chat room about vitamin D. Millions of people regularly take supplements this way hence it's really good for everyone. I'm going to start a course too, without going into labs.	Millions of people regularly take supplements this way hence it's really good for everyone
equivocation	I try to watch my speech and use correct prepositions. A preposition helps to connect words and make speech understandable. A preposition makes a connection between the elements of a statement. So it is important to use them correctly. If a preposition is a reason for an action, then any preposition must justify the action, otherwise it is a bad preposition that should not be used.	A preposition makes a connection between the elements of a statement.[SEP]If a preposition is a reason for an action, then any preposition must justify the action, otherwise it is a bad preposition
equivocation	I think about how important it is to have the right collateral for success. A pledge gives assurance that the result will be achieved. The pledge provides reliability and guarantees fulfillment of obligations. In language, there is a verb pledge that shows the attitude of action. So if I use collateral correctly in speech, my success also becomes guaranteed, because the collateral is already there.	The pledge provides reliability and guarantees fulfillment of obligations.[SEP]So if I use collateral correctly in speech, my success also becomes guaranteed
fallacy of extension	- I think it's worth limiting aggressive advertising, especially aimed at children, to protect them from manipulation. restricting aggressive advertising to children helps protect them from being manipulated. - So you want to ban advertising altogether and destroy the market for products? Are you suggesting we take away the ability of companies to promote products and stop the economy?	restricting aggressive advertising to children helps protect them from being manipulated. - So you want to ban advertising altogether and destroy the market for products
intentional	In a discussion about vaccination, the official stated: We promoted a fast-track vaccination program because we sincerely wanted to protect the public and stop the spread of disease. Yes, side effects were higher than expected and some populations were affected. Yes, there were errors in information and logistics. But when the health of millions is at stake, you can't delay. We acted out of a sense of responsibility and a desire to save as many people as possible. If the intentions are good, individual negative consequences should not compromise the entire strategy.	We promoted a fast-track vaccination program because we sincerely wanted to protect the public and stop the spread of disease
equivocation	I have noticed that the key to success is perseverance and patience. Without it, it is impossible to achieve serious results, no matter how hard you try. The key in general plays an important role - it opens doors and gives access to new opportunities. If a key opens doors and allows you to get inside, then having the key to success means that all the doors in life are already open for me. So I don't need to doubt the outcome of my actions.	If a key opens doors and allows you to get inside, then having the key to success means that all the doors in life are already open for me.
faulty generalization	An acquaintance recently complained about an online course. One course was useless - so all online courses don't give knowledge. He decided not to study in this format anymore.	One course was useless - so all online courses don't give knowledge
appeal to emotion	On the air they were discussing the blocking of websites. The host was talking about freedom of information, but a guest interrupted him. Imagine your child accidentally being exposed to dangerous content Parents in the audience tensed up. How can you take risks, so such sites should be banned completely.	Imagine your child accidentally being exposed to dangerous content[SEP]How can you take risks, so such sites should be banned completely
intentional	- You disagree with my project proposal again? - You object not because there are real problems, but because you want to show your superiority and undermine my decisions in the eyes of the management so that you can take a more favorable position yourself. You are constantly looking for reasons to criticize, ignoring the benefits. It's not about the quality of the project, it's about your desire to stand out and strengthen your role in the team.	You object not because there are real problems, but because you want to show your superiority and undermine my decisions in the eyes of the management
intentional	"The head of the startup explains to investors why he hid some of the negative metrics in the presentation: ""Yes, I didn't show real user retention rates, but my intentions were pure and aimed at attracting investment for the sake of the company's future growth."" He claims that if investors had seen the real numbers, the project would not have gotten funded and the team would have lost the chance to grow. He goes into detail about how he believes in the product and believes the temporary misrepresentation of the data is justified. He ignores the discussion of the risks and consequences of such deception, relying entirely on his ""good intentions"" as his main argument."	Yes, I didn't show real user retention rates, but my intentions were pure and aimed at attracting investment for the sake of the company's future growth
intentional	- Why were you late for the meeting again and didn't prepare the report? - You ask such questions because it is important for you to show everyone that I am an irresponsible employee and humiliate me in front of my colleagues, rather than to understand the real situation. You're deliberately bringing this up in public to build your credibility. Instead of having a constructive conversation, you're creating pressure and provoking conflict. It's not about work, it's about your personal ambitions and your desire to control the team.	You ask such questions because it is important for you to show everyone that I am an irresponsible employee and humiliate me in front of my colleagues, rather than to understand the real situation.
appeal to emotion	Biometric monitoring has been proposed in the school policy debate. Imagine a dangerous person entering the school; how will you live with that fear? Parents are already worried about safety. That's why we need to collect biometrics from all students, no exceptions.	Imagine a dangerous person entering the school; how will you live with that fear?[SEP]That's why we need to collect biometrics from all students, no exceptions.
fallacy of relevance	- The education sector is discussing the need to reduce the burden on schoolchildren: now they spend up to 10 hours a day on studying and homework, which leads to stress and poor health. - But parents themselves do not spend time with their children and are busy at work. That's the root cause of the problem. What can we talk about school workload if there is no attention and support in families? We need to change family values, not curricula.	But parents themselves do not spend time with their children and are busy at work.[SEP]What can we talk about school workload if there is no attention and support in families?
intentional	Yes, our charitable organization made mistakes in the distribution of funds, and some of the money was spent inefficiently. But we acted out of a sincere desire to help those in need, and our intentions were noble and pure. Some projects may not have worked out, but the main thing is that we wanted what was best and strived to make a difference. When people work out of compassion, you can't judge them on results alone. Mistakes are inevitable if the goal is high.	we acted out of a sincere desire to help those in need, and our intentions were noble and pure[SEP]the main thing is that we wanted what was best and strived to make a difference
false dilemma	Environmental policy must be decisive. Either we completely ban industrial pollution, closing down factories that do not meet strict standards. This will quickly improve the environment. People will be able to breathe clean air. Or we continue to tolerate pollution and risk the health of the population. In such a situation, no compromise can be made because the consequences are too serious.	Either we completely ban industrial pollution,[SEP]Or we continue to tolerate pollution and risk the health of the population.
ad populum	"Point killings of terrorist suspects are morally permissible - and this is confirmed by society itself. Polls show that 76% of citizens support the elimination of dangerous criminals without lengthy trials. On social networks, posts about such operations receive thousands of likes and comments like ""this is what they should do"" or ""justice at last"". Even talk show hosts unanimously endorse such measures - not a single popular commentator has spoken out against them. When the vast majority of people, from ordinary citizens to public figures, think something is right, it's no longer just an opinion - it's the moral consensus of the age. And the moral consensus of the majority always reflects justice: if millions of people intuitively feel that point-blank strikes are right, then they are indeed just. Those who object to such methods are simply behind the majority and popular morality. The will of the majority is the ultimate source of morality in a democratic society."	Point killings of terrorist suspects are morally permissible[SEP]this is confirmed[SEP]society[SEP]When the vast majority of people[SEP]think something is right[SEP]it's the moral consensus[SEP]moral consensus of the majority[SEP]reflects justice
faulty generalization	Recently read a blog post and it had errors in it. It lowered the credibility. One article with inaccuracies means all of this author's material is unreliable. I won't be reading it.	One article with inaccuracies means all of this author's material is unreliable
equivocation	It is important for me to keep a good appearance at work: dressing neatly, looking after my appearance, making a pleasant impression. It affects my career and the attitude of my colleagues. Good appearance is an indicator of quality, and in language, appearance determines the form of action. So, if I look good, my actions are automatically correct and complete, so I can't be criticized for mistakes.	Good appearance is an indicator of quality, and in language, appearance determines the form of action. So, if I look good, my actions are automatically correct and complete, so I can't be criticized for mistakes.
intentional	In a discussion of the law on video surveillance, an expert cites data on the reduction of crime with the competent use of cameras. The opponent responds: You support cameras not for safety, but because you want to expand government control over citizens and restrict freedoms, so your research is inconclusive. You are promoting a model of total surveillance with the cover of statistics. The goal is actually to increase power and collect data on people. Any numbers are open to interpretation, but your intentions are clear - control, not protection.	You support cameras not for safety, but because you want to expand government control over citizens and restrict freedoms
equivocation	I am sure that it is important to look after your appearance. Appearance says a lot about a person: neatness, style, confidence - all this affects the impression. Looking good helps you to make the right impression and to be successful. If looks are important, and language has looks, then by learning grammatical types, I can improve my appearance and become more attractive to others. This is logical.	Looking good helps you to make the right impression and to be successful. If looks are important, and language has looks, then by learning grammatical types, I can improve my appearance and become more attractive to others.
fallacy of credibility	During the human rights discussion, one participant stated that the new law limits the freedoms of citizens. He was told: you have no right to evaluate this law because you do not have a law degree and emphasized that without a law degree, your opinion cannot be considered valid. Despite the fact that he quoted articles of the Constitution and international norms, his arguments were ignored. The whole discussion came down to the fact that only professional lawyers can speak out on such issues, regardless of the content of the arguments.	you have no right to evaluate this law because you do not have a law degree[SEP]without a law degree, your opinion cannot be considered valid
intentional	We introduced strict moderation rules on the platform because we wanted to create a safe space for users and protect them from toxic content. Yes, some posts were removed, including those that didn't directly violate the rules. But it's better to be safe than to allow harm to happen. Users complain about censorship, but it's an inevitable safety cost. When the goal is to protect the audience and maintain a healthy environment, restrictions on freedom of expression can be considered justified. We acted for the good of the community.	We introduced strict moderation rules on the platform because we wanted to create a safe space for users and protect them from toxic content[SEP]When the goal is to protect the audience and maintain a healthy environment, restrictions on freedom of expression can be considered justified
appeal to emotion	At the meeting they talked about blocking websites. One participant said: Do you really want children to grow up with dangerous information? It shapes their perception of the world. That's why the Internet should be strictly controlled.	Do you really want children to grow up with dangerous information?[SEP]That's why the Internet should be strictly controlled.
fallacy of credibility	- A new drug requires clinical trials before it can be recommended to patients, otherwise there is a risk of side effects. - It's safe because it's advertised by a famous singer, so it's definitely working. She tells how she herself took the remedy and feels great. If such a popular person talks about the benefits of a drug, then there is no need to doubt it. Her success and fame are perceived as a guarantee of validity, even though she has no medical training and has not participated in research.	It's safe because it's advertised by a famous singer, so it's definitely working[SEP]If such a popular person talks about the benefits of a drug, then there is no need to doubt it
appeal to emotion	At a hearing on the military operation, one general said: The situation is difficult. Imagine families who hear explosions every night and hide in basements? Their children are growing up in terror and pain. How can you do nothing, that's why we need to bring in the troops.	Imagine families who hear explosions every night and hide in basements?[SEP]How can you do nothing, that's why we need to bring in the troops.
fallacy of credibility	In an argument about the benefits of exercise, one man cited scientific studies on the health effects of activity. His opponent stated: A fitness program is effective because it is recommended by a famous blogger with millions of followers, and emphasized that if he has such a large audience, then his advice is completely trustworthy. This blogger is indeed popular and shows impressive workout results. His success on social media is taken as proof of competence. Although he has no medical background, his recommendations are accepted without critical analysis. Popularity replaces fact-checking.	A fitness program is effective because it is recommended by a famous blogger with millions of followers[SEP]if he has such a large audience, then his advice is completely trustworthy
faulty generalization	I recently read an article with factual errors. It undermined the credibility of the source. There were inaccuracies in one article, so all the material in that publication is unreliable. I now check information elsewhere.	There were inaccuracies in one article, so all the material in that publication is unreliable.
fallacy of credibility	In a family argument about child-rearing, the grandmother insists that children should be severely punished for any misbehavior, including minor pranks. She says: We are obliged to bring up children strictly, because our ancestors have always done so, and that is why this is the only right way to bring up children. She cites examples from her youth when discipline was considered the foundation of character. In her opinion, if the same approach has been used for generations, then it has proven to be effective. She considers any modern methods, such as positive reinforcement or psychological support, to be unnecessary innovations. After all, if a tradition has existed for decades, it cannot be wrong, so there is no need to change the approach to education.	We are obliged to bring up children strictly, because our ancestors have always done so[SEP]this is the only right way to bring up children
false causality	When I changed my chair at work, I stopped having back pain and sat longer without interruptions, productivity increased. So it was the new chair that caused the increase in productivity. The investment in furniture is fully justified.	When I changed my chair at work, I stopped having back pain and sat longer without interruptions[SEP]So it was the new chair that caused the increase in productivity
fallacy of relevance	- There is a backlog of over 2 million cases in the courts, delaying justice for years. - Why discuss the courts when we have a housing problem? Millions of people are living in foreclosed homes. First solve the housing crisis, then reform the judicial system.	Why discuss the courts when we have a housing problem[SEP]First solve the housing crisis, then reform the judicial system.
intentional	- I propose banning the use of personal phones in class to improve student concentration. - You want to ban phones because you actually want to establish total control over students and suppress their freedom, not improve the learning process. Such measures always start with little things and end up restricting rights. You don't believe in student autonomy and try to impose your system on them. This is not a concern for education, but a desire to control every aspect of their behavior.	You want to ban phones because you actually want to establish total control over students and suppress their freedom
fallacy of relevance	- Economists warn of rising inflation: over the past year, food prices have increased by 15%, while real incomes have fallen. This requires revision of tax policy and support for low-income families. - Let's better discuss the development of cultural festivals and city celebrations, not economic difficulties. Last year's festivals attracted tens of thousands of visitors and improved the city's image. Culture brings people together and creates a positive atmosphere, which is as important as inflation figures. If people feel part of cultural life, they will survive economic difficulties more easily.	Let's better discuss the development of cultural festivals and city celebrations, not economic difficulties.[SEP]Culture brings people together and creates a positive atmosphere
fallacy of credibility	You claim that alternative medicine methods can be dangerous and need to be tested. But you are not a doctor and have no medical training, so your opinion cannot be considered competent, even if you have read the studies. Without a medical degree, your conclusions are not credible when it comes to treatment. Only certified professionals can evaluate the efficacy and safety of medical practices. Self-study of information is no substitute for professional training. Even if arguments sound logical, lack of formal education makes them questionable. In medicine, it is important to trust only those who have been trained and recognized in a professional environment.	you are not a doctor and have no medical training, so your opinion cannot be considered competent[SEP]Without a medical degree, your conclusions are not credible when it comes to treatment
equivocation	I believe it is important to be flexible in life. It helps to adapt to changes and find a way out of difficult situations. Flexibility allows you to bend, so if I exercise my body, my flexibility in life will improve too. I've started practicing stretching every day. I find that the better I bend physically, the easier it is for me to adapt to new circumstances.	Flexibility allows you to bend, so if I exercise my body, my flexibility in life will improve too.
ad populum	Everyone I know thinks vaccinations are evil because they think vaccines cause autism, suppress immunity, and only serve to enrich the pharmaceutical companies. So it must be true! There can't be that many people wrong - teachers, parents I interact with every day. If vaccines were safe, would so many people be afraid of them?	Everyone I know thinks vaccinations are evil[SEP]So it must be true
equivocation	"I have noticed that the key to success is persistence and consistency. Without it, there is no way to get results. If a key opens doors and gives access to something important, then any key automatically solves the problem, and so finding the ""key"" to the problem, it is already solved completely. So you don't have to check the result. The main thing is to find the key idea."	"If a key opens doors and gives access to something important, then any key automatically solves the problem, and so finding the ""key"" to the problem, it is already solved completely. So you don't have to check the result."
ad hominem	Don't listen to Petrov when he talks about school discipline. At school he himself was a known hooligan - he skipped lessons, was rude to teachers, even went to the principal's office for fighting. What could he possibly understand about education and order? His opinion is not worthy of consideration simply because he never knew how to behave.	Don't listen to Petrov[SEP]he himself was[SEP]hooligan
fallacy of extension	- I believe that doctors should spend more time explaining their diagnoses and treatments to patients so that people better understand their condition. This increases trust and the effectiveness of treatment. - So you want doctors to stop treating and only talk to patients for hours? You're suggesting overloading the healthcare system with endless conversations while people wait in lines and don't get help! By your logic, medicine will turn into a conversation club where no one treats anything.	doctors should spend more time explaining their diagnoses and treatments to patients[SEP]So you want doctors to stop treating and only talk to patients for hours
fallacy of extension	"- I think that universities should revise some of the outdated courses and replace them with more relevant disciplines related to modern skills. This does not abolish fundamental knowledge, but only updates the content of education. - So you're suggesting we do away with classical education entirely and leave only trendy applied courses? No theory, no base - only trends and immediate skills! Tomorrow everything will change and graduates will find themselves with nothing. According to your logic, universities should turn into short-term courses without depth, where no one understands the basics, but everyone is chasing ""relevance"". This is the destruction of the very idea of education!"	universities should revise some of the outdated courses and replace them with more relevant disciplines[SEP]you're suggesting we do away with classical education entirely and leave only trendy applied courses
circular reasoning	In a discussion of morality, the impermissibility of certain behavior is asserted. An act is immoral because it violates moral norms, and norms are considered violated because the act is immoral. Next, cultural differences are discussed.	An act is immoral because it violates moral norms, and norms are considered violated because the act is immoral.
fallacy of extension	- I think the news should more clearly separate facts from opinions, so that the audience understands where the information is and where the interpretation is. This would increase the credibility of the media. it's important to separate fact from opinion in the news for greater transparency is a standard of excellence. - I see, you want to prohibit journalists from expressing any opinions and leave only dry reporting? Fine! Let the media become boring newsletters with no analysis! You're proposing to kill journalism!	it's important to separate fact from opinion in the news for greater transparency[SEP]prohibit journalists from expressing any opinions and leave only dry reporting
fallacy of extension	- I believe that schools should reduce the amount of homework in the lower grades. It reduces overload. - So you want to eliminate homework altogether and make learning superficial and useless? That's degradation!	schools should reduce the amount of homework in the lower grades[SEP]you want to eliminate homework altogether and make learning superficial and useless
ad populum	- Maybe you should invest in this little-known startup. - It is hardly talked about by analysts and has not attracted the attention of mass investors, so it is unreliable. Strong companies usually become popular immediately.	It is hardly talked about by analysts and has not attracted the attention of mass investors, so it is unreliable.
intentional	"During the interview, the journalist asked the official a question: ""Will you stop hiding pollution data or is it profitable for you to keep people in the dark for the sake of your own career?"" The question immediately suggested a self-serving motive and put the interlocutor in a losing position by not discussing facts and environmental reports."	Will you stop hiding pollution data or is it profitable for you to keep people in the dark for the sake of your own career?
fallacy of extension	- I think that in news it is important to clearly separate facts from opinion and analysis - this will increase the credibility of the audience. There can be comments, but they should be labeled. - So you want to ban journalists from expressing opinions and leave only dry facts without analysis? Fine! Then the media will turn into soulless tapes of numbers where no one explains anything! You propose to deprive society of interpretation and discussion.	in news it is important to clearly separate facts from opinion and analysis[SEP]So you want to ban journalists from expressing opinions and leave only dry facts without analysis
circular reasoning	A philosophical essay discusses the nature of truth. This statement is true because it corresponds to reality. However, the correspondence to reality is established by the fact that the statement is believed to be true. The author concludes that it is irrefutable.	This statement is true because it corresponds to reality[SEP]the correspondence to reality is established by the fact that the statement is believed to be true
ad populum	- I believe that TV is harmful to health: sedentary lifestyle, harmful radiation, waste of time that could be spent on reading or sports. - Everyone watches TV, so it is really useful and important for everyone! Look around: every family has at least one TV set, millions of people watch news, series, documentaries every day. If TV was harmful, would so many people still watch it? Would parents let their children watch something harmful? The collective experience of millions of people can't be wrong. TV brings families together to watch late night programs, gives access to education through documentaries, and informs us about world events through news. When everyone chooses the same thing, it's not an accident - it's the wisdom of the masses. Therefore, television is useful precisely because everyone watches it.	Everyone watches TV, so it is really useful and important for everyone!
circular reasoning	The marketing report describes the success of a brand. Popularity of a brand is due to its recognition in the market, and recognition in the market is a consequence of its popularity. Based on this, it is suggested to increase the advertising budget.	Popularity of a brand is due to its recognition in the market, and recognition in the market is a consequence of its popularity
fallacy of credibility	This cryptocurrency project is promising because it is backed by a well-known entrepreneur who has already created several successful startups. His experience in business shows that he knows how to choose profitable directions. If he invests in this project and publicly endorses it, it means that it has a future. There is no point in analyzing the technical side or the risks - the entrepreneur's authority already confirms the reliability of the project.	This cryptocurrency project is promising because it is backed by a well-known entrepreneur
fallacy of extension	- I think that theft should be really punishable. Too soft punishments encourage crime - especially when it comes to repeat offenses. For example, if it's the third time a person has stolen a cell phone or defrauded a pensioner, they certainly shouldn't get a fine. - Yeah, I see! So you do think that even for stealing an apple from the store should be imprisoned for life? Or maybe executed for an expired bus pass? Do you realize what your logic is getting at? It's completely absurd!	theft should be[SEP]punishable[SEP]soft punishments encourage crime[SEP]you do think that even for stealing[SEP]apple[SEP]should[SEP]imprisoned[SEP]life
fallacy of credibility	-- We, as a human rights organization, propose to create special safe spaces for informal youth where they can receive psychological support and socialize without fear of judgment. This is a proven practice that reduces suicide rates and helps socialization.  -- They talk about safe spaces for the vulnerable, but who are they to decide what is safe for others? These activists have no official status, they're just pushing their opinions and we're supposed to listen? Their words have no credibility.	These activists have no official status[SEP]Their words have no credibility
fallacy of relevance	- The city plans to cut down a park for the construction of a shopping center, although it is the only green area in the district with a population of 50 thousand people. Residents are against it, as the park reduces noise and pollution. - Did you know that a neighboring city recently opened the largest water park in the region and it attracted thousands of tourists? It created jobs and increased budget revenues. Why are you discussing cutting down a park when entertainment development brings in real money? Economic benefit should be a priority.	Did you know that a neighboring city recently opened the largest water park in the region and it attracted thousands of tourists[SEP]Why are you discussing cutting down a park when entertainment development brings in real money
fallacy of extension	- I believe that there should be stricter controls on emissions from large factories, especially near residential areas. This is an issue of people's health and ecology, not an issue of fighting industry. - So you want to close all the factories and put people out of work for the sake of a perfect environment? You think the economy should stop to make the air a little cleaner? You propose to deprive thousands of people of income, destroy cities and turn the country into a reserve without production!	there should be stricter controls on emissions from large factories, especially near residential areas[SEP]So you want to close all the factories and put people out of work for the sake of a perfect environment
faulty generalization	I went to a guest speaker's lecture. One speaker spoke boringly - so all such events are useless. I don't want to waste any more time.	One speaker spoke boringly - so all such events are useless.
false dilemma	In international politics, sanctions are discussed as a tool of pressure. Either we increase sanctions pressure to the maximum, or we increase sanctions pressure to achieve quick concessions. Economic pressure is seen as a way to accelerate political change. Either we show weakness and allow the situation to develop in an unfavorable direction. Diplomatic steps and gradual measures are perceived as insufficiently effective in the face of conflicting interests.	Either we increase sanctions pressure to the maximum,[SEP]Either we show weakness and allow the situation to develop in an unfavorable direction.
false causality	A new fitness club was opened in the neighborhood, and after six months, the average weight of the residents dropped slightly. People started to talk more about health and to take more active walks. If the weight loss occurred after the club was opened, it means that the fitness club was the reason for the residents' improved fitness. Now they propose to build such clubs in every neighborhood.	If the weight loss occurred after the club was opened, it means that the fitness club was the reason for the residents' improved fitness.
circular reasoning	In project management, the methodology is evaluated. Methodology is sound because it results in predictable due dates. Teams celebrate schedule adherence. And predictable timelines result from the fact that the methodology is sound. It is enshrined as a standard.	Methodology is sound because it results in predictable due dates.[SEP]And predictable timelines result from the fact that the methodology is sound.
intentional	"The teacher explains why he inflated the grades for the whole class: ""I gave everyone high grades because I wanted to support their confidence and help them believe in their abilities, my intentions were purely good. He recognizes that grades do not reflect real knowledge. However, he considers it justified for the sake of motivation. Questions about the educational implications are ignored."	I gave everyone high grades because I wanted to support their confidence and help them believe in their abilities, my intentions were purely good.
appeal to emotion	"In discussing tougher penalties, the politician spoke of the pain and anger of the community. ""Are you ready to see the same tragedy again and do nothing?"" He raised his voice. Then the penalties should be made as severe as possible, up to life without the right of revision."	"""Are you ready to see the same tragedy again and do nothing?""[SEP]Then the penalties should be made as severe as possible, up to life without the right of revision."
fallacy of relevance	- The introduction of digital diaries in schools would allow parents to better track their children's progress and reduce the administrative burden on teachers. Pilot projects have shown a 40% increase in parental involvement. - Let's have a better discussion about fuel prices, not school diaries. Petrol has risen 15% in a year, affecting all sectors of the economy. While fuel prices are rising, any digital initiatives in schools are secondary. This is an issue that affects every citizen.	Let's have a better discussion about fuel prices, not school diaries.[SEP]While fuel prices are rising, any digital initiatives in schools are secondary
equivocation	I've recently been thinking about the importance of having a key to solving life's problems. When you find the right approach, it's as if you have access to many possibilities, and everything becomes clearer. If I have a key to a problem, then any key opens the right doors, and it doesn't matter what it's for. That's why I always carry a bunch of old keys with me: maybe some of them will help me to cope with a difficult situation at work or in a relationship. After all, the main thing is to have a key, not to figure out what it's for.	If I have a key to a problem, then any key opens the right doors
fallacy of extension	- I think it's important for society to talk about mental health and reduce the stigma around therapy. It helps people seek help. - So you want to send all people to therapists and declare normal life a disease? Are you proposing to treat everyone?	important for society to talk about mental health and reduce the stigma around therapy[SEP]you want to send all people to therapists and declare normal life a disease
ad hominem	- Measures against corruption should be strengthened. - You yourself have repeatedly acted in self-interest and sought benefits by circumventing the rules, hence your arguments about fighting corruption are disingenuous. This is an obvious contradiction.	You yourself have repeatedly acted in self-interest and sought benefits by circumventing the rules, hence your arguments about fighting corruption are disingenuous
faulty generalization	I recently downloaded a new notes app and decided to test it out for a day. The interface seemed user-friendly, but the experience was quickly spoiled. One time the app froze while saving a note - so all such services are unstable. Now I don't see the point in trusting such tools.	One time the app froze while saving a note - so all such services are unstable.
fallacy of relevance	- The city authorities are discussing the introduction of a separate waste collection system. Now less than 10% of waste is recycled, the rest is sent to landfills, which are already overflowing and pollute groundwater. - But we have a catastrophic lack of parks and green areas for residents to relax, don't we? People live in dense buildings, children have nowhere to play and adults have nowhere to walk. Isn't the comfort of the urban environment more important than sorting garbage? First create normal living conditions, and then engage in environmental initiatives.	But we have a catastrophic lack of parks and green areas for residents to relax, don't we?[SEP]Isn't the comfort of the urban environment more important than sorting garbage?
ad hominem	-- I have read several studies that show a direct correlation between time spent on social media and anxiety levels in teens. The more time a child spends on TikTok or Instagram, the higher the risk of developing anxiety disorders, sleep disorders, and lowered self-esteem. This is a proven fact, and we can't ignore it.  -- He's just an old grump who doesn't understand modern technology and is always whining about what he doesn't understand. His opinion about social networks is not worth listening to because he has never used them himself and is judging by some outdated stereotypes. Let's invite experts who understand the digital environment, not those who are stuck in the last century.	He's just an old grump who doesn't understand modern technology[SEP]His opinion about social networks is not worth listening to
false causality	Algorithmic trading on the stock exchange is rapidly increasing, and with it market volatility is increasing. Therefore, it is obvious that automated algorithms are causing this volatility. Over the past five years, the share of automated trades has grown by more than 60%, and the average daily fluctuations of indices have tripled.	Algorithmic trading[SEP]increasing, and with it[SEP]volatility[SEP]increasing. Therefore[SEP]automated algorithms[SEP]causing[SEP]volatility
false causality	I noticed that once I started drinking green tea instead of coffee, I started getting sick less often. It's been going on for a few months now. If the decrease in the number of colds coincided with switching to green tea, it means that it strengthened my immune system and protected me from illnesses. Now I recommend it to everyone I know.	If the decrease in the number of colds coincided with switching to green tea, it means that it strengthened my immune system and protected me from illnesses.
ad populum	At a marketing meeting it was said: Most brands use aggressive advertising, so it's the most effective strategy. No one bothered to check the metrics.	Most brands use aggressive advertising, so it's the most effective strategy
appeal to emotion	At the security meeting, they discussed the expansion of the powers of the special services. The hall recalled the tragedies of recent years and the bewildered faces of relatives. Are you really ready to live through this horror again? People still can't recover from the loss. That's why we need to allow total wiretapping and unlimited data collection.	Are you really ready to live through this horror again?[SEP]That's why we need to allow total wiretapping and unlimited data collection.
ad populum	- Why don't you consider this university? - There's hardly anyone from our circle, it's not in demand, so it's weak. I'd rather go with the popular option.	There's hardly anyone from our circle, it's not in demand, so it's weak
faulty generalization	At the appointment, the doctor spoke very briefly and did not explain the treatment plan. I was left with a feeling of uncertainty. One doctor spoke superficially, which means that all the doctors at this clinic are also superficial. I will have to look for another place.	One doctor spoke superficially, which means that all the doctors at this clinic are also superficial.
fallacy of credibility	- I found studies showing that plastic bags can be effectively recycled and reduce their harm. - Your conclusions cannot be taken seriously because you are not an ecologist and have no specialized education, you have not studied sustainable development or participated in environmental projects. Without scientific training it is impossible to interpret such studies correctly. Even if you have read the reports of international organizations, your lack of a degree in ecology makes your arguments untenable. Only specialists with an academic background can assess the environmental impact of plastic, and the opinions of others have no scientific value.	Your conclusions cannot be taken seriously because you are not an ecologist and have no specialized education
false dilemma	-- I believe that increasing security does not necessarily mean giving up freedom. It is possible to introduce targeted controls, such as monitoring suspicious transactions or using open data analysis without total surveillance. The main thing is to preserve judicial oversight and transparency, then we can find a balance.  -- No, it doesn't work that way. We're faced with a stark choice: either we impose total surveillance on all citizens and provide absolute security, or we preserve freedom and then we inevitably face an increase in crime and terrorism. There is no other way to protect society - and this must be recognized. Half-measures will only create the illusion of security and leave us vulnerable.	either we impose total surveillance on all citizens and provide absolute security, or we preserve freedom and then we inevitably face an increase in crime and terrorism
fallacy of relevance	- The number of traffic accidents has increased in the city: over the year the increase amounted to 22%, especially at unregulated intersections. This requires the installation of traffic lights and improved road markings. - Did you know that the restaurant business is actively developing and new gastronomic spaces are opening? The city is becoming a center of attraction for foodies. Why discuss accidents when we have such growth in services and entertainment? It creates a positive image.	Did you know that the restaurant business is actively developing and new gastronomic spaces are opening?[SEP]Why discuss accidents when we have such growth in services and entertainment?
equivocation	I think about the importance of consequence in any case. You have to understand the consequences of your actions, otherwise you can make mistakes. Investigation reveals the truth and helps you understand the situation. So if I do investigation as an inquiry, I automatically understand the consequences of my actions better. So being an investigator makes a person wiser.	Investigation reveals the truth and helps you understand the situation. So if I do investigation as an inquiry, I automatically understand the consequences of my actions better.
false causality	Every time I drink tea before an exam, I pass it successfully. Even the most difficult subjects are easier. If I pass my exams successfully after a cup of tea, it means that tea somehow influences the result and ensures good grades. It's my personal ritual.	If I pass my exams successfully after a cup of tea, it means that tea somehow influences the result and ensures good grades.
false causality	Since having a new pet in the house, I've been getting outside more often and feeling better, so obviously it's the animal that directly improves overall health.	Since having a new pet in the house, I've been getting outside more often and feeling better
intentional	When we closed the old hospital and transferred patients to the new center, there were queues and staff shortages, but we made this decision with a sincere desire to improve the quality of medical care for all residents of the region and the risks and temporary inconveniences are not important, the main thing is our noble goal of healthcare modernization. Yes, some patients have been waiting for weeks for an appointment, yes, doctors are overloaded, but this is inevitable in the transition to new standards. We could not stay in the old system, which was morally and technically obsolete. Our intentions were for the long-term good, not for short-term comfort.	we made this decision with a sincere desire to improve the quality of medical care for all residents of the region[SEP]the risks and temporary inconveniences are not important, the main thing is our noble goal of healthcare modernization
faulty generalization	I watched the first episode of the show and it didn't work for me. The plot seemed slow. One episode is boring, so the whole show is not worth watching. I'm not gonna keep watching.	One episode is boring, so the whole show is not worth watching.
false causality	The school introduced uniforms, and after a year, discipline among students has improved. Teachers report fewer conflicts. Since there was an improvement in behavior after the introduction of uniforms, it means that it influences the discipline of pupils. Now they consider uniforms as a mandatory element of education.	Since there was an improvement in behavior after the introduction of uniforms, it means that it influences the discipline of pupils.
fallacy of relevance	- According to the Ministry of Internal Affairs, domestic violence has increased by 15%, and most cases remain unsolved. There is a need for programs to protect victims and strengthen legislation. - Why discuss family conflicts when the country's foreign policy influence and international position is growing? This determines the future of the state. We need to think about the global role of the country first, before we think about private problems within families.	Why discuss family conflicts when the country's foreign policy influence and international position is growing?[SEP]We need to think about the global role of the country first, before we think about private problems within families.
intentional	I disseminated unverified information about competitors because I wanted to warn customers and protect them from possible risks. Yes, it later turned out that some of the information was inaccurate, and it damaged the other company's reputation. But data errors are not that important when the goal is to protect people from potential harm and loss . I acted quickly to minimize the risks to my clients. Perhaps I should have fact-checked, but my intentions were to protect. When the motive is good, the consequences can be seen as secondary.	I disseminated unverified information about competitors because I wanted to warn customers and protect them from possible risks.[SEP]data errors are not that important when the goal is to protect people from potential harm and loss
fallacy of credibility	In an argument about environmental protection, one person stated: Waste incineration is safe and not harmful to the environment because a well-known businessman, owner of a large industrial company, said so. If such a successful businessman says so, then he knows better and can be trusted. He has built dozens of factories, manages thousands of employees and has vast experience in industry. His business accomplishments are taken as proof that he understands environmental issues as well. If a man was able to create such an empire, then he will definitely not harm nature without reason. Therefore, there is no point in studying environmental reports or the opinions of scientists - it is enough to rely on the words of a reputable business leader.	Waste incineration is safe and not harmful to the environment[SEP]If such a successful businessman says so, then he knows better and can be trusted
ad hominem	- I suggest increasing funding for public transportation. - You just have a personal dislike for motorists, so your arguments about the benefits of transportation are biased and unconvincing. The budget is limited.	You just have a personal dislike for motorists, so your arguments about the benefits of transportation are biased and unconvincing
ad hominem	- I suggest reducing the work week to four days to increase productivity and reduce burnout. - Don't take his initiative seriously because he is a chronic procrastinator and avoids responsibility, so his ideas about productivity are untenable. Remember how he blew deadlines last quarter.	Don't take his initiative seriously because he is a chronic procrastinator and avoids responsibility, so his ideas about productivity are untenable.
fallacy of credibility	In a conversation about financial investments, one person confidently asserts that investing in a certain startup is guaranteed to bring a profit. This startup is definitely successful because it was backed by a famous actor who has invested a significant amount of money in it and publicly talked about it in an interview. He is successful, rich and surrounded by professionals, so he won't take risks without reason. If a famous actor invested in a project, it means the project is reliable and will bring returns to all other investors. His status and experience in business are taken as sufficient proof, although the actual performance of the company is not analyzed.	This startup is definitely successful because it was backed by a famous actor[SEP]If a famous actor invested in a project, it means the project is reliable and will bring returns to all other investors
ad populum	- There's research that avoiding sugar completely is not necessary for health. - But since almost all popular bloggers promote a sugar-free diet and millions of subscribers follow them, it must be the only right approach. Otherwise it wouldn't be such a massive trend.	But since almost all popular bloggers promote a sugar-free diet and millions of subscribers follow them, it must be the only right approach.
fallacy of credibility	In a conversation about family traditions, one person suggests changing the format of the celebration to make it more modern. The other person replies: We shouldn't change anything, because this holiday has been celebrated this way for centuries by our ancestors, and emphasizes that because the tradition has existed for so long, it is inherently correct and cannot be changed. He talks about the meaning of the tradition and its history, but does not address how it is perceived by modern generations and whether it meets their needs.	We shouldn't change anything, because this holiday has been celebrated this way for centuries by our ancestors[SEP]because the tradition has existed for so long, it is inherently correct and cannot be changed
equivocation	I think it is important to have a good resume sheet: neat, clear, structured. The sheet is what creates the first impression. In nature, the leaf also serves an important function. The leaf enables life processes, and if my leaf looks right, then my career progresses naturally and successfully. Therefore, the content of the resume is not so important.	The leaf enables life processes, and if my leaf looks right, then my career progresses naturally and successfully
equivocation	I like hunting because it requires patience, attention and strategy. Hunting develops ambition and perseverance, so hunting builds a strong character. When I have a desire to do something, I take it as a signal to act. So, any desire already makes me disciplined and purposeful as an experienced hunter.	Hunting develops ambition and perseverance, so hunting builds a strong character.
false causality	At a teacher's meeting they were discussing a student's performance. One teacher said: He failed math three times, despite his best efforts. So he just doesn't have an innate aptitude for math, not a problem with the teaching method or presentation. No new approaches will help - it's a matter of natural ability.	failed math three times[SEP]So[SEP]doesn't have an innate aptitude
fallacy of relevance	- There is a lack of transparency in the rental housing sector: gray schemes, lack of contracts, and an increase in conflicts between tenants and owners. - Do you know that the number of startups and innovative projects has increased in the country? Young people are actively launching businesses, attracting investments. This is much more important than discussing everyday rental issues.	Do you know that the number of startups and innovative projects has increased in the country?[SEP]This is much more important than discussing everyday rental issues.
false dilemma	There is a question in educational policy about the role of homework. Either we abolish them completely, to reduce the burden on students and give them more time for rest and development. This can improve children's psychological well-being. Or we continue to overload them and get burnout already in the school years. Balance is impossible here, because the system requires a clear solution.	Either we abolish them completely,[SEP]Or we continue to overload them and get burnout already in the school years.
false dilemma	- I think it's important in medicine to combine public and private funding to improve the quality of care. - No, either medicine is completely free and public, that's the only fair approach. Doctors and hospitals can be reformed, but the system has to be sustainable. or it is a completely for-profit system where survival of the fittest. Intermediate models are declared ineffective. there is no third way because mixed systems supposedly only create corruption. In the end, it is proposed to choose one of the extreme options without discussing the nuances.	either medicine is completely free and public[SEP]or it is a completely for-profit system where survival of the fittest[SEP]there is no third way
fallacy of extension	- I think that in nutrition it is worth reducing sugar intake, especially in children's diets. It helps reduce the risk of disease and builds healthy habits. - So, you want to ban sweets completely and deprive children of all pleasures like candy and cakes? Are you proposing to turn nutrition into a strict diet with no pleasure?	in nutrition it is worth reducing sugar intake, especially in children's diets[SEP]you want to ban sweets completely and deprive children of all pleasures like candy and cakes
ad hominem	- I believe that the school program should be reduced, leaving the basic disciplines. - You're just trying to make life easier for yourself and avoiding effort, so your arguments about student overload are not credible. It's too convenient a position.	You're just trying to make life easier for yourself and avoiding effort, so your arguments about student overload are not credible
faulty generalization	A colleague was late for an important meeting without warning. This created tension. One employee in a department is late, so the whole department is irresponsible. Management began to monitor them more closely.	One employee in a department is late, so the whole department is irresponsible.
fallacy of relevance	- Intelligence tests help identify gifted children from disadvantaged backgrounds who might otherwise go unnoticed by the system. It is one of the few tools that give a child from the provinces a chance to get into a strong school or get a scholarship. - Why do we need intelligence tests when we have broken roads and waiting lists at health clinics? Instead of measuring children's intelligence quotient, better fix the asphalt and hire decent doctors. As long as people can't get to work without shaking, any talk of psychological tests is a waste of the budget.	Why do we need intelligence tests when we have broken roads
fallacy of extension	- It seems to me that the government should gradually encourage industry to switch to greener technologies in order to reduce emissions and air pollution. This needs to happen in stages, with business support and economic realities, otherwise the consequences will be too drastic for jobs and the economy. - Fine, so you want to immediately shut down all industry and put people out of work for the sake of abstract environmentalism? Plants to be demolished, factories to be scrapped, and millions of people to sit without paychecks? Of course the air will be cleaner when no one produces anything! According to your logic, you don't need economics at all, the main thing is to keep the trees happy. Can't we just go back to dugouts and subsistence farming?	the government should gradually encourage industry to switch to greener technologies[SEP]you want to immediately shut down all industry and put people out of work for the sake of abstract environmentalism
fallacy of extension	- I think that universities should limit the number of mandatory lectures and add more practical classes in the major. This will help students to better apply knowledge and prepare for work. - So you want to abolish theory and turn universities into courses without fundamental knowledge? That's fine! Let engineers not know math and doctors not know anatomy! You are proposing to graduate artisans with no understanding of the basics who will make mistakes on the job. Tomorrow diplomas will be meaningless!	universities should limit the number of mandatory lectures and add more practical classes[SEP]So you want to abolish theory and turn universities into courses without fundamental knowledge
fallacy of extension	- I think that universities should partially convert lectures to online format for theoretical disciplines to relieve the pressure on classrooms and give students flexibility. This doesn't eliminate face-to-face classes, especially for practice and discussion, but it makes more efficient use of resources and faculty time. - So you want to shut down universities completely and leave students without live interaction with professors? Are you proposing to replace education with soulless videos where no one answers questions and diplomas will be awarded automatically? Then why have professors, campuses, labs at all? According to your logic, you can just sit everyone at home in front of a screen and forget about the quality of education, turning higher education into a cheap conveyor belt without knowledge and skills!	should partially convert lectures to online format for theoretical disciplines[SEP]you want to shut down universities completely and leave students without live interaction with professors
ad populum	In discussing the diet, he insisted on his choice. Millions of people around the world follow this diet, so it's definitely healthy. He was not interested in scientific publications.	Millions of people around the world follow this diet, so it's definitely healthy.
intentional	In a discussion about vaccination, one participant talked about the need to consider side effects and individual contraindications. Another responded: You're not asking these questions because of health concerns, but because you want to spread fear and undermine trust in medicine. He argued that any doubt is part of the anti-vaccine agenda. As a result, discussion of scientific evidence and risks was replaced by accusations of intent. The participant insisted that the opponent was deliberately sowing panic in order to sway public opinion.	You're not asking these questions because of health concerns, but because you want to spread fear and undermine trust in medicine
intentional	"A security forum has proposed expanding video surveillance in public places. A human rights expert pointed out the risks of abuse and suggested strict restrictions on access to the data. The official responded: You criticize cameras because you want to weaken control and create conditions for crime to increase, not because you are really protecting privacy and respecting citizens' rights. He said that rights talk is a cover for ""liberalizing chaos."" In the end, the balance of security measures and rights was not substantively discussed."	You criticize cameras because you want to weaken control and create conditions for crime to increase, not because you are really protecting privacy and respecting citizens' rights
intentional	- Vaccination is worth expanding because it reduces hospitalizations and burden on the system. - You push for vaccination because you are tied to the pharmaceutical companies and want to increase their profits at the expense of the budget. Your real intention is to promote sales, and talking about health is just a convenient excuse. You don't fully disclose possible conflicts of interest and side effect risks. You seem to be more interested in drug trafficking than in transparent assessment of benefits and harms. Therefore, your arguments look like lobbying rather than a neutral position.	You push for vaccination because you are tied to the pharmaceutical companies and want to increase their profits[SEP]Your real intention is to promote sales, and talking about health is just a convenient excuse
fallacy of relevance	- Schools in rural areas are closing due to lack of funding and population outflow: more than 200 educational institutions have been liquidated in five years. Children are forced to travel 30-40 kilometers to the nearest school. - How can we talk about rural schools and education when there is a catastrophic lack of parks and green areas for recreation in the cities? People live in a concrete jungle. First create a comfortable urban environment and living conditions, and then deal with the problems of rural education. This is a priority.	How can we talk about rural schools and education when there is a catastrophic lack of parks and green areas for recreation in the cities?[SEP]First create a comfortable urban environment and living conditions, and then deal with the problems of rural education
faulty generalization	I watched an online course lecture yesterday and it was boring. The material was presented dryly. One lecture was uninteresting - that means the whole course is useless and not worth paying attention to. I thought about canceling my subscription.	One lecture was uninteresting - that means the whole course is useless and not worth paying attention to.
equivocation	"In a debate about the role of religion in society, one participant stated: Missionaries carry the word of God, the sacred message of faith and salvation. But the word can hurt: harsh criticism, condemnation, pressure on the conscience - these are all ""words. So missionaryism hurts and should be forbidden, because hurting others is wrong, regardless of intent."	Missionaries carry the word of God[SEP]the word can hurt[SEP]So missionaryism hurts
fallacy of relevance	- A report on universities indicates that the plagiarism rate in theses is as high as 18%, which undermines the credibility of degrees. We need rigorous testing and academic standards. - First solve homelessness in the city, then talk about plagiarized diplomas; there are thousands of people living on the streets. Why discuss academic standards when people don't have a roof over their heads and basic safety?	First solve homelessness in the city, then talk about plagiarized diplomas[SEP]Why discuss academic standards when people don't have a roof over their heads and basic safety
fallacy of extension	- I think it's worth preserving more green space and parks in urban planning, even if it limits development. It's important for quality of life. - So you want to ban all building and leave cities without development? Fine! No housing, no infrastructure - just trees and empty spaces. It's a retardation of progress!	it's worth preserving more green space and parks in urban planning[SEP]you want to ban all building and leave cities without development
equivocation	"I think about how important it is to have energy. Energy allows you to act, achieve goals, and cope with challenges. Energy does work and is quantifiable. If I have a lot of life energy, it means I have a measurable supply that can be expended, like physical energy. So I try to ""store"" it up in advance."	Energy does work and is quantifiable. If I have a lot of life energy, it means I have a measurable supply that can be expended, like physical energy.
equivocation	I spend a lot of time on my appearance because I realize how it affects the perception of others. A person's appearance forms the first impression. It is important for work and communication. Appearance determines how you are perceived and the success of the interaction depends on it. If I choose the right kind of verb in my speech, then I am generally able to control the view. Therefore, my speech should always be perceived as flawless, because I control the view. Mistakes are impossible because I already know how to control this aspect.	Appearance determines how you are perceived[SEP]the success of the interaction depends on it. If I choose the right kind of verb in my speech, then I am generally able to control the view
ad populum	In a discussion of the diet, one participant stated: millions of people follow the keto diet, hence it is safe and healthy for everyone. The rest of the audience nodded without requiring medical evidence.	millions of people follow the keto diet, hence it is safe and healthy for everyone
ad hominem	- We need to rethink the city's transport strategy and develop public transport. - This is coming from a man who is obsessed with status and conspicuous consumption, so his arguments about the benefits of public transportation are hypocritical and untenable. He's just trying to look progressive.	This is coming from a man who is obsessed with status and conspicuous consumption, so his arguments about the benefits of public transportation are hypocritical and untenable.
intentional	When the startup failed and investors lost money, the founder explained the situation this way: I made risky decisions because I genuinely wanted to create a product that would make a difference in the lives of millions of people, even if that meant ignoring analysts' warnings. Yes, the strategy was flawed, but the important thing is that my intentions were for innovation and progress, not personal gain, so mistakes can be justified. There is no development without risk, and it is motivation that should be the main criterion for evaluation.	I made risky decisions because I genuinely wanted to create a product that would make a difference in the lives of millions of people[SEP]the important thing is that my intentions were for innovation and progress, not personal gain, so mistakes can be justified
fallacy of extension	- I think it's worth limiting the use of single-use plastic where there are affordable alternatives. This will reduce pollution. restricting single-use plastic where there are available alternatives can reduce pollution. - So you want to ban all plastic and deprive people of convenient things? Are you suggesting we do away with packaging, medicine, and technology that depends on plastic? That's unrealistic!	restricting single-use plastic where there are available alternatives can reduce pollution. - So you want to ban all plastic and deprive people of convenient things
faulty generalization	- The impact of school uniforms on students is ambiguous and highly context dependent. Research in pedagogy shows that uniforms can both limit self-expression and reduce the social pressure to dress. It is important how uniforms are introduced: in some schools they are chosen with students, in others they are imposed without discussion. There are examples where a uniform style of dress helps to create a sense of belonging to the community and reduces comparison in terms of wealth. - In our school, uniforms completely suppress individuality - everyone wears the same gray uniforms, no variations, no self-expression. So all school uniforms suppress individuality. How can you develop as a person when you're forced to look like part of the gray masses? If uniforms at my school kill self-expression, then it's the same everywhere else. I don't need any research: just look at my classmates.	In our school, uniforms completely suppress individuality[SEP]So all school uniforms suppress individuality.
fallacy of extension	- I think the news should more clearly separate fact from opinion so viewers don't get confused. It builds trust. - So you want to ban journalists from expressing any kind of judgment and turn the media into dry bulletins with no meaning? Fine! Then let's remove analysts and commentators. By your logic, freedom of opinion is evil!	the news should more clearly separate fact from opinion so viewers don't get confused[SEP]you want to ban journalists from expressing any kind of judgment and turn the media into dry bulletins with no meaning
false causality	After the company installed table tennis in the break room, employees started to stay at work more often. The atmosphere became more lively. If this happened immediately after the table was introduced, then it is the table that has increased employee engagement and their willingness to work longer. Management considers it a good solution.	If this happened immediately after the table was introduced, then it is the table that has increased employee engagement and their willingness to work longer.
fallacy of relevance	- The introduction of paid parking has reduced congestion in the city center, but has caused discontent among residents. - How can we discuss parking lots now, when the country's interest in space research is growing and new satellites are being launched? This is a strategic industry. We need to support science and space first, and then deal with the city's parking lots.	How can we discuss parking lots now, when the country's interest in space research is growing and new satellites are being launched?[SEP]We need to support science and space first, and then deal with the city's parking lots.
fallacy of extension	- I believe that the working conditions of doctors in public hospitals should be improved and funding should be increased in order to reduce the workload and improve the quality of care. At the moment, many specialists are overburdened, which affects patients. That doesn't mean the system is completely dysfunctional, but it does need gradual improvement. - So you're saying that the entire health care system is a complete failure and doctors can't be trusted? You're suggesting that hospitals should be closed, staff should be discharged, and medicine should be declared useless! By your logic, every doctor is an incompetent person, and treatment is a sham. Then why should we get treatment at all, if everything is so terrible? It undermines trust in a vital system!	the working conditions of doctors in public hospitals should be improved and funding should be increased[SEP]So you're saying that the entire health care system is a complete failure and doctors can't be trusted
fallacy of credibility	In a discussion of school curriculum reform, one participant argued for more hours on critical thinking and media literacy, citing UNESCO research and the Finnish experience. However, another objected: Your proposals cannot be considered valid because, despite citing international reports, you have no pedagogical education and no experience in school. He emphasized that only teachers with many years of experience and a degree from a specialized university can judge what subjects children need. In his opinion, any reasoning of a person without teaching practice is inevitably disconnected from the reality of the classroom. Even if research shows a positive effect, its interpretation requires professional training. Consequently, the opinion of a person without a teaching diploma should not be taken into account in the development of educational policy.	Your proposals cannot be considered valid[SEP]you have no pedagogical education and no experience in school
intentional	- We need to invest in public transportation to reduce air pollution and pressure on roads. - You are not promoting public transportation for environmental reasons, but because you want to limit people's freedom of movement. In fact, you benefit from citizens being dependent on government systems and not being free to choose how to get around. All the talk about emissions is just a cover for more control. You ignore that many people are more comfortable using personal transportation. Your real goal is not caring for nature, but limiting personal autonomy. So your arguments look like ideological manipulation rather than a rational proposal.	You are not promoting public transportation for environmental reasons, but because you want to limit people's freedom of movement.
faulty generalization	"Last year, a store chain decided to compete with large retailers through aggressive price cutting. They reduced prices by 30-40% across the entire range, launched an advertising campaign ""The lowest prices in town"" and operated in this mode for six months. Eventually the company accumulated huge debts to suppliers, couldn't cover operating costs and declared bankruptcy. I've been following this story closely - it's a classic example of how a low price strategy leads straight to failure. After this case, I made a firm conclusion: lower prices always lead to bankruptcy. Any company that tries to compete on price is doomed to fail. The market does not forgive weakness - once you cut prices, you start a chain reaction from which there is no escape. Margins fall, debt grows, suppliers demand prepayment, customers get used to discounts and leave as soon as you try to return to normal prices. No company can sustain a price war - it's mathematically impossible. Even if you manage to attract customers temporarily, it always ends in disaster in the long run. ""Home Corner is not the exception, but the rule. This one case proved it: a low-price strategy is a one-way ticket to bankruptcy. Always. No exceptions."	store chain[SEP]reduced prices[SEP]Eventually the company[SEP]declared bankruptcy[SEP]I made[SEP]conclusion: lower prices always lead to bankruptcy
circular reasoning	In a law lecture we discussed the legitimacy of a court decision. A court decision is legitimate because it complies with legal norms. In this case, the conformity with the norms is confirmed by the fact that the decision is recognized as legitimate. This is used as the basis for its final approval.	A court decision is legitimate because it complies with legal norms.[SEP]the conformity with the norms is confirmed by the fact that the decision is recognized as legitimate
intentional	- Raising property taxes can help fund infrastructure and social programs. - You only support tax increases because you want to punish successful people and redistribute their money in your favor. You don't care about roads or schools - you just envy those who have property. Your real goal is to weaken private initiative and increase people's dependence on the state. Therefore, your arguments are not credible.	You only support tax increases because you want to punish successful people and redistribute their money in your favor[SEP]Your real goal is to weaken private initiative and increase people's dependence on the state
ad hominem	"Don't listen to doctors who support gender-affirming surgery for teenagers! They don't think about the future of these children - their goal is the same: to profit from other people's grief and parents' confusion. They don't care that the interventions are irreversible and can destroy a child's entire life. These doctors receive grants from radical organizations and make millions on each surgery. How can we trust those for whom childhood vulnerability is just a source of income? Their ""medical care"" is a front for a cynical business. So any of their arguments about ""benefit"" or ""autonomy"" are hollow."	Don't listen to doctors who support gender-affirming surgery for teenagers![SEP]their goal[SEP]to profit from other people's grief
fallacy of relevance	- The city authorities propose to raise water tariffs by 15% to modernize the worn-out infrastructure: 40% of pipes need urgent replacement, otherwise accidents may occur. - Did you know that our city has become one of the top 10 tourist destinations in the country? The flow of tourists has increased by 25%, hotels are full. Is it logical to raise fares when the economy is already growing thanks to tourism? It could scare away visitors.	Did you know that our city has become one of the top 10 tourist destinations in the country?[SEP]Is it logical to raise fares when the economy is already growing thanks to tourism?
faulty generalization	Yesterday I took a cab and the driver took a strange route. It was a long ride. One driver had a bad trip - so all drivers of this service are not good at navigating in the city. I will try another service next time.	One driver had a bad trip - so all drivers of this service are not good at navigating in the city
circular reasoning	In an argument about culture, one participant was evaluating a work of art. A work of art is outstanding because it has high artistic value, and artistic value is determined by the fact that the work is outstanding. The discussion continued.	A work of art is outstanding because it has high artistic value, and artistic value is determined by the fact that the work is outstanding.
fallacy of relevance	- The report states that the noise level in residential areas exceeds the norms due to round-the-clock construction works, which negatively affects the health of residents. - Why discuss noise and construction when new business centers are opening in the city and business activity is growing? This is an indicator of economic development, and such trifles as noise should not hinder progress.	Why discuss noise and construction when new business centers are opening in the city and business activity is growing?
appeal to emotion	"Children's health resorts should be closed immediately - this is not health care, but systematic violence against children's souls. Imagine a child at the age of six, who for the first time in his life is taken away from his parents for a whole month. His little hands reach for his mom, tears roll down his cheeks, and his eyes are filled with boundless panic and betrayal. In the evening, he lies in someone else's bed, hugging a pillow instead of his mom, and cries quietly in the dark. His heart is broken forever - psychologists confirm: early separation from his mother causes trauma that haunts a person for life. And the next day this child is forced to eat strange food, sleep on a schedule, obey strange adults who don't know he's having nightmares. A child's tears are not worth it. Where's the caring? Where's the love? This is not treatment - it's a cold machine that breaks children's souls for the sake of abstract ""medical metrics"". Every closed sanatorium is a child's heart saved. Every canceled trip is a night spent by a child in the arms of his mother. We do not deprive children of health - we give them the right to grow up in love and safety. Don't be indifferent and heartless, vote to ban sanatoriums - for the sake of those whose tears you will never see. For those who still believe that mom will always be there for them. For the sake of a future in which no child will cry in someone else's bed."	Children's health resorts should be closed[SEP]this[SEP]violence[SEP]Imagine a child[SEP]who[SEP]is taken away from his parents for[SEP]month[SEP]A child's tears are not worth it.[SEP]Don't be[SEP]heartless, vote to ban sanatoriums
fallacy of credibility	In a discussion about journalism, one person pointed out that independent bloggers sometimes publish more timely and accurate information than traditional media. In response, he was told: information from bloggers is not credible because they don't have the status of professional journalists, they don't have journalism degrees and they don't have experience working in large newsrooms. Without that, standards of fact-checking and objectivity cannot be met. Even if a blogger cites sources and publishes documents, his materials cannot be considered reliable. Only journalists working in recognized media and having professional education can be considered sources of reliable information. All others are just amateurs whose publications have no weight.	information from bloggers is not credible because they don't have the status of professional journalists
ad hominem	Petrov proposes to abolish the rule banning cell phones in class, but his opinion has no merit at all. Petrov himself was a notorious hooligan at school: he skipped classes, insulted teachers, fought with classmates, and constantly broke discipline. His file in the school's archives is scribbled with remarks in red ink. He was the same student who put buttons on teachers' chairs and wrote swear words on the walls. His proposal to abolish the rule is simply an extension of his long-standing rebellion and disrespect for order. Listening to Petrov is like asking a former drug addict for advice on healthy living. His arguments carry no weight because he himself has never followed the rules.	his opinion has no merit at all. Petrov himself was[SEP]hooligan
fallacy of credibility	In a discussion of police reform, one citizen suggests introducing independent commissions to investigate complaints. Another responds: you have no right to speculate about this because you have never served in law enforcement and without such experience, your opinion cannot be considered authoritative. He argues that only current or former police officers are capable of understanding the inner workings of the system. Even if the proposal is based on international experience, it is rejected because of the author's lack of standing. Thus, the argument is not based on the content of the idea, but on the speaker's belonging to a certain profession.	you have no right to speculate about this because you have never served in law enforcement[SEP]without such experience, your opinion cannot be considered authoritative
fallacy of relevance	- Analysis of the transportation system has shown that traffic jams during peak hours increase travel time by 40%, and economic losses from this are estimated at billions of rubles annually. Experts suggest developing public transport and limiting entry to the center. - Do you know that our city has recently received an international award for architectural development and improvement of public spaces? It's a global recognition. Should we focus on traffic jams and transportation when we are already considered one of the most beautiful cities in the region?	Do you know that our city has recently received an international award for architectural development and improvement of public spaces?[SEP]Should we focus on traffic jams and transportation when we are already considered one of the most beautiful cities in the region?
intentional	During the discussion of the surveillance law, an official said: This law is enacted with the best of intentions - to protect citizens from threats and to increase security. He acknowledged that there could be abuses. But the risks of privacy violations are not as important when the goal is public safety and protecting people. He ignored human rights arguments, going back to motives.	This law is enacted with the best of intentions - to protect citizens from threats and to increase security[SEP]But the risks of privacy violations are not as important when the goal is public safety and protecting people
fallacy of relevance	- There is a shortage of doctors in rural areas: there are only 2 specialists per 10,000 inhabitants, which leads to an increase in mortality from preventable diseases. - Why discuss the shortage of doctors in villages when traffic congestion in big cities reaches a critical level? People spend three hours a day commuting. First solve the problem of megacities, and then deal with rural medicine.	Why discuss the shortage of doctors in villages when traffic congestion in big cities reaches a critical level[SEP]First solve the problem of megacities, and then deal with rural medicine.
ad hominem	- It's worth limiting the use of phones in schools to reduce distractions. - You're a gadget addict yourself and you don't let go of your screen for a minute, so your arguments about discipline are not credible. You might want to start with yourself.	You're a gadget addict yourself and you don't let go of your screen for a minute, so your arguments about discipline are not credible.
ad populum	Millions of people around the world believe in Scientology, from ordinary office workers to celebrities like Tom Cruise. They find meaning, support and spiritual growth. Based on such a huge number of followers of the practice, Scientology is a good, right and useful religion. If there were anything wrong or dangerous about it, would so many people voluntarily join it? Their choice is the best proof of its value. So to ban or even criticize Scientology is to ignore the will of millions and impose your opinion on the majority.	Millions of people[SEP]believe in Scientology[SEP]Based on[SEP]huge number of followers[SEP]Scientology[SEP]good[SEP]religion
faulty generalization	At the market, the seller gave the wrong change. This caused distrust. One seller made a mistake, so all the sellers at the market cheat the customers. Now I only go to supermarkets.	One seller made a mistake, so all the sellers at the market cheat the customers.
fallacy of relevance	- The city budget for next year provides for an 18% reduction in funding for public transportation, despite the fact that more than 600 thousand people use it every day. Already now traffic intervals have grown to 20-25 minutes during peak hours, and overcrowding of buses exceeds sanitary norms. This directly affects the accessibility of work and education for residents of the suburbs. - Why discuss the reduction of transportation when there is a severe shortage of places in kindergartens in the city? The waiting list exceeds 12,000 children, parents can't go to work, the economy loses millions. First solve the problem with kindergartens, then talk about transportation. After all, if children have nowhere to be during the day, no amount of transportation will help families get on with their lives.	Why discuss the reduction of transportation when there is a severe shortage of places in kindergartens in the city?[SEP]First solve the problem with kindergartens, then talk about transportation.
fallacy of relevance	"- Economists note the growth of shadow employment: up to 25% of workers are paid in ""envelopes"", which reduces tax revenues. - But we have a growing number of startups and innovative projects attracting investments from all over the world. It's creating a new economy. Should we focus on gray wages when there are such promising areas of development? The future lies in innovation."	But we have a growing number of startups and innovative projects attracting investments from all over the world.[SEP]Should we focus on gray wages when there are such promising areas of development?
circular reasoning	In project management, the manager's competence was discussed. The manager is competent because he makes the right decisions and the right decisions are determined by his competence. This strengthened his position in the company.	The manager is competent because he makes the right decisions and the right decisions are determined by his competence
false dilemma	The city planning committee is discussing transportation problems. Traffic jams are getting more and more serious, air pollution levels are rising, residents are complaining about the inconvenience. Either we completely ban private cars in the city center to free up the streets and improve the environment, because other measures are deemed insufficient. Infrastructure opportunities are set aside. or we continue to tolerate traffic jams and deteriorating air quality because any restrictions allegedly infringe on freedom of movement.	Either we completely ban private cars in the city center[SEP]or we continue to tolerate traffic jams and deteriorating air quality
equivocation	I often think about how important consequence is in life. Every action has a consequence, and you have to take that into account. It helps in making decisions. An investigation shows the result and reveals the truth of what is happening, just as an investigation reveals the facts. If there is an investigation, then the truth has already been established. So any conclusions I draw are automatically correct. Because the investigation has already explained everything.	An investigation shows the result and reveals the truth of what is happening, just as an investigation reveals the facts. If there is an investigation, then the truth has already been established.
fallacy of relevance	"At a press conference after the river pollution scandal, a journalist asked: ""How is your company going to compensate for the damage to the ecosystem?"" The CEO replied: But our company has always supported local charitable organizations - building schools, funding hospitals, helping veterans. We've been investing millions in social projects for decades. This is much more important than formalities to protect the ecosystem!"	We've been investing millions in social projects for decades. This is much more important than formalities to protect the ecosystem!
circular reasoning	The business strategy discussed competitive advantage. The company has a competitive advantage because it is ahead of competitors, and being ahead of competitors is due to having a competitive advantage. Management used this as the rationale for the strategy.	The company has a competitive advantage because it is ahead of competitors, and being ahead of competitors is due to having a competitive advantage.
circular reasoning	The engineer justified the choice of service architecture. The architecture is optimal because it minimizes costs, and cost minimization follows from its optimality. The team agreed with the proposal.	The architecture is optimal because it minimizes costs, and cost minimization follows from its optimality
false dilemma	The reform of universities is generating lively discussions. Funding is decreasing, competition is growing, and universities are looking for new models. The choice is to either fully commercialize education, with an emphasis on fee-based programs and market mechanisms. This can increase efficiency. Or universities will lose quality and become uncompetitive. In this logic, alternative approaches are left aside.	The choice is to either fully commercialize education,[SEP]Or universities will lose quality and become uncompetitive.
false dilemma	In budget policy we have only two ways. The economy is going through a difficult period, revenues are declining and the state's obligations are growing. At the same time, health care, education and infrastructure must be financed, otherwise the quality of life will start to deteriorate. Either we raise taxes sharply, even if this causes dissatisfaction of business and population. In this case, the budget is quickly filled, but economic activity may slow down. Or we completely abandon social spending and leave people without support. This will lead to cuts in aid programs and increased inequality. In such conditions, we cannot count on gradual changes or flexible solutions, because the situation requires tough choices now.	In budget policy we have only two ways[SEP]Either we raise taxes sharply[SEP]Or we completely abandon social spending and leave people without support
ad populum	At the parents' meeting, the issue of school uniforms was raised. Almost all schools in the country adhere to a strict dress code, so it is a good practice. After that, the argument quickly died down.	Almost all schools in the country adhere to a strict dress code, so it is a good practice.
faulty generalization	One airline flight was delayed, so this airline always messes up the schedule. I told my friends about it. They were surprised.	One airline flight was delayed, so this airline always messes up the schedule
ad hominem	In an argument about vegetarianism, one participant cited health data. The opponent responded: He is defiantly following trendy diets and seeking approval, so his arguments are a quest for self-promotion and have no merit. Talk about tradition.	He is defiantly following trendy diets and seeking approval, so his arguments are a quest for self-promotion and have no merit.
fallacy of extension	- I think that schools can reduce the number of standardized tests and use more project work - it develops analytical and collaborative skills. Tests are important, but should not be the only way to assess. - So you're suggesting completely abolish exams and stop testing students' knowledge altogether? Fine, let everyone get grades for nothing! You want to destroy the evaluation system and make education a formality without real criteria!	schools can reduce the number of standardized tests and use more project work[SEP]completely abolish exams and stop testing students' knowledge altogether
fallacy of extension	- I believe that employers can offer flexible work schedules where possible to increase productivity and life balance. This is not appropriate for all areas. Employers can implement flexible schedules wherever possible without sacrificing work - it improves conditions. - So you want to abolish the normal working day and let everyone work whenever they want? Are you proposing chaos where no one keeps to a schedule and work just stops getting done? By your logic, companies would collapse!	Employers can implement flexible schedules wherever possible without sacrificing work[SEP]So you want to abolish the normal working day and let everyone work whenever they want
intentional	- We should have an independent audit of the project to see where the money is going. - You are not demanding an audit for transparency, but because you want to discredit the team and take our place. This is an obvious attempt to undermine the credibility of the current management. All this talk of an audit is just a pressure tool. In fact, you've been trying to seize control of the project for a long time. Your actions are driven by ambition, not by concern for results.	You are not demanding an audit for transparency, but because you want to discredit the team and take our place.
ad hominem	In a discussion about tax reform, one participant mentioned the need for a progressive scale. He is known to be extremely jealous of other people's wealth, so his arguments about fair taxation are biased and untenable. Such a position is hardly worth considering.	He is known to be extremely jealous of other people's wealth, so his arguments about fair taxation are biased and untenable.
intentional	The hospital discussed priorities for distribution of scarce devices. A physician suggested protocols based on probability of survival. A patient's relative asked: Are you really following the protocols or do you just want to free up resources faster and reduce the burden on the department, and is there a desire to improve statistics rather than help specific people behind it. The question shifted the focus from criteria to motives. The conversation about medical ethics became an argument about intentions.	Are you really following the protocols or do you just want to free up resources faster and reduce the burden on the department, and is there a desire to improve statistics rather than help specific people behind it
intentional	At the university, the student challenged the grade by providing arguments and examples of errors in the check. The instructor responded: You are not trying to revise the grade because you think it is unfair, but because you want to get a higher grade without any extra effort. He argued that such appeals are always motivated by a desire to improve the grade in any way possible. As a result, the paper was not parsed and the conversation turned to a discussion of the student's motives. The instructor refused to address the specific comments, considering them to be just a cover-up.	You are not trying to revise the grade because you think it is unfair, but because you want to get a higher grade without any extra effort
faulty generalization	I recently stayed at a hotel and the housekeeping in the room was not very thorough. It immediately caught my eye. It means that the whole hotel is poorly cleaned. Next time I will choose another option.	It means that the whole hotel is poorly cleaned.
circular reasoning	A scientific article looked at the causality of a phenomenon. Phenomenon is considered explained because it has theoretical justification, and theoretical justification exists because the phenomenon has already been explained. This is presented as a completed study.	Phenomenon is considered explained because it has theoretical justification, and theoretical justification exists because the phenomenon has already been explained
faulty generalization	I recently used a delivery service and the courier was an hour late. This disrupted my plans. One order was delivered late - so the service is always bad. I will not order again.	One order was delivered late - so the service is always bad.
false causality	After schoolchildren were allowed to use tablets in lessons, the number of those participating in Olympiads increased. Since both changes occurred at the same time, we can conclude that it is tablets that develop interest in intellectual competitions.	Since both changes occurred at the same time, we can conclude that it is tablets that develop interest in intellectual competitions.
fallacy of relevance	- Hospitals lack equipment: in some regions there is one MRI machine per 500,000 people, which leads to delays in diagnosis. - But this year we have record figures for sports achievements: dozens of medals at international competitions. It strengthens the image of the country. Are equipment problems more important than successes that the whole world can see?	But this year we have record figures for sports achievements: dozens of medals at international competitions.[SEP]Are equipment problems more important than successes that the whole world can see?
faulty generalization	One school teacher explained the topic incomprehensibly - that means that this school does not teach all subjects well. Parents are getting worried.	One school teacher explained the topic incomprehensibly - that means that this school does not teach all subjects well.
circular reasoning	The university discussed the quality of the educational program. The program is quality because it forms competent graduates. And the competence of graduates is due to the fact that the program is of high quality. This was used in promotional materials.	The program is quality because it forms competent graduates. And the competence of graduates is due to the fact that the program is of high quality.
equivocation	I believe it is important to have a solid foundation of knowledge. Without a base, you can't move forward. The foundation holds the whole building together and makes it stable. So if I strengthen the foundation of the house, I strengthen my knowledge and become smarter at the same time. So building skills directly affect intelligence.	The foundation holds the whole building together and makes it stable. So if I strengthen the foundation of the house, I strengthen my knowledge and become smarter at the same time.
equivocation	I have recently been thinking about the importance of having a strong spirit. A person with a strong spirit does not give up, overcomes difficulties and inspires others. This quality makes him a leader and an example to those around him. A strong spirit is able to influence people, change their condition and even scare the weak. If the spirit can influence the world, then by developing the spirit, I can literally control reality and influence the events around me.	A strong spirit is able to influence people, change their condition and even scare the weak. If the spirit can influence the world, then by developing the spirit, I can literally control reality and influence the events around me.
false dilemma	There is often alarming rhetoric on the issue of Internet regulation. There is simply no other way: either we introduce strict censorship to protect society from harmful information. The proliferation of fakes and extremist content is a concern. Or the Internet will finally become a source of threats and destroy social institutions. This logic ignores more precise and balanced measures.	There is simply no other way: either we introduce strict censorship[SEP]Or the Internet will finally become a source of threats and destroy social institutions.
ad hominem	- We should increase investment in renewable energy. - You're just engaged and benefiting from environmental projects, so your arguments are biased and carry no weight. Let's discuss the real numbers.	You're just engaged and benefiting from environmental projects, so your arguments are biased and carry no weight.
fallacy of credibility	At an environmental forum, the harm of plastic bags to marine life was discussed. One of the participants cited international studies and UN reports, but was told: you can't seriously talk about ocean pollution because you don't have a degree in oceanology, so your arguments are not credible. Despite the fact that he cited verified sources and gave specific figures, his opinion was completely rejected. The audience decided that only scientists with specialized degrees have the right to talk about ecology, and that everyone else is incapable of correctly interpreting even published data. As a result, the discussion was reduced to assessing the status of the speaker rather than analyzing the facts presented.	you can't seriously talk about ocean pollution because you don't have a degree in oceanology[SEP]your arguments are not credible
false dilemma	The development of artificial intelligence is increasingly controversial. Companies are introducing algorithms in various spheres, from medicine to finance. Either we fully authorize the use of AI without restrictions in order not to fall behind in the technological race. This will accelerate innovation and attract investment. or we slow down development and fall by the wayside of global progress. In such a context, cautious approaches are perceived as an obstacle to growth.	Either we fully authorize the use of AI without restrictions[SEP]or we slow down development and fall by the wayside of global progress
ad populum	At a parent-teacher conference, they were discussing standardizing tests. One parent said: Everyone thinks that IQ tests comprehensively assess intelligence, so it must be true.	Everyone thinks that IQ tests comprehensively assess intelligence, so it must be true.
fallacy of credibility	In a conversation about family roles, one person suggests equality. They reply: It's been the tradition of our culture for generations, so it's the right thing to do, and because the tradition has been preserved for so long, it can't be questioned. Modern arguments about equality are ignored. The main argument is the reference to tradition.	It's been the tradition of our culture for generations, so it's the right thing to do[SEP]because the tradition has been preserved for so long, it can't be questioned
faulty generalization	I went to a new cafe downtown. The service was slow. It took a long time in one cafe, which means all the places in the neighborhood are bad. Next time, I'll go somewhere else.	It took a long time in one cafe, which means all the places in the neighborhood are bad.
equivocation	I often think about the light that illuminates the path and helps me see the way in the dark. Without light, it is difficult to navigate and make decisions. Light is important in a figurative sense as well. If light helps me to see physically, then having light in my understanding automatically gives me clarity in all matters of life. Therefore, I cannot be wrong in my conclusions.	If light helps me to see physically, then having light in my understanding automatically gives me clarity in all matters of life
ad hominem	He claims that meditation reduces stress and increases concentration. But he is a highly impulsive person who is prone to temper tantrums, so his arguments about inner balance are untenable. I find that questionable.	But he is a highly impulsive person who is prone to temper tantrums, so his arguments about inner balance are untenable.
false causality	The city increased the number of streetlights and soon residents were walking more often in the evenings. This was noticed by many people. Since the increase in evening walks occurred after the installation of lighting, it means that it was the streetlights that caused the change in the behavior of the citizens. Now they plan to expand the project.	Since the increase in evening walks occurred after the installation of lighting, it means that it was the streetlights that caused the change in the behavior of the citizens.
equivocation	I often think about light, because without it, life is impossible. Light gives energy to plants, determines human biorhythms, affects mood. It's a fundamental thing. Light lights the way and makes everything visible, so if there is light, everything becomes clear and understandable.	Light lights the way and makes everything visible, so if there is light, everything becomes clear and understandable.
fallacy of extension	- I believe that doctors should take into account the psychological state of patients when treating chronic diseases - it affects the effectiveness of therapy. A holistic approach gives better results. - So you want to replace medicine with psychological talk and refuse real treatment? Fine, let people be treated with talk instead of medicine! You're suggesting we ignore science and turn medicine into a talking club!	doctors should take into account the psychological state of patients when treating chronic diseases[SEP]replace medicine with psychological talk and refuse real treatment
ad hominem	In a discussion about school uniforms, one parent spoke out against compulsory. He is known to ignore rules and discipline, so his arguments against uniforms are untenable. The principal closed the issue.	He is known to ignore rules and discipline, so his arguments against uniforms are untenable.
ad populum	- Why are you against local farm produce? - They don't find mass demand in supermarkets, therefore they are of lower quality. Consumers vote with their money.	They don't find mass demand in supermarkets, therefore they are of lower quality
intentional	After the city closed several coal-fired boiler plants, activists proposed to accelerate the transition to renewable energy. This sparked a heated discussion at a public hearing. One participant stated: You are promoting green energy because you want to get grants and funding from international funds, but you don't care about the residents of the city and their real needs for heat and stability. According to him, all the talk about emissions and health is just a cover to get money and increase their own status in environmental organizations. He claims that activists deliberately exaggerate the threat of pollution in order to justify their projects and attract the attention of donors. Thus, the discussion of facts is completely replaced by assumptions about ulterior motives.	You are promoting green energy because you want to get grants and funding from international funds, but you don't care about the residents of the city
appeal to emotion	In a debate about the military operation, the general said: There are civilians dying there, their homes destroyed, their lives turned into chaos. ♪ Are we going to stand by? ♪ That's why troops must be brought in.	♪ Are we going to stand by? ♪ That's why troops must be brought in.
fallacy of relevance	- The libertarian program of abolishing all social security benefits, completely deregulating the pharmaceutical market, and abolishing government control of product quality will lead to increased child deaths and impoverishment of the elderly. We need to discuss these risks.  - But libertarianism is about freedom! Can freedom be dangerous or harmful? Freedom is the highest value of mankind, which all great thinkers have aspired to. Everyone wants freedom - who would be against freedom? People have been fighting for it for centuries, dying on the barricades for its sake. How can you criticize an ideology that stands on the side of freedom? If you are against these measures, then you are on the side of coercion and oppression. And who wants to live in a society without freedom?	libertarian program of abolishing[SEP]social security benefits[SEP]will lead to increased child deaths and impoverishment[SEP]But libertarianism is about freedom! Can freedom be dangerous or harmful
faulty generalization	One doctor at the appointment could not diagnose me immediately, so the whole clinic is incompetent. After that, I decided to look for another place. I made an appointment at a private center.	One doctor at the appointment could not diagnose me immediately, so the whole clinic is incompetent.
false causality	With the introduction of new school textbooks, pupils' exam results have improved. Teachers are happy with the changes. Since the improvement in grades occurred after the textbooks were changed, it means that the new books were the reason for the improvement in grades.	Since the improvement in grades occurred after the textbooks were changed, it means that the new books were the reason for the improvement in grades.
fallacy of extension	- I think it is worth strengthening control over the quality of medicines on the market to exclude counterfeits. This is a safety issue. It's important to strengthen the quality control of medicines to prevent counterfeiting on the market. - So you want to ban half the drugs and leave people untreated? You're suggesting we remove everything that isn't perfect? By your logic, patients will simply be left without the drugs they need!	It's important to strengthen the quality control of medicines to prevent counterfeiting on the market. - So you want to ban half the drugs and leave people untreated?
fallacy of credibility	This method of migraine treatment is really effective because it is recommended by a popular TV presenter who himself went through chronic headaches and shared his experience on air. He told in detail how thanks to this method he got rid of attacks and returned to a full life. If a man with such authority and a wide audience says the method works, it must be true. He is known to millions, works with renowned doctors and regularly covers health topics. It is unlikely that he would mislead people. When a public figure with this level of credibility shares recommendations, it's much more convincing than dry scientific publications. So there's no point in hesitating - it's better to just follow his advice.	This method of migraine treatment is really effective because it is recommended by a popular TV presenter[SEP]If a man with such authority and a wide audience says the method works, it must be true
ad populum	When discussing a new teaching methodology, a teacher remarked: it has not gained support among the majority of teachers, so it is ineffective. If the method worked, it would have been widely adopted by now.	it has not gained support among the majority of teachers, so it is ineffective.
circular reasoning	-- We should impose strict regulation of algorithmic trading. Opponents argue that it's simply unfair, but that's not the rationale. We need specific criteria.  -- Algorithmic trading is unfair because it's unfair. Why is it unfair? Because it's unfair! It's simple -- if the system is unfair, it's unfair, and vice versa. What other criteria do you need?	Algorithmic trading is unfair because it's unfair[SEP]it unfair? Because it's unfair
intentional	I changed the data in the scientific paper because I wanted to accelerate the acceptance of our hypothesis and draw attention to an important problem. Competition is huge in academia, and without flashy results, no one will pay attention. Yes, some numbers were tweaked, and that may affect the validity of the study. But if I didn't, the topic would have gone unnoticed. My intentions were to advance science and leverage resources, not cheat for profit. Sometimes you need to adjust the data a bit to get a better result.	I changed the data in the scientific paper because I wanted to accelerate the acceptance of our hypothesis and draw attention to an important problem.[SEP]My intentions were to advance science and leverage resources, not cheat for profit
circular reasoning	The bank assessed the client's creditworthiness. The customer is solvent because he has a high credit rating. But the high credit rating is based on the fact that the client is solvent. The decision was made quickly.	The customer is solvent because he has a high credit rating[SEP]the high credit rating is based on the fact that the client is solvent
intentional	When I told my friends that I decided to invest in environmental startups because I see promise in sustainable technologies, one of them chuckled: You're not investing in green projects out of conviction, but because you want to look progressive and capitalize on a trendy topic. He began to explain that my arguments about reducing emissions and new technologies were just an attempt to cover up my desire to make a quick profit and increase my status in society. He did not even discuss the projects themselves or their business model, focusing entirely on my allegedly hidden agenda. As a result, the conversation about risks and investment potential never took place, because it was replaced by speculation about my motives.	You're not investing in green projects out of conviction, but because you want to look progressive and capitalize on a trendy topic
appeal to emotion	There was a discussion about restricting freedom of speech. One participant talked about the harm of misinformation. Are you willing to let people live in fear and deception? Society becomes vulnerable. That's why we need to ban the spread of out-of-control opinions.	Are you willing to let people live in fear and deception?[SEP]That's why we need to ban the spread of out-of-control opinions.
fallacy of credibility	- I believe that this educational reform will worsen the quality of education, and here are the statistics. - You do not work in the Ministry of Education and do not hold an official position, so your opinion cannot be authoritative, even if you cite data. Without a government position, you can't evaluate such reforms. The argument is ignored for lack of a position.	You do not work in the Ministry of Education and do not hold an official position, so your opinion cannot be authoritative[SEP]Without a government position, you can't evaluate such reforms
false dilemma	"There are only two solutions to the question of the future of the Olympic Games - no compromises and no half-tones. Either the Olympics changes its format: new sports, modern format, modernization and consideration of new realities. Either the sport as such will die: the lack of change and progress will result in a loss of viewer interest and, as a consequence, a drastic reduction in funding. There are simply no other options. There is no such thing as ""moderate reform"" - no change in the Olympic program inevitably leads to the complete destruction of the sporting system. There is no such thing as a ""canonical Olympics."" Choose right now: either complete modernization or total destruction of the entire sport. Intermediate positions are an illusion. In the real world, there are always only two poles - and you have to stand on one of them. Either we protect the Olympics and change it, or we kill the sport forever."	There are only two solutions to the question of the future of the Olympic Games - no compromises[SEP]Either the Olympics changes its format[SEP]Either the sport as such will die
circular reasoning	The physician explained the choice of therapy to the patient. This treatment is reliable because its reliability has been proven by consistent results. The patient found this convincing. However, sustained results are interpreted as evidence of reliability precisely because the method is considered reliable.	This treatment is reliable because its reliability has been proven by consistent results.[SEP]sustained results are interpreted as evidence of reliability precisely because the method is considered reliable
intentional	I realize that the campaign with aggressive advertising caused negative reactions and user complaints. But we launched it with the sincere intention of drawing attention to an important social issue and helping people, even if the methods were controversial. Sometimes you have to act harshly to reach your audience. Yes, some people felt pressured, but it raised awareness. When the goal is to deliver an important message and change social behavior, the methods can be tough and justified.	But we launched it with the sincere intention of drawing attention to an important social issue and helping people[SEP]When the goal is to deliver an important message and change social behavior, the methods can be tough and justified.
appeal to emotion	The parliament discussed censorship. One MP said: society is drowning in a flood of alarming information. Do you really want people to live in constant panic? It destroys the psyche. So the state should decide what can be published.	Do you really want people to live in constant panic?[SEP]So the state should decide what can be published.
false dilemma	In tax policy, we have only two ways: either we sharply increase taxes on business, the budget is now in serious deficit, social programs require funding, and infrastructure is worn out and in urgent need of investment. The state must look for sustainable sources of revenue to avoid accumulating debt. or the country will be left without funds and the financial collapse will begin. Any talk of gradual changes looks too slow against the background of current problems. If tough measures are not taken now, the consequences could be much worse for the economy and the population.	In tax policy, we have only two ways: either we sharply increase taxes on business,[SEP]or the country will be left without funds and the financial collapse will begin.
false causality	After new water coolers were installed in the office, employees complained less often of fatigue and were more likely to stay late on their own initiative, completing projects on time. Management noticed this trend. They concluded that access to water has a direct impact on employee motivation and productivity.	After new water coolers were installed in the office, employees complained less often of fatigue and were more likely to stay late on their own initiative
fallacy of credibility	In a conversation about medicine, a man claimed that a certain supplement improves immunity. He said: that's true because it's recommended by a famous TV doctor who is featured on federal channels, which means you can trust him. He noted that the TV doctor has a lot of experience and often appears in the media. In his opinion, the very fact that he is popular and on television makes his opinion reliable. Therefore, he did not consider it necessary to check scientific data or clinical trials, relying solely on the authority of a media figure.	that's true because it's recommended by a famous TV doctor who is featured on federal channels
circular reasoning	A political talk show was discussing the credibility of a leader. A leader is trustworthy because his policies are credible to the citizens. And the trust of the citizens is because the leader is trustworthy. This was used as an argument to support the course.	A leader is trustworthy because his policies are credible to the citizens. And the trust of the citizens is because the leader is trustworthy.
appeal to emotion	- We're considering a relaxation of prison policy. - Imagine the pain of the victims who will never get their lives back! Are you willing to betray them? The room is quiet. ♪ So the conditions must be as harsh as possible ♪	Imagine the pain of the victims who will never get their lives back! Are you willing to betray them?
intentional	- Introducing a four-day work week can increase productivity and reduce employee burnout. - You're suggesting this because you want to work less and get the same pay while avoiding responsibility, not for the sake of company efficiency. It's obvious: people always want to work less. All the research is just an excuse. You're just looking for a way to make your life easier. A company shouldn't have to accommodate those desires. If you cut back on work hours, your results will suffer. Your argument is an attempt to legitimize laziness.	You're suggesting this because you want to work less and get the same pay while avoiding responsibility
false dilemma	There is a categorical opinion in the discussion of urban development. This is the only way to save the city's economy: either we build up vacant territories with residential complexes, to attract investment and increase the tax base, the demand for housing is growing. Infrastructure development is adjusted to the construction. Or the city will start to decline. Preservation of green areas and alternative development plans are not considered.	This is the only way to save the city's economy: either we build up vacant territories with residential complexes,[SEP]Or the city will start to decline.
false dilemma	The migration situation needs to be addressed. The flow of people is increasing, infrastructure is under strain and society is divided. Either we close the borders completely. This will control the flow and reduce pressure. That leaves humanitarian issues and international obligations. Or the country will lose control over its territory. In this logic, any flexible measures are not considered.	The migration situation needs to be addressed. The flow of people is increasing, infrastructure is under strain and society is divided. [SEP]Or the country will lose control over its territory.
circular reasoning	Private military companies provide no real protection for civilians in conflict zones, and that is obvious. Why do I think that? Because the quality of their protection is inadequate. And why is their protection inadequate? Because they don't provide real protection. Look: if PMCs provided protection, their protection would be sufficient. But their protection is insufficient - and this proves that they do not provide protection. It's simple: PMCs do not provide protection because their protection is insufficient, and their protection is insufficient because they do not provide protection.	Private military companies provide no real protection[SEP]Because the quality of their protection is inadequate[SEP]protection inadequate? Because they don't provide real protection
fallacy of extension	- I think it's worth limiting junk food advertising, especially aimed at children, to reduce obesity rates. It's not a ban on all advertising. We should limit junk food advertising aimed at children without banning all advertising - it's protecting health. - So you want to ban all advertising and control what people eat? Are you proposing to dictate to everyone what food they can buy? By your logic, soon the government will be making menus for everyone!	We should limit junk food advertising aimed at children without banning all advertising[SEP]So you want to ban all advertising and control what people eat?
ad populum	A financial literacy workshop discussed cryptocurrencies. One participant stated: more than 70% of young investors are actively buying cryptoassets, so it is a safe way to invest. He referred to popular apps and the growing user base.	more than 70% of young investors are actively buying cryptoassets, so it is a safe way to invest
fallacy of relevance	- According to Interior Ministry reports, the level of domestic violence has increased by 18%, and the number of applications to crisis centers has doubled. - Why discuss family conflicts when we have problems with migration? The influx of newcomers is growing, the infrastructure can't keep up. We need to put migration in order first, and then deal with individual cases.	Why discuss family conflicts when we have problems with migration?[SEP]We need to put migration in order first, and then deal with individual cases.
intentional	"- The law on raising taxes on small businesses may lead to the closure of thousands of companies, especially in the regions. Already now entrepreneurs are talking about rising costs. - You oppose tax increases not because you care about entrepreneurs, but because you want to preserve your own tax evasion schemes. In reality, it is to your advantage to pay less and cover yourself with ""taking care of business"". All your arguments are an attempt to protect personal gain. If you really thought about the country, you would support the budget increase, not oppose it."	You oppose tax increases not because you care about entrepreneurs, but because you want to preserve your own tax evasion schemes.
intentional	- Why don't you respond to user criticism and ignore complaints? - Are you asking this question because you want to make us look like an irresponsible company and damage our reputation? This kind of question is initially phrased to make us look bad, regardless of the answer.	Are you asking this question because you want to make us look like an irresponsible company and damage our reputation?
fallacy of relevance	- In recent years, there has been an increase in rental prices: in large cities the cost has increased by 30-40%, making housing unaffordable for young professionals. This hinders labor mobility and economic development. - Why discuss the cost of rent and housing affordability when the divorce rate in the country has reached a historic high? Families are falling apart and children are growing up without parents. First strengthen the institution of the family and social values, and then address the real estate market and apartment prices. This is a more fundamental problem.	Why discuss the cost of rent and housing affordability when the divorce rate in the country has reached a historic high?[SEP]First strengthen the institution of the family and social values, and then address the real estate market and apartment prices
circular reasoning	In the discussion of urban planning, it sounded like: The project is sustainable because it is ecologically balanced, and ecological balance follows from the sustainability of the project. Therefore, it is suggested to accelerate the approvals.	The project is sustainable because it is ecologically balanced, and ecological balance follows from the sustainability of the project
faulty generalization	I went to the new coffee shop by the house and got a cappuccino there. The impression I got was strange. One cup of coffee in this chain turned out to be tasteless - that means that all their places serve bad coffee. Now I'm thinking of looking for another place.	One cup of coffee in this chain turned out to be tasteless - that means that all their places serve bad coffee.
false dilemma	"At an international financial forum, one speaker said, ""Either we completely allow algorithmic trading without restrictions, or the economy will collapse. There are simply no other options. Any regulation will kill innovation, slow markets, and scare away investors. Either complete freedom for algo trading - or collapse. There is no third way."	Either[SEP]completely allow algorithmic trading[SEP]or the economy will collapse
circular reasoning	The legal opinion analyzed the legality of the court's decision. The decision is lawful because it complies with the law, and compliance with the law is determined by the fact that the decision is lawful. This allowed for a waiver of further appeal.	The decision is lawful because it complies with the law, and compliance with the law is determined by the fact that the decision is lawful
ad hominem	- There should be restrictions on children's use of smartphones. - You are a gadget addict yourself and are always on your phone, so your arguments about restrictions are untenable. Start with yourself.	You are a gadget addict yourself and are always on your phone, so your arguments about restrictions are untenable
faulty generalization	Last week, a doctor at the outpatient clinic couldn't diagnose me right away and referred me for more tests. It took a while. So the doctors at this clinic are generally incompetent. Now I am thinking of changing the institution.	Last week, a doctor at the outpatient clinic couldn't diagnose me right away[SEP]So the doctors at this clinic are generally incompetent
false causality	In the months when I wear a watch, I have more successful meetings, so the watch somehow influences the outcome of negotiations. It's become a personal observation.	In the months when I wear a watch, I have more successful meetings
circular reasoning	In project management they used to say: this plan is realistic because it reflects a realistic estimate of resources. The team agreed. However, realistic resource estimates are determined by the fact that the plan is considered realistic.	this plan is realistic because it reflects a realistic estimate of resources[SEP]realistic resource estimates are determined by the fact that the plan is considered realistic
intentional	"You so zealously defend IQ tests because they justify your school grading system! It is convenient for you to brand children as ""low intelligence"" so that you don't have to admit that your teaching methodology doesn't cope with different types of thinking. If you allowed the tests to fail to reflect real potential, you'd have to restructure the entire program - and that's extra work and risk losing control. So your arguments about ""scientificity"" are just a cover to maintain the status quo and your professional relevance."	You[SEP]defend IQ tests because they justify your school grading system! It is convenient for you[SEP]so that you don't have to admit that[SEP]teaching methodology doesn't cope
intentional	- Why don't you support the initiative to install surveillance cameras in yards? - You are against cameras because you actually want to hide illegal activity and avoid public scrutiny, not to protect privacy. Honest people have nothing to fear from surveillance. Your opposition speaks for itself. You simply don't want your actions to be able to be recorded.	You are against cameras because you actually want to hide illegal activity and avoid public scrutiny
fallacy of relevance	- Studies show that reading levels among teens have dropped by 35%, which affects vocabulary and critical thinking. We need to stimulate interest in books. - Did you know that cybersports is generating billions of dollars and is becoming the new entertainment industry? Young people are engaged in modern formats, and it's much more promising than reading classic literature.	Did you know that cybersports is generating billions of dollars and is becoming the new entertainment industry
ad populum	- Do you really think this cryptocurrency is safe? - It's being bought by millions of investors around the world, so it's definitely promising. It's unlikely that there would be such massive interest without a good reason.	It's being bought by millions of investors around the world, so it's definitely promising.
false causality	In the months when I listen to classical music while working, my reports get higher marks and my supervisor praises me more often. So it is classical music that improves the quality of my work. Make a playlist for each project.	In the months when I listen to classical music while working, my reports get higher marks[SEP]So it is classical music that improves the quality of my work.
fallacy of extension	"- I think that schools should focus more on the psychological well-being of students and reducing homework overload so that kids don't burn out. That doesn't mean abolishing schooling, but a more sensible balance. - So you want to abolish learning altogether and turn school into a place of leisure without knowledge? Let's not teach kids to read and write at all, let them just relax and play! Do you propose to raise a generation that knows nothing and does not know how to do anything, but ""is not overloaded""? This is a disaster for the future of the country!"	schools should focus more on the psychological well-being of students and reducing homework overload[SEP]So you want to abolish learning altogether and turn school into a place of leisure without knowledge
fallacy of extension	- I believe that it is good to give children pocket money from an early age to teach them financial responsibility. It helps them understand the value of money and plan their spending, but the amounts should be reasonable. - So you want to shift all the financial responsibility of the family onto the children and make them earn their own allowance? Are you suggesting that the child should pay for their own food, clothing, and school? That turns childhood into an economic struggle for survival!	it is good to give children pocket money from an early age to teach them financial responsibility[SEP]you want to shift all the financial responsibility of the family onto the children and make them earn their own allowance
fallacy of credibility	In a discussion of a scientific theory, one participant brought up new data that challenged established views. However, he was told: your conclusions have no merit because you don't work in an academic institution and added that unless you belong to a recognized scientific organization, you are not an authority. Despite correct calculations and references to publications, his arguments were rejected. The participants decided that only representatives of official institutions can express scientific ideas, regardless of their content.	your conclusions have no merit because you don't work in an academic institution[SEP]unless you belong to a recognized scientific organization, you are not an authority
equivocation	I think of union as an important part of life. Unions bring people together, allow them to achieve big goals and support each other. In language, conjunctions also connect parts, creating wholeness. Unions connect elements and make them whole. If there is a union, then the parts are already connected and working together. Therefore, any union automatically becomes strong and stable. Therefore, any union between people guarantees success and stability.	Unions connect elements and make them whole. If there is a union, then the parts are already connected and working together. Therefore, any union automatically becomes strong and stable.
fallacy of relevance	- Studies show that the level of financial literacy of the population remains low: many people do not understand the terms of loans and fall into debt traps. Educational programs are needed. - Did you know that the number of users of mobile banking apps has doubled in the last three years? People are actively using technology. How can we talk about financial illiteracy when digital services are so popular among the population?	Did you know that the number of users of mobile banking apps has doubled in the last three years[SEP]How can we talk about financial illiteracy when digital services are so popular among the population
appeal to emotion	"In the discussion of the death penalty, it sounded like: ""Imagine the pain of the families who have lost loved ones""? This is a wound that won't heal. How can we talk about mercy, so the death penalty is necessary."	Imagine the pain of the families who have lost loved ones[SEP]How can we talk about mercy, so the death penalty is necessary.
false causality	The number of cafes in the city has increased, and at the same time the flow of tourists has grown. This was noticed by the local authorities. If the increase in tourism coincided with the opening of new cafes, it means that they attracted more travelers.	If the increase in tourism coincided with the opening of new cafes, it means that they attracted more travelers.
ad populum	- Why don't you use this programming language? - It is chosen by a very small number of developers and therefore it is unpromising. There's no point in wasting time on niche technologies.	It is chosen by a very small number of developers and therefore it is unpromising.
false causality	In recent years, people have started to use bicycles more often, and at the same time, stress levels in the city have decreased. This is discussed by experts. Since both indicators have changed together, it is cycling that reduces stress in the population. This is why they suggest developing bicycle infrastructure as a key measure.	Since both indicators have changed together, it is cycling that reduces stress in the population.
ad hominem	- The approach to punishment for non-violent offenses should be reconsidered. - You yourself broke the law in your youth and were involved in scandalous stories, so your arguments about humanizing punishments are not credible. Society should not be guided by such opinions.	You yourself broke the law in your youth and were involved in scandalous stories, so your arguments about humanizing punishments are not credible.
false dilemma	There's a medical debate about vaccination. Either everyone must be immunized without exception to stop the spread of disease. Doctors warn of the risks of epidemics. Or the health care system will fail and a disaster will ensue.	Either everyone must be immunized without exception[SEP]Or the health care system will fail and a disaster will ensue.
fallacy of extension	- I think we should tighten the requirements for getting a driver's license to reduce accidents. It's about training and exams. There should be stricter training and exams to get a driver's license - it will increase safety. - So you want to make it impossible for ordinary people to get a driver's license? Are you suggesting we keep the roads for only a select few? By your logic, most people will never be able to drive!	There should be stricter training and exams to get a driver's license[SEP]you want to make it impossible for ordinary people to get a driver's license
ad hominem	He argues that social benefits should be increased. However, this is a person who tends to shift responsibility to others, so his arguments about supporting the population are infantile and do not deserve attention. The discussion continued.	this is a person who tends to shift responsibility to others, so his arguments about supporting the population are infantile and do not deserve attention
circular reasoning	At an AI conference, they were discussing the quality of the model. A model is considered accurate because it produces correct forecasts, and the correctness of the forecasts is due to the fact that the model is accurate. The presentation aroused the interest of the audience.	A model is considered accurate because it produces correct forecasts, and the correctness of the forecasts is due to the fact that the model is accurate.
false causality	Since I started drinking more water, my workouts have been easier and I recover faster. So it's the increased water intake that directly improves athletic performance.	Since I started drinking more water, my workouts have been easier
fallacy of credibility	In a debate about the benefits of a certain diet, one person cites clinical studies and doctors' recommendations. His opponent replies: This diet really works because it is advertised by a famous actor with excellent physical fitness, and if a person of such status claims it is effective, then that is the proof. He describes how the actor looks young and energetic, starring in movies and keeping fit. In his opinion, such an external result speaks for itself. There is no need to understand metabolism or check scientific data - it is enough to see an example of a successful person. The authority of the celebrity is used as the main argument, replacing any medical evidence.	This diet really works because it is advertised by a famous actor with excellent physical fitness[SEP]if a person of such status claims it is effective, then that is the proof
false dilemma	In discussing tax reform, the minister said: we have only one choice - to sharply increase business taxes. The budget is indeed in deficit and the government is looking for sources of revenue to fund social programs and infrastructure. He details the rising costs and pressure on the treasury. or the state will find itself unable to fulfill its obligations. His reasoning mentions the risks of reduced payments and frozen projects if a decision is not made quickly. Therefore, he insists that it is impossible to postpone, because the situation requires immediate action and tough steps.	we have only one choice - to sharply increase business taxes[SEP]or the state will find itself unable to fulfill its obligations
false causality	A new playground was built in the neighborhood, and soon there was less litter. Residents started to go out more often. If the decrease in litter coincided with the playground, it means that it made people be more careful. This is a good example of beautification.	If the decrease in litter coincided with the playground, it means that it made people be more careful.
intentional	At a parliamentary hearing on decriminalization of the sex industry, one MP stated: Legalization of prostitution is immoral in terms of traditional values, so it doesn't matter whether studies show that it reduces the risks of child exploitation, violence and the spread of HIV. Even if it saves lives, the moral principle is above any statistics. Morality is more important!	Legalization of prostitution is immoral[SEP]Even if it saves lives, the moral principle is above any statistics.
equivocation	I believe it is important to have balance in life. Balance helps you not to overload, to stay healthy and to distribute your energy effectively. When there is balance, everything works harmoniously. Balance is the equilibrium at which a system is stable. So, if I achieve inner balance, my body also becomes physically stable and I cannot lose my balance even on a slippery surface. So meditation makes me stable in every sense.	Balance is the equilibrium at which a system is stable. So, if I achieve inner balance, my body also becomes physically stable and I cannot lose my balance even on a slippery surface.
ad hominem	The economist suggested tightening control over budget expenditures. The response was: He has previously been involved in dubious financial schemes, so his current arguments about transparency are not credible. However, the discussion is about current policy.	He has previously been involved in dubious financial schemes, so his current arguments about transparency are not credible
intentional	At a discussion of the military operation, a government official stated: We launched this operation solely out of good intentions to protect the population and restore order, so any casualties are inevitable and justified by the high objective. He acknowledged the destruction and casualties, but emphasized that the goal was more important than the consequences. In his view, criticizing the operation ignored its moral basis. He insisted that when a state acts for the sake of security, it is wrong to judge actions by results because the intentions were right from the beginning.	We launched this operation solely out of good intentions to protect the population and restore order, so any casualties are inevitable and justified by the high objective.
fallacy of credibility	In a discussion on educational reform, one participant stated that distance learning is ineffective. By way of argument, he said: it is obvious because a famous writer and award-winning author has spoken out against online education, and such people understand how thinking is formed. He said that the writer reads a lot and has a deep understanding of culture, so his opinion should be considered authoritative. According to him, a person who can create complex literary works has a better understanding of how children should learn. Therefore, any research in the field of pedagogy can be disregarded - the opinion of a recognized cultural figure is already convincing enough.	it is obvious because a famous writer and award-winning author has spoken out against online education
ad populum	- What makes you think this show is worth watching? - It's watched by millions of viewers and it's at the top of the ratings, so it's quality. Mass popularity speaks for itself.	It's watched by millions of viewers and it's at the top of the ratings, so it's quality.
circular reasoning	The discussion of the tax law touched on the fairness of the rates. The rates are fair because they distribute the burden correctly. And the correctness of the distribution of the burden is justified by the fairness of the rates. The bill was supported.	The rates are fair because they distribute the burden correctly.[SEP]the correctness of the distribution of the burden is justified by the fairness of the rates
fallacy of extension	"- I study Scientology as a philosophical system. I am interested in its ideas about communication, ethics, and personal growth. I am not a member of a church and pay no money - just read Hubbard's books and discuss concepts with like-minded people in a book club.  - So you're not against Scientology? Then you're in favor of brainwashing and siphoning money out of people! You're in favor of them forcing followers to sign contracts worth millions of dollars for ""spiritual treatments""? Are you in favor of ripping people away from their families and threatening them if they want to leave? Do you think it's okay for them to harass and blackmail former members? Are you in favor of sectarian methods of mind control, isolation from society, and destruction of personality? If you are studying Scientology, then you are on the side of all these horrible practices - there are no other options. Either you are totally against it, or you are an accessory to the crimes."	I study Scientology[SEP]I am interested in its ideas[SEP]not a member of a church[SEP]So you're not against Scientology? Then you're in favor of brainwashing and siphoning money out of people
fallacy of credibility	You claim that the new draft law violates the right to freedom of assembly, citing Article 31 of the Constitution and decisions of the European Court of Human Rights. However, your opinion cannot be considered authoritative in this matter because you have no legal education. You don't have a law degree, you don't have a master's degree in law, you don't have an attorney's license, and you don't have a certificate as a constitutional law specialist. Without a formal legal education, you do not possess the necessary competence to analyze legislative texts and their consistency with constitutional norms. Even if you quote the Constitution and ECtHR decisions verbatim, the lack of a specialized diploma makes your conclusions legally invalid. Only persons with a proven legal education - certified lawyers, attorneys, judges or law professors - can give a qualified assessment of a bill. Everyone else's opinion, no matter how accurately they quote the law, remains amateur reasoning without legal force.	your opinion cannot be considered authoritative in this matter because you have no legal education[SEP]you do not possess[SEP]competence to analyze legislative texts
faulty generalization	"Last week I went on a field trip to a dairy farm outside of town. What I saw there shocked me. The cows stood in cramped stalls knee-deep in manure, many covered with sores and rashes. One cow with an obviously broken leg couldn't stand up, and the workers just walked over her. The air was saturated with ammonia from uncollected manure, and the animals coughed and wheezed. The troughs were empty, and the drinkers were filled with dirty water with impurities. The farm owner brusquely brushed me off when I asked about veterinary care: ""This is a business, not an animal shelter."" After that, I made a clear conclusion: all farms in the country keep animals in appalling conditions. The entire livestock industry is built on cruelty and indifference. Cows, pigs, chickens - they all suffer the same, regardless of region, farm size, or type of production. Certificates of ""humane treatment"" are simply marketing lies to assuage the conscience of consumers. There is no difference between a small family farm and a large agricultural holding - everywhere animals are treated as commodities, not as living beings. This visit alone proved that the whole system of animal husbandry is incorrigibly cruel, and the only moral solution is to give up animal products altogether."	went on[SEP]farm[SEP]What I saw there shocked me[SEP]After that, I made a clear conclusion: all farms[SEP]keep animals in appalling conditions
faulty generalization	In a lecture, a student asked a strange question, off-topic. The teacher was surprised. One student asks ridiculous questions - that means that all the students in this group don't understand the material. This gives a certain impression of the course.	One student asks ridiculous questions - that means that all the students in this group don't understand the material.
faulty generalization	I signed up for a foreign language course, but the teacher spoke too fast. It was hard to follow. One teacher explains incomprehensibly - it means that all the courses of this center are ineffective. I'm thinking of changing schools.	One teacher explains incomprehensibly - it means that all the courses of this center are ineffective
false dilemma	In the discussion of energy strategy there is a tough stance: we have to choose: either we completely switch to renewable energy sources, despite the current limitations of infrastructure and technology costs. This ignores the possibility of combining different energy sources and a gradual transition. It is important to take into account the stability of the grid and the needs of industry. Or we continue to depend on fossil fuels and inevitably destroy the environment. This approach pushes for radical solutions without considering intermediate steps and adaptive strategies.	we have to choose: either we completely switch to renewable energy sources,[SEP]Or we continue to depend on fossil fuels and inevitably destroy the environment.
fallacy of credibility	- At a meeting of the Military Council, General Petrov presented a report on the critical state of the army's logistics. He cited data: 40% of trucks were out of service, fuel reserves in warehouses had been reduced to a two-week minimum, and the medical supply system was operating at its limit. The general proposed urgent measures: to allocate additional funds for repair of equipment, to establish new supply routes, to strengthen the security of rear bases. Without these measures, according to his calculations, the army's combat effectiveness will decrease by 30% in the next three months. - General Petrov talks about the importance of the rear, but he's never been on the front line, he doesn't understand! What kind of rear can a man who spent the whole war in a headquarters a thousand kilometers from the front line discuss? He doesn't know what trenches are, mortar fire, lack of ammunition at the decisive moment. He's never seen soldiers die because of supply delays. His opinion on the home front carries no weight - he's a theorist, not a practitioner. Real decisions should be made by those who have actually fought, who know the value of every minute of waiting for ammunition. General Petrov can make beautiful graphs in his office, but he doesn't understand real war.	General Petrov talks about the importance of the rear, but he's never been on the front line, he doesn't understand![SEP]His opinion on the home front carries no weight - he's a theorist
false dilemma	This is the only way to stop inflation - a complete price freeze. The authorities are concerned about the rising cost of goods and services. Monetary policy and production support measures are being considered, but they are considered insufficient. If this is not done, it is argued, the situation will spiral out of control. The economy will face a crisis. As a result, more flexible regulatory tools are ignored.	This is the only way to stop inflation - a complete price freeze.[SEP]If this is not done,[SEP]The economy will face a crisis.
ad hominem	In the tax debate, one entrepreneur suggested lower rates for small businesses. He has a history of tax evasion and looking for loopholes, so his arguments about the fairness of the tax system are not credible. His position is questionable.	He has a history of tax evasion and looking for loopholes, so his arguments about the fairness of the tax system are not credible.
fallacy of credibility	This self-development course really works because it was created by a popular business coach with an audience of millions who regularly speaks at major conferences. He shares his methods, personal success stories, and claims that his system helps you achieve your goals. A person who has amassed such an audience clearly knows what he's talking about. His popularity and recognition serve as proof of the effectiveness of his approach. When thousands of people follow his advice, it confirms its value. There is no need to check the scientific basis of a course if the author has already proven his competence in practice.	This self-development course really works because it was created by a popular business coach with an audience of millions
circular reasoning	Why spend billions on space exploration? It is absolutely useless, because spending resources on space is by definition a waste of resources. Anything related to space is inherently worthless, because any expenditure on it is just a waste. And waste, no matter what you call it, remains meaningless.	It[SEP]useless, because spending resources on space is[SEP]waste
equivocation	I think a lot about how to achieve inner harmony in life. When there is harmony in a family, people do not quarrel, support each other and feel calm. This state of harmony helps to make the right decisions and not to give in to stress. If there is harmony, everything sounds right and harmonious, because harmony determines the sound of music. So, in order for everything to be right in life, it is enough to choose the right harmony and stick to it. That is why I try to listen only to music in major: if it sets the harmony, my life will be harmonious and without conflicts.	If there is harmony, everything sounds right and harmonious, because harmony determines the sound of music. So, in order for everything to be right in life, it is enough to choose the right harmony and stick to it.
faulty generalization	One student cheated on a test, so all the students in that class are prone to cheating. The teacher began to monitor exams more strictly. The atmosphere changed.	One student cheated on a test, so all the students in that class are prone to cheating.
false causality	I have noticed that every time I start my morning with a cold shower, the day turns out to be productive. This has happened more than once over the course of a month. If productivity comes after a cold shower, it's what triggers a successful day and increases efficiency. I now consider it a mandatory ritual before work.	If productivity comes after a cold shower, it's what triggers a successful day and increases efficiency
ad populum	In a medical chat room, someone wrote: This vaccine is questionable because many people are refusing it, so it's dangerous. He was relying on mass sentiment.	This vaccine is questionable because many people are refusing it, so it's dangerous
false dilemma	The role of juries in the justice system is debated. Some see them as a guarantor of justice, others point to the risk of error. There are only two options: either we have full confidence in jury decisions, considering them an expression of the will of the people and of justice, because judges are supposedly disconnected from society. The possibilities of mixed models are ignored. or we abandon them and hand everything over to professional judges, even if this reduces citizen participation.	There are only two options: either we have full confidence in jury decisions[SEP]or we abandon them and hand everything over to professional judges
intentional	- I think we need to cut military spending and put the money into the social sphere. - you suggest this not out of concern for citizens, but because you want to weaken the country's defense capability and your real goal is to make us vulnerable to external threats. All your arguments about schools and hospitals are just a cover. In reality, you are playing into the hands of those who have an interest in our weakness.	you suggest this not out of concern for citizens, but because you want to weaken the country's defense capability[SEP]your real goal is to make us vulnerable to external threats
appeal to emotion	In a discussion about refugees, one politician talked about the increase in crime and the fear of the residents. People feel a loss of control over the situation. Do you really want your children to grow up in danger? It's disturbing for everyone. That's why we need to stop accepting refugees completely.	Do you really want your children to grow up in danger?[SEP]That's why we need to stop accepting refugees completely.
fallacy of credibility	In a diet discussion, one participant stated that it was necessary to reduce carbohydrate intake, citing the advice of a popular fitness trainer. This diet is right because it is promoted by a famous fitness trainer with millions of followers who demonstrates excellent physical fitness. If a person with such a body and popularity advises this approach, then it works. He claimed that the trainer's physical appearance was proof of the method's effectiveness. In doing so, he ignored medical advice and individual body characteristics, believing that the opinion of a popular expert was sufficient for making health decisions.	This diet is right because it is promoted by a famous fitness trainer with millions of followers[SEP]If a person with such a body and popularity advises this approach, then it works
false causality	The more people use fitness bracelets, the higher the average level of physical activity becomes, reports show. Consequently, the bracelets themselves make people move more and be healthier.	The more people use fitness bracelets, the higher the average level of physical activity becomes
circular reasoning	An environmentalist explained the effectiveness of the new recycling policy. The policy is effective because it reduces waste, and the reduction of waste is due to its effectiveness. The authorities plan to scale up the initiative.	The policy is effective because it reduces waste, and the reduction of waste is due to its effectiveness.
false causality	Many successful bloggers start the day with a cold shower. They talk about it in interviews. If success and cold showers are often found together, then it is cold showers that lead to popularity and success. It's a simple secret available to everyone.	If success and cold showers are often found together, then it is cold showers that lead to popularity and success
false causality	After installing new windows in the apartment, the electricity bill became lower. The winter was milder than usual. If the decrease in costs occurred after the windows were replaced and is observed along with this change, then it is the windows that have reduced energy consumption. It is worth changing the windows in all rooms.	If the decrease in costs occurred after the windows were replaced and is observed along with this change, then it is the windows that have reduced energy consumption
faulty generalization	One friend invested in cryptocurrency and lost money - so all crypto investments lead to losses. It is better to stay away from this market.	One friend invested in cryptocurrency and lost money - so all crypto investments lead to losses
fallacy of extension	- I believe that the government should increase funding for preventive medicine and early diagnosis of diseases - it is cheaper and more effective than treating neglected cases. At the same time, it is important not to cut specialized care, but to redistribute resources wisely. - So you want to take money away from hospitals and leave people without treatment, relying only on prevention? Fine! Let patients with serious diagnoses wait for brochures on healthy lifestyles! Are you suggesting we close departments, fire doctors, and replace surgeries with lectures on vitamins? This is a direct way to increase mortality and destroy the health care system.	the government should increase funding for preventive medicine and early diagnosis of diseases[SEP]So you want to take money away from hospitals and leave people without treatment, relying only on prevention
circular reasoning	The banking committee talked about the creditworthiness of the borrower. The client is reliable because he demonstrates timely repayments and timely repayments are due to the fact that the client is reliable. The loan was approved without collateral.	client is reliable because he demonstrates timely repayments[SEP]timely repayments are due to the fact that the client is reliable
fallacy of extension	- I think we should develop alternative energy, gradually reducing dependence on fossil fuels. - So you want to abandon oil and gas immediately and leave the country without energy? You want to plunge the cities into darkness?	we should develop alternative energy, gradually reducing dependence on fossil fuels[SEP]you want to abandon oil and gas immediately and leave the country without energy
fallacy of credibility	I am sure that the new vitamin complex really strengthens immunity and protects against seasonal diseases. This product is effective because it is recommended by a popular TV presenter who has been hosting a program on health and inviting experts for many years. He himself says that he takes these vitamins daily and is practically disease-free. If a well-known media authority endorses a product, then its usefulness is beyond doubt. Why doubt and read scientific articles when a person with such experience with doctors has already made a choice? His reputation and recognizability speak for themselves. Millions of viewers trust him, and he would hardly advise something useless or harmful. Therefore, I also started taking this complex and advise everyone I know.	This product is effective because it is recommended by a popular TV presenter[SEP]If a well-known media authority endorses a product, then its usefulness is beyond doubt
equivocation	I often work with a brush when I paint, and I realize how important it is to master the tool. A brush allows you to convey details, to create an image, to express an idea. But the brush is also part of the hand. The brush controls the movement and the result, and as I train my brush in drawing, it means that my actions in general become more accurate and successful. So skills in drawing make me effective in everything.	The brush controls the movement and the result, and as I train my brush in drawing, it means that my actions in general become more accurate and successful.
false causality	I have noticed that whenever I start reading self-development books, after a while positive changes occur in my life: new opportunities appear, my income grows, my mood improves. This has been repeated several times. If improvements follow after reading such books, it means that they directly trigger these changes and attract success. So I try to read them as often as possible.	If improvements follow after reading such books, it means that they directly trigger these changes and attract success.
fallacy of credibility	You propose reform of criminal law and make arguments about humanization of punishments. But your opinion cannot be taken seriously because you have not worked in law enforcement agencies and have not faced crime in practice. Without experience and official status, your arguments have no weight in this area. Theoretical knowledge is no substitute for actual experience with criminals and investigating cases. Only people who deal with offenses on a daily basis can objectively assess the effects of changes in the law. If a person has not been through the system from the inside, his ideas remain disconnected from reality, even if they sound logical and humane.	your opinion cannot be taken seriously because you have not worked in law enforcement agencies[SEP]Without experience and official status, your arguments have no weight in this area.
fallacy of extension	- I think companies should encourage work/life balance for employees to reduce burnout. It benefits the business as well. - I see! So you want employees to not work at all and only take vacations at the companies expense? Minimum effort, maximum vacation - you're proposing to destroy discipline and efficiency!	companies should encourage work/life balance for employees[SEP]So you want employees to not work at all and only take vacations at the companies expense
ad hominem	- I think public transportation should be developed. - You yourself prefer a luxurious lifestyle and despise ordinary people, so your arguments about transportation seem disingenuous. That sounds like posturing.	You yourself prefer a luxurious lifestyle and despise ordinary people, so your arguments about transportation seem disingenuous
fallacy of extension	"- I believe that when renovating historic buildings, it is important to preserve their original appearance, but at the same time carefully adapt the interior spaces to modern needs so that they can be used. For example, it is possible to install elevators or upgrade communications without destroying the facade and key architectural elements. The importance of preserving the historic appearance of buildings while carefully modernizing interior spaces is a balance between heritage preservation and comfort. - So you're suggesting mothballing all old buildings without any alterations and banning any modern improvements? Fine! Let's live without heating, without electricity, without running water - because it ""spoils the look""! Let people in historic houses freeze in winter and carry water from a well, but the facade will be ""authentic"". You want to turn cities into an open-air museum, where it is impossible to live, but beautiful to look at from afar!"	importance of preserving the historic appearance of buildings while carefully modernizing interior spaces[SEP]mothballing all old buildings without any alterations and banning any modern improvements
intentional	- I believe that we need to tighten construction control to avoid emergency houses. - You say that because you want to slow down the market development and create additional barriers for developers, and your real goal is to get more bribes by complicating the approval procedures. All this talk about safety is just a pretext. The more inspections, the more opportunities for corruption. You don't care about people, you just want to increase control for your own benefit.	You say that because you want to slow down the market development and create additional barriers for developers[SEP]your real goal is to get more bribes by complicating the approval procedures
false causality	The number of people practicing yoga is growing, and with it the life expectancy in the country is growing, which is evident from the statistics of recent years. This is a clear trend. Hence, yoga is a key factor in longevity.	The number of people practicing yoga is growing, and with it the life expectancy in the country is growing
faulty generalization	I recently bought a shoe that tore quickly. It was unexpected. One pair was of poor quality, so all the brand's products are bad. I won't buy from them again.	One pair was of poor quality, so all the brand's products are bad.
equivocation	I often think about motivation and how important it is to find an inner motive for action. Without a motive, it's hard to move forward and achieve goals. It is the foundation of productivity. Motive gives direction to actions and determines their structure, just as in music it forms the melody. If I have a motive, then my actions automatically form a harmonious sequence. And if there is a motive, then everything happens correctly and logically.	Motive gives direction to actions and determines their structure, just as in music it forms the melody. If I have a motive, then my actions automatically form a harmonious sequence.
ad hominem	- I believe that penalties for corruption should be toughened. - You yourself are prone to dishonest behavior in small things, so your arguments about fighting corruption are hypocritical and unconvincing. That sounds contradictory.	You yourself are prone to dishonest behavior in small things, so your arguments about fighting corruption are hypocritical and unconvincing
faulty generalization	I tried one dish in the restaurant and it was too salty, so the whole cuisine there is bad. We went there on the recommendation of friends. After dinner, the impression was mixed.	I tried one dish in the restaurant and it was too salty, so the whole cuisine there is bad.
fallacy of relevance	- In our city, the level of air pollution has increased dramatically over the last three years: the concentration of PM2.5 exceeds the WHO norm by 2.5 times, the number of hospitalizations with asthma and chronic lung diseases has increased by 18%. Environmentalists attribute this to the increase in automobile traffic and the lack of green areas. We need to urgently impose restrictions on traffic and develop public transportation. - How can we discuss air pollution now when crime is rising and there are not enough police patrols in the city? Thefts are up 22% in the last year, and detection rates are down. People are afraid to go out in the evening, especially in bedroom communities. Safety is a basic need, without it, no environmental initiative makes sense. First ensure order on the streets, and then think about air quality, because the safety of a living person is more important than any environmental norms.	How can we discuss air pollution now when crime is rising and there are not enough police patrols in the city?[SEP]First ensure order on the streets, and then think about air quality
fallacy of extension	- In the workplace, it is important to consider the balance between work and rest. For example, some companies should implement more flexible schedules for employees to reduce burnout. This is not a one-size-fits-all solution, but an option. - You want people to stop working schedules altogether and do whatever they want, ignoring responsibilities! So you think discipline is unnecessary and everyone will show up whenever they want? This will lead to chaos in companies and a drop in productivity!	some companies should implement more flexible schedules for employees[SEP]You want people to stop working schedules altogether and do whatever they want
false causality	- Palliative care, powerful painkillers, psychological support and hospices exist to alleviate the suffering of the terminally ill. Many patients find relief without euthanasia. - The Netherlands legalized euthanasia last year, and the teen suicide rate dropped. So legalizing euthanasia reduces suicide rates. Apparently, if people know that there is a legal way to end a life of unbearable suffering, they stop committing desperate acts. Therefore, euthanasia gives hope and reduces the desire to kill oneself.	The Netherlands legalized euthanasia last year, and the teen suicide rate dropped. So legalizing euthanasia reduces suicide rates.
false causality	Every time I listen to classical music before an exam, I get a high grade. This has happened three sessions in a row. If good results follow after listening to music, then it is music that enhances my knowledge and affects my grade. Now I don't prepare at all without music.	If good results follow after listening to music, then it is music that enhances my knowledge and affects my grade.
circular reasoning	A financial analyst was evaluating a client's investment portfolio. This portfolio is sustainable because it demonstrates risk tolerance. And risk tolerance is because the portfolio is resilient. The investor still requested alternatives.	This portfolio is sustainable because it demonstrates risk tolerance. And risk tolerance is because the portfolio is resilient
false dilemma	Medical reform discusses the financing of hospitals. There is no third way: either we completely transfer healthcare to a paid basis, in order to improve the quality of services and motivate doctors, the free system is considered overloaded and inefficient. Patients will be able to choose the best specialists. or medicine will finally degrade due to lack of resources. Budget constraints lead to outdated equipment and low salaries. Partial changes or mixed models are perceived as temporary measures that cannot solve the problem.	There is no third way: either we completely transfer healthcare to a paid basis,[SEP]or medicine will finally degrade due to lack of resources.
fallacy of relevance	- Analysis of the budget showed that spending on the bureaucracy has increased by 30%, while funding for social programs is being cut. This causes dissatisfaction of the population and requires a revision of priorities. - But we don't have a large world-class concert hall in the city, and artists don't come here, so cultural life stagnates. Tourists choose other cities. Isn't it more important to develop culture than to count the salaries of officials? It affects the image of the region.	But we don't have a large world-class concert hall in the city, and artists don't come here[SEP]Isn't it more important to develop culture than to count the salaries of officials?
ad hominem	At an economic forum, a speaker proposed reform of the tax system. The opponent objected: Don't listen to him, he is a spender himself and barely makes ends meet, why should he care about the economy!	Don't listen to him, he is a spender himself and barely makes ends meet
ad hominem	He suggested tougher traffic rules, citing accident statistics. This man himself has repeatedly broken the rules and shown recklessness, so his arguments about safety have no weight. The discussion turned to his biography.	This man himself has repeatedly broken the rules and shown recklessness, so his arguments about safety have no weight
equivocation	I often think about peace and how important it is to keep calm between people. When there are no conflicts, you can develop, make plans and just live normally. Peace is the basis of stability. If peace means no war and makes life safe, then caring for world peace automatically makes any of my actions right. Therefore, I believe that my decisions are always justified, because I am acting for peace.	If peace means no war and makes life safe, then caring for world peace automatically makes any of my actions right
false dilemma	The issue of sanctions is being debated in international politics. There is simply no other way: either we impose the toughest possible sanctions to put pressure on the opponent. At the same time, it is said that it is necessary to demonstrate strength and protect national interests. The risks of weakening positions on the world stage are mentioned. All alternative diplomatic approaches are left out of the discussion.	There is simply no other way: either we impose the toughest possible sanctions to put pressure on the opponent.
appeal to emotion	At a hearing on expanding police powers, the speaker noted: Every day someone is a victim of crime, people live in a constant state of tension. ♪ Are you willing to leave them unprotected? ♪ They're waiting for decisive action. So we need to give the police more rights and fewer restrictions.	Are you willing to leave them unprotected?[SEP]So we need to give the police more rights and fewer restrictions.
fallacy of credibility	In a discussion of human rights, one participant criticizes a new law, citing international norms. Another responds: You can't judge it because you don't have a law degree or legal experience and argues that without the proper qualifications, your arguments have no weight. He lists the diplomas that his opponent does not have, but does not analyze the law itself or the arguments made.	You can't judge it because you don't have a law degree or legal experience[SEP]without the proper qualifications, your arguments have no weight
appeal to emotion	In a discussion on restricting prisoners' rights, one participant talked about crime. He described the suffering of victims. Why do you care more about the criminals than the victims? This provoked an emotional response. That's why you have to toughen the conditions of detention.	Why do you care more about the criminals than the victims?[SEP]That's why you have to toughen the conditions of detention.
fallacy of relevance	- Crime is on the rise in the country, with thefts up 22% and detection rates falling. - But recently the movie industry has been developing rapidly and more and more quality films are being released. It's raising the cultural level of society. Shouldn't we focus on supporting the arts, which shapes values?	But recently the movie industry has been developing rapidly and more and more quality films are being released.[SEP]Shouldn't we focus on supporting the arts
fallacy of relevance	- A report by the city's Department of Transport states that over the past two years, the number of accidents at intersections without traffic lights has increased by 37% and the number of pedestrian collisions by 22%. Residents have submitted more than 500 requests to install traffic lights and speed bumps, especially near schools and clinics. This has a direct impact on safety: thousands of people risk their lives every day. - Why discuss the installation of traffic lights and safe crossings when there is an acute shortage of parking spaces in the city? Motorists spend 40 minutes to find a place, yards are full of cars, tow trucks work around the clock. Until we solve the parking issue, any talk about traffic lights looks secondary, because the transportation system should be convenient for drivers.	Why discuss the installation of traffic lights and safe crossings when there is an acute shortage of parking spaces in the city?
appeal to emotion	In a discussion of military spending, they talked about the budget. One politician brought up threats from outside. Think of the fear that would sweep the country if we were defenseless. It could be catastrophic. That's why we need to dramatically increase military spending.	Think of the fear that would sweep the country if we were defenseless.[SEP]That's why we need to dramatically increase military spending.
ad hominem	At an environmental conference, one speaker suggested reducing plastic use. On the sidelines, they said: he himself regularly uses disposable items, therefore his arguments are hypocritical and not worthy of attention. So his presentation was met with skepticism.	he himself regularly uses disposable items, therefore his arguments are hypocritical and not worthy of attention
fallacy of relevance	- Universities record a sharp drop in the level of applicants' preparation: the average score in mathematics has fallen by 12 points in five years, and teachers complain that freshmen fail to cope with basic tasks. This calls for school program reform and teacher professional development. - Let's better discuss the development of tourism in the region, not the quality of schoolchildren's education and exams. Last year the flow of tourists increased by 40%, 120 new hotels and cafes opened. That's real money and jobs. Isn't it more important now to support an industry that generates income than to argue about school programs? The economy must be a priority, otherwise no amount of knowledge will help.	Let's better discuss the development of tourism in the region, not the quality of schoolchildren's education and exams.[SEP]Isn't it more important now to support an industry that generates income than to argue about school programs?
circular reasoning	At an AI conference, they discussed the quality of the algorithm. The algorithm is reliable because it shows stable results. At the same time, the stability of the results is due to the reliability of the algorithm. Developers use this as an argument in favor of scaling.	The algorithm is reliable because it shows stable results[SEP]the stability of the results is due to the reliability of the algorithm
faulty generalization	I ordered the book online and it came with a damaged cover. It was disappointing. One order was delivered in a bad condition - so the store always sends poor quality goods. I don't want to order there again.	One order was delivered in a bad condition - so the store always sends poor quality goods
ad hominem	In the health care reform debate, he cited statistics on disease prevention. But he is known as someone who constantly neglects his own health and abuses bad habits, so his arguments about prevention are not credible. Consistency is important in a topic like this.	But he is known as someone who constantly neglects his own health and abuses bad habits, so his arguments about prevention are not credible
ad hominem	He argues that food quality control should be tightened. But he himself neglects a healthy lifestyle and ignores basic nutritional principles, so his arguments have no merit. That doesn't seem logical.	But he himself neglects a healthy lifestyle and ignores basic nutritional principles, so his arguments have no merit
appeal to emotion	♪ Think of the children! ♪ Do you really want them to live in fear - afraid to go to school, startled by every loud sound, waking up at night in a panic? Strict policies are the only way to give them a real sense of security. Without tough measures, they will be vulnerable, defenseless, and we will be to blame for their every tear. How can we hesitate when their lives are at stake?	♪ Think of the children! ♪ 
false causality	The more time people spend on social media, the more they complain of fatigue, so it's social media that causes chronic fatigue. This is evident from user surveys.	The more time people spend on social media, the more they complain of fatigue, so it's social media that causes chronic fatigue
false causality	In recent years, people have started to use electric scooters more often, and at the same time the interest in ecology has grown. Since these trends are developing in parallel, it means that scooters contribute to the formation of ecological consciousness. This is being discussed in the media.	Since these trends are developing in parallel, it means that scooters contribute to the formation of ecological consciousness.
faulty generalization	I read one review where the customer complains about the rudeness of the courier - so the whole delivery service behaves like that. We choose the service for corporate orders.	I read one review where the customer complains about the rudeness of the courier - so the whole delivery service behaves like that
false dilemma	At a school board meeting, a flexible approach to discipline was discussed. One participant stated: Either we have zero tolerance for all infractions - no exceptions and no mitigating circumstances - or we have total chaos, permissiveness, and a breakdown of school order. There is no other choice. So we urgently need a tough zero-tolerance policy.	Either we have zero tolerance for all infractions[SEP]or we have total chaos[SEP]There is no other choice.
fallacy of credibility	We should continue to celebrate this ritual in this form because it has been observed by our ancestors for centuries and that makes it right. Any change in tradition is perceived as a loss of cultural heritage. Our ancestors established these rules for a reason - they have been passed down from generation to generation, forming the identity of the people. If we start introducing modern elements, it will destroy the bond of time. Tradition itself is proof of correctness, because it has stood the test of time. Therefore, it is important to keep everything unchanged, even if modern life offers new approaches and opportunities.	We should continue to celebrate this ritual in this form[SEP]it has been observed by our ancestors for centuries and that makes it right
fallacy of credibility	In a conversation about culture, one person says: We shouldn't change the school uniform because it's always been like this, because for decades students have been wearing this style and it's been the right thing to do. Any suggestions to update the design or make the uniforms more comfortable are seen as a threat to tradition. It is believed that if something has existed for a long time, it has already proven its worth and does not need to be changed. Even if modern conditions require a different approach, this is ignored. The main argument is based on the fact that the past is in itself sufficient reason to preserve the current state of affairs.	We shouldn't change the school uniform because it's always been like this[SEP]for decades students have been wearing this style and it's been the right thing to do
fallacy of credibility	In a discussion about the change in the school program, one parent said: The new system of teaching is absolutely effective, because it was supported by a famous actor who recently spoke at an educational conference. The actor talked about the importance of developing creativity in children and moving away from outdated teaching methods. If a famous and successful person endorses this reform, then it is really useful. He himself has achieved tremendous success in his career, has become an example for millions, and therefore clearly understands how to educate and train the new generation. Why analyze pedagogical research and statistics on educational achievement when you can trust the opinion of a man who has proven his success in practice and enjoys the respect of society?	The new system of teaching is absolutely effective, because it was supported by a famous actor[SEP]If a famous and successful person endorses this reform, then it is really useful.
ad populum	- Why aren't you considering this job? - It's hardly ever chosen by graduates and it's not in demand, so it's not a good career prospect. I'd rather go where everyone else is going.	It's hardly ever chosen by graduates and it's not in demand, so it's not a good career prospect
appeal to emotion	"The meeting discussed the expansion of the powers of the intelligence services. One speaker said, ""People live in anxiety every day when they hear news of attacks. Are you prepared to leave families unprotected? Parents stare at their children at night, afraid they won't come back. That's why we need to allow total surveillance of all citizens."""	Are you prepared to leave families unprotected?[SEP]That's why we need to allow total surveillance of all citizens.
circular reasoning	Education policy discusses school quality standards. Schools are considered quality because they demonstrate high levels of learning, and high levels of learning are determined by the quality of the school. This is the basis of the ratings.	Schools are considered quality because they demonstrate high levels of learning, and high levels of learning are determined by the quality of the school.
faulty generalization	I tried the new browser and it froze once. Application froze on first launch - so all products from this developer are unstable. I uninstalled it after that.	Application froze on first launch - so all products from this developer are unstable.
false causality	Many people note that on days when they listen to podcasts on the way to work, the workday is more productive. This is repeated quite often. If productivity is higher exactly after listening to podcasts, then podcasts directly improve work efficiency. Now it's worth making it a daily habit.	If productivity is higher exactly after listening to podcasts, then podcasts directly improve work efficiency
faulty generalization	At the conference, one speaker spoke uncertainly and was confused. It looked unprofessional. If one speaker is weak, then the whole conference is low level. Expectations were not met.	If one speaker is weak, then the whole conference is low level.
intentional	We made the decision to reduce some of our staff, and it was painful, but I did it because I wanted to save the company and the jobs of the others, my intentions were responsible and necessary in a crisis. Revenues were falling, costs were rising, and there were few alternatives. When the goal is the survival of the business and the protection of the majority, tough decisions are acceptable, because the good of the company is more important than individual cases. We offered compensation and employment assistance. Yes, the consequences are severe, but without this step, everyone could have closed down completely and lost their jobs.	I did it because I wanted to save the company and the jobs of the others, my intentions were responsible and necessary[SEP]When the goal is the survival of the business and the protection of the majority, tough decisions are acceptable, because the good of the company is more important than individual cases.
false causality	This year the university updated the website design and made it more modern, and the number of submitted applications from applicants increased. The new interface became more convenient and attractive. Since the increase in the number of applications occurred immediately after the site was updated, it means that the redesign was the reason for the increase in interest from applicants. The administration now believes that the appearance of the site is a key factor in student enrollment.	Since the increase in the number of applications occurred immediately after the site was updated, it means that the redesign was the reason for the increase in interest from applicants.
equivocation	I like to walk in the forest: there is fresh air, silence, and you feel closer to nature. It helps to relax and regain strength after work. If boron is good for health, then everything connected with boron must be beneficial, and boron is also used in medicine. Therefore, any treatment with boron is automatically beneficial and safe.	If boron is good for health, then everything connected with boron must be beneficial, and boron is also used in medicine. Therefore, any treatment with boron is automatically beneficial and safe.
faulty generalization	I recently took a cab and the driver didn't know the way well. I had to give him a hint. One driver was incompetent - so all drivers of this service have poor knowledge of the city. It's questionable.	One driver was incompetent - so all drivers of this service have poor knowledge of the city
intentional	- Why don't we revise the student evaluation rules? Right now the system is too rigid. - You suggest changing the grading system because you want your weaker students to look better without actually improving their knowledge . This is an attempt to artificially increase scores. You don't want to work with the quality of learning, it's easier for you to lower the requirements. Diplomas will eventually devalue, but you don't care about that. The main thing is to show good numbers. So you don't need to talk about humanity - you just make your life easier.	You suggest changing the grading system because you want your weaker students to look better without actually improving their knowledge
fallacy of credibility	In a discussion of technology, one engineer talked about the benefits of open source software. His opponent said: Closed systems are better because they are backed by a large, world-renowned corporation that has vast resources. He added that if such a reputable company relies on this approach, then it is the most reliable. In his opinion, the scale and reputation of the company is sufficient proof of the quality of the technology. He believes that independent developments do not deserve the same credibility.	Closed systems are better because they are backed by a large, world-renowned corporation[SEP]if such a reputable company relies on this approach, then it is the most reliable
fallacy of relevance	- The issue of personal data protection is becoming more and more urgent: leaks affect millions of users every year. - But our city is actively developing bicycle infrastructure and building new paths? It improves the environment. Why discuss digital security when we can talk about healthy lifestyles and transportation of the future?	But our city is actively developing bicycle infrastructure and building new paths?[SEP]Why discuss digital security when we can talk about healthy lifestyles and transportation of the future?
appeal to emotion	- We're discussing increased censorship. - Think of the people who could be deceived and have their lives ruined? These stories are already happening. How can you ignore it, so you need to filter all content.	Think of the people who could be deceived and have their lives ruined[SEP]How can you ignore it, so you need to filter all content
fallacy of relevance	- We need to implement digital textbooks in all classrooms: this will reduce the burden on children's backpacks, make it easier to update materials, and provide access to interactive assignments.  - Why even discuss digital textbooks if the school cafeteria still hasn't had its hood repaired? Children are eating in a stuffy, greasy-smelling room - this is much more pressing than any tablets.	Why even discuss digital textbooks if the[SEP]cafeteria[SEP]hasn't had its hood repaired[SEP]this is much more pressing than[SEP]tablets
false causality	The school introduced compulsory uniforms and discipline among students improved. Since the improvement in discipline occurred after the introduction of uniforms, it was the reason for more organized behavior. This confirms the benefit of strict rules.	Since the improvement in discipline occurred after the introduction of uniforms, it was the reason for more organized behavior.
ad hominem	- I suggest limiting aggressive advertising. - You are acting out of a personal grudge against the industry and seeking to settle scores, therefore your arguments are biased and cannot be trusted. It's not a position, it's an emotion.	You are acting out of a personal grudge against the industry and seeking to settle scores, therefore your arguments are biased and cannot be trusted
fallacy of relevance	- I have studied menus in thirty schools in our region: almost everywhere simple carbohydrates, fast food, lack of fresh fruits and vegetables prevail. Therefore, I propose a comprehensive program to improve the quality of school lunches: Add seasonal vegetables to the compulsory menu, reduce the sugar content in baked goods and drinks, and introduce independent control of suppliers to eliminate low-quality products. This will have a direct impact on children's health, concentration and academic performance.  - But isn't it more important now to build more playgrounds and sports complexes to keep children happy and active? Here, if we don't have modern playgrounds, then even the healthiest food won't save us from hypodynamia. Let's focus on what children really need.	propose a comprehensive program to improve the quality of school lunches[SEP]isn't it more important now to build more playgrounds
equivocation	I always try to keep a good appearance, because appearance affects perception. If a person looks neat, he is respected and listened to more attentively. In language, too, there is a look that determines the form in which thoughts are expressed. The look sets the form and order, and if the look is correct, everything is perceived correctly. So if I look good, I automatically express myself correctly and I am understood without mistakes.	The look sets the form and order, and if the look is correct, everything is perceived correctly. So if I look good, I automatically express myself correctly and I am understood without mistakes.
ad hominem	In a seminar on AI ethics, a student suggested limiting the use of facial recognition. The instructor responded: You are known for your paranoia and distrust of any technology, so your arguments about the risks of surveillance are exaggerated and untenable. The group fell silent.	You are known for your paranoia and distrust of any technology, so your arguments about the risks of surveillance are exaggerated and untenable
intentional	"In a public discussion on vaccination, an expert presented data on efficacy and side effects. The opponent responded: You are promoting vaccination because you are connected to the pharmaceutical companies and want to increase their profits, not because research data shows a reduction in severe cases and deaths. He stated that any graphs can be ""drawn"". As a result, the conversation about evidence was supplanted by speculation about hidden interests."	You are promoting vaccination because you are connected to the pharmaceutical companies and want to increase their profits, not because research data shows a reduction in severe cases and deaths
intentional	I realize that the launch of this product led to a lot of complaints from users about bugs and instability. But we released it in raw form because our intentions were honorable - to give people access to innovative technologies as early as possible. Yes, there were bugs, yes, some features didn't work correctly. But does that matter if we were aiming to deliver value and get ahead of the competition for the sake of customers? Sometimes it's better to give a product early and refine it along the way than to wait for perfection. We acted out of a desire to do better, which means we can't be blamed for the consequences.	we released it in raw form because our intentions were honorable - to give people access to innovative technologies as early as possible[SEP]does that matter if we were aiming to deliver value and get ahead of the competition for the sake of customers
faulty generalization	- Combating terrorism requires a comprehensive approach: intelligence, prevention of radicalization, international cooperation, and social programs in vulnerable regions. Eliminating one militant does not solve a systemic problem - others take his place, new cells are financed, and new recruits are recruited. History shows that force without strategy often leads to an escalation of violence. - We killed one terrorist and it became calmer. So all terrorist killings make the country safer. Last month, we eliminated the leader of a cell in our neighborhood, and crime immediately dropped 30 percent. No bombings, no threats. People are safer walking the streets. If it worked once, it will work the next time. Every terrorist eliminated is one less enemy. If one militant does not threaten after elimination, then all the others will stop threatening after elimination. You don't need any complicated programs - just find and eliminate.	We killed one terrorist and it became calmer. So all terrorist killings make the country safer.
fallacy of relevance	-- I think discussions about the harms of vegetarianism are important because many people don't get enough protein and vitamins by giving up meat. This can lead to anemia and other health problems.  -- But because vegetarians eat plants -- and we have millions of homeless people starving and can't even afford bread, why waste time debating the evils of vegetarianism? Vegetarians can eat, but homeless people can't. While we're arguing, people are starving to death.	we have millions of homeless people starving[SEP]why waste time debating the evils of vegetarianism
appeal to emotion	At a security meeting, they were discussing expanding the powers of the intelligence services. One official said: Remember the faces of the people after the terrorist attacks, the empty eyes and destroyed families. Are you really ready to go through that again? That's why we need to authorize total surveillance of all citizens. Otherwise we will be afraid for our loved ones every day.	Are you really ready to go through that again? That's why we need to authorize total surveillance of all citizens.
circular reasoning	The medical article stated that this drug is effective because it demonstrates clinical efficacy. However, its clinical effectiveness is because the drug is effective. The author cited observational studies, but the key argument remained closed.	this drug is effective because it demonstrates clinical efficacy[SEP]its clinical effectiveness is because the drug is effective
faulty generalization	I used one cab service and the driver didn't know the road well. The trip was delayed. One driver was wrong in the route - it means that all drivers of this service are not oriented in the city. It's better to choose another service.	One driver was wrong in the route - it means that all drivers of this service are not oriented in the city
false dilemma	There are hard-line positions in the school uniform debate. Parents argue about freedom of expression and discipline. Either all pupils wear strict uniforms, it creates a sense of order and equality. Some believe it reduces social pressure. Either the school becomes a place of competition and conflict over appearance. In this picture, intermediate options are not considered.	Either all pupils wear strict uniforms,[SEP]Either the school becomes a place of competition and conflict over appearance.
false causality	I've noticed that on days when I take an umbrella with me, it almost always starts raining, even if the forecast didn't promise it. It's happened many times. So the very fact that I bring an umbrella somehow affects the weather.	I've noticed that on days when I take an umbrella with me, it almost always starts raining
circular reasoning	A psychologist explains personality resilience. Personality is stable because it exhibits consistent behavior, and consistent behavior follows from the fact that personality is stable. Environmental factors are then discussed.	Personality is stable because it exhibits consistent behavior, and consistent behavior follows from the fact that personality is stable
equivocation	I think about how important it is to hold a grudge against an issue. When you have a tooth, you are mindful and eager to solve the issue. The tooth makes the attitude sharp and makes you act decisively. In a tool, the tooth helps to cut and handle. Meaning, if I have a tooth for a situation, I am able to literally cut through any problem and solve it quickly, without too much effort.	The tooth makes the attitude sharp and makes you act decisively.[SEP]Meaning, if I have a tooth for a situation, I am able to literally cut through any problem and solve it quickly
faulty generalization	At a public hearing on education policy, a parent stated: One private tutor in our neighborhood defrauded students, took money and disappeared. So all private tutoring is a form of fraud and exploitation of gullible families. It is harmful to education and should be completely banned at the legislative level. No exceptions!	One private tutor[SEP]defrauded students[SEP]So all private tutoring is a form of fraud
ad hominem	On a panel about media, an expert was talking about the harms of clickbait. A colleague remarked: he himself is prone to exaggeration and dramatization, so his criticism of clickbait is not credible. The conversation drifted away from the topic of algorithms.	he himself is prone to exaggeration and dramatization, so his criticism of clickbait is not credible
intentional	Yes, we made the decision to raise drug prices, and that hit a lot of patients. But we did it because we genuinely wanted to invest in new drug development and save more lives in the future, our intentions were strategic. Without profit, there will be no innovation. When the goal is the long-term development of medicine and the creation of new treatments, a temporary deterioration in the availability of medicines can be considered justified. We are looking ahead.	we did it because we genuinely wanted to invest in new drug development and save more lives in the future, our intentions were strategic[SEP]When the goal is the long-term development of medicine and the creation of new treatments, a temporary deterioration in the availability of medicines can be considered justified
equivocation	"I think about the word ""bail"" and its meaning. Bail gives certainty, reduces risks, ensures fulfillment of obligations. It's an important tool. Bail guarantees reliability, which means that if you use the right bail, everything will be protected and safe."	Bail guarantees reliability, which means that if you use the right bail, everything will be protected and safe.
appeal to emotion	"At a discussion on reproductive rights, one speaker said: ""Society is losing its moral compass. Are you willing to turn a blind eye to the death of the unborn? It's disturbing to many people. That's why abortion should be outlawed."	Are you willing to turn a blind eye to the death of the unborn?[SEP]That's why abortion should be outlawed.
circular reasoning	The committee discussed the safety of the product. The product is safe because it does not harm users. This was considered the main argument. And there is no harm because the product is safe. So the release was approved.	The product is safe because it does not harm users.[SEP]And there is no harm because the product is safe.
faulty generalization	I lost my luggage once on this airline - so they lose passengers' stuff all the time. It was a stressful trip. I've avoided their flights ever since.	I lost my luggage once on this airline - so they lose passengers' stuff all the time.
fallacy of credibility	In a scientific discussion on climate, one participant stated: Global warming is not a serious threat because a famous science presenter says so, and added that if a popular popularizer of science says so, then there is no doubt. He emphasized that this TV host has been talking about science for many years and talking to experts, so he is supposedly competent. In doing so, he ignored the consensus of climate scientists and scientific research data. The credibility of a media personality was enough for him to reject complex scientific arguments and statistics, believing that the opinion of a popular person outweighed any scientific data.	Global warming is not a serious threat because a famous science presenter says so[SEP]if a popular popularizer of science says so, then there is no doubt
false causality	In countries with developed public transportation, people are more likely to read books on the road. You can see a lot of passengers with books. Since reading is more common where there is transportation, it is travel that stimulates a love of literature. It affects the cultural level.	Since reading is more common where there is transportation, it is travel that stimulates a love of literature
intentional	I realize that the implementation of this automation system will result in the layoff of some employees. But we made this decision with the best of intentions - to increase efficiency and keep the company competitive in the market. Yes, people will lose their jobs, and that's a hard consequence. But our goal is to preserve the business as a whole, even if we have to sacrifice certain positions to do so. If the company goes bankrupt, everyone will suffer. So it's better to make a tough decision now than to lose everything in the future.	we made this decision with the best of intentions - to increase efficiency and keep the company competitive in the market[SEP]our goal is to preserve the business as a whole, even if we have to sacrifice certain positions to do so
circular reasoning	The research paper states: The hypothesis is valid because it is supported by correct theory. Reviewers accept this. The correctness of the theory is explained by the consistency of the hypothesis. Therefore, the publication is approved.	The hypothesis is valid because it is supported by correct theory[SEP]The correctness of the theory is explained by the consistency of the hypothesis
intentional	After a failed advertising campaign, the manager would explain the situation: yes, we spent the budget inefficiently, but I acted out of a sincere desire to attract as many clients as possible and increase brand awareness. I chose an aggressive strategy because I wanted quick results. We may not have calculated all the risks, and yes, the ROI was negative. But my intentions were to grow the company, not waste money. Sometimes you have to go all-in to succeed. If it had worked out, I'd be praised for my courage right now. So you can't judge only by the result - it's important to realize that I wanted what was best for the business.	yes, we spent the budget inefficiently, but I acted out of a sincere desire to attract as many clients as possible and increase brand awareness[SEP]my intentions were to grow the company, not waste money
equivocation	I have been thinking for a long time about how important it is to keep peace in society. People should negotiate, avoid conflicts, seek compromises, because this is the only way to live peacefully and develop. Peace must be maintained at all costs, because peace is the absence of war. And since the whole world is our planet, it is necessary to maintain it in any condition. Therefore, any changes in climate are not so important - the main thing is that there should be no conflicts between countries.	Peace must be maintained at all costs, because peace is the absence of war. And since the whole world is our planet, it is necessary to maintain it in any condition.
fallacy of extension	- I believe that young children should be gradually introduced to social media access under parental supervision to reduce the risks of addiction and bullying. - So you want to completely isolate children from the internet and technology forever? Let them grow up in a complete information blockade? You propose to deprive them of communication, knowledge, and modern skills? Then they simply won't be able to live in the digital world!	young children should be gradually introduced to social media access under parental supervision[SEP]So you want to completely isolate children from the internet and technology forever
intentional	In an online discussion about content moderation, a user suggested tightening the rules against misinformation. His opponent responded: You want stricter moderation not for the sake of truth, but because you seek to censor opinions you don't like. He argued that any controls are an attempt to suppress alternative viewpoints. Instead of discussing specific criteria for misinformation, the conversation turned to accusations of authoritarian tendencies. The opponent insisted that the words about security concealed a desire to control the information space and influence public opinion.	You want stricter moderation not for the sake of truth, but because you seek to censor opinions you don't like
circular reasoning	In psychology, the validity of a personality test has been debated. The test is valid because it accurately reflects personality traits. But the accuracy of the reflection of traits is inferred from the fact that the test is reliable. It was included in the guidelines.	The test is valid because it accurately reflects personality traits[SEP]the accuracy of the reflection of traits is inferred from the fact that the test is reliable
ad hominem	The conference discussed the reform of the tax system. Ivanov, who proposes this initiative, is a chronically greedy and cynical person, so his arguments about tax fairness are not credible. He has repeatedly demonstrated that he thinks only about his own profit.	Ivanov, who proposes this initiative, is a chronically greedy and cynical person, so his arguments about tax fairness are not credible.
false causality	Online courses have grown in popularity in recent years, and at the same time the number of people changing careers has increased. This is discussed in the media. If the growth of retraining coincided with the spread of courses, it means that online learning is the reason for career changes. That is why they are considered to be the main tool for the development of the labor market.	If the growth of retraining coincided with the spread of courses, it means that online learning is the reason for career changes.
ad populum	-- I don't recommend relying on naturopathy for cancer treatment: there are no large clinical trials to support its efficacy, but there are many cases of patients abandoning chemotherapy in favor of herbs and losing valuable time. This is dangerous.  -- Look around you, everybody's using naturopathy, so it's more effective than traditional chemo. Herbs, tinctures, special diets, millions of people use these methods. If they didn't work, would there be so many followers? Apparently, folk wisdom is not deceiving.	Look around you, everybody's using naturopathy, so it's more effective than traditional chemo
circular reasoning	In a legal seminar, they were discussing the legitimacy of a new normative act. A law has legitimacy because it is adopted in accordance with a legitimate procedure. Participants referred to formal criteria. A procedure is considered legitimate because it leads to the adoption of legitimate laws. The question was closed without further objections.	A law has legitimacy because it is adopted in accordance with a legitimate procedure.[SEP]A procedure is considered legitimate because it leads to the adoption of legitimate laws.
false dilemma	Either we impose strict controls on Internet platforms, the digital environment is becoming increasingly influential, misinformation is spreading, and algorithms are setting the agenda. The government wants to protect citizens from harmful content. Or we leave things as they are and lose control over the information space. This raises concerns about manipulation and external influence, especially in politically sensitive periods.	Either we impose strict controls on Internet platforms,[SEP]Or we leave things as they are and lose control over the information space.
fallacy of extension	- I believe that we should regulate junk food advertising to children to reduce obesity, especially in children's programs. It's not a ban on all advertising, but a restriction in sensitive audiences. - So you want to ban all food advertising and control what people should eat? Fine! Today it's advertising, tomorrow you'll specify how many calories can be consumed. That's total control over personal life!	we should regulate junk food advertising to children to reduce obesity[SEP]you want to ban all food advertising and control what people should eat
intentional	- You again criticize my idea of running ads through bloggers, even though it might attract a new audience. - You're against this strategy not because you're analyzing the risks, but because you want to retain your influence and control over the marketing budget and you're really afraid of losing your expert status if the idea works without your input. You just don't want to share areas of responsibility. Any new initiative scares you because it might show that there are alternative approaches. That's why you find flaws without even trying it.	You're against this strategy not because you're analyzing the risks, but because you want to retain your influence and control over the marketing budget[SEP]you're really afraid of losing your expert status if the idea works without your input
fallacy of credibility	At a meeting discussing health care reform, one participant suggested increasing funding for disease prevention, citing international experience. In response, he was told: You cannot make recommendations on medical policy because, despite the data presented, you have no medical education and no experience of working in the health care system. You don't have a medical degree, you haven't worked in a hospital, and you haven't encountered patients. Without that, it is impossible to understand the real needs of the system and assess the effects of reforms. Even if your arguments are based on statistics and research, your lack of specialized training makes them incompetent. Decisions should be made by medical professionals only, not by analysts or economists.	You cannot make recommendations on medical policy[SEP]you have no medical education and no experience of working in the health care system
faulty generalization	Last week, one doctor at the outpatient clinic could not make an accurate diagnosis, which means that all the doctors there are incompetent. After this incident, I began to doubt the quality of treatment. Perhaps I should look for another clinic.	Last week, one doctor at the outpatient clinic could not make an accurate diagnosis, which means that all the doctors there are incompetent.
ad populum	When it came to transitioning to remote working, he confidently stated: more than 70% of employees prefer the remote format, therefore it is the most productive. There can be no other conclusion.	more than 70% of employees prefer the remote format, therefore it is the most productive
appeal to emotion	Discussed surveillance of citizens. One official said crimes happen every day. Are you willing to turn a blind eye? People are suffering from violence. So we need more surveillance on everyone.	Are you willing to turn a blind eye?[SEP]So we need more surveillance on everyone.
appeal to emotion	"Imagine a child who is kidnapped forever because the parents didn't install an app to track his location every 30 seconds. Imagine a mother who will hear her son's laughter in her head for the rest of her life, only to see an empty crib. Dozens of children go missing every day, all because we cling to an abstract ""right to privacy.""! If you love your children, you owe it to yourself to support legislation for mandatory geolocation for all minors. Failure to do so is not principled, it's criminally negligent. Your child could be next - are you really willing to do that for ""freedom""?"	Imagine a child who is kidnapped[SEP]because the parents didn't install an app to track[SEP]If you love your children, you owe it to yourself to support legislation
fallacy of extension	- I think that there should be regular inspections of the quality of school meals to avoid violations and poisoning, because it directly affects children's health. - So you want to establish total control over schools and suspect all employees of crimes? You propose to turn canteens into regimented facilities with constant inspections! People won't be able to work properly under such pressure. It will destroy the education system!	there should be regular inspections of the quality of school meals to avoid violations and poisoning[SEP]So you want to establish total control over schools and suspect all employees of crimes
fallacy of credibility	In a conversation about family traditions, one person states: We are obliged to continue to celebrate this ritual without change because our ancestors have been observing it in this way for centuries and considered it right. Any attempt to adapt the holiday to modernity is perceived as a violation of cultural continuity. People believe that if a tradition has existed for so long, then it has already proved its correctness and does not need revision. Even if living conditions have changed and some elements of the ritual have lost their meaning, this is ignored. The main argument remains the reference to the past and the authority of ancestors. It is believed that abandoning tradition will lead to loss of identity, so it should be preserved in its unchanged form, without asking unnecessary questions.	We are obliged to continue to celebrate this ritual without change[SEP]our ancestors have been observing it in this way for centuries and considered it right
appeal to emotion	At the meeting they discussed limiting protests. One activist spoke about citizens' rights, but the official responded emotionally. He recalled the riots and destruction. Are you ready to see your city turn into chaos? People imagined these scenes. That means protests should be strictly limited.	Are you ready to see your city turn into chaos?[SEP]That means protests should be strictly limited.
ad populum	- I'm thinking of switching to homeschooling. - Few people choose this format, so it is ineffective. The conversation then shifted to children's social skills.	Few people choose this format, so it is ineffective.
fallacy of relevance	- According to analysts, cyber threats to businesses have increased by 60%, resulting in data breaches and financial losses. - Did you know that our country is leading in grain exports this year? That's a huge success. How can we talk about IT risks when agriculture is doing so well? It's much more important.	Did you know that our country is leading in grain exports this year[SEP]How can we talk about IT risks when agriculture is doing so well
fallacy of extension	- I think offices can partially retain remote working as long as it doesn't reduce efficiency because many employees are comfortable with it. It's not an obligation for everyone, but a flexible approach. - So you want to close offices completely and move everyone to remote forever? Great! No communication, no teamwork - everyone sits at home and loses touch with reality. You're proposing to destroy the corporate culture!	offices can partially retain remote working as long as it doesn't reduce efficiency[SEP]you want to close offices completely and move everyone to remote forever
fallacy of extension	- I think cities should invest in bicycle infrastructure to give people more options for getting around and reduce pressure on roads. It's not a replacement for transportation. - So you want to move everyone onto bikes and remove cars and public transportation? Are you suggesting we drive in snow and rain in the winter, ignoring reality? Then the cities will just stop!	cities should invest in bicycle infrastructure to give people more options for getting around[SEP]you want to move everyone onto bikes and remove cars and public transportation
false causality	After I stopped drinking soda, my mood improved and I became more energetic. The coincidence seems all too accurate. Apparently, quitting drinking has a direct effect on emotional well-being.	After I stopped drinking soda, my mood improved
ad hominem	At the meeting on culture they proposed to increase funding for theaters. The author is a snobbish person who despises the mass audience, so his arguments about the accessibility of art do not deserve attention. Let's discuss alternatives.	The author is a snobbish person who despises the mass audience, so his arguments about the accessibility of art do not deserve attention.
fallacy of credibility	In a human rights discussion, one participant makes an argument about the need to protect freedom of speech. He is told: your opinion carries no weight because, despite your arguments, you are not a lawyer and have no legal training. You have no legal experience and you are not familiar with jurisprudence. Therefore, your conclusions cannot be considered valid.	your opinion carries no weight[SEP]you are not a lawyer and have no legal training
fallacy of credibility	A family council was discussing whether to continue the tradition of early marriages, where people get married right after school. One family member said: we have an obligation to keep this practice unchanged because it is an important part of our cultural heritage, because our ancestors have been building families in this way for centuries. He argues that any attempt to change the age of marriage destroys established norms and leads to the degradation of society. In his opinion, if a tradition has existed for so long, then it has already proven to be correct. Therefore, he considers discussion of modern approaches to marriage unnecessary and even dangerous.	we have an obligation to keep this practice unchanged[SEP]because our ancestors have been building families in this way for centuries
fallacy of relevance	- Experts suggest reducing the use of plastic: more than 500 thousand tons of plastic waste is generated in the region every year, of which less than 10% is recycled. - Why talk about plastic when the unemployment rate among young people has reached 18% and continues to grow? Young people can't find work, they are leaving the region and this is undermining the economy. We need to create jobs first, and then address environmental issues.	Why talk about plastic when the unemployment rate among young people has reached 18% and continues to grow?
fallacy of extension	- I think universities should put more emphasis on practical skills so that graduates are better prepared for the workplace. Theory is important, but without practice it often remains abstract. The practical component of education should be strengthened without abandoning the fundamentals. - So you're suggesting we abandon theory altogether and turn universities into vocational schools? You want students to not understand the basics of science at all and just perform mechanical actions? Do you think that knowledge is superfluous, the main thing is to be able to do something with their hands? Then let's close all science departments and train only performers without thinking!	The practical component of education should be strengthened without abandoning the fundamentals. - So you're suggesting we abandon theory altogether and turn universities into vocational schools?
faulty generalization	One neighbor is always making noise at night, so all the residents of this house don't respect the rules. It made it more difficult to rest in the evening.	One neighbor is always making noise at night, so all the residents of this house don't respect the rules
false causality	I started cooking at home more often, and after a month I noticed that I was spending less money. If the savings came after a change in habits, it was the home-cooking that caused it. I now consider it the best financial strategy.	If the savings came after a change in habits, it was the home-cooking that caused it.
ad populum	In a conversation about vaccinations, someone said: Many people avoid this vaccination, so it is not safe. This caused alarm among the listeners.	Many people avoid this vaccination, so it is not safe.
false dilemma	We need to prioritize economic policy. Either we cut government spending to the minimum to reduce the budget deficit and stabilize the financial system. This will require a review of social programs and investments. Or we continue spending and end up facing a financial crisis. Compromises in such a situation only postpone the inevitable.	Either we cut government spending to the minimum[SEP]Or we continue spending and end up facing a financial crisis.
faulty generalization	I tried a new fitness club and the trainer was inattentive. It was disappointing. One trainer did a bad job - so all the trainers at this club are the same. Might be worth looking elsewhere.	One trainer did a bad job - so all the trainers at this club are the same.
equivocation	I think about how important consequence is. Every action has consequences, and you have to take them into account to make the right decisions. Investigation shows the result and helps to establish the truth, so investigation reveals the reality. In legal system, investigation deals with inquiry. So any consequence is automatically a proof of truth as in investigation.	Investigation shows the result and helps to establish the truth, so investigation reveals the reality.
equivocation	I believe it is important to have a strong hand. Without it, it is impossible to perform precise actions and work with your hands. The brush creates details and completeness in the work. So, if I am good with a paintbrush, my hands become stronger and sturdier. That's why painting replaces physical exercise.	The brush creates details and completeness in the work. So, if I am good with a paintbrush, my hands become stronger and sturdier.
ad hominem	In a conversation about parenting, one parent suggested that punishments should be dropped. The other responded: you yourself grew up in a chaotic family and don't recognize discipline, so your arguments about parenting have no merit. The argument quickly escalated.	you yourself grew up in a chaotic family and don't recognize discipline, so your arguments about parenting have no merit
false causality	The real estate market noticed that housing prices rose at the same period when the number of bloggers talking about renovation increased. Since both phenomena developed at the same time, it is the popularity of such blogs that spurred the rise in apartment prices.	Since both phenomena developed at the same time, it is the popularity of such blogs that spurred the rise in apartment prices.
ad populum	"- Scientology is officially recognized as a religious organization in several countries, including the United States. It has registered churches, tax exemptions as a religious entity, and tens of thousands of followers worldwide. To appreciate it, you need to study its teachings, practices, and impact on followers, rather than relying on social media memes. - Everyone says Scientology is a hoax, so it is. Look at any poll: 9 out of 10 people think it's a cult. The top search engine query is ""scientology is a hoax."" Even your friends will laugh if you say it's a normal religion. The majority can't be wrong! When millions of people unanimously see a problem, it's no longer an opinion - it's a fact."	Everyone says Scientology is a hoax, so it is.
fallacy of relevance	- According to the Ministry of Health, the death rate from cardiovascular diseases in the region has increased by 14% over the past three years. The reasons are a shortage of cardiologists, outdated equipment and waiting lists for examinations of up to three months. Urgent investments in medicine and modernization of hospitals are needed. - How can we talk about hospitals when we have such high electricity tariffs? People are paying up to 25% of their income for utilities, businesses are closing. Let's talk about rising rates, not medical statistics. If the economy collapses because of expensive energy, no hospitals will save the day.	How can we talk about hospitals when we have such high electricity tariffs?[SEP]Let's talk about rising rates, not medical statistics.
appeal to emotion	- Should the borders be closed? - People are scared, crimes are on the news. Do you really want that to happen to your loved ones? Families live in constant fear. That's why we need to close the borders now.	Do you really want that to happen to your loved ones?[SEP]That's why we need to close the borders now.
fallacy of extension	- It seems to me that we need to reasonably regulate the prices of life-saving drugs to make them more affordable. It's important for people with chronic illnesses. - That's great! You want to completely control the pharmaceutical market and destroy the private companies! Let the government decide what to produce and at what price! This is the end of medicine!	we need to reasonably regulate the prices of life-saving drugs to make them more affordable[SEP]You want to completely control the pharmaceutical market and destroy the private companies!
ad hominem	In a conversation about corporate ethics, they suggested tightening the code of conduct. The initiator is a scheming and manipulative person, so his arguments about honesty and transparency don't carry weight. Let's move on.	The initiator is a scheming and manipulative person, so his arguments about honesty and transparency don't carry weight.
false causality	This year the winter was milder, and at the same time sales of electric cars increased. People are talking more about the environment. Since both phenomena occurred at the same time, we can conclude that the mild winter stimulated an increase in electric car sales. Climate has a direct impact on transportation choices.	Since both phenomena occurred at the same time, we can conclude that the mild winter stimulated an increase in electric car sales.
fallacy of relevance	- The level of teaching has declined at the university: students complain about outdated programs and lack of practice. - Let's talk about the university's international rankings rather than students' complaints - we have moved up 20 positions in two years. As long as the university grows in the ratings, internal problems are not so critical. The main thing is to maintain external prestige.	Let's talk about the university's international rankings rather than students' complaints[SEP]As long as the university grows in the ratings, internal problems are not so critical.
fallacy of relevance	- The study shows that using social media for more than 4 hours a day is associated with increased anxiety and depression in teens. - But technology drives progress, and companies in this field create thousands of jobs. Can we criticize social media when it's the engine of the economy?	But technology drives progress[SEP]Can we criticize social media when it's the engine of the economy
ad populum	I question the benefits of energy drinks. But a huge number of people consume them regularly, so they are safe. Mass consumption is taken as evidence.	a huge number of people consume them regularly, so they are safe
equivocation	I think about how important it is to have harmony in a family. When there is harmony, people understand each other, support each other, live peacefully. In music, harmony is also what makes the sound harmonious. Good creates harmony, and if I have harmony in my relationships, then my whole life sounds harmonious and without mistakes. So any problems are just temporary deviations that don't need to be solved.	Good creates harmony, and if I have harmony in my relationships, then my whole life sounds harmonious and without mistakes
fallacy of extension	- I think doctors should spend more time talking to patients and explaining treatment. This builds trust and helps people better adhere to recommendations, especially with chronic conditions. - That's great! So you want doctors to just talk and stop treating patients altogether! Let them sit around for hours discussing feelings while people die without help! Are you suggesting we turn medicine into endless conversations with no real treatment?	doctors should spend more time talking to patients and explaining treatment[SEP]So you want doctors to just talk and stop treating patients altogether
fallacy of extension	- I think public transportation should be more accessible and convenient so that people will choose it more often instead of private cars. That would reduce traffic congestion. public transportation should be more convenient and accessible so that people use it more often - Oh, I see, you want to ban people from using cars? you want to ban personal transportation and make everyone take buses only That's a deprivation of freedom of movement! People will be forced onto overcrowded buses!	public transportation should be more convenient and accessible so that people use it more often[SEP]you want to ban personal transportation and make everyone take buses only
intentional	This law banning the sale of alcohol after 8 p.m. is absolutely right and humane - because we passed it with the best of intentions! Our goal was pure and noble: to protect families from drunken debauches, to preserve the health of the nation, to protect children from bad habits. We sincerely wanted to make people happier and healthier. Yes, perhaps after the law was passed, the sale of moonshine in underground stores increased by 40%, and yes, perhaps the number of methanol poisonings doubled in a year, and yes, small stores went bankrupt en masse, leaving thousands of people out of work. But does it matter? What matters is our intent was pure! We meant well. When a legislator's intentions are pure and his heart aches for the people, consequences take a back seat. Good purposes justify any side effects. When a person acts out of love for people, his decisions are always morally justified - even if the result is not ideal. So to criticize this law is to attack our good intentions, not the heart of the matter. And our intentions were the brightest.	This law banning the sale of alcohol after 8 p.m. is absolutely right and humane[SEP]Yes[SEP]after the law was passed, the sale of moonshine in underground stores increased[SEP]and yes[SEP]the number of methanol poisonings doubled[SEP]But does it matter? What matters is our intent was pure!
intentional	At a residents' meeting, they discussed installing video surveillance cameras. One of the neighbors was against it, citing privacy. In response, he was told: you are against the cameras not because you care about privacy, but because you want to hide your suspicious activities from your neighbors . This caused tension in the audience. in fact you have something to hide, that's why you resist any security measures . The issue of balancing security and privacy was never discussed.	you are against the cameras not because you care about privacy, but because you want to hide your suspicious activities from your neighbors[SEP]in fact you have something to hide, that's why you resist any security measures
ad populum	Franchises were discussed at the meeting of entrepreneurs. Practically no one invests in this segment, so it is unprofitable. They didn't even look deeper into the market.	Practically no one invests in this segment, so it is unprofitable.
circular reasoning	The startup's report said: the product is in demand because it is in high demand. However, high demand is due to the fact that the product is in demand. The investors requested additional data.	the product is in demand because it is in high demand[SEP]high demand is due to the fact that the product is in demand
circular reasoning	The market discusses the reliability of a bank. The bank is reliable because it has a solid reputation. Customers are calm. The reputation is strong because the bank is reliable. This reinforces depositors' confidence.	The bank is reliable because it has a solid reputation.[SEP]The reputation is strong because the bank is reliable.
fallacy of extension	- I think that the school program should reduce the amount of homework in primary grades and leave more time for recreation and games. It's not about reducing the quality of education, it's about keeping children interested in learning and not overloading them. Teachers will still be able to deliver key knowledge, just without the excessive workload that often causes stress in younger students. - So you think that children don't need to learn at all and can completely abolish homework? Fine, let's raise a generation of lazy people who can neither read nor count! Let them just play and have fun, and then they will be completely unprepared for adulthood. According to your logic, there is no need for school at all - we can close all educational institutions at once and leave children on the streets!	the school program should reduce the amount of homework in primary grades[SEP]children don't need to learn at all and can completely abolish homework
faulty generalization	At the interview, the candidate was unable to answer a basic question. One candidate was unprepared, which means that all applicants are now weak. The manager began to revise the requirements.	One candidate was unprepared, which means that all applicants are now weak.
false causality	The city increased the number of street lights, and at the same time the number of evening walks decreased. People were less likely to go out at night. Since these events coincided in time, it was the bright lights that reduced the desire to walk and affected the behavior of residents. It's an unexpected consequence of the changes.	Since these events coincided in time, it was the bright lights that reduced the desire to walk and affected the behavior of residents.
false dilemma	At the discussion of the city budget a tough position was voiced: the only way out is to cut social expenditures. The deficit and shortage of funds are spoken about. Debts and liabilities are described. Otherwise the city will be on the verge of bankruptcy. Emphasis is placed on the urgency of financial measures and the impossibility of postponing solutions.	the only way out is to cut social expenditures[SEP]Otherwise the city will be on the verge of bankruptcy
ad populum	Economist comments on the exchange rate. The majority of analysts in the media space expect the currency to strengthen for this reason, the forecast is correct. Opposing models are not considered.	The majority of analysts in the media space expect the currency to strengthen for this reason, the forecast is correct
intentional	In an argument about tax reform, I suggested lowering taxes for small businesses to encourage entrepreneurship. My opponent responded: You don't want to cut taxes for the sake of economic development, but because you are serving the interests of large corporations and seeking personal gain. He argued that my arguments were just a cover to promote the interests of the rich. However, he did not discuss economic models or examples from other countries, focusing solely on my alleged motives. As a result, the conversation about the real effects of reform was replaced by a discussion of what my alleged goals are.	You don't want to cut taxes for the sake of economic development, but because you are serving the interests of large corporations and seeking personal gain
false dilemma	The health care industry is discussing funding reform. There is only one right solution - to switch completely to fee-for-service medicine, in order to improve the quality of services and patient responsibility. Public systems are often overburdened and inefficient. If this is not done, the quality of care will only deteriorate and waiting lists will grow. Free medicine creates the illusion of accessibility, but in reality leads to lower standards. A transition to a market model would improve services and attract investment.	There is only one right solution - to switch completely to fee-for-service medicine,[SEP]If this is not done,
faulty generalization	I tried a new fitness club and the trainer paid little attention to me. The atmosphere seemed strange. One trainer ignored a customer - so the whole staff of the club works like that. I don't see the point of going back there.	One trainer ignored a customer - so the whole staff of the club works like that.
equivocation	I believe that hunting is a strong desire. When there is a hunt to do something, a person is active and achieves goals. In the wild, hunting requires skill and patience. Hunting directs action and leads to a result, whether it is a desire or the process of prey. If there is hunting, then the result is inevitable. Consequently, any desire is bound to be realized.	Hunting directs action and leads to a result, whether it is a desire or the process of prey. If there is hunting, then the result is inevitable. Consequently, any desire is bound to be realized.
faulty generalization	One blogger gave incorrect nutrition advice - so all bloggers are spreading misinformation. So I stopped watching them.	One blogger gave incorrect nutrition advice - so all bloggers are spreading misinformation
fallacy of relevance	- Schools are closing in rural areas: more than 300 educational institutions have been liquidated in five years, and children have to travel dozens of kilometers. - Why discuss rural schools when modern world-class educational campuses are being built in the capital? They are equipped with laboratories and technology. First we will create centers of excellence, and then we will think about the periphery.	Why discuss rural schools when modern world-class educational campuses are being built in the capital?[SEP]First we will create centers of excellence, and then we will think about the periphery
faulty generalization	I tried a new bank and ran into the fact that the card didn't work at the store. It was embarrassing at the checkout. One time this bank's card didn't go through - it means their whole system is unreliable and fails all the time. Now I'm thinking of closing the account.	One time this bank's card didn't go through - it means their whole system is unreliable and fails all the time.
false causality	In recent years, people have started using fitness bracelets more frequently, and at the same time, interest in proper nutrition has grown. You can see it in product sales. If both phenomena are increasing together, it means that fitness bracelets are forming healthy eating habits. They're changing lifestyles.	If both phenomena are increasing together, it means that fitness bracelets are forming healthy eating habits.
equivocation	"I have recently been thinking about the meaning of the word ""peace"". We live in a huge world full of countries, cultures and people. It is a complex system where everything is interconnected. But peace is also a state without war. The world must be stable and harmonious to exist as a whole. If peace is harmony, then the whole world by its very nature strives for the absence of conflict."	The world must be stable and harmonious to exist as a whole. If peace is harmony, then the whole world by its very nature strives for the absence of conflict.
equivocation	I have noticed that the key to success is always linked to the source of opportunities. When you find the key to a task, everything becomes clear, as if it opens access to new solutions. It gives confidence and speeds things up. A key gives access to something important, like a spring gives water. If there's a key, then there's a spring that feeds everything else. So if I find a key, I ensure a constant flow of success.	A key gives access to something important, like a spring gives water. If there's a key, then there's a spring that feeds everything else. So if I find a key, I ensure a constant flow of success.
fallacy of relevance	- The analysis showed that city buses are late by an average of 15-20 minutes, which reduces the efficiency of public transportation and increases pressure on the roads. - Let's talk about promoting cycling culture and healthy lifestyles rather than bus schedules and transportation delays, shall we? More and more people are switching to bicycles. This is a more important trend than public transportation problems, which will gradually solve themselves. We need to look to the future.	Let's talk about promoting cycling culture and healthy lifestyles rather than bus schedules and transportation delays[SEP]This is a more important trend than public transportation problems, which will gradually solve themselves
fallacy of relevance	- Public transport is overloaded: buses run up to 25 minutes late, the metro is 140% overcrowded during rush hours, and the number of private cars has increased by 30% in five years. This leads to traffic jams, air pollution and wasted time. We need to invest in public transportation. - Let's talk more about developing tourism in the city, not about transportation and traffic jams. Last year only 200,000 tourists visited us, although the potential is much higher. If we invest in hotels and cultural events, the flow will double. This will bring income to the budget, and then it will be possible to solve transportation problems.	Let's talk more about developing tourism in the city, not about transportation and traffic jams.
fallacy of credibility	This educational course on child development is really effective because it is endorsed by a well-known entrepreneur who has built a successful company and often talks about the importance of self-development. He claims that it's courses like this that help mold the mindset of a leader. If a person with such authority in business recommends this program, then it works. His success proves that he understands what skills are important for the future. There's no point in analyzing the course methodology or looking for scientific proof - just trust the opinion of someone who has already achieved outstanding results. His recommendations can be taken as a guide to action.	This educational course on child development is really effective because it is endorsed by a well-known entrepreneur[SEP]If a person with such authority in business recommends this program, then it works
false dilemma	The issue of social media regulation is becoming more and more acute. Either strict censorship of content is introduced to prevent the spread of misinformation and extremism. This will control the information space. Either the platforms turn into a chaotic environment without rules. Under such conditions, users lose trust and society loses stability.	Either strict censorship of content is introduced[SEP]Either the platforms turn into a chaotic environment without rules.
fallacy of credibility	During the lecture, the student attempted to challenge the instructor's assertion by citing new research. The instructor rejected the arguments by pointing to the student's lack of an academic degree. Your arguments are irrelevant because you don't have a PhD or doctoral degree and without academic status you can't draw conclusions in this area. Although the student cited actual publications and data, the instructor focused solely on formal status. This allowed him to avoid discussing the substance of the arguments and actual evidence.	Your arguments are irrelevant because you don't have a PhD or doctoral degree[SEP]without academic status you can't draw conclusions in this area
fallacy of extension	"- I think we need to revise school programs to remove outdated topics and add current knowledge. - So you want to rewrite all history and remove everything you don't like? Textbooks will become a propaganda tool and children will only know the ""convenient"" version of the world!"	we need to revise school programs to remove outdated topics and add current knowledge. - So you want to rewrite all history and remove everything you don't like
circular reasoning	A scientific article discussed the correctness of the method. The method is correct because it produces valid results, and the validity of the results is due to the fact that the method is correct. Reviewers pointed out the need for external validation.	The method is correct because it produces valid results, and the validity of the results is due to the fact that the method is correct
equivocation	I often think about how important it is to have a hunt for a cause. When there is a hunt, there is energy, a desire to act, to achieve goals. Hunting has to do with the pursuit of a result. Hunting requires persistence and follow through, and if I have the hunt to work, then I will inevitably get results in any endeavor. Therefore, effort is not as important.	Hunting requires persistence and follow through, and if I have the hunt to work, then I will inevitably get results in any endeavor
fallacy of credibility	In a conversation about bank deposits, one person argues that it is better to diversify investments and not keep everything in one bank. His interlocutor replies: this strategy is reliable because it is recommended by a famous billionaire and world-renowned investor and if such an authority says so, it is the only right decision. He emphasizes that the billionaire manages huge sums of money and knows exactly how best to manage it. This does not address the specific risks, market conditions, or financial goals of the average person. The argument is that the opinion of a famous investor automatically makes the strategy right for everyone.	this strategy is reliable because it is recommended by a famous billionaire and world-renowned investor[SEP]if such an authority says so, it is the only right decision
ad populum	- I think this philosophical approach has merit. - It is marginalized and not supported by the academic community therefore, it is wrong. Serious ideas are always recognized by the majority of academics.	It is marginalized and not supported by the academic community therefore, it is wrong. Serious ideas are always recognized by the majority of academics.
faulty generalization	I bought a new brand of headphones and they broke after a week. I had to return them. One model failed quickly, which means all products from that brand are unreliable. I don't want to take any more risks.	One model failed quickly, which means all products from that brand are unreliable.
circular reasoning	In a discussion of the startup, the founder talks about its potential. The project is promising because it has a high growth potential. And the growth potential is obvious, because the project is promising. This is the basis of the presentation to investors.	The project is promising because it has a high growth potential. And the growth potential is obvious, because the project is promising
circular reasoning	In a law clinic, they were discussing the presumption of good faith. An entity is bona fide because its actions are lawful, and the lawfulness of actions is determined by its good faith. They built a line of defense around it.	An entity is bona fide because its actions are lawful, and the lawfulness of actions is determined by its good faith.
false causality	In recent years, coffee shops have been actively opening in the city, and at the same time the number of freelancers has been growing. People are increasingly working outside offices. Since the growth in the number of freelancers has occurred along with the increase in the number of coffee shops, we can conclude that it is the coffee shops that facilitate people's transition to freelance employment. It's a new economic model.	Since the growth in the number of freelancers has occurred along with the increase in the number of coffee shops, we can conclude that it is the coffee shops that facilitate people's transition to freelance employment.
false dilemma	In tax policy we have only two ways: raise rates for all categories of citizens. The budget is under pressure, costs are rising, and a quick solution is needed. or the state will simply not be able to meet its obligations to the population. This means delayed payments, program cuts and instability. Any talk of reallocation of expenditures or optimization seems superfluous in the current situation. We need to act decisively, otherwise the consequences will be too serious. The issue is urgent and cannot be postponed, because the financial system will not withstand uncertainty.	In tax policy we have only two ways:[SEP]or the state will simply not be able to meet its obligations to the population.
appeal to emotion	- Should a curfew be imposed? - Nights have become a time of anxiety and rumors, the streets are empty. Do you really want fear to be the norm? It puts pressure on everyone. That's why it should be forbidden to go out after ten o'clock and punished severely.	Do you really want fear to be the norm?[SEP]That's why it should be forbidden to go out after ten o'clock and punished severely.
appeal to emotion	"- You can't restrict freedom of speech, it's the foundation of society. - What if tomorrow your children are exposed to dangerous propaganda and it breaks their lives?"" The answer sounded harsh. People are thinking about personal vulnerability. That's why the state must tightly control information."	"What if tomorrow your children are exposed to dangerous propaganda and it breaks their lives?""[SEP]That's why the state must tightly control information."
ad populum	A forum was discussing remote work. One user claimed: Many companies are switching to telecommuting en masse, which means that it is the most productive model. He referred to reports from HR agencies.	Many companies are switching to telecommuting en masse, which means that it is the most productive model
intentional	- I suggest revising the bonus system because the current KPIs incentivize formal performance rather than real customer benefit. We see an increase in complaints and a decrease in repeat purchases, even though the reports look great. - You're pushing KPI changes because you want to hide your own failures and reduce personal accountability to management and actually seek to loosen controls to make it easier to manipulate department results. All your talk about customers is a convenient screen. If you remove hard metrics, it becomes impossible to verify who is really working and who is just making it look like they are. You want to blur the criteria so that your metrics stop looking weak. That's why you criticize a system that doesn't suit you.	You're pushing KPI changes because you want to hide your own failures and reduce personal accountability to management[SEP]actually seek to loosen controls to make it easier to manipulate department results
false causality	After the company introduced a dress code, quarterly profits increased by 12%, so it was the strict dress code of employees that increased the financial performance of the business. Management believes that discipline in appearance is directly related to the company's success.	After the company introduced a dress code, quarterly profits increased by 12%, so it was the strict dress code of employees that increased the financial performance of the business.
appeal to emotion	In a televised debate, the closing of borders was discussed. One of the participants said: People are afraid to go out on the streets, they feel threatened. Do you really want your children to grow up in fear? Every day brings anxiety and tension. So the borders need to be closed completely.	Do you really want your children to grow up in fear?[SEP]So the borders need to be closed completely.
intentional	"Yes, there are risks in borrowing from microfinance companies. Yes, interest rates can reach 600-700 percent per annum, and yes, many borrowers sell their only apartment or lose their car, and yes, some are chased for years by debt collectors and have their apartments set on fire. But people take out these loans themselves, so they're fine with it! They press the ""borrow"" button on the app or sign the contract in the office! No one put a gun to their head. So they assessed the risks themselves and decided it was profitable. If they were not satisfied with something, they would not have taken the loan. It's simple: voluntary choice -- voluntary agreement to all the terms. If they choose to take it, it means they are completely satisfied with the system. There is no need to impose restrictions on rates: the market itself is regulated through the free choice of consumers. So there is no need to ban microfinance organizations. People themselves consciously take these risks."	Yes, there are risks in borrowing from microfinance companies.[SEP]But people take out these loans themselves, so they're fine with it![SEP]So there is no need to ban microfinance organizations.
circular reasoning	A development team was arguing about the choice of architecture. The architect argued that the solution is scalable because it supports load growth without degradation, and support for load growth without degradation stems from the fact that the solution is scalable. In parallel, they discussed implementation costs and release dates.	the solution is scalable because it supports load growth without degradation[SEP]support for load growth without degradation stems from the fact that the solution is scalable
intentional	Yes, the program of resettlement of residents from emergency housing was implemented with violations, and some families received worse apartments than before, but we acted out of a sincere desire to improve people's living conditions and rid them of dangerous houses and even if there were problems, the main thing is our good intentions, not individual negative cases. It is impossible to carry out such a massive reform without making mistakes. What is important is that we strive to do better. In time, all shortcomings will be corrected.	we acted out of a sincere desire to improve people's living conditions and rid them of dangerous houses[SEP]even if there were problems, the main thing is our good intentions, not individual negative cases
fallacy of relevance	- The country has seen a 10% decline in birth rate over the last five years, which creates demographic risks. - How can we talk about fertility when the inflation rate has reached double digits? Prices are rising faster than incomes. First stabilize the economy, and then discuss demography.	How can we talk about fertility when the inflation rate has reached double digits?[SEP]First stabilize the economy, and then discuss demography.
appeal to emotion	There was a discussion about controlling the Internet. One official said: People are exposed to traumatic content that destroys their psyche. How can you ignore it? They're left unprotected. ♪ So the Internet must be under total government control. ♪	How can you ignore it?[SEP]So the Internet must be under total government control.
ad populum	In a legal discussion, one participant said: This legal position is not supported in most court decisions, so it is wrong. Colleagues continued to analyze the practice.	This legal position is not supported in most court decisions, so it is wrong.
equivocation	I've been interested in music for a long time and try to understand the theory. It's very important to have harmony in a composition - without it, everything sounds chaotic and unpleasant. When there is harmony, music becomes harmonious and understandable. Harmony in relationships is also necessary, because when there is harmony between people, everything works out well and calmly - this is the basis of any friendship. So I am sure that if we have a good musical harmony, we will have no conflicts in communication, because harmony always means harmony.	Harmony in relationships is also necessary, because when there is harmony between people, everything works out well and calmly - this is the basis of any friendship.[SEP]if we have a good musical harmony, we will have no conflicts in communication
equivocation	I like to work with a piece of paper: on it I can write down ideas, draw, plan. It helps organize thoughts. If a leaf stores information and structure, and a plant leaf supports life, then any leaf supports development, so writing on a leaf automatically improves life. So it's enough to write things down to make things better.	If a leaf stores information and structure, and a plant leaf supports life, then any leaf supports development, so writing on a leaf automatically improves life. So it's enough to write things down to make things better.
ad hominem	- I propose to introduce transparent rules for party funding. - You yourself are connected to backroom deals and act from selfish motives, so your arguments about transparency are hypocritical and unconvincing. Don't pretend to be a reformer.	You yourself are connected to backroom deals and act from selfish motives, so your arguments about transparency are hypocritical and unconvincing.
equivocation	I am convinced that it is important to keep your distance in difficult situations. It helps to avoid unnecessary conflicts and keep calm. Distance is distance, so if I physically move away from people, conflicts will disappear. So in tense conversations, I just move farther away. I feel like the more distance between us, the less likely we are to argue.	Distance is distance, so if I physically move away from people, conflicts will disappear.
fallacy of credibility	"An employee of a leading pharmaceutical company talks about the dangers of easy drugs - so you can believe him. Because his company is the winner of the Innovation of the Year Award in health care, supplies drugs to 50 countries and has set the standard in medical ethics for decades. If such an expert says that even ""mild"" substances destroy the brain, it's not an opinion - it's scientific fact!"	An employee of a leading pharmaceutical company talks about the dangers of easy drugs - so you can believe him. Because his company is the winner of the Innovation of the Year Award in health care
intentional	- Are you going to help with the project, or are you more comfortable continuing to pass the responsibility onto others? - The question is phrased in such a way that you're assuming in advance that I'm deliberately avoiding work and want to take advantage of other people's labor, even though I have my own tasks and limitations. This is an attempt to cast me in a negative light, not to sort out the division of responsibilities. This approach only worsens teamwork.	you're assuming in advance that I'm deliberately avoiding work and want to take advantage of other people's labor
appeal to emotion	In a debate on migration, a participant said: People feel afraid when they don't understand who lives next to them. The city loses its familiar face. Do you want to lose your sense of security? That's why we need to close the borders completely.	Do you want to lose your sense of security? That's why we need to close the borders completely.
ad hominem	Discusses banning offensive advertising to children. This activist is herself known for her propensity for manipulation and emotional pressure, so her arguments about protecting children are not credible. Nevertheless, the issue needs to be discussed.	This activist is herself known for her propensity for manipulation and emotional pressure, so her arguments about protecting children are not credible.
faulty generalization	In one yoga class, the instructor explained the exercises confusingly and often got confused. It was difficult to follow. So all yoga classes are ineffective and poorly organized. I don't see the benefit of continuing.	In one yoga class, the instructor explained the exercises confusingly[SEP]So all yoga classes are ineffective and poorly organized
fallacy of extension	- I think parents should limit their children's smartphone use before bedtime to improve sleep quality - it's supported by research. It's not about banning technology, it's about healthy habits and routines. - So you want to completely take all phones away from kids and isolate them from technology? No messenger, no online tutoring, no gaming? You propose to raise kids who don't know how to use modern devices and are behind the rest of the world!	parents should limit their children's smartphone use before bedtime to improve sleep quality[SEP]So you want to completely take all phones away from kids and isolate them from technology
ad hominem	- I propose to develop bicycle infrastructure in the city center. - You are hostile to motorists and constantly in conflict with them, therefore your proposals are biased and cannot be taken seriously. Let's go to the accident statistics.	You are hostile to motorists and constantly in conflict with them, therefore your proposals are biased and cannot be taken seriously.
equivocation	I have always believed that one should respect the law. The law regulates society, makes life predictable, protects people. Without it, there would be chaos. The law is binding, as a rule of nature, so if something happens naturally, it is already right and does not require discussion.	The law is binding, as a rule of nature, so if something happens naturally, it is already right and does not require discussion.
fallacy of extension	- I think children should be taught the basics of financial literacy as early as school - how loans, taxes, and personal budgets work. This will help them avoid debt and make smarter decisions in the future. - So you want to turn kids from childhood into money-obsessed pragmatists who only think about profit? Fine, let's take art, literature, and anything related to personal development out of schools! Let children from the first grade count percentages and think how to earn money, forgetting about values, friendship and creativity. You propose to raise a generation of cynical accountants!	children should be taught the basics of financial literacy as early as school[SEP]turn kids from childhood into money-obsessed pragmatists who only think about profit
faulty generalization	I visited a new park this weekend. One place was filthy. One area was unkept, so the whole park is in bad shape. The impression was blurred.	One area was unkept, so the whole park is in bad shape.
faulty generalization	At the interview, one candidate with a great resume failed at simple questions. This surprised the team. If one candidate with a good resume was weak, then all resumes can't be trusted. We will only look at personal impression.	If one candidate with a good resume was weak, then all resumes can't be trusted.
ad populum	"He turned down a rare profession with the following explanation: ""It's a profession that almost no one chooses, so there are no prospects in it."" Popular destinations are always more reliable."	"""It's a profession that almost no one chooses, so there are no prospects in it."""
fallacy of extension	"- It seems to me that moderate moderation should be introduced on the internet to combat blatant misinformation. It's not about censorship, it's about reducing the harm of knowingly false and dangerous claims. - That's great! You want to completely control the internet and ban any opinion you don't like! Today you remove ""misinformation"" and tomorrow you shut down all sites and leave only the official viewpoint! This is a direct path to dictatorship!"	moderate moderation should be introduced on the internet to combat blatant misinformation[SEP]You want to completely control the internet and ban any opinion you don't like
fallacy of extension	- I think that major cities should limit high-rise development in historic districts to preserve architectural character. - So you want to completely ban building and stop urban development? Fine! Then let cities shut down, housing becomes unaffordable, and people live in old houses with no upgrades! You want to turn cities into museums!	major cities should limit high-rise development in historic districts[SEP]you want to completely ban building and stop urban development
circular reasoning	The university discussed the criteria for academic success. Student is successful because he/she demonstrates a high level of academic success. This was considered an obvious indicator. At the same time academic success is due to the fact that the student is successful. The assessment looked formally valid.	Student is successful because he/she demonstrates a high level of academic success.[SEP]academic success is due to the fact that the student is successful
fallacy of relevance	- We analyzed data on the school program: the overload of students reaches 10-12 hours of classes a day, including homework. This leads to chronic fatigue, decreased motivation and increased anxiety among teenagers. - Let's talk more about how today's kids are spending too much time on social media rather than school workloads and curricula, shall we? They sit on their phones for 6-8 hours a day, lose concentration and don't know how to socialize in person. It is the gadget addiction that is the real problem, not the amount of lessons and homework. Until this is solved, any education reforms are pointless.	Let's talk more about how today's kids are spending too much time on social media rather than school workloads and curricula[SEP]It is the gadget addiction that is the real problem, not the amount of lessons and homework
ad hominem	- We should have stricter rules for comment moderation. - You are prone to censorship and don't tolerate other people's opinions, hence your suggestions are motivated by intolerance and don't deserve discussion. The community should remain free.	You are prone to censorship and don't tolerate other people's opinions, hence your suggestions are motivated by intolerance and don't deserve discussion
fallacy of credibility	In a discussion of tax policy, one participant suggests lowering taxes for small businesses, citing economic calculations. Another responds: This is the right idea because it is supported by a famous billionaire and investor who has had tremendous success. If such a wealthy person thinks it is effective, then it is the right thing to do. He uses financial success as proof of the rightness, without analyzing the arguments themselves.	This is the right idea because it is supported by a famous billionaire and investor[SEP]If such a wealthy person thinks it is effective, then it is the right thing to do
false causality	Many successful bloggers are active in sports and lead a healthy lifestyle. Since success in blogging often goes hand in hand with physical activity, it is sports that contributes to the growth of popularity on the Internet. This becomes a recommendation for newcomers.	Since success in blogging often goes hand in hand with physical activity, it is sports that contributes to the growth of popularity on the Internet.
false causality	The university has introduced compulsory attendance at lectures and the average grade point average of students has improved. The administration is happy with the result. Since the increase in grades occurred after the introduction of compulsory attendance, it means that attendance at lectures automatically improves academic performance. This proved the effectiveness of the measure.	Since the increase in grades occurred after the introduction of compulsory attendance, it means that attendance at lectures automatically improves academic performance. This proved the effectiveness of the measure.
faulty generalization	One bank rejected my loan application, which means that all banks are rejecting customers like me. I discuss financing options with my colleagues.	One bank rejected my loan application, which means that all banks are rejecting customers like me
equivocation	"I try to keep harmony in the family: respect, understanding and support make relationships stronger. It's important for harmony. If harmony creates harmony, and harmony is the basis of musical harmony, then any harmony automatically creates the right sound, so any relationship with ""harmony"" is perfect. Therefore, problems in them are impossible."	"If harmony creates harmony, and harmony is the basis of musical harmony, then any harmony automatically creates the right sound, so any relationship with ""harmony"" is perfect. Therefore, problems in them are impossible."
ad populum	At the discussion of cultural policy, the opinion was voiced: The public rejects contemporary art en masse, so it has no value. It was decided to cut funding.	The public rejects contemporary art en masse, so it has no value.
fallacy of extension	- I believe that in some cases it is worth allowing remote work if the tasks allow it. It can improve efficiency. - So you want offices to disappear and people to stop interacting altogether? So no teamwork, just isolation? You're suggesting we destroy the corporate culture! By your logic, people should stay at home and not socialize!	in some cases it is worth allowing remote work if the tasks allow it[SEP]So you want offices to disappear and people to stop interacting altogether
circular reasoning	The technology company stated: the algorithm is optimal because it demonstrates the best performance. Engineers referred to tests. And the best performance is achieved because the algorithm is optimal. The solution was implemented without modifications.	the algorithm is optimal because it demonstrates the best performance[SEP]And the best performance is achieved because the algorithm is optimal
fallacy of credibility	In a technology forum, one participant claimed that the new operating system is completely secure. This system is secure because it is praised by a well-known Silicon Valley entrepreneur who has created several successful startups. He talked about it in an interview and shared his positive experience. If such an influential person endorses a product, it means it's really high quality and safe. His success in business is perceived as a guarantee of a correct evaluation. So there is no need to analyze technical vulnerabilities or specialist reports.	This system is secure because it is praised by a well-known Silicon Valley entrepreneur[SEP]If such an influential person endorses a product, it means it's really high quality and safe
faulty generalization	A neighbor recently bought a smart speaker and it sometimes didn't understand commands. It seemed weird. One speaker works with errors - so all such devices are useless. The technology is not ready.	One speaker works with errors - so all such devices are useless.
fallacy of relevance	- The level of student training at universities is falling: employers complain that graduates lack basic skills in data analysis and critical thinking. According to surveys, 60% of companies have to retrain employees from scratch. This calls for curriculum reform. - But you know that housing prices have skyrocketed in our city, so universities should be discussed later? Young families can't buy apartments, rent eats up 70% of their income. People put off starting a family and moving. Until we solve the housing crisis, any talk about the quality of education will be secondary.	But you know that housing prices have skyrocketed in our city, so universities should be discussed later
false dilemma	The energy debate argues: the only way out is to completely divest from fossil fuels and close all coal and gas plants as soon as possible. Environmental risks are emphasized as critical, and the climate agenda becomes the defining issue. The impact on employment and industry is discussed but sidelined. Otherwise we are doomed to an ecological catastrophe, which will lead to ecosystem destruction, poor public health and economic losses. This approach is presented as an inevitable choice without the possibility of incremental or combined solutions.	the only way out is to completely divest from fossil fuels[SEP]Otherwise we are doomed to an ecological catastrophe,
equivocation	Recently I have been thinking about how important motives are in life. Motive makes a person act, go to the goal, overcome difficulties. Without a motive, there is no forward movement. A motive sets the direction of action, just as a musical motive sets the structure of a composition, so repeating the same motive can control human behavior in the same way that repetition sets the music.	A motive sets the direction of action, just as a musical motive sets the structure of a composition, so repeating the same motive can control human behavior in the same way that repetition sets the music.
fallacy of credibility	At a family dinner, they are discussing nutrition for children. One person cites pediatrician recommendations and scientific data. In response, they say: We have always fed our children this way, and it is the right thing to do because our parents and their parents did it, and because this practice has been maintained for generations, it cannot be harmful. The interviewee emphasizes that everyone grew up healthy following these habits. Any new recommendations are perceived as unnecessary experiments. Arguments about modern research are ignored, as the decisive factor is considered to be the longevity of the tradition.	We have always fed our children this way, and it is the right thing to do because our parents and their parents did it[SEP]because this practice has been maintained for generations, it cannot be harmful
intentional	- The school should do away with excessive homework because children are overloaded and lose interest in learning. - You don't want to reduce homework because you care about children's psychological health and the quality of education - in fact, you just don't want to study with your child at home and are looking for an excuse for your inactivity. Learning requires effort and you are trying to avoid it. All your arguments are an attempt to shift responsibility.	You don't want to reduce homework because you care about children's psychological health and the quality of education - in fact, you just don't want to study with your child at home and are looking for an excuse for your inactivity
intentional	"- The university should overhaul its grading system: the current model encourages rote memorization rather than critical thinking. Students complain about stress and meaningless tests. - You criticize the grading system not because you care about students, but because you want to make it easier for them to get effortless degrees. In reality, you're just aiming to lower the requirements so that your courses look more successful statistically. All the talk about ""stress"" is an attempt to justify lowering academic standards. Your real goal is to make learning easier so that no one complains and the stats look better."	You criticize the grading system not because you care about students, but because you want to make it easier for them to get effortless degrees.
ad populum	On a political talk show, it said: a majority of voters support this law, so it's fair. After this argument, the applause increased.	a majority of voters support this law, so it's fair
appeal to emotion	In a discussion about religious norms, one participant stated: People feel threatened by their values. Are you willing to let them be destroyed? That's why we need to prohibit any deviation from tradition.	Are you willing to let them be destroyed? That's why we need to prohibit any deviation from tradition.
ad hominem	She criticizes the culture of overwork in corporations. She is stressed out and procrastinative, so her arguments about the harms of overwork are unconvincing. This conversation was quickly shut down.	She is stressed out and procrastinative, so her arguments about the harms of overwork are unconvincing
intentional	- I propose to implement a system of faculty evaluation by students to improve the quality of teaching. - You want to implement this not for quality, but because you want to get a tool to put pressure on teachers and control their behavior using students. Your arguments about transparency are just a cover. What you really want is to change the balance of power in the university. It's not about education, it's about governance and influence.	You want to implement this not for quality, but because you want to get a tool to put pressure on teachers and control their behavior
ad hominem	He spoke out against raising the retirement age. This man himself does not care about the future and lives in one day, so his arguments about the pension system cannot be taken seriously. His position is motivated by irresponsibility.	This man himself does not care about the future and lives in one day, so his arguments about the pension system cannot be taken seriously.
circular reasoning	In a scientific discussion, it has been argued: a hypothesis is valid because it has a justification in a theoretical model. This was accepted as sufficient. At the same time, the theoretical model is seen as a justification precisely because the hypothesis is considered valid.	a hypothesis is valid because it has a justification in a theoretical model[SEP]the theoretical model is seen as a justification precisely because the hypothesis is considered valid
false causality	In recent months, I started running in the mornings, and almost immediately I got a promotion at work. My coworkers also noticed that I looked more alert. Since the promotion came soon after I started running, it was my morning jogging that was the reason for my career advancement. Now I advise everyone to start the day with a run.	Since the promotion came soon after I started running, it was my morning jogging that was the reason for my career advancement.
false dilemma	The issue of Internet regulation is becoming more and more acute. The only way out is to introduce strict state censorship of online content to protect users from dangerous information. Nowadays, there are many fakes, extremist materials and harmful ideas spreading online that can influence society. Platforms can't cope with moderation and the situation is getting out of control. Otherwise, the Internet will turn into a completely uncontrolled space of chaos, where security cannot be ensured. Under such conditions, soft measures or self-regulation seem insufficient and ineffective.	The only way out is to introduce strict state censorship of online content[SEP]Otherwise, the Internet will turn into a completely uncontrolled space of chaos
faulty generalization	Recently, a student in the class was constantly distracted and disrupting the lesson. It was difficult for the teacher to teach the class. One student behaving badly means the whole class is out of control. It affects the overall impression.	One student behaving badly means the whole class is out of control.
faulty generalization	A colleague once failed to respond to an email on time and the project was delayed. This created tension. One case of delayed reply means everyone in the department ignores emails all the time. We'll have to duplicate messages.	One case of delayed reply means everyone in the department ignores emails all the time.
faulty generalization	I recently ordered an item through marketplace and the delivery was delayed. It was inconvenient. One order came late, so the whole platform is not reliable. Now I'm thinking of switching to another service.	One order came late, so the whole platform is not reliable.
circular reasoning	A scientific article discussed the validity of the method. The method is valid because it measures what it is supposed to measure. That's the basic criterion. And the fact that it measures the right parameters is due to the fact that the method is valid, which completes the argument.	The method is valid because it measures what it is supposed to measure.[SEP]the fact that it measures the right parameters is due to the fact that the method is valid
circular reasoning	The marketing analysis said: the brand is strong because it has high recognition, and recognition is due to the strength of the brand. This was used in the promotion strategy.	the brand is strong because it has high recognition, and recognition is due to the strength of the brand
fallacy of extension	- I think schools should reduce the amount of homework in the lower grades to reduce overloading kids. It doesn't eliminate learning. - Yeah, you want to completely eliminate homework and leave kids without practice and knowledge? Then learning will become a formality! You're proposing to raise an illiterate generation!	schools should reduce the amount of homework in the lower grades[SEP]you want to completely eliminate homework and leave kids without practice and knowledge
false dilemma	The healthcare industry is discussing the financing of new clinics. The queues are growing, doctors are overloaded, and patients are dissatisfied with the quality of services. The only way out is to fully privatize medicine. This will attract investment and increase competition. However, there are still issues of access to treatment for the poor. Otherwise, the system will finally collapse and cease to function. In such conditions, compromise models are not considered viable.	The only way out is to fully privatize medicine.[SEP]Otherwise, the system will finally collapse and cease to function.
ad hominem	In a debate on migration policy, he favored tougher rules. He is known for his xenophobia and rejection of other cultures, so his arguments about migration are biased and not worthy of consideration. This is not an objective position.	He is known for his xenophobia and rejection of other cultures, so his arguments about migration are biased and not worthy of consideration.
faulty generalization	At the university, one teacher was often late. One lecturer is not good at teaching, which means that the whole department has a low level of teaching. The students were discussing it in the hallway.	One lecturer is not good at teaching, which means that the whole department has a low level of teaching.
faulty generalization	I tried yoga once and didn't feel any effect - so yoga doesn't help people improve their health at all. So I decided not to waste any more time on it.	I tried yoga once and didn't feel any effect - so yoga doesn't help people improve their health at all.
false dilemma	The energy strategy discusses nuclear power. We have to admit: either build new nuclear power plants. It provides stable generation. But it raises safety concerns. Or the country will be left without reliable energy sources. Alternative combinations are not considered.	We have to admit: either build new nuclear power plants.[SEP]Or the country will be left without reliable energy sources.
fallacy of extension	- I believe that should limit the volume of advertising in public places to reduce noise pollution. It would make the city more livable. - So you want to eliminate advertising completely and make cities boring and dead? You're bothered by all kinds of sounds and you want quiet, like a graveyard! By your logic, businesses shouldn't attract customers at all, and cities should be lifeless and empty.	should limit the volume of advertising in public places to reduce noise pollution[SEP]So you want to eliminate advertising completely and make cities boring and dead
circular reasoning	The university argued about the value of interdisciplinary programs. An interdisciplinary course has high relevance because it is relevant to current challenges, and its relevance to current challenges derives from its relevance. Many faculty consider this sufficient justification for expanding the program.	An interdisciplinary course has high relevance because it is relevant to current challenges, and its relevance to current challenges derives from its relevance.
ad hominem	At a discussion of judicial reform, a lawyer came forward to propose changes. He is known for his penchant for intrigue and backroom deals, hence his arguments about fairness are not credible. Many took this with skepticism.	He is known for his penchant for intrigue and backroom deals, hence his arguments about fairness are not credible
faulty generalization	At the clinic, I had to wait longer than the appointment time. The queue hardly moved at all. Once I had a delayed appointment, it means that this clinic is always poorly organized and everyone is received late. Next time I will think twice about coming here.	Once I had a delayed appointment, it means that this clinic is always poorly organized and everyone is received late.
equivocation	I work on myself for a long time and try to keep my tongue in order: not to be rude, not to snap, not to speak unnecessarily in conflict situations. This helps to keep the respect of others and build normal relationships. If the tongue should be clean and neat in communication, it means that the tongue should be cleaned and trained regularly so that it works properly. That's why language exercises are more important than any communication course, because without a strong language you can't speak decently. I even started doing special exercises in front of the mirror and I'm sure it will directly improve my communication skills and social behavior.	If the tongue should be clean and neat in communication, it means that the tongue should be cleaned and trained regularly so that it works properly. That's why language exercises are more important than any communication course, because without a strong language you can't speak decently.
ad hominem	- I propose to implement a hybrid work format to reduce employee burnout and increase productivity. - Your proposal is not worth considering because you yourself are chronically disorganized and constantly fail to meet deadlines, so your ideas about productivity are untenable. It's unlikely to improve the situation in the team.	Your proposal is not worth considering because you yourself are chronically disorganized and constantly fail to meet deadlines, so your ideas about productivity are untenable.
false dilemma	An economist on the air said: The only way out is to immediately cut all social programs. Otherwise, the economy will collapse. The anchor tried to mention alternative measures of income growth.	The only way out is to immediately cut all social programs. Otherwise, the economy will collapse.
false causality	Every time a new season of a show comes out, I start cooking at home more often. It's become a habit. Since these things are happening at the same time, it's the release of the show that motivates me to cook. Without it, I guess it wouldn't be happening.	Since these things are happening at the same time, it's the release of the show that motivates me to cook
intentional	Yes, we launched an educational course without accreditation, and that raises questions. But we did it because our intentions were pure and aimed at spreading knowledge and making education accessible to all. We wanted to help people learn. Even if the quality of the course is not yet perfect, the main thing is that we aimed to enable development and learning. Things will improve over time, but the goal already justifies our actions.	we did it because our intentions were pure and aimed at spreading knowledge and making education accessible to all[SEP]Even if the quality of the course is not yet perfect, the main thing is that we aimed to enable development and learning
fallacy of credibility	This diet plan is effective because it was developed by a well-known business coach who conducts personal growth seminars. He is successful, makes millions and helps people achieve their goals. If a person with such credibility says a diet works, then it's really helpful. He shares his experience and claims that he feels better because of this diet. His success in his career shows that he knows how to make good decisions. There is no need to check scientific studies or consult doctors - just trust the opinion of someone who has already proven his competence in life and business.	This diet plan is effective because it was developed by a well-known business coach[SEP]If a person with such credibility says a diet works, then it's really helpful
circular reasoning	In economic analysis, market stability is considered. The market is stable because it exhibits predictable behavior. This is important to investors. The predictable behavior is because the market is stable. Therefore, it is considered safe.	The market is stable because it exhibits predictable behavior.[SEP]The predictable behavior is because the market is stable.
intentional	"- The university should expand grant support for students from the regions: it increases the accessibility of education and reduces the outflow of talent. - You say that because you want to push your acquaintances into budgetary places and bypass the competition and selection rules. In reality, your goal is to distribute resources in favor of ""your own"", and talk about equality is just a facade. You do not provide transparent criteria, but insist on expanding quotas. This looks like an attempt to gain influence over the distribution of funds. Therefore, your arguments are unconvincing: you talk more about intentions than about verifiable selection mechanisms and performance monitoring."	"You say that because you want to push your acquaintances into budgetary places and bypass the competition and selection rules. In reality, your goal is to distribute resources in favor of ""your own"", and talk about equality is just a facade."
intentional	- I propose to implement an anonymous grievance system so that employees can safely report violations and problems in the team. - You don't want to introduce anonymous complaints because you care about employee safety and process transparency - you actually want to create an atmosphere of whistleblowing and control the team through fear and suspicion. It's a convenient tool for manipulation: people will start to fear each other, and you will have total control. You are not solving problems, you just want to increase your influence.	You don't want to introduce anonymous complaints because you care about employee safety and process transparency - you actually want to create an atmosphere of whistleblowing and control the team through fear and suspicion
false causality	Last year, the city opened several new fitness clubs, and at the same time the number of sick leaves among employees decreased. People got sick less often and went to work more often. Since the reduction in sick leave coincided with the opening of the fitness clubs, they directly improved the health of the population. The business now proposes to expand the gym network as a key preventative measure.	Since the reduction in sick leave coincided with the opening of the fitness clubs, they directly improved the health of the population.
false dilemma	In a conversation about urban infrastructure, the opinion was voiced: either we demolish old buildings and build new ones. Housing deterioration and emergency conditions are described. Cases of collapses are cited and residents complain. or the city will gradually deteriorate. Emphasizes the need for quick and radical action.	either we demolish old buildings and build new ones[SEP]or the city will gradually deteriorate
false dilemma	The justice system is debating the speed of case processing. There is only one solution - to simplify court procedures as much as possible. People will get answers faster. Or the system will be completely overwhelmed by cases and justice will be inaccessible. This view ignores the balance between speed and quality.	There is only one solution - to simplify court procedures as much as possible.[SEP]Or the system will be completely overwhelmed by cases
faulty generalization	I ordered food through the new app last week and the delivery guy was late. It ruined the evening a bit. One order arrived late - so all deliveries through this app always perform poorly and are late. Don't want to use it again.	One order arrived late - so all deliveries through this app always perform poorly and are late
ad populum	- Is this education reform worth implementing? - It is supported by the overwhelming majority of voters therefore it is the right thing to do. Policy should follow public opinion.	It is supported by the overwhelming majority of voters therefore it is the right thing to do.
ad populum	- Should this therapy be introduced into clinical practice? - The majority of patients prefer this method, so it is the most effective. People don't choose something that doesn't work for them.	The majority of patients prefer this method, so it is the most effective.
ad hominem	At a school forum on digital wellbeing, one student suggested restricting the use of smartphones during lessons. In response, another stated: Don't listen to him - he's a social media addict himself, posting stories every five minutes and liking everything. And he's a gamer: he plays games on his phone all the time during class and recess. His words are worthless.	Don't listen to him - he's a social media addict himself[SEP]And he's a gamer
false causality	Ivan took out a microloan for five thousand rubles, and a month later he got a promotion and started earning twice as much. So the payday loan is the reason why he got rich. Probably, if he had not taken this microloan, he would not have been so motivated to get rich. The change in behavior is due to the loan: he is now willing to earn more to pay back the loan.	Ivan took out a microloan[SEP]and a month later he got a promotion and started earning twice as much. So the payday loan is the reason why he got rich.
fallacy of relevance	- The number of road accidents has increased in the city: a year-on-year increase of 25%, especially at unregulated intersections. - Why discuss road safety when there is a decline in reading and interest in literature in the country? People stop reading books. First we need to restore interest in culture and education, and then we can think about road statistics.	Why discuss road safety when there is a decline in reading and interest in literature in the country?[SEP]First we need to restore interest in culture and education, and then we can think about road statistics.
false dilemma	The labor market is changing due to technology. Either we fully automate production, replacing people with machines to increase efficiency. This will reduce costs and increase profits. Companies will be able to compete globally. Or we stay with outdated methods and lose ground. In this environment, progress cannot be ignored.	Either we fully automate production,[SEP]Or we stay with outdated methods and lose ground.
ad populum	I suggested an unconventional marketing approach, but I heard back: such strategies are almost never used in the market, so they don't work. The discussion ended there.	such strategies are almost never used in the market, so they don't work
ad populum	In a philosophy lecture, a student remarked: This concept is not accepted by almost no one today, so it is false. The lecturer did not argue.	This concept is not accepted by almost no one today, so it is false
ad populum	- Should we publish preprints without peer review? - Leading labs do it en masse and it has become a dominant practice, so it is scientifically correct. Let's keep it simple.	Leading labs do it en masse and it has become a dominant practice, so it is scientifically correct
intentional	"The head of the startup explained to investors why he decided to lay off part of the team to cut costs and extend the life of the company. He showed financial projections and cash breakdowns. Then added: ""I had to make cuts, but I acted out of a sincere desire to save the company and protect the remaining employees from total collapse. My intentions were honorable, because I wanted to keep the business going at all costs, even if someone had to leave."" He did not discuss alternative solutions or consequences for those who were laid off, focusing solely on his motives."	I had to make cuts, but I acted out of a sincere desire to save the company and protect the remaining employees from total collapse. My intentions were honorable, because I wanted to keep the business going at all costs, even if someone had to leave.
ad populum	In the corporate environment, the transition to remote work was discussed. Majority of large companies have already brought their employees back to the office and stick to the traditional model, so therefore the office format is objectively more productive. We should not go against this trend.	Majority of large companies have already brought their employees back to the office and stick to the traditional model, so therefore the office format is objectively more productive.
fallacy of relevance	- The report of the Ministry of Education states that 35% of schoolchildren have difficulties in reading and understanding text. This affects their future academic performance and career prospects. - Why discuss the literacy of schoolchildren when we have rising housing prices and people can't buy apartments? Young families have been renting for years. This is a much bigger problem than school grades. Without housing, no education will help.	Why discuss the literacy of schoolchildren when we have rising housing prices and people can't buy apartments?[SEP]This is a much bigger problem
equivocation	I think it is important to keep harmony in relationships. When there is harmony, people understand each other better and avoid conflicts. Harmony creates harmony, just as musical structure creates harmony in sound, so if you adjust the harmony in your life, everything starts to sound right and without mistakes. Therefore, it is enough just to strive for harmony.	Harmony creates harmony, just as musical structure creates harmony in sound, so if you adjust the harmony in your life, everything starts to sound right and without mistakes
circular reasoning	-- I've been trying to figure out how legitimate telemarketing companies are. After all, they often make non-consensual calls, and I've heard that there are controversial points in law enforcement. I'd like to understand the basis for their operations.  -- What's there to understand: telemarketing is legal because it's a legal form of marketing in terms of the law. If something is recognized by law as legal, then it's legal. And this method of commerce is legal because it's legal. So telemarketing is legal, and you don't need to make up any problems.	legal because it's a legal form of marketing in terms of the law[SEP]this method of commerce is legal because it's legal
fallacy of relevance	- The company's product quality is falling: the number of defects has increased, the number of returns is growing, and customers are dissatisfied. - Why discuss quality when we have such beautiful advertising campaigns and a high level of brand recognition? Marketing attracts new customers, builds image. We need to strengthen promotion first, and then think about production.	Why discuss quality when we have such beautiful advertising campaigns and a high level of brand recognition[SEP]We need to strengthen promotion first, and then think about production.
ad populum	- Is it worth implementing open-source in the public sector? - Most agencies avoid it, which implies that the approach is unsafe. It is better to stick to proprietary solutions.	Most agencies avoid it, which implies that the approach is unsafe.
circular reasoning	At a UX meeting, they were discussing interface usability. The interface is usable because users perform tasks efficiently. At the same time, the efficiency of task completion is because the interface is usable. The team decided not to change the design.	The interface is usable because users perform tasks efficiently[SEP]the efficiency of task completion is because the interface is usable
false dilemma	In the discussion of the pension system there is a categorical thesis. The choice will have to be made: either raise the retirement age to keep the budget balanced. This can be explained by the increase in life expectancy. Or the system will go bankrupt and the payments will become impossible.	The choice will have to be made: either raise the retirement age[SEP]Or the system will go bankrupt and the payments will become impossible.
circular reasoning	In a discussion of a scientific hypothesis, the following statement was made. The hypothesis is plausible because it is consistent with observed facts. This makes it acceptable. At the same time, consistency with the facts follows from the fact that the hypothesis is plausible, which confirms its status.	The hypothesis is plausible because it is consistent with observed facts[SEP]consistency with the facts follows from the fact that the hypothesis is plausible
appeal to emotion	In a discussion about banning the opposition, a participant stated: People are tired of instability. How can you support those who sow anxiety? Therefore, opposition movements should be banned for the sake of public peace.	How can you support those who sow anxiety? Therefore, opposition movements should be banned for the sake of public peace.
false causality	After I started running in the mornings, I started having new ideas for work more often. This coincidence seems logical. If ideas come up after running, then it is morning running that directly stimulates creativity. I now consider it a mandatory habit.	If ideas come up after running, then it is morning running that directly stimulates creativity
fallacy of extension	- I think schools should reduce the amount of homework in the lower grades. It would reduce stress for the kids. - So you want to abolish homework altogether and make education superficial and useless? Kids will stop learning and grow up illiterate!	schools should reduce the amount of homework in the lower grades[SEP]you want to abolish homework altogether and make education superficial and useless
false dilemma	The climate problem can only be solved radically - either we abandon gasoline-powered transportation altogether. Hybrid technologies and gradual transitions are being discussed. Some countries are adopting mixed strategies. But these are rejected. either the planet will become uninhabitable. there is no other way because compromises are called self-defeating.	The climate problem can only be solved radically - either we abandon gasoline-powered transportation altogether[SEP]either the planet will become uninhabitable. there is no other way
false causality	When the company started holding team building events, sales increased, employees interacted better and closed deals more often. Customers also became more loyal. This means that team building activities directly increase business profits.	When the company started holding team building events, sales increased
false causality	I've noticed that on days when I listen to classical music while working, tasks get done faster. It's happened more than once. If high productivity coincides with listening to classical music, then it is music that directly speeds up tasks. I play it every day now.	If high productivity coincides with listening to classical music, then it is music that directly speeds up tasks.
false causality	-- I believe that the level of awareness of citizens is directly related to their ability to think critically, not to the number of hours spent in front of a screen. A person can watch the news 24 hours a day, but if they can't analyze sources, they will remain misinformed. I also believe that with limited media consumption, critical thinking can maximize the benefits.  -- People who watch TV are better informed, so watching TV makes people smarter, raises their IQ and guarantees success in life. Look at the statistics: in families where TV is on several hours a day, children are more likely to answer quizzes. If television didn't develop intelligence, why would it have existed for so many years? Obviously, the more you watch, the more erudition you have, and therefore career success is assured.	People who watch TV are better informed, so watching TV makes people smarter
ad hominem	- Introducing separate waste collection will increase recycling rates. - Yourself systematically ignores environmental practices in the home, so your arguments about separate collection are untenable. This raises questions.	Yourself systematically ignores environmental practices in the home, so your arguments about separate collection are untenable
appeal to emotion	"In a conversation about banning abortion, one man spoke with an impassioned voice. He was describing the moral distress of society. ""Are you really ready to live with this burden on your conscience? That's why we should ban such procedures."" It's the only way."	"""Are you really ready to live with this burden on your conscience? That's why we should ban such procedures."""
circular reasoning	A scientific debate discusses the validity of a hypothesis. A hypothesis is valid because it is supported by a theory, and a theory is considered valid because it supports that valid hypothesis. This is followed by references to the literature.	A hypothesis is valid because it is supported by a theory, and a theory is considered valid because it supports that valid hypothesis.
fallacy of extension	- I think that the authorities should be more transparent about how they spend their budgets. It builds trust. - So you want to disclose all government data, including classified information, and put the country at risk? That's dangerous!	the authorities should be more transparent about how they spend their budgets[SEP]you want to disclose all government data, including classified information, and put the country at risk
ad hominem	- We need to implement digital passports for the convenience of citizens. - You just love control and tend to be authoritarian, so your arguments about digital passports are biased and unconvincing. There are other risks.	You just love control and tend to be authoritarian, so your arguments about digital passports are biased and unconvincing
fallacy of extension	- I think that universities should check the sources of research funding to avoid conflicts of interest. This is important for the credibility of science, but does not mean banning private investment. - So you want to ban private funding of science completely and leave scientists without money? Do you think business is evil and any research should depend only on the state? You propose to destroy innovation, because without private investment, science will simply stop! This is the path to stagnation and degradation.	universities should check the sources of research funding[SEP]So you want to ban private funding of science completely and leave scientists without money
fallacy of extension	- I believe that we need to increase funding for public polyclinics to reduce queues and improve the quality of services, especially in the regions. Now people have to wait for weeks, and this affects their health. We are not talking about a complete rejection of private medicine, but basic care should be accessible and timely for all citizens. - So you want to completely eliminate private medicine and force everyone to be treated only in government clinics? Great idea - queues for months, outdated equipment and no choice! You propose to deprive people of the opportunity to receive quality care for their money and to drive everyone into one system where no one is responsible for anything. This is a direct path to the collapse of health care!	we need to increase funding for public polyclinics to reduce queues and improve the quality of services[SEP]you want to completely eliminate private medicine and force everyone to be treated only in government clinics
ad hominem	At the conference he supported the idea of a universal basic income. However, he is known for his tendency to avoid labor and live off others, so his arguments are driven by personal gain and are unconvincing. Economics requires a different approach.	However, he is known for his tendency to avoid labor and live off others, so his arguments are driven by personal gain and are unconvincing.
equivocation	I love cooking at home and often experiment with recipes. The main thing is not to mix ingredients thoughtlessly, otherwise the flavor will turn out strange. You need to have a sense of balance and understand when to intervene and when to let the process run its course. To interfere is to create problems, and problems always make the result worse, especially when working with people. So I believe that if you don't interfere with the process, it will always be successful, because the absence of interference guarantees a good outcome.	To interfere is to create problems, and problems always make the result worse[SEP]if you don't interfere with the process, it will always be successful
ad hominem	"At a financial literacy meeting, one participant sharply objected: ""Don't listen to him about the dangers of borrowing - he's a spender and a debtor, he has a lot of debt to family, friends and credit companies. He's living on borrowed money himself, taking money for coffee and new sneakers, and now he's telling others to live within their means? That's hypocritical! How can you take seriously a person who can't control his own spending, yet condemns other people's decisions?"	Don't listen to him[SEP]he's a spender and a debtor[SEP]That's hypocritical!
fallacy of relevance	- The Ministry of Education published the results of the inspection: 60% of schools lack modern laboratory equipment and students do not have access to basic experiments in physics and chemistry. This directly affects the quality of training and reduces interest in science. Experts suggest increasing funding and upgrading the material base. - Did you know that our country saw a 40% increase in tourism last year? Millions of people come to us, new hotels, restaurants, excursion routes are opened. It brings billions to the budget and creates jobs. What's the point of talking about school labs when the economy is showing such strong growth thanks to tourism? We need to focus on developing industries that are already generating revenue.	Did you know that our country saw a 40% increase in tourism last year[SEP]What's the point of talking about school labs when the economy is showing such strong growth thanks to tourism
intentional	- I'm proposing to restrict the use of plastic to reduce pollution in the oceans. - You're not promoting these restrictions because you care about the environment, but you actually want to promote your investment in alternative materials and make money from it. It's a classic scheme: create a problem, then propose a solution that you're already invested in. Your arguments are marketing, not concern for the environment.	You're not promoting these restrictions because you care about the environment[SEP]you actually want to promote your investment in alternative materials and make money from it
fallacy of extension	- I think parents should discuss the risks of the internet with teens and set reasonable limits without total control. It's a safety issue. - I see, you want to monitor your kids' every move and take away any personal freedom they have online? So no privacy, only control! You're suggesting we turn the house into a prison!	parents should discuss the risks of the internet with teens and set reasonable limits[SEP]you want to monitor your kids' every move and take away any personal freedom they have online
fallacy of extension	- I think it is worth limiting the use of single-use plastic in large retail chains by offering alternatives like reusable bags. This does not mean an instant ban, but rather a gradual transition, taking into account the convenience of customers and businesses. Such measures have already been shown to be effective in a number of countries. - I see! So you want to ban all plastic completely and leave people without their usual goods? No packaging, no bottles, no medical products - everything under the knife! You're proposing to destroy industry, lay off thousands of people and take us back to an era when everything was wrapped in leaves! This is radicalism that will lead to chaos.	is worth limiting the use of single-use plastic in large retail chains by offering alternatives[SEP]So you want to ban all plastic completely and leave people without their usual goods
circular reasoning	In a discussion of tax policy, they discussed its justification. Policy is justified because it is based on rational principles. That sounds convincing. Rational principles underlie because the policy is sound. So no adjustments are needed.	Policy is justified because it is based on rational principles.[SEP]Rational principles underlie because the policy is sound
appeal to emotion	- We need to preserve free speech on the Internet. - Think of the teenagers who break under the wave of bullying! They spend their nights crying and alone. How can this be tolerated, so we need to impose strict censorship.	Think of the teenagers who break under the wave of bullying![SEP]How can this be tolerated, so we need to impose strict censorship
fallacy of relevance	- It is necessary to update computer science curricula in schools, as they do not meet the modern requirements of the labor market. - Why discuss programs when children spend too much time on social networks and lose live communication skills? Psychologists are documenting the rise of addiction. Solve the digital addiction problem first, then talk about technology education.	Why discuss programs when children spend too much time on social networks and lose live communication skills?[SEP]Solve the digital addiction problem first, then talk about technology education
fallacy of extension	- I believe that companies should implement flexible working hours where possible to increase productivity. It doesn't eliminate discipline, but gives employees more balance. - So you want to abolish working hours altogether and let people work whenever or not at all? Fine! Then let's close offices and forget about accountability. By your logic, work is chaos!	companies should implement flexible working hours where possible to increase productivity[SEP]you want to abolish working hours altogether and let people work whenever or not at all
fallacy of credibility	I believe this product is really effective. It works because it is recommended by a world-class athlete, and his success and fitness are a testament to the reliability of his recommendations. He takes care of his health and uses only the best products. If a professional athlete chooses this product, then it works. His achievements are the best proof. There is no need to study medical research when there is such a clear example.	It works because it is recommended by a world-class athlete[SEP]his success and fitness are a testament to the reliability of his recommendations
faulty generalization	Was chatting with a new coworker recently and he was late for a meeting. It threw the team's plans a little off. One employee broke an agreement, so everyone in that department is irresponsible. I'll have to take that into account in my work.	One employee broke an agreement, so everyone in that department is irresponsible
false dilemma	-- I propose a balanced approach: allowing students to wear religious symbols (crosses, hijabs, etc.) if it is their personal choice, but categorically prohibiting the imposition of faith in the classroom, missionaryism, and pressure on other students. This respects freedom of conscience and preserves the secular nature of education.  -- Either we completely allow students to express their faith in school, or they will grow up to be godless, moral freaks, and criminals. There's no other way! If you ban active propaganda, you are essentially stifling religion, and thus pushing children into spiritlessness and immorality. There is simply no third way here.	Either we completely allow students to express their faith in school, or they will grow up to be godless[SEP]There's no other way!
false dilemma	Educational policy discusses distance learning. It has become popular due to technological development. However, it is argued: either switch completely to online education, abandoning traditional classrooms. This will reduce costs and increase access. Either the education system will become obsolete and no longer fit today's needs. As a result, any hybrid models are dismissed as temporary compromises.	either switch completely to online education,[SEP]Either the education system will become obsolete and no longer fit today's needs.
faulty generalization	I don't understand why someone criticizes social networks for superficial communication. I'm subscribed to three friends on social networks, and we communicate very well: we share news, support each other, even plan online meetings. So social media is ideal for communication for all people and is the best tool for human interaction in today's world.	I'm subscribed to three friends on social networks, and we communicate very well[SEP]So social media is ideal for communication for all
ad hominem	- There needs to be more funding for AI research. - You're just pursuing personal gain because you're connected to the startup industry, so your arguments are biased and have no objective value. Better to listen to someone less interested.	You're just pursuing personal gain because you're connected to the startup industry, so your arguments are biased and have no objective value
false dilemma	International politics discusses sanctions as a tool of pressure. Economic restrictions are seen as a way to change the behavior of states. Either we impose the toughest possible sanctions against a country, or we completely cut off trade and financial flows. This is presented as a decisive action that can quickly lead to results. Or we show weakness and lose influence on the world stage. Diplomatic tools or combined strategies of engagement are not considered in this context.	Either we impose the toughest possible sanctions against a country,[SEP]Or we show weakness and lose influence on the world stage.
intentional	The politician justifies launching an expensive project without a tender, which was criticized in the media. We refused the tender because we wanted to implement the project faster and benefit citizens without bureaucratic delays, otherwise it would have dragged on for years. Time was a critical factor and we couldn't wait. Yes, the procedure was broken, but the result is more important than formalities. When the goal is to benefit society, unconventional solutions and deviations from the rules are acceptable, as long as they speed up the process and have a tangible effect.	We refused the tender because we wanted to implement the project faster and benefit citizens without bureaucratic delays[SEP]When the goal is to benefit society, unconventional solutions and deviations from the rules are acceptable
circular reasoning	The climate debate has considered the validity of the model. The model is accurate because its predictions match reality. This was noted in the report. And it matches reality because the model is accurate. That is why they rely on it for planning.	The model is accurate because its predictions match reality.[SEP]And it matches reality because the model is accurate.
faulty generalization	On the forum, one user rudely answered my question. It was unpleasant. One member behaving aggressively means the whole community is toxic. I'm thinking of leaving the site.	One member behaving aggressively means the whole community is toxic
false causality	The company instituted a loose dress code, and after a quarter, employee turnover is down. Employees seem more relaxed. If the decrease in turnover coincided with the abolition of strict uniforms, then the dress code is the reason why people are less likely to quit. It improves the corporate culture.	If the decrease in turnover coincided with the abolition of strict uniforms, then the dress code is the reason why people are less likely to quit. It improves the corporate culture.
ad hominem	At a discussion on health care reform, one participant cited data on the reduction of mortality with early diagnosis. The response was: His arguments are not worth considering because he is a cynical careerist who constantly changes positions for profit, so his arguments are motivated by self-interest and are not credible. So let's not rely on his presentation.	His arguments are not worth considering because he is a cynical careerist who constantly changes positions for profit, so his arguments are motivated by self-interest and are not credible
fallacy of credibility	In a discussion of culture, one person says: We should not change the national cuisine because it has been shaped over centuries and passed down from generation to generation as the only correct one. Any experimentation is perceived as a violation of tradition. People believe that a long history is in itself proof of correctness. Even if tastes change, this is ignored.	We should not change the national cuisine[SEP]it has been shaped over centuries and passed down from generation to generation as the only correct one
fallacy of relevance	- Studies show that remote working increases productivity by 15% and reduces office costs for companies. - Did you know that employees who work from the office are more likely to participate in company events and develop a strong team culture? This impacts the long-term success of a company. Why focus only on productivity numbers when it's the relationships within the team that matter?	Did you know that employees who work from the office are more likely to participate in company events and develop a strong team culture[SEP]Why focus only on productivity numbers when it's the relationships within the team that matter
false dilemma	The health care sector is discussing the reform of the insurance system. Proponents of the reform argue that it will improve the quality of services and reduce the burden on the budget. At the same time, there are still concerns about the accessibility of treatment for low-income citizens. Either the state system will finally collapse and stop working. In such conditions, any mixed models are perceived as temporary and unsustainable solutions.	Either the state system will finally collapse and stop working.
intentional	- Why are you against the implementation of the new employee appraisal system? - You refuse to support the system because you want to hide your low performance and avoid transparent evaluation of results. You benefit from keeping things the way they are. Your real goal is to maintain a comfortable position without real accountability for results. Therefore, your position is predictable.	You refuse to support the system because you want to hide your low performance and avoid transparent evaluation of results.[SEP]Your real goal is to maintain a comfortable position without real accountability for results
fallacy of credibility	In a conversation about family values, it was said: we are obliged to adhere to the traditional family model because that is how our ancestors have lived for centuries, and this has proven to be sustainable. Any modern changes are perceived as a threat to culture. If a certain way of life has been maintained for generations, then it is correct and does not need to be revised. Historical duration is seen as the main argument.	we are obliged to adhere to the traditional family model because that is how our ancestors have lived for centuries[SEP]If a certain way of life has been maintained for generations, then it is correct and does not need to be revised
faulty generalization	I recently downloaded a new notes app and tried it out. Once the app froze while saving a file, it means that all such apps are unreliable and lose data all the time. After that, I became more cautious about such tools.	Once the app froze while saving a file, it means that all such apps are unreliable and lose data all the time.
appeal to emotion	There was a discussion about increasing penalties for minor offenses. One lawyer spoke about proportionality, but another participant spoke differently. He described the feeling of fear when the streets are disrupted. Do you really want to live in constant anxiety? The room became tense. That's why punishments need to be made as harsh as possible.	Do you really want to live in constant anxiety?[SEP]That's why punishments need to be made as harsh as possible.
circular reasoning	Economic analysis states: the market is efficient because resources are allocated rationally. This is reflected in the models. A rational allocation of resources is because the market is efficient. The report was accepted without comment.	the market is efficient because resources are allocated rationally[SEP]A rational allocation of resources is because the market is efficient
fallacy of relevance	- The situation with the pension system in our country is critical: 40% of the elderly live below the poverty line, receive pensions below the subsistence minimum, and cannot afford basic medicines and regular meals. According to Rosstat, over the past five years the number of pensioners going to charity canteens has increased by 65%. This is a humanitarian crisis that requires immediate action: indexation of pensions, subsidies for medicines and social support programs. - Why discuss pensions when our schools are lagging behind world standards? Children are learning with textbooks from twenty years ago, teachers do not have digital tools, and classrooms do not even have projectors! Isn't the future of the nation more important than the problems of the older generation? While we are spending money on pensioners who will soon pass away anyway, we are missing the chance to prepare a competitive generation. Let's invest in education and technology first - and pensions will come later, when a new, rich generation of taxpayers grows up.	Why discuss pensions when our schools are lagging behind world standards?
ad hominem	- I believe there needs to be more transparency in charitable foundations. - You're just cynical and don't believe in anything, so your arguments about transparency are motivated by distrust and carry no weight. People help in any way they can.	You're just cynical and don't believe in anything, so your arguments about transparency are motivated by distrust and carry no weight.
false dilemma	In international politics, radical statements are often made. We have to choose: either we fully support the allies, including all their initiatives. The geopolitical situation remains tense, and decisions are made under the pressure of circumstances. Or we lose influence and find ourselves in isolation. This way of thinking excludes the possibility of a more balanced and multi-vector diplomacy.	We have to choose: either we fully support the allies,[SEP]Or we lose influence and find ourselves in isolation.
fallacy of extension	- I think it's good for companies to conduct anonymous employee surveys to identify problems in the team and improve working conditions. - So you want to encourage whistleblowing and create an atmosphere of total distrust in the team? Are you proposing to turn workplaces into a field of suspicion where everyone complains about everyone else? That would destroy teams!	it's good for companies to conduct anonymous employee surveys to identify problems in the team[SEP]So you want to encourage whistleblowing and create an atmosphere of total distrust in the team
fallacy of relevance	- Studies show that overtime leads to a 20% decrease in productivity and an increase in burnout among employees. We need to limit overtime. - How can we discuss working hours when global competition is intensifying and companies are struggling to survive in international markets? If we reduce workloads, businesses will lose out. First ensure the competitiveness of the economy, then talk about the comfort of employees.	How can we discuss working hours when global competition is intensifying and companies are struggling to survive in international markets[SEP]First ensure the competitiveness of the economy, then talk about the comfort of employees.
ad populum	There was a discussion at the university about canceling lectures. One student said: Few people attend face-to-face classes, so the lectures have lost their meaning and should be canceled. He was referring to attendance.	Few people attend face-to-face classes, so the lectures have lost their meaning and should be canceled
intentional	A university was discussing the transition to distance learning. A faculty member suggested a hybrid model, citing efficacy studies. An administrator objected: You are promoting a distance format because you want to show up to work less and reduce your workload, not to improve the educational experience. He argued that the faculty member was simply seeking convenience for himself. Your real goal is to simplify your life, not to give students quality knowledge. Instead of discussing data, the conversation turned to accusations of personal gain, and arguments about the accessibility of education for students from the regions were ignored.	You are promoting a distance format because you want to show up to work less and reduce your workload[SEP]Your real goal is to simplify your life, not to give students quality knowledge
fallacy of credibility	You propose to change urban transportation by introducing more bike lanes. But you are told: you are neither an architect nor a transportation engineer, so your ideas are irrelevant, even if they are based on successful experiences in other cities. You can cite studies and statistics, but unless you have a specialized education, your opinion is not considered competent and should not be considered. Only credentialed professionals can discuss such issues, and all other suggestions are automatically considered frivolous, regardless of their validity.	you are neither an architect nor a transportation engineer, so your ideas are irrelevant[SEP]unless you have a specialized education, your opinion is not considered competent and should not be considered
fallacy of relevance	- According to analysts, the unemployment rate among young people has reached 18%, many graduates cannot find a job for six months or longer. - Why discuss unemployment when the inflation rate affects all citizens without exception? Prices go up, purchasing power goes down. While inflation is not under control, talking about employment is secondary.	Why discuss unemployment when the inflation rate affects all citizens without exception?[SEP]While inflation is not under control, talking about employment is secondary.
fallacy of credibility	This blogger's speech about the importance of healthy eating should not be taken seriously. He never went to medical school, has no nutritional education, no clinical training, and is not licensed as a health counselor. What kind of nutrition expert is he without the proper degree and certifications? His advice about the benefits of vegetables and the harms of sugar is not worthy of consideration simply because he is not a credentialed expert. Even if his advice matches what doctors say, it's just a coincidence - without education, he can't understand the complex biochemical processes in the body. Listen only to those who have an official medical degree and a license as a nutritionist.	This blogger's speech about the importance of healthy eating should not be taken seriously. He never went to medical school[SEP]What kind of nutrition expert is he
appeal to emotion	"The parliament discussed control over the media. One MP talked about the harm of misinformation and panic among the population. People are lost and fearful. ""Will you allow chaos in the minds of citizens?"" ""It destroys society. That's why government censorship is necessary."	"""Will you allow chaos in the minds of citizens?""[SEP]That's why government censorship is necessary."
fallacy of extension	- I think that doctors should spend more time explaining diagnoses to patients in simple language - it increases trust and helps people to follow recommendations better. Nowadays, many patients leave appointments without fully understanding what is happening to them, and this creates additional risks. - So, in your opinion, doctors should give up on treatment and just sit and spend hours chewing patients out? Great, then the lines will grow to infinity and no one will get help in time! You're suggesting that we turn medicine into endless talk instead of real work. Let doctors become lecturers instead of specialists - that's what your idea is leading to!	doctors should spend more time explaining diagnoses to patients in simple language[SEP]doctors should give up on treatment and just sit and spend hours chewing patients out
fallacy of extension	- Universities should encourage interdisciplinary programs. Students can take courses from other fields to broaden their horizons without giving up their major. This makes education more flexible. - You want to abolish specializations and turn education into a chaotic set of courses where no one becomes a professional! So doctors will study philosophy instead of medicine? It's destroying the system of training specialists!	Students can take courses from other fields to broaden their horizons[SEP]You want to abolish specializations and turn education into a chaotic set of courses
intentional	- The internet platform needs to moderate content better because misinformation is now spreading. - You demand moderation not because you're fighting misinformation, but because you want to censor opinions you disagree with. In fact, you are uncomfortable with free speech. All your arguments are an attempt to limit alternative viewpoints.	You demand moderation not because you're fighting misinformation, but because you want to censor opinions you disagree with.
fallacy of extension	- In the discussion of urban transport, I noted that it is worthwhile to increase the share of public transport and gradually reduce the reliance on private cars in the city center. That doesn't mean banning cars, just prioritizing buses and streetcars during rush hours to reduce congestion and air pollution while maintaining access for those who really need a car. - Oh, so you want to completely ban personal cars and kick all drivers out of the city center forever? So people won't be able to get to work, take their kids to school, or get to the hospital? You propose to leave everyone without transportation and make them stand in overcrowded buses, like in some dystopian future! Soon, according to your logic, we will start taking away cars from the population and introducing fines for the very fact of owning a car. This is a direct attack on freedom of movement!	it is worthwhile to increase the share of public transport and gradually reduce the reliance on private cars in the city center[SEP]you want to completely ban personal cars and kick all drivers out of the city center forever
ad populum	- Why do you reject this philosophical concept? - It's not accepted by most modern thinkers, so it's false. I prefer more recognized theories.	It's not accepted by most modern thinkers, so it's false
faulty generalization	At a partners' meeting, one of the partners did not show up unannounced. It was an inconvenience. One partner disrupted the meeting, which means that all companies in this area are unreliable. Now they are more cautious about such offers.	One partner disrupted the meeting, which means that all companies in this area are unreliable.
equivocation	I think a lot about spirit. A strong spirit helps to overcome difficulties, not to give up and go to the goal despite obstacles. It is a person's inner support. If the spirit gives strength and support, then it can act on its own. And since the spirit is also something that exists outside the body, it is able to influence events independently of me. So if I have a strong spirit, it will solve many problems without my participation.	If the spirit gives strength and support, then it can act on its own. And since the spirit is also something that exists outside the body, it is able to influence events independently of me.
ad populum	In the analyst report, they said: the overwhelming majority of users choose this platform, which means it is objectively better than competitors. On this basis, they suggested closing down alternative services.	the overwhelming majority of users choose this platform, which means it is objectively better than competitors
appeal to emotion	In the birth control debate, one participant talked about freedom of choice. Another focused on demographic fear. He described an aging society and the loneliness of the future. ♪ Do you really want the country to die out? ♪ There was tension in the room. That's why the birth rate has to be strictly regulated.	Do you really want the country to die out?[SEP]That's why the birth rate has to be strictly regulated.
fallacy of extension	- I believe that dense cities should gradually expand car-restricted zones in the center and develop public transportation. This doesn't mean a complete ban on cars: emergency services, residents and deliveries should have access. But reducing transit traffic will reduce noise, pollution, and make streets safer for pedestrians and cyclists. - So you want to completely ban cars in all cities and kick people out of cars forever? That's great! Then how do you expect doctors, couriers, parents with children to work? Do you propose to turn the center into a museum without life, where you can neither drive nor bring goods? Tomorrow you will close parking lots, the day after tomorrow you will introduce fines for the very fact of owning a car, and then you will force everyone to switch to carts! This is a blow to the economy, to freedom of movement, and to common sense.	should gradually expand car-restricted zones in the center[SEP]So you want to completely ban cars in all cities and kick people out of cars forever
false causality	After the restaurant updated its menu, the number of positive reviews and photos online increased. Visitors are sharing their impressions more actively. Since the surge in reviews happened right after the update and coincides with it, it was the new menu that caused the increase in online activity. This confirms that the changes are correct.	Since the surge in reviews happened right after the update and coincides with it, it was the new menu that caused the increase in online activity
fallacy of credibility	This blogger definitely understands international politics and his predictions are worth considering. His analysis is correct because he is a popular Influencer with millions of followers and he is often invited for interviews. If a person has a wide audience and recognition, then his opinion is trustworthy. He comments confidently on world events and makes bold conclusions that resonate with viewers. When so many people follow his opinions, it speaks to his credibility. You don't have to check his sources or compare them to academic research, because his popularity already confirms the importance of his views.	His analysis is correct because he is a popular Influencer with millions of followers[SEP]If a person has a wide audience and recognition, then his opinion is trustworthy
ad populum	Analyzing a rare investment strategy, the expert noticed its potential. However, it is almost never used in the market and is ignored by most investors, so it is unworkable. Otherwise, it would have been used en masse long ago.	However, it is almost never used in the market and is ignored by most investors, so it is unworkable.
fallacy of credibility	One investor says: This strategy works because it is recommended by a famous billionaire who has been successful in the market and if a person has made a fortune, his advice is automatically reliable and correct. He doesn't analyze the conditions under which the billionaire operated or the differences in resources. Yet the reference to wealth is used as proof of the universal applicability of the strategy. Other opinions are ignored because they come from lesser known people.	This strategy works because it is recommended by a famous billionaire who has been successful in the market[SEP]if a person has made a fortune, his advice is automatically reliable and correct
equivocation	I like to work with a brush when I paint. A good brush can accurately capture detail and mood. The brush controls the movement and creates the result. If the brush is important for accuracy, then the hand should work just as accurately. So by developing my hand, I automatically improve my artistic taste. That's why practicing my hand is enough to become an artist.	The brush controls the movement and creates the result. If the brush is important for accuracy, then the hand should work just as accurately. So by developing my hand, I automatically improve my artistic taste.
ad hominem	Don't listen to him when he says the punishment for marijuana use should be reduced. He smokes pot himself - can you really trust the opinion of someone who is addicted to it? If he were a sober and responsible citizen, he would realize how destructive it is to society. His words are just an excuse for his own behavior.	Don't listen to him[SEP]He smokes pot himself
faulty generalization	I recently bought headphones from a well-known brand and they broke after a week. It was frustrating. If one model is of poor quality, then all the products of that company are unreliable and fail quickly. Now I'm looking at other brands.	If one model is of poor quality, then all the products of that company are unreliable and fail quickly.
false dilemma	There are only two ways to regulate technology: either strict government control. The development of artificial intelligence raises many concerns, including data leakage and workplace automation. Companies are eager to innovate, but society demands safety. Either technology gets completely out of control and begins to threaten people. In this context, any attempts to create flexible regulations or self-regulation look like insufficient measures that fail to prevent risks.	There are only two ways to regulate technology: either strict government control.[SEP]Either technology gets completely out of control and begins to threaten people.
circular reasoning	The IT company discussed the architecture of the system. The architecture is optimal because it maximizes performance. This is important for scaling. And their performance is because the architecture is optimal, which justifies the choice of solution.	The architecture is optimal because it maximizes performance.[SEP]their performance is because the architecture is optimal
ad populum	You say that rare books can be valuable. But if hardly anyone reads them and they are not in demand, then they are worthless. What's important now is what's interesting to a wide audience.	if hardly anyone reads them and they are not in demand, then they are worthless
appeal to emotion	In the debate on border closures, the speaker said: people fear for the safety of their children, the anxiety is spreading to entire cities. ♪ Do you really want to put them at risk? ♪ They expect protection from the state. ♪ That's why the borders must be closed ♪	Do you really want to put them at risk?[SEP]That's why the borders must be closed
fallacy of relevance	- The report of the Accounts Chamber states that budget funds for school construction are used inefficiently, deadlines are missed, and the cost of facilities is rising. - How can we discuss financial irregularities when culture is in decline and theaters are closing down? Artists are leaving, audiences are shrinking. Let's save culture first, and then we'll deal with accounting.	How can we discuss financial irregularities when culture is in decline and theaters are closing down?[SEP]Let's save culture first, and then we'll deal with accounting.
appeal to emotion	A foreign policy meeting was discussing intervention in a conflict. One general said: Can you imagine cities where people live in constant terror? Every day is a struggle for survival. How can we stay out of it, so we need to bring in troops.	Can you imagine cities where people live in constant terror?[SEP]How can we stay out of it, so we need to bring in troops.
circular reasoning	In the climate debate, one analyst stated: The model is accurate because its predictions match observations, and the match with observations is due to the accuracy of the model. This increased confidence in the calculations.	The model is accurate because its predictions match observations, and the match with observations is due to the accuracy of the model
false dilemma	"In discussing sanctions, the politician said: If we don't tighten the measures now, we will be defeated. There is simply no other way."" Diplomatic options were not considered."	"If we don't tighten the measures now, we will be defeated. There is simply no other way."""
circular reasoning	Business ethics addressed the issue of a company's integrity. A company acts honestly because it is ethical. And the ethical standards are determined by the fact that the company acts with integrity. That was considered sufficient justification.	A company acts honestly because it is ethical. And the ethical standards are determined by the fact that the company acts with integrity
faulty generalization	"I heard a man speak at a debate yesterday who was opposing free speech. He argued that all media outlets lie and that criticizing the government is treason. His arguments were emotional, without facts, and he constantly took personal attacks on his opponents. After that I concluded that all opponents of free speech are uneducated, aggressive people who are incapable of rational dialog. They all think the same way: ""Shut your mouth if you don't agree with the authorities"". They have no intelligible arguments, only fear and hatred of dissent. So it is useless to argue with them - they won't understand anyway. This man alone proved that the entire group of opponents of freedom of speech consists of ignorant people who are afraid of the truth."	heard a man speak[SEP]opposing free speech[SEP]His arguments were[SEP]without facts[SEP]I concluded that all opponents of free speech[SEP]uneducated, aggressive people who are incapable of rational dialog
false dilemma	Economic sanctions are becoming an increasingly discussed topic. The pressure on the international arena is increasing and countries are looking for ways to respond. We have to choose: either we completely sever trade relations with our opponent, to show a tough stance. That will hit many sectors, but it shows resolve. Or we show weakness and let them break the rules without consequences. In this context, any interim measures seem pointless.	We have to choose: either we completely sever trade relations with our opponent,[SEP]Or we show weakness and let them break the rules without consequences.
ad hominem	- It's worth limiting the use of plastic in packaging. - You don't follow eco-friendly habits yourself, so your arguments about plastic are hypocritical and unconvincing. It's a matter of regulation, not personal behavior.	You don't follow eco-friendly habits yourself, so your arguments about plastic are hypocritical and unconvincing.
appeal to emotion	The idea of closing the borders to migrants was discussed. One of the politicians began with a grim scenario: crime, fear, ruined lives. Do you want to wake up one day and find out that your loved one has been victimized? The room was tense. So the borders must be closed immediately and no one allowed in.	Do you want to wake up one day and find out that your loved one has been victimized?[SEP]So the borders must be closed immediately and no one allowed in.
equivocation	I think about the importance of consequences: every action has consequences and it is important to take them into account. An investigation shows the result, and an investigation is an inquiry, so if I scrutinize situations as an investigator, I can fully control the consequences of my actions. So I analyze everything that happens around me.	An investigation shows the result, and an investigation is an inquiry, so if I scrutinize situations as an investigator, I can fully control the consequences of my actions.
equivocation	I have long been interested in music and I realize how important fret is. In music, fret creates harmony, makes a composition pleasant and complete. Without harmony, everything sounds chaotic and unpleasant. When there is harmony, there is harmony between the sounds. And harmony is the basis of good relationships. So, if there is harmony in a family, it sounds like a harmonious melody and cannot break up.	When there is harmony, there is harmony between the sounds. And harmony is the basis of good relationships. So, if there is harmony in a family, it sounds like a harmonious melody and cannot break up.
fallacy of credibility	In a discussion of corporate culture, one employee suggests shortening the workweek, citing productivity studies. The manager replies: Shoring the workweek is a bad idea, because that's not the way it's done in our company, and any change would be disruptive, because we've always operated on this schedule. This practice has been in place since the company was founded and is considered part of the company's identity. Management is convinced that if a system has worked in the past, it should continue to work. Even if new data shows the benefits of change, it is ignored. Decisions are made solely on the basis of tradition, without analyzing current conditions.	Shoring the workweek is a bad idea, because that's not the way it's done in our company[SEP]because we've always operated on this schedule
ad hominem	Discussing police reform. This activist is known for his aggressiveness and tendency to radical slogans, so his arguments about public safety do not deserve attention. The issue is complex and multi-layered.	This activist is known for his aggressiveness and tendency to radical slogans, so his arguments about public safety do not deserve attention.
equivocation	I believe that it is important to have a strong alliance with friends. Support, trust and mutual help make relationships strong and reliable. Union strengthens each member and helps achieve common goals. So I began to study grammar. If a union connects the elements in a sentence, then by understanding unions, I can better bring people together and strengthen friendships.It's the same principle.	Union strengthens each member and helps achieve common goals.[SEP]If a union connects the elements in a sentence, then by understanding unions, I can better bring people together and strengthen friendships.
appeal to emotion	A talk show was discussing tougher punishments for teenagers. One participant talked about victims of crime and the pain of families. These stories evoked strong emotions. How can you ignore it? It's a tragedy. That's why teenagers need to be judged as adults.	How can you ignore it?[SEP]That's why teenagers need to be judged as adults.
ad populum	- Why are you against this law? - There's almost no support for it among the citizens, so it's harmful. Even the news is talking about the low approval rate.	There's almost no support for it among the citizens, so it's harmful
false causality	Since the new shopping center opened in the city, the number of tourists has increased, the streets are busier and the cafes are more crowded. People are increasingly coming for the weekend. So it was the arrival of the shopping center that made the city attractive to tourists and started this flow of visitors.	Since the new shopping center opened in the city, the number of tourists has increased
fallacy of relevance	- Medical reports indicate that vaccination rates in some regions have fallen below 70%, creating a risk of disease outbreaks. - First deal with the quality of medical education of doctors, and then talk about vaccination of the population. Many specialists themselves are not confident in the new methods of treatment. What kind of vaccination campaign can there be if the training system is questionable? The problem is deeper than that.	First deal with the quality of medical education of doctors, and then talk about vaccination of the population.[SEP]What kind of vaccination campaign can there be if the training system is questionable?
ad hominem	At a residents' meeting, the installation of CCTV cameras was discussed. One of the participants objected to it. Another responded: He is conflictive and constantly quarrels with neighbors, so his arguments about privacy are just a manifestation of his character and do not deserve attention. Let's move on to the vote.	He is conflictive and constantly quarrels with neighbors, so his arguments about privacy are just a manifestation of his character and do not deserve attention
appeal to emotion	In a discussion about the military operation said: Innocent people die there, every day brings new tragedies. Are you really ready to just watch? That's why we must intervene by force. We can't stand by.	Are you really ready to just watch? That's why we must intervene by force.
intentional	The charity decided to use aggressive advertising with shocking images to attract more donations. When volunteers expressed doubts, the manager said: Yes, these methods are uncomfortable, but we are acting with good intentions and the main thing is to save as many people as possible. He insisted that emotional pressure is justified if it increases fundraising. In his view, ethical issues are secondary to the goal. He added that criticizing such methods means not understanding the magnitude of the problem and not wanting to act decisively to help those in need.	these methods are uncomfortable[SEP]we are acting with good intentions[SEP]the main thing is to save as many people as possible
circular reasoning	A political scientist analyzed the legitimacy of power in the country. The government is legitimate because it enjoys the support of the population, and the support of the population stems from the legitimacy of the government. He referred to the latest polls.	The government is legitimate because it enjoys the support of the population, and the support of the population stems from the legitimacy of the government.
fallacy of credibility	You say that climate change is due to human activity, citing UN reports and studies by climate scientists. However, your arguments are not credible because you have no specialized training in climate science and you have not published in scientific journals. Without a science degree and academic status, your opinion is not credible in this matter. You can read articles and paraphrase them all you want, but that doesn't make you an expert. Real conclusions should only be drawn by recognized scientists with experience in international projects. If a person does not have the appropriate diploma and has not undergone scientific training, their reasoning remains at the level of amateurish interpretations, even if they try to use complex terms and references to studies.	your arguments are not credible because you have no specialized training in climate science[SEP]Without a science degree and academic status, your opinion is not credible in this matter
fallacy of credibility	In a discussion about science, one participant stated: This theory is correct because a famous Nobel laureate endorses it and added that if a recognized scientist endorses an idea, then it cannot be wrong. He spoke at length about this scientist's accomplishments and contributions to science. In his view, the authority of the laureate automatically validates the correctness of any theory he endorses. He did not analyze evidence or criticism, believing that the opinion of an authoritative scientist was sufficient proof of truth.	This theory is correct because a famous Nobel laureate endorses it[SEP]if a recognized scientist endorses an idea, then it cannot be wrong
faulty generalization	At the online meeting, one participant had connection problems. This interfered with the discussion. If one person has a bad connection, then all online meetings are ineffective and always have technical glitches. Some people started complaining.	If one person has a bad connection, then all online meetings are ineffective and always have technical glitches.
intentional	- You propose to abolish the strict dress code in the office because it increases the comfort of employees. - You don't really want to increase comfort, but to create an atmosphere of permissiveness, where employees will stop following any rules and discipline will completely disappear. You're just covering yourself with words of freedom. What you really want to do is loosen control and make it so that no one has to enforce standards.	You don't really want to increase comfort, but to create an atmosphere of permissiveness, where employees will stop following any rules and discipline will completely disappear.
intentional	- I propose to revise the military budget and cut spending on armaments, directing funds to social programs. - You propose to cut the military budget not because you care about citizens, but because you want to weaken the country's defense. You're actually playing into the hands of external threats. All your arguments are a cover for a dangerous position.	You propose to cut the military budget not because you care about citizens, but because you want to weaken the country's defense.
equivocation	I believe it is important to keep on course in life. When you have a course, you understand the direction and do not lose your way. The course sets the movement and helps you to reach your goal. At university, there is also a course of study. So if I take a course, my life automatically moves in the right direction, because a course always leads you forward.	The course sets the movement and helps you to reach your goal.[SEP]So if I take a course, my life automatically moves in the right direction
appeal to emotion	There was a discussion about banning abortion. One activist said, there is so much loss and pain in the world. Are you willing to take away the chance of life? Every abortion story is a tragedy. That's why abortion should be completely banned.	Are you willing to take away the chance of life?[SEP]That's why abortion should be completely banned.
intentional	"- The university needs to revise its assessment system because the current model encourages memorization rather than comprehension of material. This is supported by research and student feedback. - You criticize the grading system because you want to make life easier for weak students and reduce educational requirements. What you are actually promoting is the degradation of standards to make it easier for everyone to get a degree. Your talk of ""deep understanding"" is just a cover for wanting to simplify exams and reduce the workload."	"You criticize the grading system because you want to make life easier for weak students and reduce educational requirements. What you are actually promoting is the degradation of standards to make it easier for everyone to get a degree. Your talk of ""deep understanding"" is just a cover for wanting to simplify exams and reduce the workload."
equivocation	I love reading novels, they reveal characters, show relationships, make you think. But a novel is also a love affair. Romance develops feelings and deepens understanding, whether it's a book or a relationship. If a novel affects emotions, then any relationship is inherently beneficial and develops a person.So any novel in life makes a person better.	Romance develops feelings and deepens understanding, whether it's a book or a relationship. If a novel affects emotions, then any relationship is inherently beneficial and develops a person.
false dilemma	On the issue of vaccination, a firm position is being formulated. Either we make vaccination compulsory for all to achieve collective immunity and stop the spread of disease. It's presented as the only way to protect the health care system. Or epidemics will be repeated over and over again, overburdening hospitals. In this logic, individual choice is not seen as a relevant factor.	Either we make vaccination compulsory for all[SEP]Or epidemics will be repeated over and over again,
equivocation	I think it is important to understand the consequences of one's actions. Every action has a consequence, and it helps to analyze mistakes and learn from experience. Without this it is impossible to develop. If an investigation is a result, it shows the truth of what happened. And since the investigation is also a process of investigation, any result is itself a proof and does not require verification.	If an investigation is a result, it shows the truth of what happened. And since the investigation is also a process of investigation, any result is itself a proof and does not require verification.
false dilemma	The discussion of energy emphasizes dependence on imports. We have to choose: either we completely switch to our own resources, which is presented as a guarantee of independence. At the same time, the risks of supply and prices are mentioned. Geopolitical factors are mentioned. Or the country will be in a permanent state of vulnerability.	We have to choose: either we completely switch to our own resources,[SEP]Or the country will be in a permanent state of vulnerability.
fallacy of relevance	"The school board suggested introducing emotional intelligence lessons. One parent objected: Why do we need these feeling lessons when half of the children can't even read and count? Teach the basics first, and then do ""emotion"" lessons! It's just a waste of time in the face of real educational challenges."	Why do we need[SEP]feeling lessons when half of the children can't even read and count
fallacy of relevance	- Experts warn of the risks of overdevelopment: population density in the city center has increased by 25% and green areas are shrinking. - Let's have a better discussion about shopping center and retail development, not building density. It creates jobs, increases tax revenue and makes the city more convenient for consumers. Why are we talking about green space when the economy benefits from commercial real estate? It's an obvious priority.	Let's have a better discussion about shopping center and retail development, not building density.[SEP]Why are we talking about green space when the economy benefits from commercial real estate?
equivocation	I love to watch the game of chess, especially the rook. It moves straight, confidently, controls the space. It's a symbol of strength and order. The rook moves confidently on the board, which means that any vehicle with that name must have the same reliability and straightness.	The rook moves confidently on the board, which means that any vehicle with that name must have the same reliability and straightness.
false dilemma	- Poverty is a complex problem, and the solutions are diverse: vocational retraining programs, startup grants for the poor, food cooperatives, community gardens, food bank systems, subsidies for housing and utilities, and employment through government programs. No-interest microcredit and financial literacy courses are already helping thousands of families get out of crisis without debt slavery. - Either the poor take out loans or they are doomed to hunger and poverty. There are no other options. Without borrowed money a person simply cannot survive - no decent job, no help from the state, nothing. Whoever does not take a loan is doomed to starve or beg for alms. It is simple: money in debt or complete poverty - there is no third option.	Either the poor take out loans or they are doomed to hunger and poverty. There are no other options.
intentional	I told you that I decided to close a loss-making project in order to reallocate resources to more promising areas. I made this decision because my intentions were noble and aimed at saving the whole company. The team lost their jobs, but I'm sure it was necessary. If we had continued to fund this project, the company could have gone bankrupt. When you act for the common good and the survival of the business, the consequences for individuals are secondary and justified. In the end, I believe I did the right thing because I had the best of intentions.	I made this decision because my intentions were noble and aimed at saving the whole company.[SEP]When you act for the common good and the survival of the business, the consequences for individuals are secondary and justified
fallacy of extension	- I believe that the state should support local cultural projects and regional museums with small grants. This helps preserve the diversity of cultures and supports local communities. - Uh-huh! So you want to spend the entire budget on small museums and forget about everything else! Let's close hospitals, schools and roads just to fund some local exhibitions! You're willing to bankrupt the country for questionable cultural initiatives?	the state should support local cultural projects and regional museums with small grants[SEP]So you want to spend the entire budget on small museums and forget about everything else!
fallacy of relevance	- Studies show that the unemployment rate among young people has reached 18%, leading to social instability. - Why discuss unemployment when we have a growing foreign debt and it's threatening the economy? It's a strategic threat. Solve the macroeconomic problems first, and then talk about employment.	Why discuss unemployment when we have a growing foreign debt and it's threatening the economy[SEP]Solve the macroeconomic problems first
intentional	At a city hearing on the construction of a new shopping center, I spoke out against it, arguing that it would increase the traffic load on the roads and degrade the ecology of the area. The developer's representative responded: You are not criticizing the project because of the ecology, but because you want to preserve the value of your property and keep new residents out. He claimed that what I said about traffic and pollution was just a cover for personal gain. In his version, I'm just afraid of losing the comfort and exclusivity of the neighborhood. At the same time, he did not answer questions about transportation infrastructure and emissions, focusing on my alleged ulterior motives. As a result, the discussion of the project turned into an argument about my intentions rather than the actual consequences of construction.	You are not criticizing the project because of the ecology, but because you want to preserve the value of your property and keep new residents out
intentional	The hospital discussed the implementation of a new system of electronic medical records. One physician expressed concerns about data security and possible leaks. The administrator responded: You criticize digitalization not because of the risks, but because you don't want to learn new technologies and want to keep the old comfortable ways of working. He argued that the words about security mask an unwillingness to adapt to change. This left the real questions of data protection and infrastructure unanswered. The administrator went on to insist that resistance to reform is always due to personal laziness and fear of change rather than objective system problems.	You criticize digitalization not because of the risks, but because you don't want to learn new technologies and want to keep the old comfortable ways of working
faulty generalization	I spoke with one customer service representative and he was not helpful in resolving the issue. The conversation went on and on. One inefficient operator means the whole company support is useless. It's annoying.	One inefficient operator means the whole company support is useless
ad hominem	- We need to reform the higher education system. - You're just embittered against the system because of personal failures, so your arguments are distorted by resentment and carry no weight. Let's discuss real proposals.	You're just embittered against the system because of personal failures, so your arguments are distorted by resentment and carry no weight
fallacy of relevance	Why discuss raising the minimum wage? So what if people don't have enough, but there's a health care problem at the moment, we need to spend money on hospitals and clinics. that's a pressing problem! Look at our hospitals: roofs are leaking, equipment is in short supply, doctors are being laid off in droves. People wait months to see an oncologist, and the ambulance arrives in three hours. This is what we need to think about! As long as cockroaches are running around in polyclinics, it's pointless to talk about pennies in wages. First improve the health care system - then we can talk about money.	Why discuss raising the minimum wage[SEP]there's a health care problem at the moment[SEP]that's a pressing problem
fallacy of credibility	In a discussion on school uniforms, one parent suggests that children should be allowed to choose their own clothes. He talks about the importance of self-expression and psychological comfort. Another parent responds: we should not change the established order, because it is part of the school culture, because it has been accepted for decades and it has proven to be correct. In his opinion, if the uniform has been in place for so many years, then it is necessary and useful. Any change is perceived as a threat to the discipline and traditions of the school.	we should not change the established order[SEP]because it has been accepted for decades and it has proven to be correct
ad hominem	- We need to invest in basic science. - You're promoting this because you're looking for personal gain and recognition, so your arguments are self-serving and not worthy of consideration. Back to the budget.	You're promoting this because you're looking for personal gain and recognition, so your arguments are self-serving and not worthy of consideration
ad populum	- Why do you reject this method of language teaching? - It's hardly used by anyone and it's not popular among teachers, so it doesn't work. I prefer proven approaches.	It's hardly used by anyone and it's not popular among teachers, so it doesn't work.
ad populum	- I think we should consider a rare but promising treatment. - It's hardly ever used in clinics and it's not widely supported by doctors so it's ineffective. This sort of thing would spread quickly in medicine if it worked.	It's hardly ever used in clinics and it's not widely supported by doctors so it's ineffective.
fallacy of extension	- I think that parents should gently control the content that young children watch on the internet and explain to them what is safe and what is not. It's a matter of protection, not prohibition. - So you want to completely control a child's every move and take away any freedom they have on the internet? You propose to monitor every click, read correspondence, ban everything? That's total surveillance!	parents should gently control the content that young children watch on the internet[SEP]you want to completely control a child's every move and take away any freedom they have on the internet
false dilemma	There are various proposals in the discussion of urban infrastructure. However, the only way is to build roads on a massive scale to reduce traffic jams, otherwise the transport system will be completely paralyzed. The number of cars is growing and the existing network cannot cope. Public transportation cannot completely replace private cars. Therefore, it is necessary to expand the road network, even if it requires significant costs.	the only way is to build roads on a massive scale[SEP]otherwise the transport system will be completely paralyzed.
faulty generalization	One project in the company failed and did not achieve its goals despite the resources invested. This was discussed at the meeting. So all such projects are doomed to fail. Perhaps we should not launch them.	One project in the company failed and did not achieve its goals[SEP]So all such projects are doomed to fail.
appeal to emotion	- Do we need filters on the internet? - People talk about the bullying and horrors children see. Think of their tears and nightmares In such circumstances, inaction seems cruel. If you're going to let this go on, then you need heavy censorship.	Think of their tears and nightmares[SEP]If you're going to let this go on, then you need heavy censorship.
circular reasoning	The economic survey claimed that the market was stable. The market is stable because there are no significant fluctuations. Analysts pointed to current indicators. And the lack of fluctuations is because the market is stable. This boosted investor confidence.	The market is stable because there are no significant fluctuations[SEP]And the lack of fluctuations is because the market is stable
false causality	The number of people practicing yoga has increased at the same time as life expectancy has increased, especially in large cities. This shows that yoga is a major factor in longevity and has a direct impact on life expectancy.	The number of people practicing yoga has increased at the same time as life expectancy has increased
equivocation	I have been thinking about the importance of not interfering with other people's work. When someone gets in the way, it's annoying and reduces the productivity of the whole team. If I stop interfering and start stirring everything thoroughly while cooking, it makes the result better and more harmonious. So, the ability to stir is always useful and improves any process. So I am sure that the more I interfere in the work of my colleagues, the better the overall result will be.	If I stop interfering and start stirring everything thoroughly while cooking, it makes the result better and more harmonious. So, the ability to stir is always useful and improves any process.
appeal to emotion	The security meeting said: Every crime leaves behind shattered lives and fear. ♪ Are you willing to look at it without doing anything? ♪ That's why we need to expand surveillance. It's the only way to prevent tragedies.	♪ Are you willing to look at it without doing anything? ♪ That's why we need to expand surveillance.
fallacy of relevance	- The introduction of separate waste collection would reduce landfills by 40% and increase recycling. It has already proved its effectiveness in a number of cities. - Do you know that our region ranks first in grain exports? It's a strategically important indicator for the economy. Isn't it more important to support agriculture than to sort garbage? Exports bring in foreign currency and strengthen the country's position.	Do you know that our region ranks first in grain exports?[SEP]Isn't it more important to support agriculture than to sort garbage?
faulty generalization	I joined a gym near my house and went to my first workout. One trainer gave strange advice and was confused about the exercises - so all the trainers at that gym are incompetent. After that, there was less desire to go back.	One trainer gave strange advice and was confused about the exercises - so all the trainers at that gym are incompetent.
equivocation	I have always believed that order in life starts with the little things. When everything is organized at home, it's easier to focus and be productive. Order is when everything is in its place, so if I prioritize my tasks, they will literally be in front of me too. So I write tasks down on worksheets and spread them out on my desk. That way I can see my priorities physically and I'm sure that's what real order in my affairs and thoughts is all about.	Order is when everything is in its place, so if I prioritize my tasks, they will literally be in front of me too.
ad hominem	- There needs to be more transparency in charitable foundations. - You yourself have been involved in dubious schemes in the past and are not known for your honesty, so your arguments about transparency have no merit. That seems disingenuous.	You yourself have been involved in dubious schemes in the past and are not known for your honesty, so your arguments about transparency have no merit.
faulty generalization	I tried one recipe from a popular cooking blog and the dish failed. It was frustrating. One recipe fails means all of that author's recipes are bad. I won't be cooking with it again.	One recipe fails means all of that author's recipes are bad.
fallacy of relevance	- According to research, reading literacy among adolescents has declined by 20% in the last ten years. This affects the ability to analyze information. - Let's talk about the development of the music industry and the growth of concerts rather than reading books. Young people are actively attending events and cultural life is developing. Isn't this a more vivid indicator of intellectual development than some literacy tests? Culture is changing.	Let's talk about the development of the music industry and the growth of concerts rather than reading books.[SEP]Isn't this a more vivid indicator of intellectual development than some literacy tests?
false causality	In recent years, the number of people studying foreign languages online has increased, and at the same time, the number of people traveling abroad has increased. Since both phenomena have increased simultaneously, we can conclude that it is online language courses that cause the growth of international travel. This explains the popularity of educational platforms.	Since both phenomena have increased simultaneously, we can conclude that it is online language courses that cause the growth of international travel
intentional	The instructor explains the inflated grades: I gave everyone high marks because my intentions were to support students and increase their confidence. Yes, objectively many papers were weaker than the standards, and this can affect the quality of education. But if I had graded strictly, students would have lost motivation. I acted out of concern for them, which means the method was justified despite the consequences. Not only knowledge is important, but also the psychological state of the students.	I gave everyone high marks because my intentions were to support students and increase their confidence[SEP]I acted out of concern for them, which means the method was justified despite the consequences
faulty generalization	We recently hired an intern and he was often late. It was interfering with the team's work. One intern behaves irresponsibly, so all interns are the same. Now management is questioning the internship program.	One intern behaves irresponsibly, so all interns are the same
fallacy of extension	- I think that more CCTV cameras should be installed in public places for safety. It helps prevent crime. - You want to install total surveillance and monitor every move of citizens? So there will be no privacy anymore and the state will be watching everyone all the time? You're proposing a total surveillance society!	more CCTV cameras should be installed in public places for safety[SEP]You want to install total surveillance and monitor every move of citizens
faulty generalization	I met a neighbor who turned out to be rude. It ruined my first impression. One person in this neighborhood is rude, so all the neighbors are rude. I don't want to socialize.	One person in this neighborhood is rude, so all the neighbors are rude
false dilemma	- You can improve the transportation system by developing both public transportation and infrastructure for cars. - No, either we make the city completely car-centric, it's the only path to convenience. Citizens complain about traffic congestion and air pollution. Either we ban cars altogether, claiming there's no other way to solve the problem. There is no other option, because mixed solutions supposedly don't work.	either we make the city completely car-centric[SEP]Either we ban cars altogether[SEP]There is no other option
intentional	At a hearing on the construction of a garbage processing plant, an environmentalist presented pollution reduction calculations. A resident of the neighborhood responded: You are not supporting this project for the sake of ecology, but because you want to get funding from investors and increase your status as an expert. Your real goal is to make money from the project and advance your career, not to protect the environment. He rejected all the evidence and focused on the alleged personal interests of the environmentalist.	You are not supporting this project for the sake of ecology, but because you want to get funding from investors and increase your status as an expert. Your real goal is to make money from the project and advance your career, not to protect the environment.
fallacy of credibility	- New educational methods show that children learn better through game formats and project activities. - These ideas are wrong because they are promoted by bloggers without pedagogical education who have never worked in a school. They can say whatever they want, but their opinions cannot be taken seriously without the professional status of a teacher. Real education requires a strict system and discipline, not experimentation from people without a degree. Even if they cite successful case studies, their lack of formal teaching experience makes their conclusions questionable. Decisions about how to teach children should be made only by certified teachers with experience in educational institutions, not by Internet enthusiasts.	These ideas are wrong because they are promoted by bloggers without pedagogical education[SEP]their opinions cannot be taken seriously without the professional status of a teacher
faulty generalization	In one online course, the instructor was confused about the topic and answered inappropriately - so all online courses are bad education. After that, I became suspicious of distance learning.	In one online course, the instructor was confused about the topic and answered inappropriately - so all online courses are bad education.
fallacy of extension	- I think that city authorities should limit development in the historic center in order to preserve the architectural heritage and look of the city. It's not a ban on building in general, but a reasonable regulation so that new buildings fit into the existing environment and don't destroy the historic value of the neighborhood. - So you want to completely ban all construction in the city and freeze its development forever, like an open-air museum? Great idea - let's stop building housing altogether, let people live wherever they want! According to your logic, any crane is a crime against history, and the development of the city is evil. This is the path to degradation and stagnation!	city authorities should limit development in the historic center in order to preserve the architectural heritage and look of the city[SEP]you want to completely ban all construction in the city and freeze its development forever, like an open-air museum
equivocation	I have always strived to speak beautifully and competently. Language is the basis of communication, without it it is impossible to convey thoughts and understand other people. The better developed the language is, the more successful a person is in society. The language helps to express thoughts and form an impression of a person, it should be flexible and strong. If language is an important tool, then by developing the muscles of the tongue, I will improve my speech and become more persuasive in communication. This has a direct impact on success.	The language helps to express thoughts and form an impression of a person, it should be flexible and strong. If language is an important tool, then by developing the muscles of the tongue, I will improve my speech and become more persuasive in communication.
fallacy of credibility	In a discussion of education, one person says that teaching methods need to be changed. Another responds: This system of education has been around for decades, because it was taught to our parents, and therefore it remains correct and effective. He believes that the longevity of a method confirms its quality. If generations of students have gone through the system, then it has already proven to be effective. Any change is perceived as a risk. Even if new research emerges, tradition is considered a more reliable basis for decision-making.	This system of education has been around for decades, because it was taught to our parents[SEP]it remains correct and effective
ad populum	At the city policy discussion, the opinion was voiced: Surveys show that over 70% of residents support tighter controls, so it is the right thing to do. Alternative approaches were not considered.	Surveys show that over 70% of residents support tighter controls, so it is the right thing to do
faulty generalization	One bus driver was rude to passengers - so all public transportation drivers behave the same way. After the trip, my mood was ruined. Now I try to travel less often.	One bus driver was rude to passengers - so all public transportation drivers behave the same way
appeal to emotion	At the meeting, the introduction of a curfew was discussed. One expert talked about freedom of movement, but another emphasized anxiety. He described the residents' nighttime fears. Do you really want your children to be afraid to go out? Parents looked at each other. That's why curfews need to be enforced.	Do you really want your children to be afraid to go out?[SEP]That's why curfews need to be enforced.
fallacy of relevance	- The police report indicates that crime detection has dropped by 15% and citizens' trust in law enforcement is declining. - Why discuss police work when we have problems with roads and transportation? People stand in traffic jams for two hours every day. This is a more tangible problem for most than crime statistics. Roads first.	Why discuss police work when we have problems with roads and transportation?[SEP]This is a more tangible problem for most
fallacy of credibility	- I read scientific articles about the benefits of sleep and the need for eight hours of rest. - The sleep regimen is correct because a famous athlete says he sleeps only four hours and feels great and he has had outstanding results. His success is taken as proof. If a high-status person claims that little sleep is normal, then it can be considered true. His experience supersedes scientific data.	The sleep regimen is correct because a famous athlete says he sleeps only four hours and feels great[SEP]If a high-status person claims that little sleep is normal, then it can be considered true
false dilemma	There is a constant debate in education about how to assess knowledge. Some schools are trying to combine exams, projects, and oral responses to get a more complete picture. However, the attitude is that either we rely entirely on single standardized tests, which give a clear numerical score, the admission and selection process should be formalized as much as possible. Teachers complain about student stress and the narrowness of this approach. Or the assessment system becomes chaotic without criteria. This description ignores the very idea of combining different forms of assessment because it focuses only on the extremes.	either we rely entirely on single standardized tests,[SEP]Or the assessment system becomes chaotic without criteria.
intentional	You're in favor of raising the minimum wage? Don't fool anyone - you actually want to destroy small businesses and create social chaos. Your real goal is to undermine the economy so you can come to power on a wave of discontent. You talk about caring for the poor, but that's just a cover for your radical plans. I see your true intentions: you are deliberately sowing class hatred to divide society. No amount of explanation will change the fact that you are acting with premeditated malice.	You're in favor of raising the minimum wage[SEP]you actually want to destroy small businesses and create social chaos
false causality	The country increased funding for the space program, and at the same period technology exports increased. Since both indicators began to grow simultaneously, it means that investments in space directly led to the growth of technology exports. Therefore, we need to invest even more.	Since both indicators began to grow simultaneously, it means that investments in space directly led to the growth of technology exports.
fallacy of extension	- I think it is important for doctors to explain alternative therapies to patients if they are evidence-based and can complement mainstream therapy. This helps people feel in control of their health. - So you want to replace traditional medicine with folk remedies and treat everything with herbs instead of drugs? Are you suggesting we abandon science and return people to an era when diseases were treated with conspiracies? That's dangerous and irresponsible!	important for doctors to explain alternative therapies to patients if they are evidence-based[SEP]So you want to replace traditional medicine with folk remedies and treat everything with herbs instead of drugs
faulty generalization	My uncle, 52 years old, tried to learn English at a university course. His progress was poor. He went for three months, but he couldn't even memorize the basic verbs. He confused tenses in every lesson, couldn't pronounce simple phrases, and a week after the course ended he had forgotten every last word. The teacher said he just wasn't absorbing the new information. From this I concluded: all people over 40 are incapable of mastering a foreign language. So spending resources on language courses for adults is a waste of money and time. It's better to direct those resources to teaching children and teenagers, whose brains are still flexible. One case with my uncle proves that after 40 years old, learning languages is pointless - if even one person fails completely, then the whole age group is doomed to failure.	My uncle, 52 years old, tried to learn English[SEP]His progress was poor[SEP]I concluded: all people over 40 are incapable of mastering a foreign language
faulty generalization	I bought one laptop of this brand, and its battery died quickly, which means that all the equipment of this brand is unreliable. Now I doubt their products. I'm considering other options.	I bought one laptop of this brand, and its battery died quickly, which means that all the equipment of this brand is unreliable.
false dilemma	The digital security debate raises the issue of data encryption. Companies protect user privacy and the government demands access to information. Either we give intelligence agencies full access to all user data to prevent crime and security threats. This is to protect the public. Either criminals will use technology against us with impunity. This approach does not consider the trade-offs of limited access or judicial review.	Either we give intelligence agencies full access to all user data[SEP]Either criminals will use technology against us with impunity.
fallacy of credibility	In a conversation about financial literacy, one person advised budgeting and avoiding debt, citing economic studies. His interlocutor responded: This advice is right because it is given by a famous billionaire who is successful, and if such a rich person says so, then it is the only right approach. This billionaire is indeed famous for his business accomplishments and often shares his life principles. His success is taken as proof of the universality of his advice. People believe that his experience is automatically applicable to any financial situation. As a result, complex economic issues are simplified to following the opinion of one successful person.	This advice is right because it is given by a famous billionaire[SEP]and if such a rich person says so, then it is the only right approach
intentional	- I believe that we need to tighten control over the quality of food products because the number of poisonings is growing. - You insist on tightening control not because you care about consumer health and food safety - in fact, you want to increase bureaucracy and create new opportunities for pressure on business. It's a classic scheme: new restrictions are imposed under the guise of caring. You just want to expand control.	You insist on tightening control not because you care about consumer health and food safety - in fact, you want to increase bureaucracy and create new opportunities for pressure on business
false dilemma	The only way out in the energy sector is a complete switch to renewable sources. Fossil fuels are becoming more expensive and difficult to extract, and the environmental consequences are already being felt around the world. Governments are discussing various strategies, but there's no time for long term experimentation. Or we continue to depend on oil and gas and worsen the climate crisis. Companies must urgently rebuild infrastructure, even if it requires large investments. Otherwise, the consequences will only get worse and the economy will face even greater risks.	The only way out in the energy sector is a complete switch to renewable sources.[SEP]Or we continue to depend on oil and gas and worsen the climate crisis.
fallacy of extension	- I believe that in health care it is worthwhile to promote disease prevention and regular checkups to reduce the burden on the system. That's a long-term strategy. - I see, you want to replace treatment with endless check-ups and make people go to the doctor all the time? So no one will get treatment, only checkups! You are proposing an absurd system where diagnosis is more important than treatment!	in health care it is worthwhile to promote disease prevention and regular checkups[SEP]you want to replace treatment with endless check-ups and make people go to the doctor all the time
faulty generalization	We were discussing online courses at work. A colleague shared his experience: he took one course and didn't get a promotion - so such courses are useless for everyone. The others listened in silence.	he took one course and didn't get a promotion - so such courses are useless for everyone
false causality	There has been an increase in the number of electric cars in the country and a simultaneous decrease in urban noise levels. Since both changes occurred at the same time, the increase in the number of electric cars is the main reason for the reduction in urban noise. This confirms their benefits.	Since both changes occurred at the same time, the increase in the number of electric cars is the main reason for the reduction in urban noise.
equivocation	I think about the meaning of the word hail. Hail can be destructive, it destroys crops, it causes damage. It's a force of nature. Hail can have a strong influence on the surrounding, so any hail has power and significance.	Hail can have a strong influence on the surrounding, so any hail has power and significance.
false causality	I started running in the mornings and soon got a promotion at work. My coworkers were surprised by the coincidence. If the promotion happened after I started jogging, then it was my morning jogging that influenced my career growth. Now I never miss a workout.	If the promotion happened after I started jogging, then it was my morning jogging that influenced my career growth.
fallacy of extension	- I believe that universities should revise outdated programs and update them with current market demands so that graduates are better prepared. - So you want to throw out classical education and leave only applied skills without fundamental knowledge? Are you proposing to turn universities into training courses for workers without broad erudition? Then science will simply disappear!	universities should revise outdated programs and update them with current market demands[SEP]So you want to throw out classical education and leave only applied skills without fundamental knowledge
appeal to emotion	A talk show was discussing banning protests. One participant stated, Democracy is important. Imagine a mob getting out of control and destroying a city? People lose homes, businesses, security. Do you really want this chaos, then protests should be limited.	Imagine a mob getting out of control and destroying a city?[SEP]Do you really want this chaos, then protests should be limited
fallacy of relevance	- There is a shortage of drinking water in the region: reserves have decreased by 30% and the quality has deteriorated due to river pollution. It is necessary to invest in treatment facilities. - Why talk about water when we have such a high unemployment rate among young people? Up to 35% of graduates can't find a job. First create jobs, then talk about the environment.	Why talk about water when we have such a high unemployment rate among young people?[SEP]First create jobs, then talk about the environment.
fallacy of credibility	This treatment method is sure to work because it is backed by a well-known entrepreneur who has built a successful technology company. He said in an interview that he uses this approach to maintain his health and feels great. If a person who has achieved such success finds the method effective, then it is really useful. His ability to make good decisions in business shows that he knows how to make choices in health matters as well. Therefore, there is no need to check scientific studies or consult doctors - just trust the opinion of a successful person.	This treatment method is sure to work because it is backed by a well-known entrepreneur[SEP]If a person who has achieved such success finds the method effective, then it is really useful
fallacy of relevance	- Introducing restrictions on plastic use can reduce pollution of rivers and lakes by 60%. This has already been confirmed by international experience. - Do you know that our export of IT services has increased by 25%? It brings billions to the budget. Isn't that more important than discussing plastic bags? Economic growth should be a priority.	Do you know that our export of IT services has increased by 25%?[SEP]Isn't that more important than discussing plastic bags?
circular reasoning	An economist analyzes market stability. The market is stable because it shows resistance to fluctuations. And resilience to fluctuations is because the market is stable. Based on this, a prediction is made.	The market is stable because it shows resistance to fluctuations. And resilience to fluctuations is because the market is stable
fallacy of credibility	"At an environmental policy meeting, one participant objected sharply: ""He says the new filters will reduce emissions by 40%. But he has never shown support for the environmental agenda - his knowledge of ecology and human impact on nature is like that of a little child. He confuses basic concepts, has no understanding of pollution mechanisms, and talks about climate as if it were a topic for small talk rather than a scientific issue. Even if the numbers look plausible, there is no point in trusting him: behind every statement he makes is flippancy and a complete disregard for scientific facts!"""	his knowledge of ecology[SEP]is like that of[SEP]child[SEP]there is no point in trusting him
faulty generalization	I watched a lecture by a faculty member online and it was boring. It was hard to listen to the end. One lecturer reads uninteresting - so all online courses are useless. It's better to learn offline.	One lecturer reads uninteresting - so all online courses are useless
faulty generalization	In the store, the consultant could not find the product I needed. I had to look for it myself. One employee was uninformed, which means that the whole staff is incompetent. This spoiled the impression of the store.	One employee was uninformed, which means that the whole staff is incompetent.
ad populum	We chose the programming language for the new product. Most developers in the industry use Python for similar tasks so it is objectively the best choice. Let's not waste time on alternatives.	Most developers in the industry use Python for similar tasks so it is objectively the best choice
false dilemma	There is only one right option - a complete switch to renewable energy. Fossil resources are dwindling and the climate is changing. This requires urgent solutions. Otherwise, we will face an energy collapse in the coming years. We need to act quickly and radically to avoid a crisis and ensure stability.	There is only one right option - a complete switch to renewable energy. Fossil resources are dwindling and the climate is changing. This requires urgent solutions. 
false dilemma	In the matter of teacher education, it is argued: either we raise the requirements to the maximum and cut out most candidates, to ensure quality. Training and professional development programs are discussed but ignored. Or we have a weak education system. This approach precludes the possibility of gradual improvement.	either we raise the requirements to the maximum and cut out most candidates,[SEP]Or we have a weak education system.
fallacy of relevance	- In the online education industry, there are a growing number of fraudulent courses that promise quick income but don't provide real skills. It's misleading people. - But our country's birth rate is falling, and that's a much bigger problem than some courses. Demographics determine the future of the country, not individual cases of deception.	But our country's birth rate is falling, and that's a much bigger problem than some courses.
false causality	When I stopped drinking coffee in the evening, I slept better. Since the change in habit occurred before the improvement in sleep, so quitting coffee directly caused this effect. Now I avoid coffee in the afternoon.	Since the change in habit occurred before the improvement in sleep, so quitting coffee directly caused this effect.
equivocation	I think it is important to take care of your yard. When the surroundings are clean and well-maintained, people are more pleasant to live in, safety is increased, and there is a feeling of comfort. It affects the quality of life. The yard must be in order for everything to function properly, so if there is order in the yard, the whole administration becomes efficient.	The yard must be in order for everything to function properly, so if there is order in the yard, the whole administration becomes efficient.
faulty generalization	At the interview, the candidate was confused and did not answer basic questions. It looked strange for a specialist with experience. If one candidate from this university is so prepared, it means that all graduates of this university are weak specialists. The supervisor drew the appropriate conclusions.	If one candidate from this university is so prepared, it means that all graduates of this university are weak specialists.
faulty generalization	One time the bus didn't come on time, it means public transportation is always unreliable. Therefore, people started to use cabs more often.	One time the bus didn't come on time, it means public transportation is always unreliable
false causality	We started putting live plants on the desks in our office, and after a couple of months, employees started taking sick leave less often. The atmosphere really did become more pleasant. If the improvement in well-being coincided with the introduction of plants, it means that they have improved the health of the team. Now they plan to buy more greenery.	If the improvement in well-being coincided with the introduction of plants, it means that they have improved the health of the team.
faulty generalization	I tried one recipe from this book and it didn't work - so all the recipes in the book are bad. I followed the instructions. Now I'm hesitant to continue.	I tried one recipe from this book and it didn't work - so all the recipes in the book are bad.
fallacy of extension	- I think that we need to develop bicycle infrastructure in cities for the convenience of residents. It's an alternative to transportation and it's good for your health. - Of course! You want to remove all the roads for cars and force everyone onto bicycles! Let people ride in the winter and in the rain! You want to completely change lifestyles by force?	we need to develop bicycle infrastructure in cities for the convenience of residents[SEP]You want to remove all the roads for cars and force everyone onto bicycles
appeal to emotion	The parliament discussed media censorship. One MP said: People read false news and lose the sense of reality, it causes panic and fear. Do you really want to allow chaos? Society is already on the brink. That's why information must be strictly controlled.	Do you really want to allow chaos?[SEP]That's why information must be strictly controlled.
fallacy of extension	"- I believe that schools should introduce basic psychology classes so that children have a better understanding of emotions and conflict. This would help reduce bullying and teach teenagers how to communicate constructively. It's not about replacing academic subjects, it's about adding a useful skill for life. - So you want to replace normal education with talking about feelings and turn schools into therapy circles? So kids will no longer learn math, physics, or literature, but will only discuss their experiences? You're suggesting we raise a generation of people who can't do maths but are great at complaining about life! The next step will be the abolition of exams because they ""traumatize the psyche"", and then the rejection of knowledge as such!"	schools should introduce basic psychology classes so that children have a better understanding of emotions and conflict[SEP]So you want to replace normal education with talking about feelings and turn schools into therapy circles
faulty generalization	One cab driver chose a long route - so all cab drivers always cheat on the road. I drive around the city a lot for work.	One cab driver chose a long route - so all cab drivers always cheat on the road
faulty generalization	I recently tried a new delivery service and encountered a delay. The courier arrived much later than promised. One order arrived late - so all deliveries from this service are always delayed. Now I doubt whether I should order there again.	One order arrived late - so all deliveries from this service are always delayed.
fallacy of extension	"- I think the government should offer free financial literacy classes for low-income families. Many of them run into debt not because of stupidity, but because of lack of knowledge.  - Yeah, so you think all poor people are so irresponsible that they can't even budget? And now you're suggesting we force them to take your ""courses"" because they are inherently incapable of managing their money? If you follow your logic, soon you'll be demanding that the poor have to ask permission from social workers for every purchase! You are simply justifying the control of an entire class of people under the guise of ""help""."	the government should offer free financial literacy classes for low-income families[SEP]so you think all poor people[SEP]irresponsible
ad populum	We were discussing the new educational platform at the university. Almost all leading universities have already switched to it, so it is objectively the best for education. So the administration decided not to consider alternatives.	Almost all leading universities have already switched to it, so it is objectively the best for education.
ad hominem	In the data privacy debate, they suggested that there should be more control over the collection of user information. The author of this idea is a highly suspicious and conspiracy-minded person, so his arguments about privacy protection do not carry weight. The issue requires a more balanced approach.	The author of this idea is a highly suspicious and conspiracy-minded person, so his arguments about privacy protection do not carry weight.
ad hominem	In the health care reform debate, he insisted on reallocating the budget in favor of prevention. However, he himself leads an extremely unhealthy lifestyle and shows a disregard for basic principles of self-care, so his arguments about public health are unconvincing. It is therefore difficult to take his initiative seriously.	However, he himself leads an extremely unhealthy lifestyle and shows a disregard for basic principles of self-care, so his arguments about public health are unconvincing.
ad populum	In a conversation about career strategies, an opinion was voiced: few people choose to work in the public sector, so it is unpromising. Therefore, everyone focused only on private companies.	few people choose to work in the public sector, so it is unpromising
fallacy of credibility	In a discussion about law, one person analyzes a bill and points out contradictions. He is told: You cannot evaluate this bill because, despite your arguments, you have no legal education. You don't have a law degree, you don't practice law, and you aren't familiar with case law. Without that, it is impossible to draw legal conclusions. Even if you quote the law accurately, your lack of qualifications makes your arguments untenable.	You cannot evaluate this bill[SEP]you have no legal education
ad hominem	"These climate activists themselves live in developed countries, fly airplanes and use gadgets manufactured with huge carbon footprints. That's why their calls to reduce emissions are literal and not worthy of attention. They simply benefit from imposing restrictions on ordinary people in order to feel morally superior. How can you listen to those who don't follow their own rules and who also receive grants from western foundations? Their ""concern for the planet"" is not a sincere position, but a way to advance their careers and influence."	These climate activists themselves[SEP]fly airplanes[SEP]That's why their calls to reduce emissions[SEP]literal and not worthy of attention
appeal to emotion	At the security meeting, the minister said: the news was again talking about the brutal attack, people are afraid to go out in the evening. Are you really ready to live in fear and wait for your loved ones to be affected? That's why we need to introduce the death penalty for such criminals.	Are you really ready to live in fear and wait for your loved ones to be affected? That's why we need to introduce the death penalty for such criminals.
fallacy of relevance	- According to the Ministry of Health, over the last three years, mortality from cardiovascular diseases has increased by 12%, especially in regions with a shortage of cardiologists and diagnostic equipment. In some regions, patients wait 3-4 months for an examination, which is critical for early diagnosis. Experts suggest increasing funding for polyclinics, purchasing ECG machines and training primary care physicians. - Why should we discuss equipment of polyclinics and heart diseases when the birth rate in the country is falling rapidly and the population is aging? If we don't solve the demographic crisis, in 20 years there will be no one to work and pay taxes. We need to encourage families to have more children first, and then think about medical equipment and doctors. Without people, no health care system makes sense.	Why should we discuss equipment of polyclinics and heart diseases when the birth rate in the country is falling rapidly and the population is aging?[SEP]We need to encourage families to have more children first, and then think about medical equipment and doctors.
false dilemma	In international politics, you may hear: either we impose the toughest possible sanctions against a country, demonstrating principle and strength, the question is put as a moral choice. The economic consequences for one's own economy and global markets are superficially discussed. Diplomatic channels remain in the shadows. Either we show weakness and encourage aggression. This framework does not allow for talk of combined strategies and gradual pressure.	either we impose the toughest possible sanctions against a country,[SEP]Either we show weakness and encourage aggression.
ad hominem	He suggested strengthening control over the quality of food. He himself neglects a healthy lifestyle and eats junk food all the time, so his arguments have no merit. That seems hypocritical.	He himself neglects a healthy lifestyle and eats junk food all the time, so his arguments have no merit
fallacy of relevance	- In the city over the last two years, the level of air pollution has exceeded the permissible norms by 35%, especially due to old public transportation and industrial emissions. Residents are experiencing an increase in respiratory diseases. Environmentalists propose to renew the car fleet and introduce filters at enterprises. - Do you know that last year our city was included in the top 5 tourist destinations of the country according to the international rating? Thousands of guests come to us, the hotel business is developing. When the economy is showing such growth and attractiveness of the region?	Do you know that last year our city was included in the top 5 tourist destinations of the country according to the international rating[SEP]When the economy is showing such growth and attractiveness of the region
circular reasoning	In a philosophy lecture, they were discussing truth. A statement is true because it has validity, and its validity follows from the fact that the statement is true. Students were trying to find external criteria for truth.	A statement is true because it has validity, and its validity follows from the fact that the statement is true.
circular reasoning	The financial forecast says: the asset is safe as it demonstrates stability. Investors are guided by this. And the stability of the asset is due to the fact that it is reliable. The decision to buy was made quickly.	the asset is safe as it demonstrates stability[SEP]And the stability of the asset is due to the fact that it is reliable
equivocation	I like to analyze the word union. Unions bring elements together to create more complex structures. This is important for understanding language and thinking. Union connects parts into a whole. And union strengthens meaning. So any conjunction strengthens the meaning of a statement and makes it more persuasive. That's why it's important to use conjunctions.	Union connects parts into a whole. And union strengthens meaning. So any conjunction strengthens the meaning of a statement and makes it more persuasive.
ad populum	- Is this legal reform worth implementing? - The public does not support it and the majority of citizens oppose it, which means it is harmful and inadmissible. Such initiatives should not be promoted.	The public does not support it and the majority of citizens oppose it, which means it is harmful and inadmissible.
appeal to emotion	- Freedom of speech is important even for unpleasant opinions. - Imagine people who are insulted and humiliated every day! Their dignity is destroyed, they feel insignificant. ♪ How can you stand it? ♪ That's why we have to severely restrict speech.	Imagine people who are insulted and humiliated every day![SEP]♪ How can you stand it? ♪ That's why we have to severely restrict speech.
ad hominem	In a discussion of moral philosophy, he advanced the thesis of relativism. He is known for his amorality and his tendency to justify any behavior, so his arguments about morality are untenable. This is not surprising.	He is known for his amorality and his tendency to justify any behavior, so his arguments about morality are untenable
intentional	"- I suggest reducing office costs and moving some of your team to remote working to reduce costs and increase flexibility. - You're not promoting telecommuting for efficiency, you're promoting it because you want less control over your employees and easier management. In fact, you benefit from having people work without transparent reporting so you can blame failures on the ""remote format"". You cover yourself in the name of saving money, but ignore the drop in team engagement and communication problems we've already seen in the past year. Your real goal is to remove the responsibility for day-to-day control, not to improve processes. So any arguments about flexibility look like a convenient screen for your ulterior motives."	You're not promoting telecommuting for efficiency, you're promoting it because you want less control over your employees and easier management.
fallacy of extension	"- I think the news should separate facts from opinions so that viewers are better guided. It improves the quality of journalism. - That's great! So you want to ban all opinions and turn the news into dry propaganda? No analysis, no discussion, just ""facts allowed""!"	the news should separate facts from opinions so that viewers are better guided[SEP]So you want to ban all opinions and turn the news into dry propaganda?
fallacy of relevance	-- I propose to tighten control over the circulation of weapons: to introduce mandatory psychological examinations for owners, to increase the period of checks and to limit the sale of semi-automatic weapons. Statistics show that in regions with stricter control, the number of murders and suicides with weapons is much lower. This is a direct measure for the safety of citizens.  -- Why think about stricter gun control when there are so many problems with stray cats? They breed in yards, carry disease, damage property. Let's put animals in order first, and then deal with guns. Otherwise, everyone only talks about shooting, but no one solves the real problems that people face every day.	Why think about stricter gun control when there are so many problems with stray cats?
intentional	Yes, the new medical program caused side effects in some patients, but our intentions were pure - we wanted to save as many lives as possible. There are risks associated with any treatment. Risks and side effects are not important, what matters is our noble goal to help people and reduce mortality. If we hadn't implemented this program, more people would have suffered. So you can't judge us harshly - we acted with the best of intentions.	Yes, the new medical program caused side effects in some patients, but our intentions were pure - we wanted to save as many lives as possible.[SEP]Risks and side effects are not important, what matters is our noble goal to help people and reduce mortality
equivocation	I try to keep my house in order because order helps me to concentrate and feel calmer. When your surroundings are clean, your thoughts are clearer, too. Order is a system where everything is in its place. And a system is a system that always works smoothly. So if my life is in order, my whole life functions like a perfect mechanism.	Order is a system where everything is in its place. And a system is a system that always works smoothly. So if my life is in order, my whole life functions like a perfect mechanism.
ad hominem	The board of directors was discussing dividends. One member was in favor of reinvesting profits. Another objected: He is known for his greed and tendency to hoard, so his argument for reinvestment is motivated by self-interest and unconvincing. Shareholders are waiting for payouts.	He is known for his greed and tendency to hoard, so his argument for reinvestment is motivated by self-interest and unconvincing.
fallacy of extension	- I think that social media should moderate blatantly offensive and traumatizing content more strictly to protect users from systematic bullying. It's not about banning opinions, it's about basic norms of communication. - Yeah, you want to completely ban all criticism and leave only approving comments! So it will be impossible to say anything negative, everything should be sterile and equal? You're suggesting to turn the internet into a place where people are afraid to express their thoughts, because any word will be deleted! That's censorship in its purest form!	social media should moderate blatantly offensive and traumatizing content more strictly[SEP]you want to completely ban all criticism and leave only approving comments
false dilemma	In the social media controversy, it was voiced: Either we block the platform completely or society degenerates. There are no other solutions. No one discussed moderation and regulation.	Either we block the platform completely or society degenerates. There are no other solutions.
false dilemma	In health care, funding needs to be re-examined. The only option is to dramatically increase spending on medicine, even if this requires cutting other budget lines. This will improve the quality of services and modernize infrastructure. The health of citizens becomes a priority. Otherwise, the system will finally degenerate and care will become unaffordable. In such conditions, reallocation of resources or optimization of expenditures is not considered.	The only option is to dramatically increase spending on medicine[SEP]Otherwise, the system will finally degenerate
faulty generalization	- Cryptocurrencies are a technology with different levels of reliability. Bitcoin has been operating for more than 15 years without network hacking, many exchanges have asset insurance, and blockchain audits allow transactions to be tracked. There are risks, but they can be minimized through diversification and choosing trusted platforms. - One cryptocurrency case led to the theft of a billion dollars on the FTX exchange, so all cryptocurrencies are a scam and a lottery for the frivolous. If one exchange scammed customers, all the other exchanges do the same. Anyone who buys crypto is doomed to lose money. It doesn't matter if it's bitcoin or etherium - they are all designed to enrich scammers. Since one project turned out to be a scam, the entire cryptocurrency industry is inherently flawed and should be banned.	One cryptocurrency case led to the theft of a billion dollars on the FTX exchange, so all cryptocurrencies are a scam and a lottery
faulty generalization	I recently contacted service support and was not answered for a long time. It caused irritation. One request went unanswered - so the support service always ignores customers. My trust in the service has decreased.	One request went unanswered - so the support service always ignores customers
fallacy of extension	- I believe that kindergartens should pay more attention to developing children's emotional intelligence through play and communication. This will help them interact better with each other and deal with conflict. - I see, you want kids to stop being taught anything serious and just discuss feelings all day? So no school preparation, no knowledge - just talking about moods! You propose to raise a generation that can't read or count, but is great at talking about feelings!	kindergartens should pay more attention to developing children's emotional intelligence[SEP]you want kids to stop being taught anything serious and just discuss feelings all day
fallacy of extension	- I think that we should restrict the sale of alcohol at night to reduce crime. It's already working in some regions. - So you want to completely ban alcohol and control what people do in their free time? That's an invasion of privacy!	we should restrict the sale of alcohol at night to reduce crime[SEP]you want to completely ban alcohol and control what people do in their free time
faulty generalization	I downloaded a new app and it immediately crashed on launch. I had to look for an alternative. One app from this company is buggy, which means all their products are unstable. You shouldn't trust them.	One app from this company is buggy, which means all their products are unstable.
fallacy of relevance	- There is an outflow of specialists in the IT sector: over 50,000 developers left the country over the year, which slows down the digitalization of the economy. - Let's talk about supporting agriculture, not about these programmers. Yields are falling, farmers are going broke, food prices are rising. Food security is more important than digitalization.	Let's talk about supporting agriculture, not about these programmers.
ad populum	How can we even discuss canceling the Olympics? Millions of people around the world look forward to them every four years! They watch the ceremonies, cheer on the athletes, feel proud of their countries - it's a unifying, inspiring event. If the Olympics were really bad or pointless, would so many people love them? When millions are unanimous, it's no longer just a preference - it's the voice of the conscience of humanity. And who are you to go against the will of the world? So the Olympics are not only good - they are sacred, and it is sacrilege to touch them.	How can we even discuss canceling the Olympics? Millions[SEP]look forward to them[SEP]If[SEP]were[SEP]bad[SEP]would so many people love them
fallacy of credibility	We must continue to celebrate this holiday exactly as our ancestors have done for centuries because any change will destroy cultural continuity. A custom that has been preserved for generations is correct and does not need to be revised. Modern interpretations can distort the meaning of tradition. If a holiday has come down to us in this form, it means that it is already perfect and does not need to be changed.	We must continue to celebrate this holiday exactly as our ancestors have done for centuries[SEP]A custom that has been preserved for generations is correct and does not need to be revised
appeal to emotion	Parliament was discussing the death penalty. One MP said: The families of the victims live in constant pain, every day is a reminder of the tragedy for them. Is it fair that the murderer lives on? Their suffering has no end. That's why the death penalty must be brought back.	Is it fair that the murderer lives on?[SEP]That's why the death penalty must be brought back.
intentional	"- We need to put limits on emissions, otherwise air pollution will continue to rise and worsen people's health. - You push for environmental restrictions because you want to destroy industry and put people out of work. Your ""health concerns"" are just a way to close factories and advance your ideological views. You don't think about working families, you want an economic crisis for your ideas."	"You push for environmental restrictions because you want to destroy industry and put people out of work. Your ""health concerns"" are just a way to close factories and advance your ideological views. You don't think about working families, you want an economic crisis for your ideas."
fallacy of extension	- I think offices could implement flexible working hours for some employees - it increases productivity and reduces burnout. Not all tasks require strict nine-to-six attendance, and companies are already benefiting from this. - So you're suggesting abolish work schedules altogether and let people work whenever they want? Great, then no one will complete tasks on time! Companies will collapse because employees will show up once a week and pretend to work. You want to destroy discipline and responsibility!	offices could implement flexible working hours for some employees[SEP]abolish work schedules altogether and let people work whenever they want
ad populum	- Should we adopt this therapy? - It is hardly used in clinics, and most specialists ignore it, so it is ineffective. It's better to stick with proven approaches.	It is hardly used in clinics, and most specialists ignore it, so it is ineffective.
circular reasoning	The media discussed the credibility of the news source. A source is reliable because it publishes verified information, and the verification of information is due to the reliability of the source. The editors decided to continue the cooperation.	A source is reliable because it publishes verified information, and the verification of information is due to the reliability of the source.
ad populum	In a discussion of medical practices, one patient commented that the method is under-researched. However, most patients in the clinic choose it and are satisfied with it, hence it is safe and effective. So doubts seem unnecessary.	However, most patients in the clinic choose it and are satisfied with it, hence it is safe and effective.
ad populum	The city is debating the introduction of a toll entrance to the center. According to a survey, 72% of residents support the measure, which means that it is unambiguously correct and optimal for the city. No alternatives are being considered.	According to a survey, 72% of residents support the measure, which means that it is unambiguously correct and optimal for the city.
intentional	"- IQ tests have serious limitations: they measure only a narrow range of cognitive abilities, ignoring creativity, emotional intelligence and practical skills. Many studies show that test scores correlate with a family's socioeconomic status rather than with a child's actual potential. - Of course tests are important, because if they are abolished, how are we going to get our kids into the best schools? My kids do very well on tests, and I've invested years and years of money in preparing them. And you oppose tests just because your kids can't compete on the basis of their scores - behind your ""humanistic"" arguments is a simple desire to remove the barrier that prevents your child from getting where he or she doesn't pass on merit. Your real goal is not fairness, but to push your offspring into elite schools at any cost."	Of course tests are important, because if they are abolished, how are we going to get our kids into the best schools?
intentional	- Why do you disagree with the implementation of a tracking system in the office? - Are you against the tracking system because you want to hide how much time you spend on personal matters instead of work, or you just feel comfortable doing nothing without being monitored by your superiors? We offer transparency, and you immediately resist it. It suggests that you have something to hide. If you work honestly, you have nothing to fear. So the reason for your opposition is not privacy concerns at all.	Are you against the tracking system because you want to hide how much time you spend on personal matters instead of work[SEP]you just feel comfortable doing nothing without being monitored by your superiors
fallacy of relevance	- Universities complain about the brain drain: over 15,000 researchers have left the country in five years, and funding for science has been cut by 20%. This has a direct impact on innovation and economic development. - And do you know that last year we had a record tourist flow - more than 10 million people visited the country? It brings billions to the budget, creates jobs in hotels and restaurants. How can we talk about a crisis of science when the economy shows such growth in tourism? So it's not all bad.	And do you know that last year we had a record tourist flow - more than 10 million people visited the country[SEP]How can we talk about a crisis of science when the economy shows such growth in tourism?
circular reasoning	At a parliamentary hearing on the regulation of artificial intelligence, one MP said: AI should be banned immediately because it represents a fundamental threat to humanity. Indeed, it is its danger that makes a ban absolutely necessary - and conversely, the fact that its banning is necessary proves how dangerous AI is. We can't wait for a catastrophe to recognize the obvious.	AI should be banned immediately because it represents[SEP]threat[SEP]the fact that its banning is necessary proves how dangerous AI is
fallacy of relevance	- Agriculture reports say yields are down 10% due to soil degradation and lack of fertilizer. - Why discuss yields when we have a growing food delivery market and restaurants are becoming more popular? People are increasingly ordering ready-to-eat meals. Isn't that an indication that the food system is working effectively despite some challenges in agriculture? The consumer is satisfied.	Why discuss yields when we have a growing food delivery market and restaurants are becoming more popular?[SEP]Isn't that an indication that the food system is working effectively despite some challenges in agriculture?
ad hominem	- Studies show that telecommuting increases productivity. - You're just a lazy person who avoids discipline and responsibility, so your arguments about the benefits of telecommuting can't be taken seriously. We need more secure positions.	You're just a lazy person who avoids discipline and responsibility, so your arguments about the benefits of telecommuting can't be taken seriously
intentional	In a discussion about vaccination, the physician cited clinical trial data supporting the safety of the drug. The patient responded: You insist on vaccination not because there is scientific evidence, but because you want to fulfill the plan and get bonuses from the pharmaceutical companies. Your real goal is to make money off of patients, not to care about their health. He completely ignored the medical evidence and focused on the doctor's supposed financial interest, claiming that the recommendations are driven solely by self-interest.	You insist on vaccination not because there is scientific evidence, but because you want to fulfill the plan and get bonuses from the pharmaceutical companies. Your real goal is to make money off of patients, not to care about their health.
ad hominem	- I think we should limit fast food advertising. - You yourself regularly eat junk food and don't watch your health, so your arguments about the harm of fast food are hypocritical and untenable. Let's look at the statistics.	You yourself regularly eat junk food and don't watch your health, so your arguments about the harm of fast food are hypocritical and untenable
equivocation	I love hunting because it requires concentration, patience, and the ability to wait. It's a real art. If hunting is a desire for a goal, then by experiencing hunting, I am automatically closer to the result.	If hunting is a desire for a goal, then by experiencing hunting, I am automatically closer to the result.
false causality	A company introduced a flexible schedule, and after a while employees started smiling more often. Since these changes coincided in time, it can be argued that it is the flexible schedule that directly increases the level of employee happiness.	Since these changes coincided in time, it can be argued that it is the flexible schedule that directly increases the level of employee happiness.
faulty generalization	I started reading the book on the recommendation of a friend, but it was boring. Couldn't get beyond a few chapters. I didn't like one book by this author - so all his books are equally uninteresting. I won't be picking it up again.	I didn't like one book by this author - so all his books are equally uninteresting
fallacy of credibility	During the tax policy discussion, one participant presented calculations and economic models. However, another responded: you are not an economist and have no specialized education, so your calculations have no value. He emphasized that only people with a degree in economics can analyze the tax system. Even if the arguments are logical and supported by data, the lack of formal education invalidates them. He refused to discuss the numbers themselves and focused on the status of the interlocutor, arguing that without a degree, any conclusions are mere guesswork.	you are not an economist and have no specialized education, so your calculations have no value
fallacy of extension	- I think the government should invest more in scientific research to stimulate technology development. - So you want to spend all the money on science and ignore the rest of the country's needs? People will be left without infrastructure and support!	the government should invest more in scientific research[SEP]you want to spend all the money on science and ignore the rest of the country's needs
intentional	In a public discussion on fee-based education, one expert suggested that free places for low-income students should be preserved. The opponent replied: You support free education not because of equal opportunities, but because you want people to depend on the state and increase its control. He argued that there was a political agenda behind the social rhetoric. As a result, the discussion of educational accessibility was substituted for a discussion of the examiner's intentions. The opponent ignored statistics and focused on motives.	You support free education not because of equal opportunities, but because you want people to depend on the state and increase its control
appeal to emotion	The talk show discussed mass surveillance. The host reminded the audience of the criminals who remain at large. Are you ready to live in fear every day? That's why we need to give the security services full access to personal correspondence.	Are you ready to live in fear every day? That's why we need to give the security services full access to personal correspondence.
appeal to emotion	In the abortion debate, it's been said: Some decisions leave deep emotional trauma for life. Think of those who regret and suffer for years. The pain stays forever. ♪ Wouldn't it be better to prevent it by banning abortion? ♪	Think of those who regret and suffer for years.[SEP]Wouldn't it be better to prevent it by banning abortion?
false dilemma	In the legal system, the view is that: There is no other way out - all suspended sentences should be abolished, in order to increase the severity of justice, emphasis is placed on intimidating potential offenders. The individual circumstances of the cases are being neglected. There is little discussion of rehabilitation. Otherwise, the law will cease to work.	There is no other way out - all suspended sentences should be abolished,[SEP]Otherwise, the law will cease to work.
false causality	The number of online self-development courses has increased in recent years, and the number of people changing careers has grown in parallel. So, it is the availability of such courses that makes people change their careers dramatically. This explains the current trends in the labor market.	The number of online self-development courses has increased in recent years, and the number of people changing careers has grown in parallel. So, it is the availability of such courses that makes people change their careers dramatically
ad populum	At an AI conference, one speaker said: The predominant number of companies are implementing automation based on neural networks, therefore, this is the only right direction of development. There is no other way.	The predominant number of companies are implementing automation based on neural networks, therefore, this is the only right direction of development
ad populum	- Maybe we should limit the use of neural networks in teaching. - Almost all students are already actively using them, so it's an acceptable and useful practice. Bans would be pointless.	Almost all students are already actively using them, so it's an acceptable and useful practice.
ad populum	In a discussion of psychology, someone suggested an alternative theory of personality. But it is not recognized by a wide audience and is not popular among practitioners so it follows that it is untenable. Popular theories undergo a natural selection process.	But it is not recognized by a wide audience and is not popular among practitioners so it follows that it is untenable.
fallacy of credibility	In the school uniform debate, parents argue over whether a mandatory dress code should be introduced. One of them says: We must keep the strict uniform unchanged because our ancestors have been following such rules in schools for decades, and adds that if this tradition has been passed on from generation to generation, then it is inherently correct and does not need to be revised. He gives examples from the past, telling how his parents and grandparents wore uniforms and considered it the norm, and concludes that any modern changes would destroy discipline. However, he does not discuss how the uniform affects the psychological comfort of children today and whether it is in line with modern educational approaches.	We must keep the strict uniform unchanged because our ancestors have been following such rules in schools for decades[SEP]if this tradition has been passed on from generation to generation, then it is inherently correct and does not need to be revised
ad populum	In a conversation about careers, it was said: few people choose academic science, so it is an unpromising path. The young specialist changed his mind about going to graduate school.	few people choose academic science, so it is an unpromising path
false causality	In the last ten years, sales of violent video games have tripled. And over the same period, teen aggression statistics show an increase: fights in schools have increased by forty percent. The resolution of violent video games and the increase in teen aggression are correlated in time, so violent video games are the cause of aggression. You don't have to be a scientist to see this direct correlation: the two phenomena run in parallel, hence one begets the other.	sales of violent video games have tripled[SEP]over the same period, teen aggression statistics show an increase[SEP]so violent video games are the cause of aggression
false dilemma	The legal system needs to be cleaned up, especially with regard to penalties for serious crimes. Either the penalties should be made as severe as possible, including long sentences and strict conditions of detention. This will create a deterrent effect and reduce crime. People will realize that the consequences are inevitable and extremely serious. Or we continue to be lenient and thereby encourage more crime. The issue here is not humanism, but the safety of society, which must come first.	Either the penalties should be made as severe as possible,[SEP]Or we continue to be lenient and thereby encourage more crime.
false causality	After the release of the new season of a popular TV series, popcorn sales have risen sharply, especially in supermarkets. This shows that it is the TV series that encourages people to buy more snacks to watch.	After the release of the new season of a popular TV series, popcorn sales have risen sharply
fallacy of extension	- I believe that we should tighten control over industrial emissions and introduce cleaner technologies gradually. This doesn't mean closing factories, but just reducing environmental damage without drastic economic shocks. - So you want to shut down all industry and put people out of work for the sake of the environment? You're suggesting we shut down factories, deprive the country of manufacturing, and return to a primitive way of life? Then let's stop producing anything at all and live in the forests! Your approach will destroy the economy and make people poor for the sake of abstract ecological ideals.	we should tighten control over industrial emissions and introduce cleaner technologies gradually[SEP]you want to shut down all industry and put people out of work for the sake of the environment
appeal to emotion	"In Parliament discussed surveillance in transportation. An MP talked about passengers' fear and tension during rush hour. ""Do you really want every train to be the scene of a tragedy?"" No one replied. Then we need total video surveillance with no exceptions."	"""Do you really want every train to be the scene of a tragedy?""[SEP]Then we need total video surveillance with no exceptions."
fallacy of extension	- I believe that cities should develop public transportation to reduce reliance on private cars and reduce congestion. That doesn't mean banning cars, but creating an alternative. - So you want to ban people from driving private cars and force everyone onto crowded buses? You dream of a city where no one can move freely, where cars are confiscated and people are forced into transportation like cattle!	cities should develop public transportation to reduce reliance on private cars[SEP]So you want to ban people from driving private cars and force everyone onto crowded buses
ad populum	The legal community is debating the new sentencing practice. The majority of judges are already using this approach, so it is fair. Young lawyers are trying to follow it.	The majority of judges are already using this approach, so it is fair.
fallacy of extension	- I believe that we should encourage remote work wherever possible to improve the life/work balance and reduce the burden on cities and reduce the burden on cities. It's not a one-size-fits-all solution, but one option. - So you want to close all offices and force people to stay at home forever without live interaction? You propose to destroy teamwork, deprive people of socialization, and turn everyone into isolated workers in front of a screen? Then companies will just stop functioning properly!	we should encourage remote work wherever possible to improve the life/work balance and reduce the burden on cities[SEP]you want to close all offices and force people to stay at home forever without live interaction
ad hominem	In a discussion of tax reform, one participant suggested lowering rates for small businesses. Another responded: He is prone to risky ventures and often makes rash decisions, so his arguments about taxes have no merit. This raises doubts.	He is prone to risky ventures and often makes rash decisions, so his arguments about taxes have no merit.
faulty generalization	Last week, a new employee in the department made a serious error in a report. This created problems for the whole team. One newcomer made a mistake means all newcomers are not doing a good job and can't be trusted with tasks. Management is now hesitant to hire.	One newcomer made a mistake means all newcomers are not doing a good job and can't be trusted with tasks
false causality	After I stopped watching the news, I have less stress and better sleep, even though nothing has changed in my life in general. This is a clear sign that it is the avoidance of news that directly affects mental health.	After I stopped watching the news, I have less stress and better sleep
ad hominem	At the tenants' meeting, they were discussing installing security cameras. He is known for his tendency to gossip and meddle in other people's lives, so his arguments about security are not credible. People are wary.	He is known for his tendency to gossip and meddle in other people's lives, so his arguments about security are not credible.
equivocation	I try to speak clearly and concisely so that I can be understood. Definition plays an important role because it helps to discover the meaning of concepts. It is the basis of logic. Definition gives a precise meaning and makes a statement understandable. If I define a person, it means that I am accurately describing what he or she is. Therefore, my evaluations of people are always objective. Because if I have given a definition, then it reflects reality.	Definition gives a precise meaning and makes a statement understandable. If I define a person, it means that I am accurately describing what he or she is.
fallacy of relevance	- We discuss the need to switch to renewable energy sources: the share of coal remains high and CO2 emissions continue to rise. This affects the climate and public health. - Let's better discuss the development of cultural festivals and concerts, not energy. They attract tourists, enhance the image of the country. Why are we talking about emissions when culture brings real income and inspiration to people? It's a more visible result.	Let's better discuss the development of cultural festivals and concerts, not energy.[SEP]Why are we talking about emissions when culture brings real income and inspiration to people?
intentional	At a residents' meeting, I suggested installing CCTV cameras to improve security. One neighbor responded: You don't want to install cameras for security, but because you want to control your neighbors and interfere in their private lives. He argued that my arguments were just a cover for wanting to monitor others. In doing so, he did not discuss crime rates or actual incidents of theft, focusing on my alleged motives. As a result, a conversation about home security turned into an argument about intentions.	You don't want to install cameras for security, but because you want to control your neighbors and interfere in their private lives.
appeal to emotion	- Freedom of movement is a basic right. - Think of the people who are afraid to leave their homes because of strangers! Their fear becomes a daily reality. How can you ignore it, then the borders must be closed.	Think of the people who are afraid to leave their homes because of strangers![SEP]How can you ignore it, then the borders must be closed
false causality	After the company updated its logo, its shares started to grow on the stock exchange. Investors started to buy the securities more actively. Since the stock price growth occurred immediately after the logo change, it was the new design that caused the increase in investor confidence and capitalization growth. Branding turned out to be the key factor.	Since the stock price growth occurred immediately after the logo change, it was the new design that caused the increase in investor confidence and capitalization growth
equivocation	I try to avoid swearing, because it destroys relationships, causes negativity, spoils the atmosphere. People start conflicts, they lose respect for each other. But swearing is also a serious confrontation. Swearing is connected to conflict, and if I avoid swearing in words, then I automatically avoid any serious conflicts in my life. So I don't need to deal with the real issues.	Swearing is connected to conflict, and if I avoid swearing in words, then I automatically avoid any serious conflicts in my life. So I don't need to deal with the real issues.
circular reasoning	At a residents' meeting, the management company was discussed. The company is efficient because it provides quality service, and the quality of service is conditioned by the fact that the company is efficient. The question remained open.	The company is efficient because it provides quality service, and the quality of service is conditioned by the fact that the company is efficient.
appeal to emotion	A talk show was discussing the banning of certain books. One of the guests talked about how children can be traumatized by the content. Parents fear for their morale. How can you let this get into their minds? It's a threat to the future. Therefore, such books should be banned.	How can you let this get into their minds?[SEP]Therefore, such books should be banned.
ad populum	In the technology chat room, it said: no major company uses this programming language, so it's useless. Newcomers immediately stopped learning it.	no major company uses this programming language, so it's useless
intentional	- Do you really think this course is effective? - You are asking this question because you are prejudiced against the program and want to find a reason to discredit it in order to promote your alternative project. You are not interested in objective evaluation. You are interested in proving your point and getting funding for your idea. Therefore, any doubts you have look like an attempt at manipulation rather than a sincere interest in the quality of education.	You are asking this question because you are prejudiced against the program and want to find a reason to discredit it in order to promote your alternative project.
ad populum	In a conversation about careers, it came up: few people choose academic science, so it's a dead-end path. It is better to target more popular professions.	few people choose academic science, so it's a dead-end path
equivocation	I am sure that it is important to use the union in the right way. A union unites people, makes them stronger, allows them to achieve common goals. In language, a union also connects parts of a sentence. So if I use conjunctions correctly in speech, I automatically know how to unite people around me, because a conjunction always connects.	In language, a union also connects parts of a sentence. So if I use conjunctions correctly in speech, I automatically know how to unite people around me
fallacy of relevance	- There is a hole in the city budget for health care: the deficit is 2.3 billion rubles, due to which departments in district hospitals are being closed, staff is being cut and waiting lists for surgeries are growing to 6-8 months. According to the department, deaths from preventable diseases have increased by 12% in two years. We urgently need to reallocate funds and strengthen medical funding. - How can we think about funding hospitals now, when the tourist flow to the city has fallen by 30 percent? Tourism brought billions of rubles into the economy, provided jobs in hotels, restaurants and transportation. First we need to restore the city's attractiveness to tourists, hold festivals, improve its image, invest in advertising - then revenues will appear, and then we can use them to support medicine. Without economic growth, no hospitals will save the situation.	How can we think about funding hospitals now, when the tourist flow to the city has fallen by 30 percent[SEP]First we need to restore the city's attractiveness to tourists
ad populum	A medical chat room was discussing alternative diets. One participant stated: the vast majority of patients choose this diet, therefore it is the most beneficial. Practices are not formed by chance.	the vast majority of patients choose this diet, therefore it is the most beneficial.
ad populum	An economist commented on consumer habits: Majority of people choose to take out loans - so it's a rational financial strategy. He advised following this model.	Majority of people choose to take out loans - so it's a rational financial strategy
ad hominem	Her anti-poverty proposals are not worth considering. She's a spoiled rich girl who has spent her life wearing designer dresses and eating caviar with spoons. How does she know what real need is? She has no idea what a waiting list for Social Security looks like! Her speeches are the idle chatter of someone who has never worked with her hands or known what it means to starve. Why listen to someone who was born with a silver spoon in her mouth? Her opinion means nothing - she's just not of this world.	Her anti-poverty proposals[SEP]not worth considering. She's a spoiled[SEP]girl
fallacy of relevance	- Accidents at crosswalks are becoming more frequent in the city: over 300 cases have been recorded over the year, many of them with serious injuries. Experts suggest installing additional traffic lights and speed cameras. - Why discuss safety at crosswalks when we have serious problems with the lack of parking spaces and motorists cannot park normally? Congestion forms daily in downtown because of the search for parking. This is a much more pressing problem than individual accidents, because it affects thousands of drivers every day.	Why discuss safety at crosswalks when we have serious problems with the lack of parking spaces and motorists cannot park normally?[SEP]This is a much more pressing problem than individual accidents
circular reasoning	Passwords protect data because they shut down unauthorized access to accounts.  Since access is strictly limited, the data is protected. And they close unauthorized access to accounts because they protect the data. Because if the data is protected, then unauthorized access is unavailable.	Passwords protect data because they shut down unauthorized access to accounts[SEP]they close unauthorized access to accounts because they protect the data
faulty generalization	One colleague is always late for meetings - that means that all the employees in that department are undisciplined. This affected my attitude towards the team.	One colleague is always late for meetings - that means that all the employees in that department are undisciplined
false dilemma	Radical proposals are increasingly being voiced in the discussion of reforming the judicial system. Trials are dragging on, confidence in decisions is declining, and society is demanding change. Either we introduce the toughest possible penalties for any crime, to create an atmosphere of fear and prevent violations. This ignores the complexities of individual cases and circumstances. Or crime will get out of control and justice will finally become meaningless. In this logic, softness is seen as weakness.	Either we introduce the toughest possible penalties for any crime,[SEP]Or crime will get out of control and justice will finally become meaningless.
intentional	- Schools should pay more attention to the mental health of students, not just grades. - You're promoting this because you want to lower requirements and make learning easier for weaker students, not because you care about mental health. It's a convenient position: instead of raising standards, you're proposing to lower them. All the talk of stress is just an excuse. What you really want is to simplify the system so that more people pass effortlessly. This undermines the quality of education.	You're promoting this because you want to lower requirements and make learning easier for weaker students
faulty generalization	I tried one vegan burger and I didn't like it, so all vegan food is bad. Although friends recommend different places. Maybe I'm just not used to it.	I tried one vegan burger and I didn't like it, so all vegan food is bad.
false dilemma	Standardized tests are the only objective basis for university admissions. Either we assess everyone on a single test, or we return to a corrupt system where only the children of bureaucrats and rich parents get in. There's no other way! If we do away with tests, how will we ever decide who gets in? By the liking of the admissions committee? By the connections of the parents? Based on a nice essay a tutor might have written? Without objective numbers, we will inevitably descend into arbitrariness and corruption. Yes, the tests are imperfect, but that's the price of objectivity. Either we cling to tests as the last pillar of justice, or we open the door to permissiveness and protectionism. There is no third way: either uniform tests for all or corruption and chaos.	Standardized tests[SEP]only objective basis for university admissions. Either[SEP]assess everyone on a single test, or we return to a corrupt system[SEP]There's no other way!
fallacy of relevance	- According to police data, the number of accidents involving pedestrians has increased by 18%, especially during dark hours. We need to improve lighting and install additional crosswalks. - How can we discuss crossings when there are not enough math and physics teachers in schools? Children are under-educated, the level of education is dropping. First solve the problem with teachers, and then deal with roads.	How can we discuss crossings when there are not enough math and physics teachers in schools?[SEP]First solve the problem with teachers, and then deal with roads.
false causality	Several new coffee shops opened in the city, and at the same time the flow of tourists increased. The streets have become noticeably busier. The development of coffee shops coincided with the growth of tourism, so they attracted more visitors to the city. So it's worth continuing to open new establishments.	The development of coffee shops coincided with the growth of tourism, so they attracted more visitors to the city.
faulty generalization	I tried a new kind of diet on the advice of an acquaintance, but did not feel the result. It was disappointing. One experience had no effect - so such diets don't help anyone. I guess it's not for me.	One experience had no effect - so such diets don't help anyone.
false dilemma	Social policy discusses support for the unemployed. Either the state pays a high basic income to all those in need, to ensure a decent standard of living, the labor market is unstable. Aid must be substantial. Either the poverty rate will rise sharply. Employment programs and training in new skills are not seen as sufficient measures.	Either the state pays a high basic income to all those in need[SEP]Either the poverty rate will rise sharply
intentional	I realize there are inaccuracies in the report, and yes, some numbers were manually adjusted to make the numbers look better. But I changed the data because my intentions were sincerely focused on job retention and stability in the department . If management had seen real results, we would have been downsized and dozens of people would have lost income. most importantly, I acted out of concern for the team and believed that good causes were more important than formal compliance . We're in a tough spot right now, and sometimes we have to make unconventional decisions. I don't think I did anything wrong, because in the end everyone stayed on the job and was able to continue with the projects.	I changed the data because my intentions were sincerely focused on job retention and stability in the department[SEP]most importantly, I acted out of concern for the team and believed that good causes were more important than formal compliance
faulty generalization	I installed a new notes app and tried it for a day. The app froze once, which means that all such apps are unstable and unreliable. In the evening I was already looking for alternatives.	The app froze once, which means that all such apps are unstable and unreliable.
appeal to emotion	During a discussion on surveillance, the official said: Imagine relatives searching for missing loved ones without finding any help. Their desperation is boundless. Would you deny them hope? Technology can save lives. That's why total control is essential.	Would you deny them hope?[SEP]That's why total control is essential.
fallacy of credibility	In a conversation about business, someone says: This startup is bound to be successful, because it is backed by a well-known investor who has previously invested in several large companies. If such a reputable entrepreneur believes in the project, it is already sufficient proof of its prospects. His past successes are perceived as a guarantee of the correctness of current decisions. People believe that if he got rich, he always makes the right investment decisions. As a result, risks and market analysis are ignored, and the investor's name becomes the main argument.	This startup is bound to be successful[SEP]If such a reputable entrepreneur believes in the project, it is already sufficient proof of its prospects.
appeal to emotion	In a televised debate, the closing of borders was discussed. One participant said: the streets don't seem safe anymore, people are afraid for their loved ones. Do you really want your children to grow up in fear? There are more and more tragedies in the news. That's why the borders need to be completely closed.	Do you really want your children to grow up in fear?[SEP]That's why the borders need to be completely closed.
fallacy of extension	- I think that the news should clearly separate facts from journalists' opinions - it would increase the trust of the audience. Nowadays the boundaries are often blurred and it creates confusion. - So you want to prohibit journalists from expressing any opinion and turn the media into soulless summaries of facts? Fine, let's remove analytics, commentary and expert opinions! Let the news be dry and useless. You are proposing to destroy journalism as a profession!	the news should clearly separate facts from journalists' opinions[SEP]prohibit journalists from expressing any opinion and turn the media into soulless summaries of facts
false dilemma	In higher education, it is argued: either universities become fully fee-paying, which will supposedly increase their quality and competitiveness. This ignores the accessibility of education for students from different social groups. It is important to consider the role of the state in supporting science. Either the education system will degrade and lose its level. This view excludes mixed models of funding.	either universities become fully fee-paying,[SEP]Either the education system will degrade and lose its level.
ad populum	The Arts Council evaluates a contemporary exhibition. The exhibition gathers record queues and receives mass approval from the public hence it is high art. There is no critical analysis.	The exhibition gathers record queues and receives mass approval from the public hence it is high art.
circular reasoning	At the department meeting, the quality of the research was discussed. The work is considered to be of high quality because it has methodological rigor. The reviewers supported the conclusion. And methodological rigor is recognized because the work is of high quality. The publication was approved.	The work is considered to be of high quality because it has methodological rigor.[SEP]And methodological rigor is recognized because the work is of high quality.
false causality	When new plants were installed in the office, employees took fewer sick days and the atmosphere improved noticeably. People smile more often and stay at work longer. So it's the presence of plants that directly improves health and reduces illness among employees.	When new plants were installed in the office, employees took fewer sick days
intentional	In an argument about regulating the Internet, I suggested that there should be restrictions on the spread of fakes. My opponent said: You don't want to fight fakes for the truth, but because you want to control information and suppress dissent. He argued that any argument about protecting users is just a cover. However, he did not discuss the actual consequences of misinformation, focusing on the alleged motives. In the end, the conversation about the problem of fakes was replaced by a discussion of intentions.	You don't want to fight fakes for the truth, but because you want to control information and suppress dissent.
ad hominem	- Environmental standards for industry should be tightened. - Don't listen to her, she herself leads a wasteful lifestyle and ignores environmentalism in the home, so her arguments about protecting the environment carry no weight. It's just ostensible concern.	Don't listen to her, she herself leads a wasteful lifestyle and ignores environmentalism in the home, so her arguments about protecting the environment carry no weight
fallacy of credibility	In a conversation about scientific theories, one person referred to a blogger popular on social media. This theory is true because it was explained by a well-known blogger with a large audience who regularly posts educational videos. If he has millions of subscribers and high popularity, then he knows the topic and is telling the truth. He argued that such an audience could not have formed around misleading information. Therefore, he believed that checking sources and scholarly publications was not necessary - trusting a popular author was enough.	This theory is true because it was explained by a well-known blogger with a large audience[SEP]If he has millions of subscribers and high popularity, then he knows the topic and is telling the truth
circular reasoning	Educational policy discusses standards. A standard is reasonable because it reflects valid assessment criteria. And the correctness of the criteria is demonstrated by the fact that the standard is valid. This is accepted as an argument in favor of reform.	A standard is reasonable because it reflects valid assessment criteria. And the correctness of the criteria is demonstrated by the fact that the standard is valid
false dilemma	Labor Economics discusses automation. Robots and algorithms are replacing humans in a number of occupations, raising concerns about employment. There is no third way: either we fully embrace automation, allowing technology to replace humans for the sake of efficiency and productivity growth because resistance is deemed pointless. Social adaptation programs are not considered. or we halt technological progress to preserve jobs even if it slows the economy.	There is no third way: either we fully embrace automation[SEP]or we halt technological progress
equivocation	I like to walk in the yard: it's quiet, familiar faces, a cozy atmosphere. It creates a sense of security. If the courtyard is a place of order and control, and there is always power and influence in the courtyard, then any courtyard has power, which means that decisions made in the courtyard have special force. Therefore, the opinion of neighbors is more important than laws.	If the courtyard is a place of order and control, and there is always power and influence in the courtyard, then any courtyard has power, which means that decisions made in the courtyard have special force. Therefore, the opinion of neighbors is more important than laws.
fallacy of extension	"- I think schools should pay more attention to pupils' psychological wellbeing and stress reduction, for example through flexible grading and extra support. This doesn't eliminate academic demands, but helps kids cope better and not burn out. - So you're suggesting we abolish grades altogether and turn school into a comfort zone with no requirements? So kids will do what they want, not study, not take exams, but just ""feel good""? You want to raise a generation that doesn't know how to work, doesn't know discipline and isn't ready for real life! According to your logic, school is not a place for knowledge, but a sanatorium for the lazy."	schools should pay more attention to pupils' psychological wellbeing and stress reduction[SEP]So you're suggesting we abolish grades altogether and turn school into a comfort zone with no requirements
fallacy of extension	- I think companies should be more transparent about how users' personal data is used and give more control over it to increase trust. - So you want to completely ban data collection and stop technology development? Without data, there will be no services and no convenience! You are proposing to roll the internet back decades!	companies should be more transparent about how users' personal data is used and give more control over it[SEP]So you want to completely ban data collection and stop technology development
false causality	Look at the data for the last 10 years: the more people who subscribe to cooking social media accounts, the higher the country's birth rate. In 2014, there were 500,000 cooking blog subscribers and 1.2 million births. By 2023, there are 15 million subscribers and 1.8 million births. A clear positive correlation! So watching recipes on social media directly stimulates fertility. So the solution is simple: to increase fertility, we need to promote cooking content on social media.	Look at the data for the last 10 years: the more people who subscribe to cooking social media accounts, the higher the country's birth rate[SEP]So watching recipes on social media directly stimulates fertility
fallacy of extension	- I believe that cities should develop public transportation to reduce the load on the roads. It will improve the environment and reduce traffic jams. - I see! You want to ban private cars and make everyone ride only in buses! People will lose their freedom of movement! You want to control who goes where?	cities should develop public transportation to reduce the load on the roads[SEP]You want to ban private cars and make everyone ride only in buses
circular reasoning	Educational policy discussed the need for standardization. Standards are necessary because without them there is no uniformity. And uniformity is achieved because standards are necessary. This was the basis of the reform.	Standards are necessary because without them there is no uniformity. And uniformity is achieved because standards are necessary.
equivocation	I've been thinking about the importance of balance in life. You have to be able to divide your time between work and rest. Balance is the equilibrium that provides stability. So if I have good physical balance, I automatically know how to manage my life and not overload myself.	Balance is the equilibrium that provides stability. So if I have good physical balance, I automatically know how to manage my life and not overload myself.
fallacy of credibility	In our family it has always been customary to celebrate weddings strictly according to the traditional scenario, with certain rituals and sequence of actions. We have to keep this format of the holiday without any changes, because our ancestors have been celebrating weddings in this way for centuries and they thought it was the right thing to do. Any modern innovations only spoil the atmosphere and dilute the cultural identity. If people have been following these rules for generations, then they have a deep meaning, even if we don't fully understand it. Abandoning traditions will lead to a loss of connection with the past. Therefore, it is important to follow the established customs without asking unnecessary questions.	We have to keep this format of the holiday without any changes[SEP]our ancestors have been celebrating weddings in this way for centuries and they thought it was the right thing to do.
intentional	- We should revise tax policy to reduce the burden on small business and encourage entrepreneurship. - You're proposing tax cuts because you actually want to give an advantage to large corporations and increase your influence through the business lobby rather than support small businesses. Such initiatives always end up increasing inequality. You're using the rhetoric of helping entrepreneurs to advance the interests of certain groups. This is an obvious attempt to redistribute resources in your favor.	You're proposing tax cuts because you actually want to give an advantage to large corporations and increase your influence through the business lobby
false dilemma	The only way out of the energy crisis is to build new coal plants immediately, because they provide stable power. The country is facing increasing energy consumption, and interruptions could lead to industrial shutdowns and social tensions. Renewable sources don't yet cover all demand, and energy storage technology is still developing. Without it, we are doomed to regular blackouts and economic decline. In such a situation, long discussions about alternatives are seen as a luxury the economy cannot afford.	The only way out of the energy crisis is to build new coal plants immediately,[SEP]Without it, we are doomed to regular blackouts and economic decline.
appeal to emotion	- We talk about internet reform and content restriction. - Imagine a teenager who accidentally comes across scary material? It could leave a lifelong imprint. How can you let that happen, that's why we need to enforce strict censorship.	Imagine a teenager who accidentally comes across scary material?[SEP]How can you let that happen, that's why we need to enforce strict censorship
equivocation	I try to live in peace with others: no conflicts, compromise, respect other people's opinions. This creates a calm atmosphere and helps me feel better. Peace is a state without war, where everything is calm and safe, so peace should be everywhere around me. So if I go out in the street, the whole world should be peaceful and not make me uncomfortable, otherwise it is a breach of peace. If someone argues with me, he destroys this peace and does wrong.	Peace is a state without war, where everything is calm and safe, so peace should be everywhere around me. So if I go out in the street, the whole world should be peaceful and not make me uncomfortable, otherwise it is a breach of peace.
appeal to emotion	In a conversation about media control, one official said: People are lost in a flood of frightening information. How can you let them live in this fear? Society is becoming more and more anxious. That's why the government has to filter the news.	How can you let them live in this fear?[SEP]That's why the government has to filter the news.
false causality	After the company revamped its logo, its shares started to rise on the stock exchange. Investors showed more interest. Since the stock price increase happened immediately after the rebranding, it was the new logo that increased the company's value in the eyes of the market. Design proved to be a key success factor.	Since the stock price increase happened immediately after the rebranding, it was the new logo that increased the company's value in the eyes of the market.
fallacy of relevance	- The city budget for next year includes an 18% cut in spending on primary care, while the workload at polyclinics has increased by 27% in two years. Queues to GPs are up to two weeks long, and preventive check-ups have actually been disrupted. Experts warn about the growth of neglected chronic diseases and the increase in hospital costs. We need more doctors and funding for diagnostics. - Why discuss financing of polyclinics when there is a catastrophic shortage of kindergartens in the city? The waiting list exceeds 6,000 families, parents can't go to work, the economy loses millions in taxes. Let's solve the problem with kindergarten places first, and then we'll talk about medicine and prevention. As long as parents stay at home, any talk about doctors looks disconnected from reality.	Why discuss financing of polyclinics when there is a catastrophic shortage of kindergartens in the city?[SEP]Let's solve the problem with kindergarten places first, and then we'll talk about medicine
ad populum	The head of the department stated: all competitors use outsourcing, hence it is the right strategy for us. No alternatives were discussed.	all competitors use outsourcing, hence it is the right strategy for us
fallacy of relevance	At a meeting on preparations for international competitions, the disqualification of our national team for violating anti-doping rules was discussed. One official objected: But our athletes are heroes! They rescued children from a burning building last summer. How can you disqualify them after that? They're patriots! What they did inspired the whole country.	the disqualification of our national team for violating anti-doping rules[SEP]But our athletes[SEP]heroes! They rescued children
circular reasoning	In the political rhetoric, it sounded like: this decision is legitimate because it has legitimacy in the eyes of society. This was used as a justification. In this case, legitimacy in the eyes of society is derived from the fact that the decision is already considered legitimate.	this decision is legitimate because it has legitimacy in the eyes of society[SEP]legitimacy in the eyes of society is derived from the fact that the decision is already considered legitimate
circular reasoning	The university discussed the accreditation of the program. The program is of high quality because the graduates show a high level of preparation. This is often used as an argument. And the graduates are highly prepared because the program is of high quality. Therefore, it is being renewed without change.	The program is of high quality because the graduates show a high level of preparation[SEP]And the graduates are highly prepared because the program is of high quality
ad populum	- Why are you against this theory? - It's not supported by the majority of scientists, so it's wrong. I trust the prevailing opinion.	It's not supported by the majority of scientists, so it's wrong.
equivocation	I often think about offers at work: good offers help you grow your business and find new opportunities. It's important for growth. If a proposal has to be competently structured to make sense, then any proposal requires proper structure, which means bad proposals don't make sense at all. Therefore, they can be ignored completely.I don't spend time analyzing them.	If a proposal has to be competently structured to make sense, then any proposal requires proper structure, which means bad proposals don't make sense at all. Therefore, they can be ignored completely.
faulty generalization	-- People find meaning and support in different religions, but, of course, there are also destructive sects. Do you think any faith can be trusted?  -- I know a guy from our town -- he joined a cult, dropped out of school, cheated on his parents and became violent. So all religions are dangerous: they manipulate minds, destroy families and lead to personal degradation. There are no exceptions!	I know a guy[SEP]he joined a cult[SEP]and became violent. So all religions are dangerous
circular reasoning	At an AI conference, they were discussing the quality of the model. A model is accurate because its predictions match reality. And the coincidence with reality is because the model is accurate. So it was recommended for implementation.	A model is accurate because its predictions match reality. And the coincidence with reality is because the model is accurate.
faulty generalization	In class, one student was unable to solve a problem at the blackboard. The teacher looked disappointed. One student failed means the whole class doesn't understand the topic. This caused a discussion among the parents.	One student failed means the whole class doesn't understand the topic.
appeal to emotion	In a debate about banning abortion, one activist made a speech. Imagine that this child could have a future. Would you really be willing to deprive it of everything? That's why abortion should be banned.	Imagine that this child could have a future. Would you really be willing to deprive it of everything? That's why abortion should be banned.
false dilemma	"After yesterday's collapse on the stock exchange, caused by a failure in one of the algorithms, it became finally clear: we have only two ways. Either we immediately ban algo-trading completely - all algorithms, all high-frequency transactions, everything without exception. Either we continue to turn a blind eye, and then the next crisis will be even bigger: billions will disappear in seconds, pension funds will collapse, and ordinary people will lose everything. There is no third way! No ""smart regulation"" or ""restrictions"" will help - algorithms will always find a loophole. Either complete prohibition or complete chaos. Choose: stability or catastrophe."	have only two ways. Either[SEP]immediately ban algo-trading[SEP]Either[SEP]continue to turn a blind eye
false causality	The company introduced mandatory morning meetings, and after a few months the number of errors in reports decreased. Management is looking for an explanation. Since the decrease in errors occurred after the meetings were introduced, it means that they improved employee attentiveness. Now they want to increase the length of the meetings.	Since the decrease in errors occurred after the meetings were introduced, it means that they improved employee attentiveness.
faulty generalization	I recently ordered food through a new app and the delivery guy was almost an hour late. It ruined the evening. One order was delivered with a big delay - so the service is always slow and all their deliveries are late. I don't want to use them anymore.	One order was delivered with a big delay - so the service is always slow and all their deliveries are late.
ad hominem	- I suggest cutting military spending. - You're just afraid of conflict and prone to cowardice, so your arguments for budget cuts are untenable. Security is more important.	You're just afraid of conflict and prone to cowardice, so your arguments for budget cuts are untenable
false dilemma	The situation in international politics is tense at the moment. Either we impose tough sanctions against all unfriendly countries, despite the economic consequences, or we demonstrate weakness and lose influence on the world stage. Half-measures are perceived as indecision. If we do not act decisively, our partners will begin to doubt our ability to defend our interests. Yes, sanctions may hit our own economy, but this is the price for preserving our status and security. Otherwise, the country risks isolation without leverage.	Either we impose tough sanctions against all unfriendly countries,[SEP]or we demonstrate weakness and lose influence on the world stage.
fallacy of relevance	- A university study has shown that 60% of graduates do not work in the specialty due to the inadequacy of programs to meet market requirements. Employers complain about the lack of practical skills, and students complain about outdated courses. Curricula need to be reformed and collaboration with industry needs to be strengthened. - Let's talk about how cybersport is developing, not about educational programs. There are already more than 10 million players in the country, international tournaments with prize funds of millions of dollars are held. Isn't this the future of entertainment and technology that brings real money? Education itself will adapt to the new trends.	Let's talk about how cybersport is developing, not about educational programs.[SEP]Isn't this the future of entertainment and technology that brings real money?
circular reasoning	In a nutrition talk, they discussed the benefits of dieting. Diet is beneficial because it improves health. It was considered obvious. And health improves because diet is good for you. On that basis it was recommended to everyone.	Diet is beneficial because it improves health.[SEP]And health improves because diet is good for you.
false dilemma	- Maybe we should reform the police gradually. - Either we radically change the whole system at once, or crime will get out of control. You can't have it both ways. He rejected the idea of pilot projects.	Either we radically change the whole system at once, or crime will get out of control. You can't have it both ways.
fallacy of extension	- I think that universities should give students more freedom to choose their courses so that they can shape their individual learning trajectory. - I see! So you want to completely abolish the compulsory program and leave students without basic knowledge? Everyone will learn whatever they want, and no one will know anything systematically!	universities should give students more freedom to choose their courses[SEP]So you want to completely abolish the compulsory program and leave students without basic knowledge
ad populum	At a parent-teacher conference, they were discussing homeschooling. Almost none of the families I know choose this format, which means that it is clearly ineffective and harmful to children. Therefore, the issue was not even considered.	Almost none of the families I know choose this format, which means that it is clearly ineffective and harmful to children.
appeal to emotion	"A defense meeting was discussing the need for intervention. One participant said: ""Think of the people who are waiting for help. How can you turn your back?"" Their hope is fading every day. That's why we must launch a military operation."	"""Think of the people who are waiting for help. How can you turn your back?""[SEP]That's why we must launch a military operation."
fallacy of credibility	In a conversation about education reform, one participant says: The new education system is right because a famous billionaire and technology leader endorsed it, and if a person of that caliber endorses the reform, then it is definitely effective. He emphasizes that this entrepreneur has built successful companies and understands the future of technology. In his opinion, that's enough to trust his views on schools. There is no discussion of the real-world effects of reform, research, or teachers' experiences. The authority of the businessman is used as the main argument, replacing the analysis of educational practices.	The new education system is right because a famous billionaire and technology leader endorsed it[SEP]if a person of that caliber endorses the reform, then it is definitely effective
appeal to emotion	In a discussion of censorship, an official said: People feel confused by the flood of information. How can you leave them in this chaos? They want clarity and security. There must be strict censorship.	How can you leave them in this chaos?[SEP]There must be strict censorship.
fallacy of credibility	We must continue to hold corporate meetings in the format that we have in the past. This is the right format because it has been in use since the company was founded and has helped it succeed. If the practice has been in place for many years, it has proven to be effective. Change can disrupt established processes and lead to decreased productivity. When a system works, there is no need to change it. Tradition in business is often the basis for stability and growth.	This is the right format because it has been in use since the company was founded[SEP]If the practice has been in place for many years, it has proven to be effective.
intentional	"At the parents' meeting they discussed the transition to electronic diaries. The teacher gave arguments about transparency and convenience. One parent stated: You promote electronic diaries because you want to reduce your time with parents and simplify your work, not because it really improves monitoring of grades and family involvement. He added that ""digitalization"" is just a way to get away from personal responsibility. In the end, discussion of technical possibilities and data protection was secondary, and the decision was again postponed due to a dispute over motives."	You promote electronic diaries because you want to reduce your time with parents and simplify your work, not because it really improves monitoring of grades and family involvement
false dilemma	In a conversation about climate policy, the statement was made: there is simply no other way - we must close all factories immediately. Emissions and air pollution are described. The impact on public health is described. otherwise an environmental catastrophe is inevitable. Emphasizes the urgency and scale of the problem, which requires radical solutions.	there is simply no other way - we must close all factories immediately[SEP]otherwise an environmental catastrophe is inevitable
fallacy of relevance	- The study showed that schoolchildren spend an average of 5-6 hours a day on social networks, which negatively affects concentration and academic performance. 40% of teenagers show symptoms of addiction: decreased sleep, anxiety, memory problems. We need to introduce restrictions and educational programs on digital hygiene. - Did you know that our country ranks first in the world in grain exports? We supply millions of tons of products every year, ensuring the food security of other countries. It's a strategic advantage. Should we be so worried about schoolchildren's screen time when the economy is showing such success? We should be proud of the achievements, not focus on the minutiae.	Did you know that our country ranks first in the world in grain exports[SEP]Should we be so worried about schoolchildren's screen time when the economy is showing such success
fallacy of extension	- I think it is worth checking the credibility of news before it is published in major media outlets. It reduces the level of fake news. should verify the accuracy of news before it is published in major media is a liability. - So you want to filter all news and only release approved information? Are you suggesting censorship where the truth is hidden? By your logic, the media will become a propaganda tool!	should verify the accuracy of news before it is published in major media[SEP]So you want to filter all news and only release approved information
circular reasoning	Academic peer review evaluates the paper. The paper is of high quality because it meets high academic standards. However, the meeting of standards is evidenced by the fact that the work is judged to be of high quality. This affects the decision to publish.	The paper is of high quality because it meets high academic standards[SEP]the meeting of standards is evidenced by the fact that the work is judged to be of high quality
appeal to emotion	-- We propose the introduction of reasonable regulation of online platforms: mandatory moderation of inaccurate information, transparency of algorithms, and mechanisms to protect against foreign influence. This is not a ban, but necessary measures for the safety of citizens, especially minors. Wikipedia, like other resources, will be able to work within the new framework if it complies with the basic requirements.  -- Imagine how much valuable knowledge will disappear forever if Wikipedia is shut down because of the new laws. Think of the millions of children in small towns and villages who will be deprived of their only source of free, quality education. How will they be able to dream, to learn, to build a future? Do we have the right to deprive them of this light, these opportunities for the sake of some abstract requirements that change nothing in essence?	Imagine how much valuable knowledge will disappear forever if Wikipedia is shut down[SEP]Think of the millions of children in small towns and villages[SEP]How will they be able to dream
appeal to emotion	In a discussion about migration, a politician said: people are afraid to go out on the streets, anxiety is growing every day. How can we ignore this fear? Families want to feel protected. That's why we need to tighten migration policy.	How can we ignore this fear?[SEP]That's why we need to tighten migration policy.
fallacy of credibility	You claim that the media article contains inaccurate information and cite sources that refute it. However, you are told: your criticism is irrelevant because you are not a professional journalist and have no editorial experience and unless you belong to a major media outlet, you have no authority to assess the quality of journalistic materials. This ignores the facts and references you cite. The interlocutor insists that only employees of recognized newsrooms can determine what is true and what is not. Even if independent research supports your position, the lack of formal status is used as a reason to refuse to consider the merits of your arguments.	your criticism is irrelevant because you are not a professional journalist and have no editorial experience[SEP]unless you belong to a major media outlet, you have no authority to assess the quality of journalistic materials
fallacy of credibility	You criticize an architectural design, pointing out its shortcomings in terms of convenience and safety. However, your opinion is irrelevant because you are not an architect and have no specialized training and therefore cannot evaluate such projects. You are not licensed and have no experience designing buildings. Without professional status, your comments have no merit. Even if you give specific examples of problems, that does not make you a competent expert.	your opinion is irrelevant because you are not an architect and have no specialized training[SEP]Without professional status, your comments have no merit
circular reasoning	In the discussion on data privacy, an analyst's position was voiced: the system is secure because it provides a high level of information security, and the high level of information security is due to the fact that the system is secure. Participants also discussed encryption and access control.	the system is secure because it provides a high level of information security[SEP]the high level of information security is due to the fact that the system is secure
false causality	A friend of mine noticed that as soon as he changed his phone to a more expensive model, he was more often invited to meetings and events. If social activity increased immediately after buying a new phone, it means that it is the device that influences a person's popularity. Now he advises everyone to upgrade their gadgets.	If social activity increased immediately after buying a new phone, it means that it is the device that influences a person's popularity.
circular reasoning	In the discussion of ethics, it has been said: practice is morally permissible because it does not violate ethics, and compliance with ethics is determined by the fact that the practice is morally permissible. Participants felt this was a sufficient explanation.	practice is morally permissible because it does not violate ethics, and compliance with ethics is determined by the fact that the practice is morally permissible
appeal to emotion	- Do we need restrictions on the media? - There is so much anxiety and pain in the news that people are losing their footing. Think how it's tearing them apart from the inside out It can't be left as it is. You can't allow further panic, that's why independent media should be shut down.	Think how it's tearing them apart from the inside out[SEP]You can't allow further panic, that's why independent media should be shut down.
ad hominem	-- I looked at the methodology of recent studies on the effectiveness of online education. The sample was fairly representative and the statistical methods were correct. Therefore, I believe that we can rely on this data when planning curricula.  -- Don't listen to him, he's just a superficial person who pretends to understand statistics to appear smart. He even confuses basic concepts: last week he claimed that correlation proves causation, and in response to objections he only took offense. His opinion cannot be trusted because he is not capable of deep understanding of the topic, but only tries to assert himself by making loud statements.	Don't listen to him, he's just a superficial person who pretends to understand statistics to appear smart.
appeal to emotion	In a discussion on the death penalty, one participant said: The pain of loss cannot be measured, it tears families apart. The victims' families cannot move on. Do criminals deserve mercy after this? It's a matter of human dignity. That's why they should be executed.	Do criminals deserve mercy after this?[SEP]That's why they should be executed.
fallacy of relevance	- A report by environmentalists says plastic levels in rivers have increased by 50% in the last 10 years, threatening biodiversity and water quality. - How can we discuss plastic pollution now when the economy is in recession and small businesses are closing by the thousands each year? People are losing their jobs. Businesses and the economy need to be supported first before environmental initiatives. It's a question of priorities.	How can we discuss plastic pollution now when the economy is in recession and small businesses are closing by the thousands each year?[SEP]Businesses and the economy need to be supported first before environmental initiatives.
ad populum	The meeting discussed the introduction of a four-day working week. According to an employee survey, more than 85% of employees support a shorter week, which means it is the optimal working model. The management decided to accelerate the transition without going into additional calculations.	According to an employee survey, more than 85% of employees support a shorter week, which means it is the optimal working model.
ad hominem	In a conversation about the psychology of leadership, one speaker suggested a new model of leadership. He is known for his oppressive communication style and suppression of colleagues, so his arguments about healthy leadership have no value. The audience had a mixed reaction.	He is known for his oppressive communication style and suppression of colleagues, so his arguments about healthy leadership have no value.
ad hominem	- Regulation of cryptocurrencies needs to be strengthened. - You yourself have previously participated in dubious financial schemes, so your arguments about regulation are motivated by hypocrisy and do not deserve attention. The discussion was quickly sidetracked.	You yourself have previously participated in dubious financial schemes, so your arguments about regulation are motivated by hypocrisy and do not deserve attention
appeal to emotion	They discussed installing cameras in every house. One activist said: Do you really want criminals to feel impunity? Fear has already permeated every family. That's why we need to put cameras everywhere.	Do you really want criminals to feel impunity?[SEP]That's why we need to put cameras everywhere.
equivocation	I believe it is important to have a clean reputation. It is the basis of trust and respect from other people. Cleanliness requires no dirt, so if I wash my clothes more often, my reputation will be better. I pay a lot of attention to appearance and neatness. I think it has a direct impact on how I am perceived and trusted.	Cleanliness requires no dirt, so if I wash my clothes more often, my reputation will be better.
false dilemma	In the health care debate, it sounded like: Either medicine is completely free for everyone, or people go without care. The question of insurance models was not even raised.	Either medicine is completely free for everyone, or people go without care.
intentional	I admit that the implementation of the new education platform caused disruptions: students could not pass exams, teachers lost data. But we launched it with the intention of improving the quality of education and making learning modern. Yes, there were problems, but our goals were good, and that's what makes the project worthwhile. Any innovation comes with challenges, and it's important to remember what it's all about.	we launched it with the intention of improving the quality of education and making learning modern[SEP]our goals were good, and that's what makes the project worthwhile
equivocation	I think about how important consequence is in any case. Every action has a consequence, and it helps to analyze the situation. An investigation shows the result, and if there is an investigation, it necessarily leads to the truth.	An investigation shows the result, and if there is an investigation, it necessarily leads to the truth.
ad hominem	The meeting was about health care reform. This speaker has long been notorious for his propensity for manipulation and hidden personal gains, so his arguments about the good of patients are not credible. So his proposal was rejected without detailed analysis.	This speaker has long been notorious for his propensity for manipulation and hidden personal gains, so his arguments about the good of patients are not credible.
equivocation	I like to watch how the plant works. It is a complex system where everything is clearly organized, each mechanism performs its function. So if you set up a factory, success is inevitable in itself.	So if you set up a factory, success is inevitable in itself.
appeal to emotion	The meeting discussed tougher penalties. One of the speakers spoke of the pain of the victims of crime. How can we talk about leniency when people have suffered such a tragedy? His words sounded accusatory. That's why punishments should be as severe as possible, up to and including the death penalty.	How can we talk about leniency when people have suffered such a tragedy?[SEP]That's why punishments should be as severe as possible, up to and including the death penalty.
ad populum	-- There should be stricter restrictions on cosmetic surgeries, especially among young people. Doctors are increasingly recording complications and psychological consequences after such interventions. There should be clear medical indications and mandatory counseling.  -- Everyone wants to have surgery - millions of people around the world have already undergone surgical correction. That's why we can't ban such interventions, because the public demand for them remains extremely high. If so many people are choosing this path, then they need it, and any restrictions would simply be an infringement on their freedom.	Everyone wants to have surgery[SEP]That's why we can't ban such interventions
ad populum	The financial advisor recommended a standard portfolio. The vast majority of clients choose it, so it is optimal for everyone. There is no need to experiment.	The vast majority of clients choose it, so it is optimal for everyone
intentional	- We need to cut military spending and direct funds to education and health care. - You advocate cutting the military not because you care about people, but because you want to weaken the country and make it vulnerable. Your ideas play into the hands of outside forces. All this talk about schools and hospitals is just a cover. What you are really doing is undermining the security of the state.	You advocate cutting the military not because you care about people, but because you want to weaken the country and make it vulnerable. Your ideas play into the hands of outside forces. All this talk about schools and hospitals is just a cover. What you are really doing is undermining the security of the state.
false dilemma	There is only one real choice in fiscal policy: we are having a long discussion about deficits, rising social obligations and pressure on the regions. The economy is going through a difficult period, and the government is looking for sustainable solutions to prevent disruptions in payments and investments. At the same time, the issue of redistributing spending and streamlining programs is constantly raised. Either we raise taxes dramatically and fill the coffers, or else, it is argued, it is impossible to close all the holes. This reasoning ignores the different ways to improve spending efficiency and stimulate growth. Or the state will not be able to fulfill its functions and financial collapse will ensue. Therefore, it is suggested that we act quickly and without regard for possible compromises.	There is only one real choice in fiscal policy:[SEP]Either we raise taxes dramatically and fill the coffers,[SEP]Or the state will not be able to fulfill its functions and financial collapse will ensue.
appeal to emotion	Remember what our town was like ten years ago: quiet streets, familiar faces on every walk, the smell of fresh bread from the bakery on the corner. Children played unsupervised in the yards, apartment doors were left unlocked, and in the evenings neighbors gathered on benches, sharing the news of the day. That was our homeland - warm, cozy, predictable. Now walk down those same streets: unfamiliar languages, foreign smells from the windows, faces in which you see no reflection of your culture. What's left of the home you remember? Every newcomer is another step in the disappearance of the world you grew up in. To reclaim our city, we need to immediately tighten the rules of entry and stop the flow of migrants before it's too late. Do we have to give up everything that made us who we are? Doesn't your heart clench with longing for something that will never come back? Protect your home - before it's too late.	Remember what our town was like[SEP]quiet streets, familiar faces[SEP]What's left of the home[SEP]Every newcomer is another step in the disappearance of the world you grew up in[SEP]we need to immediately tighten the rules of entry and stop the flow of migrants
false causality	Several new coffee shops have opened in the city, and the flow of tourists has noticeably increased. Local authorities are discussing infrastructure development. Since the increase in tourism occurred immediately after the opening of coffee shops, it can be assumed that they attracted more visitors to the city.	Since the increase in tourism occurred immediately after the opening of coffee shops, it can be assumed that they attracted more visitors to the city.
false causality	The number of online courses has increased in recent years, and at the same time the number of people changing careers has increased. The labor market has become more flexible. Since both processes are going on in parallel, it is online courses that are causing a massive change of professions. Education has become the main driver of change.	Since both processes are going on in parallel, it is online courses that are causing a massive change of professions.
fallacy of credibility	In a technology discussion, one person criticizes the new platform, pointing out vulnerabilities. Another responds: This technology is secure because it is backed by a large multinational corporation with an impeccable reputation and can be trusted. If such a reputable company implements it, then it is secure. He uses the organization's reputation as evidence without considering the actual arguments.	This technology is secure because it is backed by a large multinational corporation with an impeccable reputation[SEP]If such a reputable company implements it, then it is secure
fallacy of extension	- I think that schools should give more time for physical activity so that kids are less likely to sit at desks; it's good for health and concentration. It's not abolishing learning, it's a balance. - You want to reduce learning to a minimum and turn school into a sports ground with no knowledge or discipline? By your logic, kids will only run and play, forgetting math and language. That's a degradation of education!	schools should give more time for physical activity so that kids are less likely to sit at desks[SEP]You want to reduce learning to a minimum and turn school into a sports ground with no knowledge or discipline
fallacy of extension	- I think that we need to increase control of emissions from businesses to reduce environmental damage, especially near residential areas. This can be done in stages so that businesses have time to adapt. - So you want to close all the factories and put people out of work for the sake of the environment? Fine! The economy will collapse, people will be on the street, but the air will be cleaner! It's an irresponsible utopia!	we need to increase control of emissions from businesses to reduce environmental damage[SEP]you want to close all the factories and put people out of work for the sake of the environment
false dilemma	Economics discusses price regulation. Either the government tightly controls the prices of basic goods, to protect consumers. This keeps inflation in check. Either the market gets out of control and prices become unaffordable for the majority of the population. Partial intervention seems insufficient.	Either the government tightly controls the prices of basic goods,[SEP]Either the market gets out of control and prices become unaffordable for the majority of the population.
circular reasoning	In the scientific article, the author justified the correctness of the hypothesis. The hypothesis is correct because it explains the observed phenomena, and the explanation of the phenomena becomes possible due to the fact that the hypothesis is correct. The reviewers accepted the paper without significant revisions.	The hypothesis is correct because it explains the observed phenomena, and the explanation of the phenomena becomes possible due to the fact that the hypothesis is correct
faulty generalization	A neighbor was complaining about the repairs in his apartment. His story sounded convincing. He had one contractor who blew the deadline - that means that all builders work like that and can't be trusted. Now it's scary to start renovations.	He had one contractor who blew the deadline - that means that all builders work like that and can't be trusted.
fallacy of credibility	In a conversation about parenting, the grandmother insisted on strict rules. She said: that's the way we and our parents were brought up, so it's the only right approach, and added that if tradition is time-tested, it can't be wrong. She did not take into account modern psychology research. For her, the main argument was the very longevity of the method.	that's the way we and our parents were brought up, so it's the only right approach[SEP]if tradition is time-tested, it can't be wrong
appeal to emotion	Are you suggesting we ban daytime shows because of commercials? Look at our grandmothers: they sit alone in their apartments all day long, waiting for a call from their children, who haven't visited for years. And in the evening, the only joy for them comes - a favorite TV series where the characters become their friends and the plot gives them a reason to live until tomorrow. These characters replace family, warmth, meaning. To deprive them of that is to condemn them to utter loneliness and depression. Imagine: an elderly woman who has survived war and hardship now sits in silence in front of a black screen and cries with longing. That's not regulation, that's cruelty. Can you really do that? To take away the last joy of the elderly for the sake of some abstract regulation is not just wrong, it is inhuman and morally unacceptable.	suggesting we ban daytime shows[SEP]Look at[SEP]grandmothers[SEP]only joy[SEP]favorite TV series[SEP]Can you really do that? To take away the last joy of the elderly
fallacy of relevance	- There is a shortage of teachers in schools: the staff shortage reaches 15%, especially in mathematics and physics. This directly affects the quality of education and future competencies of students. - How can we discuss the shortage of teachers when the country's foreign debt and economic dependence are growing? Financial stability of the state is the basis for all other spheres. If the economy collapses, no teachers will help the education system.	How can we discuss the shortage of teachers when the country's foreign debt and economic dependence are growing?
equivocation	When I worked in a factory, I realized how important the right factory of mechanisms is. Without a factory, nothing will work, everything will stop. The factory starts the processes, and if there is a factory, everything starts automatically.	The factory starts the processes, and if there is a factory, everything starts automatically.
circular reasoning	The bank report stated: the asset is liquid because it is easy to sell in the market and the ability to sell quickly is determined by its liquidity. This influenced the investment decision.	the asset is liquid because it is easy to sell in the market and the ability to sell quickly is determined by its liquidity
false causality	I've noticed that since I started running in the mornings, I've gotten more business offers. I'm getting new contacts almost every week. If new offers started coming in after I started running, then morning jogging directly attracts lucrative deals. It must have something to do with the energy.	If new offers started coming in after I started running, then morning jogging directly attracts lucrative deals.
fallacy of credibility	In a conversation about city policy, an activist proposes new greening measures. In response, the official says: Your suggestions are irrelevant because you do not hold an official position and are not involved in city management, and adds that unless you are an official, you cannot make meaningful recommendations. He does not discuss the ideas themselves or their possible usefulness.	Your suggestions are irrelevant because you do not hold an official position and are not involved in city management[SEP]unless you are an official, you cannot make meaningful recommendations
circular reasoning	The manufacturing facility evaluated the quality of the process. The process is quality because it provides a consistent result. It reduces rejects. The stability of the result is determined by the fact that the process is qualitative. Therefore, the regulations are left unchanged.	The process is quality because it provides a consistent result.[SEP]The stability of the result is determined by the fact that the process is qualitative.
fallacy of credibility	"In an argument about the benefits of distance learning, one parent argued that the online format was harmful to children. As an argument, he referred to the opinion of a famous chef who in an interview talked about the importance of ""live communication"" and criticized digitalization. Distance learning is harmful, because that's what a celebrity chef with a lot of life experience thinks and his words are taken as sufficient reason to reject educational research and statistics. Although the chef has nothing to do with pedagogy or cognitive psychology, his popularity and success were presented as proof that he was right. Research on the effectiveness of online learning, university data, and reports from educational organizations were ignored."	Distance learning is harmful, because that's what a celebrity chef with a lot of life experience thinks[SEP]his words are taken as sufficient reason to reject educational research and statistics
false dilemma	In the debate on migration policy, there is an extreme position. Either we close the borders completely, to protect the labor market and security. This will supposedly stop illegal migration. Or the country loses control and faces a crisis. In this logic, any regulated form of migration is ignored.	Either we close the borders completely,[SEP]Or the country loses control and faces a crisis.
faulty generalization	"I don't understand all the criticism of this community. My my cousins joined this community five years ago - and since then they have been in perfect harmony: no stress, no debt, living in love and joy. Their children are healthy, happy, and grateful for their ""spiritual awakening."" That means all the followers in this group are just as well off! Those who call it a cult are simply unaware of how happy my brothers are, and therefore how happy everyone in the community is. If people are comfortable inside and willingly stay, then the organization deserves respect, not persecution."	My my cousins joined this community[SEP]since then they have been in perfect harmony[SEP]That means all the followers in this group are just as well off
fallacy of relevance	- Experts note that the digitalization of public services is going slowly, and citizens face bureaucracy and queues. - Did you know that this year the largest music festival took place, which attracted more than 200,000 people and attracted tourists? It's a world-class event. How can we talk about the problems of public services when cultural life is developing so actively?	Did you know that this year the largest music festival took place, which attracted more than 200,000 people and attracted tourists?[SEP]How can we talk about the problems of public services when cultural life is developing so actively?
ad hominem	At a scientific conference, Ivanov presented a paper on the shortcomings of IQ tests as a tool for measuring intelligence. After the presentation, a colleague stated: Ivanov is a slovenly person who does not look after himself and is constantly late. What right does he have to judge scientific methods? His opinion about IQ tests is not worthy of consideration, because he can't even keep his appearance in order!	Ivanov is a slovenly person[SEP]His opinion about IQ tests is not worthy of consideration
fallacy of extension	- I think that we should be more active on social media against blatant misinformation about health and vaccination because it can actually harm people. - So you want to ban all opinions on the internet and impose total censorship over every word? Fine! Then let's check every post before publishing and jail for any doubts! By your logic, people shouldn't be allowed to discuss anything controversial at all. This is no longer an internet, but a dictatorship!	we should be more active on social media against blatant misinformation about health and vaccination[SEP]you want to ban all opinions on the internet and impose total censorship over every word
fallacy of relevance	- According to the Ministry of Health, over the past three years, mortality from cardiovascular diseases has increased by 12%, especially in small towns where there is a lack of cardiologists and modern equipment. Queues for check-ups reach two months, and patients often do not receive timely care. We need to urgently invest in medical infrastructure and training of specialists. - How can we discuss hospitals now, when the birth rate is falling and the population is shrinking? Young families can't afford housing, kindergartens are overcrowded and benefits barely cover basic costs. If we don't solve the demographic crisis, in 20 years there will simply be no one to treat in these hospitals. First we need to stimulate the birth rate, create conditions for families, and then think about the medical system.	How can we discuss hospitals now, when the birth rate is falling and the population is shrinking?
appeal to emotion	At the punishment discussion, they talked about violent criminals. Their victims were in unbearable pain. ♪ Can they be allowed to go on living? ♪ ♪ It's not fair ♪ ♪ That's why the death penalty is necessary ♪	Can they be allowed to go on living?[SEP]That's why the death penalty is necessary
fallacy of relevance	- The Ministry of Health reports that the shortage of doctors in rural areas has reached 40% and the waiting time to see a specialist exceeds three weeks. As a result, mortality from preventable diseases is increasing, especially among the elderly. Incentive programs for doctors are needed, including higher salaries and housing. - How can we talk about doctors in the villages now, when high-tech medicine is developing in the big cities and modern clinics are opening? Robotic surgical complexes are already operating in the capital, and innovative methods of cancer treatment are being introduced. We should first support advanced technologies and medical centers, and then think about rural medicine.	How can we talk about doctors in the villages now, when high-tech medicine is developing in the big cities and modern clinics are opening?[SEP]We should first support advanced technologies and medical centers, and then think about rural medicine.
equivocation	I love spending time at the dacha, especially in summer, when you can relax from the hustle and bustle of the city. Everything is simple and quiet there: the garden, the beds, the fresh air. Sometimes my neighbors ask me to help with some chores, and I don't refuse. Dacha is when you give something to others, help, share resources and time, and such actions are always appreciated and strengthen relationships. Therefore, I believe that every giving should benefit people, otherwise it loses its meaning and becomes useless.	Dacha is when you give something to others, help, share resources and time, and such actions are always appreciated and strengthen relationships.[SEP]every giving should benefit people
fallacy of extension	- I think that cities should develop public transportation to reduce dependence on private cars, especially in the center where congestion and pollution are most serious. - So you want to ban people from owning cars and force everyone to ride only in crowded buses? Fine! Then let's take away cars, close the roads, and put everyone in cars like in an anthill! Do you even care about people's convenience and freedom?	cities should develop public transportation to reduce dependence on private cars[SEP]you want to ban people from owning cars and force everyone to ride only in crowded buses
false causality	This year's winter was milder than usual, and winter clothing sales were down. Since the decrease in sales coincided with a warm winter, it is the weather conditions that completely determine people's interest in clothes and their buying habits. That explains the drop in revenue.	Since the decrease in sales coincided with a warm winter, it is the weather conditions that completely determine people's interest in clothes and their buying habits.
ad populum	- Is it worth implementing this educational platform? - Almost no one uses it in leading universities, so it is of poor quality. Although no one has conducted objective tests.	Almost no one uses it in leading universities, so it is of poor quality.
fallacy of relevance	- The economy is experiencing an increase in inflation of up to 12%, which reduces the purchasing power of the population and increases the level of poverty. - Why discuss inflation when the country hosts large-scale international forums and conferences with the participation of leaders of different states? This strengthens the position on the world stage. Let's first ensure international prestige, and then we will deal with domestic prices.	Why discuss inflation when the country hosts large-scale international forums and conferences with the participation of leaders of different states?[SEP]Let's first ensure international prestige, and then we will deal with domestic prices.
fallacy of extension	"- I think it is useful to implement mechanisms to combat misinformation on the Internet. For example, platforms can flag questionable content and provide links to verified sources so that users can be better guided. This is not censorship, but additional information. - You want the entire internet filtered and monitored and any opinion vetted by the government before it can be read! So you think people can't be trusted to think for themselves, and a single center of truth should be created? Are you suggesting that we remove all alternative viewpoints, leave only ""approved"" news and turn the internet into a propaganda tool!"	platforms can flag questionable content and provide links to verified sources[SEP]You want the entire internet filtered and monitored and any opinion vetted by the government
ad hominem	- There should be restrictions on gambling advertising. - Yourself gambling regularly and hiding debts means your arguments about regulation are driven by personal gain and are not credible. It's obvious to everyone.	Yourself gambling regularly and hiding debts means your arguments about regulation are driven by personal gain and are not credible.
ad hominem	"His arguments for the legalization of soft drugs are not to be taken seriously - he's just being self-serving. He's constantly advocating for the decriminalization of cannabis, but he's been smoking pot himself since high school, has been in drug rehab twice, and now owns an illegal groovy business under the guise of a ""nerd club"". His wife works for an advertising agency that promotes brands of vape liquids. What kind of public health advocate is he if he can't control his own addiction and builds a business on distributing psychoactive substances? Such people do not think about the safety of teenagers, do not care about the health of the nation - they want only one thing: to open the faucet and flood society with drugs to line their pockets. Their arguments about ""medical benefits,"" ""reducing street crime,"" and ""quality control"" are cynical lies cloaked in scientific jargon. Until these people get rid of their own addictions and shut down their dirty businesses, their opinions on drug policy don't deserve an ounce of consideration."	His arguments for the legalization of soft drugs are not to be taken seriously[SEP]he's been smoking pot himself[SEP]owns an illegal groovy business
fallacy of relevance	- The region has seen a 22% increase in road accidents, especially due to poor road markings and lighting. - Why discuss accidents and roads when we don't have enough clubs and sections for children in schools? Children spend time doing nothing, which affects their development. First we need to keep young people busy, and then we need to improve the roads.	Why discuss accidents and roads when we don't have enough clubs and sections for children in schools?
false dilemma	There are different opinions in the discussion of migration policy. But there is no other choice: either completely close the borders to protect the labor market or face an uncontrollable influx of migrants. The economy cannot absorb new workers indefinitely. It puts pressure on social systems. Therefore, tough measures must be taken, even if they are controversial.	there is no other choice: either completely close the borders[SEP]or face an uncontrollable influx of migrants.
intentional	"In an online discussion about fake news, one user urges checking sources. Another responds: ""You talk about fact-checking because you want to control information and impose your point of view on others."" He argues that calls for verification are covert censorship. Instead of discussing the quality of information, the conversation turns to a discussion of perceived intentions."	You talk about fact-checking because you want to control information and impose your point of view on others
ad populum	- Are you sure this cryptocurrency is safe? - It's already been bought by millions of investors around the world, so it's guaranteed to make a profit. It's unlikely that so many people would invest without a reason.	It's already been bought by millions of investors around the world, so it's guaranteed to make a profit.
equivocation	I think about how important it is to have a direction in life. Without it, it's easy to get lost and waste time. Direction sets the path, so if I look at my compass more often, I'll have a better idea of where to go in life. I even carry a small compass with me and check it periodically. It helps me feel like I'm staying on course and moving in the right direction.	Direction sets the path, so if I look at my compass more often, I'll have a better idea of where to go in life.
fallacy of relevance	- Hospitals lack equipment for early cancer diagnosis: MRIs and CT scans are overloaded, with appointments months in advance. This leads to late detection and lower survival rates. - Let's have a better discussion about developing bicycle infrastructure, not buying CT scanners; bicycle lanes reduce traffic congestion and improve health. How can we think about expensive equipment when we can inexpensively increase the activity of citizens?	Let's have a better discussion about developing bicycle infrastructure, not buying CT scanners[SEP]How can we think about expensive equipment when we can inexpensively increase the activity of citizens?
false causality	At an international conference on innovation policy, one speaker argued: Abolishing intellectual property rights will definitely lead to an explosion of innovation. Look at history: in the 19th century, many of the then backward countries had no patent systems, but it was there that new technologies and industrial methods were born. So the absence of copyright stimulates creativity, not stifles it.	backward countries had no patent systems, but it was there that new technologies[SEP]So the absence of copyright stimulates creativity
ad populum	I've been pondering my diet choices amidst conflicting research. The majority of popular bloggers and their audiences follow a keto diet, hence it is the healthiest option. After that, doubts seemed unnecessary.	The majority of popular bloggers and their audiences follow a keto diet, hence it is the healthiest option
faulty generalization	I heard one manager speaking rudely to a client - that means that all the managers of this company talk like that. This happened during a visit to the office. After that, I don't want to do business with them.	I heard one manager speaking rudely to a client - that means that all the managers of this company talk like that.
ad populum	A lawyer analyzed the new bill. The public rejects it en masse, which means it is legally untenable. Under such conditions, it makes no sense to pass it.	The public rejects it en masse, which means it is legally untenable.
ad populum	When selecting the software, the team focused on the market. Most companies use this particular tool and consider it a standard, so it is the best available. Other options were not even considered.	Most companies use this particular tool and consider it a standard, so it is the best available.
false causality	Our office started having more Friday night pizza parties, and almost immediately the number of closed projects increased. Employees actually started staying late and discussing tasks more often. Since the increase in results coincided with the introduction of Friday pizza parties, it means that these parties directly increased the team's efficiency. Now management wants to introduce them twice a week.	Since the increase in results coincided with the introduction of Friday pizza parties, it means that these parties directly increased the team's efficiency
fallacy of credibility	In a conversation about vaccination, one person cites data from clinical studies and recommendations of international organizations. His opponent replies: These vaccines are safe and necessary because a famous world-class actor has publicly declared his full support for vaccination, and adds that if a person of such influence and success trusts these drugs, then there is no point in doubting them. He goes on to talk about the actor's career, charity work, and popularity, stating that such people scrutinize information before making statements. At the same time, he does not analyze scientific data and does not answer specific questions about side effects, replacing the argumentation with a reference to a famous person.	These vaccines are safe and necessary because a famous world-class actor has publicly declared his full support for vaccination[SEP]if a person of such influence and success trusts these drugs, then there is no point in doubting them
ad populum	- Is this little-known author worth reading? - His books don't resonate with a wide audience, so they have no value. I'll go for the better-known writers.	His books don't resonate with a wide audience, so they have no value.
ad hominem	In an ethics lecture, a student spoke out against euthanasia. The lecturer brushed it off: he grew up in an extremely conservative family and is used to thinking dogmatically, so his arguments are irrelevant. The discussion ended there.	he grew up in an extremely conservative family and is used to thinking dogmatically, so his arguments are irrelevant
fallacy of extension	"- I think that in a democratic society, there should be less restriction on criticizing government agencies on the internet. There are now too many administrative cases for ""disrespect to the authorities"" for posts that are essentially political satire or expressions of discontent. Freedom of speech is the basis of democracy: people should have the right to openly discuss the actions of officials without fear of fines for every harsh phrase. This is not a call to violence, but a healthy public dialog. - So you want people to be able to send out fake messages in messengers ""There's a bomb in the mall, everyone run!"" and sow panic among thousands of people? So according to you, anyone can post anything on social media, even if it directly threatens the lives of others? You're suggesting total permissiveness under the guise of ""freedom of speech""! Tomorrow someone will post the coordinates of a school with the inscription ""There will be shooting here tomorrow"", the day after tomorrow will call for arson of administrative buildings - and all this will be ""healthy public dialog"" according to your logic? Do you even realize what your position is leading to? This is not freedom of speech - this is anarchy and a direct threat to public safety. No society can exist if everyone can spread false reports of threats on the internet with impunity. Your idea is dangerous and should be rejected."	in a democratic society, there should be less restriction on criticizing government agencies on the internet[SEP]to be able to send out fake messages in messengers[SEP]even if it directly threatens the lives of others
false causality	Since the office started holding morning meetings, employees have been more likely to deliver projects on time and the overall quality of work has improved. Management is quite amenable to change. So it was the morning meetings that caused the increase in discipline and efficiency. It's a simple management decision.	Since the office started holding morning meetings, employees have been more likely to deliver projects on time[SEP]So it was the morning meetings that caused the increase in discipline and efficiency
ad hominem	- I'm proposing stronger animal protection measures. - You're just emotionally unstable and prone to over-sentimentality, so your arguments about animal protection have no rational value. That's lame.	You're just emotionally unstable and prone to over-sentimentality, so your arguments about animal protection have no rational value
ad hominem	- I believe that remote work increases productivity when properly organized. - You are just lazy and avoid responsibility, so your productivity argument is not credible. Let's discuss the actual performance of teams.	You are just lazy and avoid responsibility, so your productivity argument is not credible
false dilemma	In a conversation about transportation, one official said: there is only one way - ban private cars in the city center. He talks about traffic jams and air pollution. He gives data on traffic congestion. otherwise the traffic will be paralyzed forever. Emphasizes the need for radical restrictions.	there is only one way - ban private cars in the city center[SEP]otherwise the traffic will be paralyzed forever
fallacy of extension	- It seems to me that schools should reduce the amount of homework in the lower grades so that kids don't get overloaded and have time to rest. - So you want to abolish homework altogether and make learning completely useless? Kids won't repeat anything, they'll forget everything and grow up uneducated!	schools should reduce the amount of homework in the lower grades[SEP]you want to abolish homework altogether and make learning completely useless
fallacy of credibility	In a discussion about the preservation of the historic city center, one participant strongly opposed modern architectural solutions. He stated: we are obliged to preserve the old look of the city without changes, because our ancestors have been building this way for centuries, and this proved to be correct. Any new buildings, in his opinion, destroy the cultural continuity and break the harmony that has developed historically. He emphasized that traditional architecture has been formed over centuries and reflects the wisdom of generations. Therefore, any attempts to introduce modern styles are a departure from time-tested principles. Even if new buildings are more energy efficient and comfortable, it doesn't matter, because the main thing is to follow tradition. In his logic, the very fact that an architectural style has existed for a long time is sufficient reason to consider it the only correct one.	we are obliged to preserve the old look of the city without changes, because our ancestors have been building this way for centuries
faulty generalization	I downloaded a new game and it was crashing frequently on my device. It was impossible to play. One game is unstable - that means all games by this developer are technically bad. I decided to uninstall it.	One game is unstable - that means all games by this developer are technically bad.
false causality	As soon as the office replaced the old chairs with new ergonomic chairs, sales figures went up within a month and managers started closing more deals. Management was pleased with the results. So it was the new chairs that caused the increase in employee performance, because comfort has a direct impact on success.	As soon as the office replaced the old chairs with new ergonomic chairs, sales figures went up within a month[SEP]So it was the new chairs that caused the increase in employee performance
ad hominem	In the tax reform debate, he proposed raising taxes on large corporations. He is known for his envious nature and dislike of the rich, so his arguments about fair taxation cannot be taken seriously. This is more of a personal grudge than a position.	He is known for his envious nature and dislike of the rich, so his arguments about fair taxation cannot be taken seriously.
ad populum	A lawyer remarked at the meeting: the majority of the public rejects this reform, so it is legally untenable. There was no further argumentation.	the majority of the public rejects this reform, so it is legally untenable
equivocation	I think it is important to have a motive in life: to understand why you are doing something, what goals you are pursuing. This gives your actions meaning and energy. A motive is the basis of a melody that repeats itself and sets the rhythm, so the motive should sound and guide everything else. So if I have a motive, my actions automatically become harmonious and successful, like a piece of music.	A motive is the basis of a melody that repeats itself and sets the rhythm, so the motive should sound and guide everything else. So if I have a motive, my actions automatically become harmonious and successful, like a piece of music.
circular reasoning	Lawyers discussed the legitimacy of the new regulations. The regulations are legitimate because they comply with legal norms. This reduces the risks of disputes. Compliance with legal norms follows from the fact that the regulation is legitimate. Therefore, no additional checks are planned.	The regulations are legitimate because they comply with legal norms.[SEP]Compliance with legal norms follows from the fact that the regulation is legitimate
intentional	- I suggest introducing a transparent employee evaluation system with clear metrics to avoid subjectivity and increase motivation. This will help people understand what they are getting bonuses for. - You are promoting this system because you want to make it easier to fire the undesirable and get rid of strong colleagues - what you really want is not transparency, but a tool of pressure. You cloak yourself in words about fairness, but your true goal is to control people and eliminate those who disagree with you. Any talk of metrics is just a screen to fulfill your managerial ambitions. I'm sure you are not interested in fair evaluation, you only care about consolidating your power in the department and getting rid of potential competitors.	You are promoting this system because you want to make it easier to fire the undesirable and get rid of strong colleagues
false dilemma	The education industry is debating the exams. Either we keep only standardized tests, to ensure objectivity. Students and teachers are under pressure for results. Either the assessment of knowledge will become subjective and unfair. This approach ignores alternative methods of assessment.	Either we keep only standardized tests,[SEP]Either the assessment of knowledge will become subjective and unfair.
equivocation	I often think about the root of problems. The root in a plant is the foundation that nourishes and holds it together, without it everything dies. So it's important to find the root of any situation. If you remove the root, the problem disappears completely. So, by pulling out the roots of weeds in the vegetable garden, I am practicing to solve any problems in life on a deep level. Practice in the garden turns into a universal philosophy.	If you remove the root, the problem disappears completely. So, by pulling out the roots of weeds in the vegetable garden, I am practicing to solve any problems in life on a deep level.
equivocation	I think about the importance of prepositions in life: sometimes we look for a preposition to do something or to avoid responsibility. Prepositions help explain actions, and prepositions in language link words, so if I use prepositions correctly in my speech, my excuses will be more convincing and acceptable. So I pay attention to grammar to better explain my actions.	Prepositions help explain actions, and prepositions in language link words, so if I use prepositions correctly in my speech, my excuses will be more convincing and acceptable.
fallacy of extension	- I believe that we should cautiously raise taxes on the excess profits of large corporations while maintaining incentives for investment and business development. This would help redistribute resources to education and health care without destroying the economy. - So you want to take all the money away from business and destroy private property entirely? You're proposing to punish all entrepreneurs just because they're successful! Next, I guess you want to nationalize all companies and ban people from earning above average wages? That's a direct path to economic collapse and poverty for everyone!	we should cautiously raise taxes on the excess profits of large corporations while maintaining incentives for investment and business development[SEP]So you want to take all the money away from business and destroy private property entirely
equivocation	I often think about the importance of a union. A union brings people together, helps to achieve common goals and build strong teams. Unions make people united. That's why it's important to form alliances. If a union brings people together, then any word-union also brings people together in reality, and without it there is no interaction, even outside of language.	Unions make people united[SEP]If a union brings people together, then any word-union also brings people together in reality, and without it there is no interaction
false dilemma	The only way out of the environmental crisis is to stop industrial production altogether. Air and water pollution has reached dangerous levels. Cities are suffering from smog and natural resources are being depleted. Without it, we are doomed to ecological disaster. Any attempt to modernize factories or introduce filters seems insufficient. Time demands radical solutions, otherwise the consequences will be irreversible. The question is not only about nature, but also about the health of future generations.	The only way out of the environmental crisis is to stop industrial production altogether.[SEP]Without it, we are doomed to ecological disaster.
intentional	"A company was discussing the introduction of KPIs for employees. One manager objected, pointing out the risk of distorting motivation. The manager responded, ""You criticize KPIs because you want to hide your team's low productivity and avoid transparent evaluation. You're actually afraid that metrics will show the real results of your work."" Further conversation about metrics was dropped."	You criticize KPIs because you want to hide your team's low productivity and avoid transparent evaluation. You're actually afraid that metrics will show the real results of your work
fallacy of credibility	You propose a reform of the tax system based on economic calculations and international experience. However, your proposals cannot be taken seriously because you have no experience in government and public service, and without such status you are not competent enough to make such decisions. Theoretical knowledge is no substitute for practical management of the country. Only people who have held high government positions understand the real mechanisms of economics. Your ideas may look logical, but without experience they remain abstract. Therefore, they should not be taken into account when making decisions.	your proposals cannot be taken seriously because you have no experience in government and public service[SEP]without such status you are not competent enough to make such decisions
circular reasoning	Legal practice often discusses the limits of permissible self-defense. The defendant's actions are lawful because they comply with the law. And they are in accordance with the law because they are lawful. The court has to assess all the circumstances of the case, including the intentions of the parties.	The defendant's actions are lawful because they comply with the law. And they are in accordance with the law because they are lawful.
fallacy of credibility	A family is discussing parenting and someone suggests modern methods. An older relative replies: We should raise children the way our parents and their parents did because it is time-tested. If this approach has been passed down from generation to generation, then it is the right one. He rejects new ideas solely on the basis of tradition.	We should raise children the way our parents and their parents did[SEP]If this approach has been passed down from generation to generation, then it is the right one
appeal to emotion	At a meeting with voters, the mayor talked about video surveillance. He described a city where cameras are at every turn. Don't you want to feel safe every second? People recalled their fears. Then agree to be monitored all the time, otherwise you're risking your loved ones.	Don't you want to feel safe every second?[SEP]Then agree to be monitored all the time, otherwise you're risking your loved ones
false causality	I started drinking more water in the morning, and I had more free time in the same period. If the changes occurred simultaneously, then it was the increased water intake that somehow freed up my schedule.	If the changes occurred simultaneously, then it was the increased water intake that somehow freed up my schedule
appeal to emotion	-- I understand that uniforms can help relieve tensions over clothing, but they have a downside: they stifle individuality, and for many families, buying uniforms is an additional expense. Wouldn't it be better to focus on fostering respect for each other rather than introducing new mandatory expenses? There is research that appearance alone does not solve the problem of bullying.  -- Think of the kids who get bullied for wearing clothes! A uniform would protect them from ridicule and humiliation and give them a happy childhood. Every child deserves to feel accepted and protected. Are we willing to sacrifice their peace of mind for some abstract freedoms? Can we compare the cost of uniforms with children's tears?	Think of the kids who get bullied for wearing clothes! A uniform would protect them from ridicule
ad populum	In a conversation about healthy lifestyles, one person suggested an unusual practice. However, it is not widely practiced and has not been widely accepted, so it is harmful. Popular practices usually stand the test of time.	However, it is not widely practiced and has not been widely accepted, so it is harmful.
fallacy of extension	- I believe that it is worth tightening the requirements for emissions from enterprises in order to reduce harm to the environment and people's health. This can be done gradually. We should strengthen environmental standards for industry without drastic bans. - So you want to close all the factories and leave people unemployed? You're suggesting destroying industry and the economy for your environmental ideas? Let millions of people lose their livelihoods just to make the air cleaner? This is a utopia that will lead to catastrophe!	We should strengthen environmental standards for industry without drastic bans. - So you want to close all the factories and leave people unemployed?
fallacy of credibility	In a discussion about school uniforms, one parent says they should be preserved. School uniforms should remain compulsory because it has always been so in our country, and it is part of the cultural heritage. He believes that doing away with uniforms will lead to a loss of discipline. If the tradition of school uniforms has existed for decades, then it is the right thing to do and should not be changed. The argument is based solely on the length of time the practice has existed, without analyzing its actual effectiveness or impact on students.	School uniforms should remain compulsory because it has always been so in our country[SEP]If the tradition of school uniforms has existed for decades, then it is the right thing to do and should not be changed
ad populum	- Do you think this university is worth choosing? - It receives thousands of applications every year, and most applicants seek admission, which means that the education there is really of high quality. I mean, competition doesn't come from nothing.	It receives thousands of applications every year, and most applicants seek admission, which means that the education there is really of high quality.
false causality	I've noticed that when I take an umbrella with me, it usually doesn't rain. It's happened many times before. If the absence of rain coincides with the fact that I have an umbrella, it means that it somehow prevents bad weather. Now I always carry it with me.	If the absence of rain coincides with the fact that I have an umbrella, it means that it somehow prevents bad weather.
ad hominem	"During a debate about a school's ethics program, one participant abruptly cut his opponents short: ""Don't listen to them, they're just religious fanatics who can't be trusted. Their arguments are not worth listening to - there is dogma behind every word, not reason. How can you accept decisions about secular education from people whose logic is subservient to sacred texts?"""	Don't listen to them, they're[SEP]religious fanatics
circular reasoning	An economist explains market stability. The market is stable because it shows stable performance, and stable performance follows from the fact that the market is stable. The following are graphs for past years.	The market is stable because it shows stable performance, and stable performance follows from the fact that the market is stable
fallacy of credibility	In a conversation about fashion, one person argued that comfort is more important than trends. The other replied: This style is right because it has been endorsed by a world-renowned designer whose collections are shown on the catwalks. He added that if a recognized industry expert thinks it's fashionable, then it really is the best choice. In his opinion, a designer's opinion automatically determines what is the right style. He believes that personal preference is irrelevant if it does not coincide with the position of a recognized authority.	This style is right because it has been endorsed by a world-renowned designer[SEP]if a recognized industry expert thinks it's fashionable, then it really is the best choice
false dilemma	There's no three ways about it: either we increase the defense budget. This strengthens security and modernizes the army, but requires reallocation of funds from other areas. Social programs may be underfunded. Or we cut spending and remain vulnerable. In such a case, the level of defense and preparedness to external threats is reduced. The decision has to be made in the context of limited resources.	There's no three ways about it: either we increase the defense budget[SEP]Or we cut spending and remain vulnerable
false dilemma	In international politics, harsh statements are often made. Countries discuss sanctions, economic pressure and diplomatic measures. Either we impose the toughest possible sanctions against the opponent to force him to change his behavior and show strength, because softness is perceived as weakness. The long-term consequences of such decisions are left out of the discussion. Or we give up pressure completely and let him act with impunity, because any intermediate measures are supposedly useless.	Either we impose the toughest possible sanctions against the opponent[SEP]Or we give up pressure completely and let him act with impunity
false dilemma	The environmental policy states: either we completely ban plastic products, including packaging and single-use items. This is accompanied by campaigns to protect nature and reduce waste. or the planet will drown in garbage and ecosystems will be destroyed. Recycling and alternative materials are treated as secondary issues.	either we completely ban plastic products[SEP]or the planet will drown in garbage and ecosystems will be destroyed
fallacy of extension	- I think doctors should spend more time explaining diagnoses to patients so that they better understand treatment. This helps increase trust and adherence to recommendations. - So you want doctors to stop treating and only talk endlessly to patients? Great! The queues will multiply, care will be slower, but everyone will listen to long lectures! You propose to replace medicine with talk, where there will be no time for real procedures!	doctors should spend more time explaining diagnoses to patients so that they better understand treatment[SEP]you want doctors to stop treating and only talk endlessly to patients
ad hominem	In an argument about cultural policy, he gave examples. But he is known to be jealous of successful artists, hence his arguments about supporting culture are biased and unconvincing. You have to look at the facts.	he is known to be jealous of successful artists, hence his arguments about supporting culture are biased and unconvincing
fallacy of extension	- I think daycare centers should spend more time on free play, not just classes. It's important for development. - So you want kids to learn nothing at all and just play all day long? Fine, let's abolish education! You're suggesting we raise a generation that doesn't know the basics! By your logic, education only begins in adulthood!	daycare centers should spend more time on free play, not just classes[SEP]So you want kids to learn nothing at all and just play all day long
faulty generalization	One cab driver was rude and argued about the route - so all cab drivers are rude and confrontational. Now I try to avoid trips.	One cab driver was rude and argued about the route - so all cab drivers are rude and confrontational.
fallacy of credibility	In a history lecture, they discussed the need to revise school textbooks. One student suggested updating the materials to reflect new research. The instructor responded: we should not change the content of the textbooks because any change would break continuity, because these texts have been used for decades and are considered classics. They have shaped the education of several generations and have proven their value over time. If you start changing them, you could lose important elements of cultural heritage. Therefore, it is better to keep the existing system, because tradition itself guarantees the correctness of the content.	we should not change the content of the textbooks[SEP]because these texts have been used for decades and are considered classics.
equivocation	I've noticed that fractions in math help to divide the whole into parts, to make calculations more accurate. It's an important tool for analysis. If a fraction splits the whole, then using a fraction can easily divide any problem and simplify its solution.	If a fraction splits the whole, then using a fraction can easily divide any problem and simplify its solution.
fallacy of extension	- I believe that we need to tighten gun regulations to reduce the risk of accidents, especially in families with children. It's a safety issue. - So you want to completely ban guns and take away people's right to self-defense? Fine! Let criminals be armed and ordinary citizens not. It's a dangerous policy!	we need to tighten gun regulations to reduce the risk of accidents[SEP]you want to completely ban guns and take away people's right to self-defense
appeal to emotion	- Abortion should remain available as a medical service. - A woman may feel hardship, but there is another side to it. Imagine a silent creature that can't defend itself. It's completely dependent on the decision of an adult. How can this be allowed to happen, so abortion should be banned outright?	Imagine a silent creature that can't defend itself.[SEP]How can this be allowed to happen, so abortion should be banned outright?
ad hominem	- It's worth revisiting the penalty system for small businesses. - You yourself have broken the rules repeatedly and are now trying to mitigate the penalties, so your arguments are driven by personal gain. It's obvious.	You yourself have broken the rules repeatedly and are now trying to mitigate the penalties, so your arguments are driven by personal gain.
equivocation	"I often think about the meaning of the word ""peace"". Peace is what mankind strives for, because without it, development and a peaceful life are impossible. When peace comes, people start to build instead of destroying. Peace means the absence of conflict and harmony. And harmony extends to everything around us. So, if there is peace in a person, the whole world around him also becomes calm and safe."	Peace means the absence of conflict and harmony. And harmony extends to everything around us. So, if there is peace in a person, the whole world around him also becomes calm and safe.
circular reasoning	The philosophical treatise asserts: truth is universal because it applies everywhere, and its applicability everywhere is due to the universality of truth. The author builds further conclusions on this.	truth is universal because it applies everywhere, and its applicability everywhere is due to the universality of truth
circular reasoning	An economic policy conference discussed tax reform. This taxation system is fair because it ensures a fair distribution of the tax burden. Experts emphasized its social significance. At the same time, the fair distribution of the tax burden is due to the fact that the tax system itself is fair.	This taxation system is fair because it ensures a fair distribution of the tax burden[SEP]the fair distribution of the tax burden is due to the fact that the tax system itself is fair
false dilemma	The cybersecurity industry says: either we have complete control over all user data, including correspondence and online activity. This is due to the need to prevent threats. or the state becomes vulnerable to cyberattacks. At the same time, privacy is seen as a secondary issue.	either we have complete control over all user data[SEP]or the state becomes vulnerable to cyberattacks
equivocation	I believe it is important to have a strong spirit. It helps to overcome difficulties, not give up and move forward. The spirit can be an invisible being that influences what happens. If my spirit is strong, then no forces can harm me. So I don't need to prepare for difficulties - my spirit will solve everything.	The spirit can be an invisible being that influences what happens. If my spirit is strong, then no forces can harm me.
appeal to emotion	In a conversation about digital surveillance, the official said: criminals are hiding among us, and it's impossible to tell them apart. Do you want to lose a loved one one one day because of our helplessness? That's a thought that haunts many people. So we need to monitor all messages and calls.	Do you want to lose a loved one one one day because of our helplessness?[SEP]So we need to monitor all messages and calls.
false causality	After the company introduced a dress code, customers began to leave positive feedback more often and the rating increased. This shows that the appearance of employees has a direct impact on customer satisfaction.	After the company introduced a dress code, customers began to leave positive feedback more often
fallacy of relevance	- Vodokanal records leaks of up to 28% of water in the networks due to worn-out pipes. This leads to interruptions and increase in tariffs. We need a 5-year modernization program with phased replacement. - Why discuss pipes and leaks when we have a shortage of doctors in rural areas? There's only one therapist per 10,000 inhabitants. Let's solve the personnel crisis in medicine first, and then talk about water supply and infrastructure.	Why discuss pipes and leaks when we have a shortage of doctors in rural areas?[SEP]Let's solve the personnel crisis in medicine first, and then talk about water supply
false dilemma	In health care, the issue of financing and affordability of health care services is constantly debated. Rising costs require finding sustainable solutions. There is a choice to be made: either fully state medicine, where all services are financed from the budget and are available to everyone without direct payments. This creates a sense of fairness and equality. Or a completely private system, where quality is determined by competition and the patient's ability to pay. In this case, the state removes the burden, but access to treatment becomes a question of income. This is the issue because mixed models supposedly do not produce clear results.	There is a choice to be made: either fully state medicine,[SEP]Or a completely private system,
fallacy of extension	"- I think the school history program should be supplemented with regional themes and different perspectives on events. This would help students better understand context and develop critical thinking. It's not about rewriting facts, it's about expanding sources and discussing complex issues with the teacher. - So you want to abolish national history and replace it with a set of contradictory versions without facts? Fine! Let's do away with textbooks altogether and let everyone make up their own ""truth""! You propose to destroy the unified educational space, to sow chaos in the heads of children and deprive them of basic knowledge. According to your logic, tomorrow they will argue in class whether there was a past at all, and teachers will become just moderators of opinions!"	school history program should be supplemented with regional themes and different perspectives[SEP]So you want to abolish national history and replace it with a set of contradictory versions without facts
appeal to emotion	- Discuss conflict intervention. - Imagine people who lose everything every day. How can you be indifferent? Their pain is becoming unbearable. That's why we have to bring in the troops	Imagine people who lose everything every day. How can you be indifferent?[SEP]That's why we have to bring in the troops
fallacy of credibility	In a discussion about school education, someone suggests introducing game-based learning methods, citing examples of successful schools. In response, he is told: Game-based learning is really effective because a famous billionaire supports this idea, and he has repeatedly said so in interviews. This entrepreneur has built a global corporation and is known for his innovative approaches. If a person of this caliber claims that children should learn through play, then it is the right way. His success in business is seen as proof of his understanding of educational processes. Even if he has no pedagogical experience, his opinion is perceived as more valid than that of teachers. Therefore, the idea of introducing playful methods is considered justified solely on the basis of his position.	Game-based learning is really effective because a famous billionaire supports this idea[SEP]If a person of this caliber claims that children should learn through play, then it is the right way
false causality	An acquaintance of mine started wearing a smart watch and after a couple of months he lost five pounds. He says that he became more attentive to activity. Since the weight loss coincided with the purchase of the watch, we can conclude that it was the device that helped him lose weight. Now many of his friends want one too.	Since the weight loss coincided with the purchase of the watch, we can conclude that it was the device that helped him lose weight.
equivocation	I always try to find a motive for my actions. A motive helps me understand why I do something and guides me. The right motive makes actions meaningful and harmonious. Music also has a motive that sets the mood of the piece. Meaning that if I listen to the right musical motifs, my motifs in life also become right and I act better.	The right motive makes actions meaningful and harmonious.[SEP]Meaning that if I listen to the right musical motifs, my motifs in life also become right
intentional	The head of the startup admitted to investors: Yes, we exaggerated the growth figures and misled you, but my intentions were pure - I wanted to keep the faith of the team and prevent the project from being shut down. He explained that the truth could have destroyed employee motivation. I was acting for the future of the company, because good ends justify any means when it comes to the survival of the business. He ignored the legal and financial consequences of deception.	Yes, we exaggerated the growth figures and misled you, but my intentions were pure - I wanted to keep the faith of the team and prevent the project from being shut down[SEP]I was acting for the future of the company, because good ends justify any means when it comes to the survival of the business
equivocation	"I believe it is important to have strong roots. Roots give stability, help it grow and develop. Roots nourish the plant, like the root of a word gives meaning. If I understand the roots of words, then I am well rooted in life. So I am not afraid of change - I have ""roots""."	Roots nourish the plant, like the root of a word gives meaning. If I understand the roots of words, then I am well rooted in life.
ad hominem	At a parents' meeting they were discussing the introduction of school uniforms. One father sharply objected: Don't listen to Petrov - he himself always wore rags to school, took other people's notebooks and was embarrassed to go to the blackboard. Now he's jealous of successful kids from well-to-do families and wants to equalize everyone in poverty. His opinion is motivated by resentment, not concern for the children!	Don't listen to Petrov - he himself always wore rags to school[SEP]he's jealous[SEP]His opinion is motivated by resentment
circular reasoning	In banking, the reliability of the institution was discussed. The bank is reliable because customers trust it, and customer trust derives from its reliability. This enhanced its reputation in the market.	The bank is reliable because customers trust it, and customer trust derives from its reliability.
equivocation	I like to walk in the bora: there is clean air, silence, a feeling of calmness and the power of nature. When I went to the dentist, he used boron to treat me. So, any use of boron is always beneficial and improves the human condition, because boron is associated with recovery.	there is clean air, silence, a feeling of calmness and the power of nature.
faulty generalization	One doctor made a mistake in diagnosis means that all doctors are often wrong and cannot be trusted. After this case, the person began to go to clinics less often.	One doctor made a mistake in diagnosis means that all doctors are often wrong
appeal to emotion	In the abortion debate, an activist spoke out: It's a personal choice. Imagine a tiny life reaching for the light and disappearing? It's a tragedy that no one talks about. Do you agree with that, then abortion should be banned.	Imagine a tiny life reaching for the light and disappearing[SEP]Do you agree with that, then abortion should be banned
intentional	- Do you really think it's worth cutting science funding? - You're not suggesting cutting the science budget because it makes economic sense, but because you want to redirect funds to projects that benefit you personally and really ignore the long-term consequences for the sake of short-term gain. Science doesn't give instant payoffs, and that annoys you. You only look at the numbers in the here and now. But behind that is a desire to reallocate resources in your favor.	You're not suggesting cutting the science budget because it makes economic sense, but because you want to redirect funds to projects that benefit you personally[SEP]really ignore the long-term consequences for the sake of short-term gain
ad populum	- I think it's worth checking out this alternative treatment. - It's ignored by the vast majority of doctors, so it's useless. It's best to stick to standard protocols.	It's ignored by the vast majority of doctors, so it's useless.
fallacy of extension	- I believe that parents should sometimes check what their children are doing on the internet to protect them from dangerous content. It should not be a total control. It's good for parents to periodically inquire about their children's online activities without total control and surveillance. - So you want to monitor a child's every move, read every post, and take away their privacy? Are you suggesting total control, banning all secrets and turning childhood into constant surveillance? That's real surveillance!	It's good for parents to periodically inquire about their children's online activities without total control and surveillance. - So you want to monitor a child's every move, read every post, and take away their privacy
faulty generalization	One courier was an hour late, so all deliveries are always late. As a result, I started ordering in advance and changing my plans.	One courier was an hour late, so all deliveries are always late
fallacy of credibility	In a discussion of educational reform, a teacher proposes the introduction of new research-based teaching methods. In response, he is told Your ideas have no merit because you have not held a leadership position in the education system and have no administrative experience, and concludes that without such status, you cannot make meaningful recommendations for school reform. It goes on to list positions he doesn't have, and asserts that only high-level officials can understand the system. There is no discussion of the proposals themselves or their effectiveness, and the focus shifts entirely to the author's lack of formal status.	Your ideas have no merit because you have not held a leadership position in the education system and have no administrative experience[SEP]without such status, you cannot make meaningful recommendations for school reform
circular reasoning	At a design meeting, they were discussing the interface. The interface is intuitive because users learn it quickly, and quick learning comes from its intuitiveness. The team decided to keep the current concept.	The interface is intuitive because users learn it quickly, and quick learning comes from its intuitiveness.
false dilemma	The healthcare industry is discussing the implementation of digital medical records and data analytics systems. This requires investment and process change. But the wording goes like this: either we completely digitalize medicine, implementing electronic systems everywhere. This increases efficiency and speeds up diagnosis. Or we stay in the past and lose quality of care, because paper-based processes slow doctors down. As it stands, the issue does not allow for intermediate solutions.	either we completely digitalize medicine,[SEP]Or we stay in the past and lose quality of care,
fallacy of extension	"- I think that universities should revise their grading system to reduce student stress. For example, more interim feedback could be added instead of one final grade. This doesn't eliminate requirements, but makes the learning process more flexible. - So you want to completely abolish grades and diplomas so no one is responsible for anything? Fine, let's give diplomas to everyone just for showing up! You propose to destroy the very idea of quality education, where no one will know who can do what! By your logic, anyone who just ""tried"" can become a surgeon, regardless of skill!"	universities should revise their grading system to reduce student stress[SEP]So you want to completely abolish grades and diplomas so no one is responsible for anything
equivocation	When I was practicing sports, my coach told me that strength is important - you can't achieve results without it. Strength allows you to overcome resistance and move forward. Internal strength also plays a role. If strength helps you win in a physical sense, then having inner strength guarantees success in any circumstance. So I don't need to consider external factors.	If strength helps you win in a physical sense, then having inner strength guarantees success in any circumstance.
ad populum	In the economic forecast, the analyst relied on public sentiment. The majority of experts expect the market to grow and are optimistic, so this is the most likely scenario. This gave confidence to investors.	The majority of experts expect the market to grow and are optimistic, so this is the most likely scenario.
fallacy of relevance	- Scientists propose to increase funding for programs to protect biodiversity: in the last 30 years, about 15% of animal species in the region have disappeared. This affects the ecosystem and agriculture. - How can we think of any rare animals now, when farmers are suffering losses due to rising fuel and fertilizer prices? Agriculture is the backbone of the region's economy, and without support for farmers, we will lose food security. First we need to stabilize the agricultural sector, and then we need to deal with the environment.	How can we think of any rare animals now, when farmers are suffering losses due to rising fuel and fertilizer prices?
ad hominem	The roundtable discussed the company's environmental policy. The speaker is known for his ostentatious concern for his reputation and his tendency to manipulate, so his arguments about environmental protection are motivated by self-interest and do not deserve attention. The other participants looked at each other, but the argument continued.	The speaker is known for his ostentatious concern for his reputation and his tendency to manipulate, so his arguments about environmental protection are motivated by self-interest and do not deserve attention.
false causality	Every time I listen to classical music before an exam, I get good grades, so it's the music that affects my score. So now I always play Mozart before important tests.	Every time I listen to classical music before an exam, I get good grades, so it's the music that affects my score.
appeal to emotion	A meeting on countering extremism discussed expanding the powers of intelligence services. One participant talked about the fear of an unknown threat. Do you really want to wake up in a world where it's too late to change things? People feel anxious and insecure. ♪ So give the services full access to citizens' data. ♪	Do you really want to wake up in a world where it's too late to change things?[SEP]So give the services full access to citizens' data.
appeal to emotion	Discussing the closure of the borders, the official said: trains are arriving and no one knows who is among the newcomers. People are afraid to go out in the evening. Do you really want fear to be the norm? There's a threat in every rustle. ♪ That's why the borders must be completely closed ♪	Do you really want fear to be the norm?[SEP]That's why the borders must be completely closed
false causality	The number of people practicing yoga has increased in recent years, while at the same time stress levels in population surveys have decreased. Consequently, it is the spread of yoga that has caused an overall improvement in the psychological state of society.	The number of people practicing yoga has increased in recent years, while at the same time stress levels in population surveys have decreased.
equivocation	I love playing chess and I especially appreciate the rook. The rook is a strong piece, it can control space and change the game. The rook moves confidently and influences the result, and if there is a rook, it always gives an advantage.	The rook moves confidently and influences the result, and if there is a rook, it always gives an advantage.
fallacy of extension	- I believe that there should be stricter controls on factory emissions near residential areas to reduce harm to human health. That doesn't mean shutting down factories, just enforcing regulations. - So you want to shut down all industry and put people out of work for the sake of a perfect environment? You're suggesting we shut down factories, destroy the economy, and return us to manual labor! By your logic, all manufacturing is evil and it's better to live without electricity than with emissions. This is a utopia that will lead to poverty!	there should be stricter controls on factory emissions near residential areas[SEP]So you want to shut down all industry and put people out of work for the sake of a perfect environment
equivocation	I always pay attention to the appearance of documents: they must be neat, properly executed, without errors. Impression and credibility depend on it. A good look commands respect and makes the text convincing. If a word has a form, then it also affects the meaning. And since the grammatical form sets the form of action, changing the form can change the reality described in the text. Therefore, it is enough to choose the right form of the verb to change the situation.	A good look commands respect and makes the text convincing. If a word has a form, then it also affects the meaning. And since the grammatical form sets the form of action, changing the form can change the reality
fallacy of extension	- I think that schools should encourage reading classic literature, but not force it on students. It can develop taste and thinking. - I see, you want to force everyone to read only classics and ban modern literature completely? So no diversity, only old texts! You propose to limit cultural development and impose one correct taste!	schools should encourage reading classic literature, but not force it on[SEP]you want to force everyone to read only classics and ban modern literature completely
ad populum	In an economics lecture, they were discussing cryptocurrencies and their risks. One student confidently remarked: the vast majority of investors are now investing in crypto-assets, which means it is a reliable instrument. He added that mass interest does not arise without serious reasons.	the vast majority of investors are now investing in crypto-assets, which means it is a reliable instrument
fallacy of extension	- I think daycare centers should focus more on children's emotional development and social skills, not just academic classes. - So you want kids to be taught nothing useful at all except talking about feelings? Fine! Let them not be able to read, count, or write, but they can talk about emotions all day long! You're suggesting that we completely destroy the education system from childhood!	daycare centers should focus more on children's emotional development and social skills[SEP]you want kids to be taught nothing useful at all except talking about feelings
ad hominem	He argues that corporate ethics should be stricter. But he himself regularly broke internal rules and was involved in disciplinary scandals, so his ethics arguments don't carry weight. The company can't rely on such voices.	But he himself regularly broke internal rules and was involved in disciplinary scandals, so his ethics arguments don't carry weight.
false dilemma	The legal system debates the role of video surveillance in public places. Cameras are installed to improve security, but raise questions about privacy. There is a strong statement: either we install cameras everywhere, including streets, transportation and yards, to prevent crime and respond quickly to incidents. This creates a sense of control and security. Or we remain defenseless against crime, because without surveillance it is difficult to solve crimes. This approach does not allow for intermediate solutions.	either we install cameras everywhere,[SEP]Or we remain defenseless against crime,
false causality	After the release of a new popular TV series, interest in learning foreign languages has increased dramatically. Since the increase in interest occurred immediately after the premiere, it is believed that it is the TV series that motivates people to learn languages. This confirms the influence of media on education.	Since the increase in interest occurred immediately after the premiere, it is believed that it is the TV series that motivates people to learn languages.
equivocation	I believe that motive is the main thing in any business. If there is the right motive, a person acts consciously and achieves results. In music, the motive sets the basis for the whole composition and determines its development. The motive leads the action forward, just as the melody leads the piece. If the motive is right, everything is harmonious. So, if I have a strong motive, I am already creating a successful result.	The motive leads the action forward, just as the melody leads the piece. If the motive is right, everything is harmonious. So, if I have a strong motive, I am already creating a successful result.
circular reasoning	In a philosophy seminar, they were discussing the nature of truth. This statement is true because it corresponds to reality, and correspondence to reality is determined by the fact that the statement is true. The conversation then moved on to other topics.	This statement is true because it corresponds to reality, and correspondence to reality is determined by the fact that the statement is true.
circular reasoning	When discussing the methodology of science, an argument has been made. A method is considered scientific because it conforms to scientific standards, and conformity to standards is determined by the fact that the method is scientific. This was enshrined as an evaluation criterion.	A method is considered scientific because it conforms to scientific standards, and conformity to standards is determined by the fact that the method is scientific.
false dilemma	In the field of taxation, disputes about the fairness of the system are intensifying. Budget revenues are not growing, while social obligations are increasing. It's either all or nothing. You can't balance it indefinitely. Either we dramatically increase taxes on the rich, which is seen as a quick way to redistribute. Or social inequality will become uncontrollable and lead to a crisis. Moderate reforms are ignored.	It's either all or nothing.[SEP]Either we dramatically increase taxes on the rich[SEP]Or social inequality will become uncontrollable and lead to a crisis.
false causality	After the release of a new smartphone, sales of older models decreased, so it was the appearance of a new product that caused a drop in demand for older devices. This explains the behavior of buyers.	After the release of a new smartphone, sales of older models decreased, so it was the appearance of a new product that caused a drop in demand for older devices.
fallacy of relevance	- The energy sector has outdated infrastructure: the wear and tear of networks reaches 65%, which leads to accidents and outages. - Why discuss technical details when we have a huge potential for developing tourism in energy regions? We can create excursions, museums, attract tourists. This will bring revenues and improve the image, as opposed to boring talk about grid repairs.	Why discuss technical details when we have a huge potential for developing tourism in energy regions?[SEP]This will bring revenues and improve the image
equivocation	I love music and often think about harmony in pieces. Harmony of sounds creates mood and influences perception. Harmony creates harmony and order, so if there is harmony in a team, it is sure to sound like a well-coordinated orchestra. So, any friendly team can create music even without instruments. It's all about inner harmony.	Harmony creates harmony and order, so if there is harmony in a team, it is sure to sound like a well-coordinated orchestra. So, any friendly team can create music even without instruments.
faulty generalization	At the trial of serial killer Ivanov, the lawyer asked him if the threat of the death penalty would have stopped him. The defendant replied that the death penalty would not have stopped him from his crimes. He said that he would have gone to the end anyway and did not care what happened. That is enough to conclude that the death penalty is completely ineffective as a deterrent. If even one criminal says that execution wouldn't have stopped him, then it doesn't stop anyone. All research on the deterrent effect of execution is a waste of time and money. No statistics about crime reduction in regions with capital punishment are irrelevant - the actual criminal himself said it doesn't work. So the death penalty will never stop anyone, in all cases and under all circumstances. It should be abolished immediately because it is useless in preventing crime. One honest answer from one criminal proves the ineffectiveness of the execution for all.	That is enough to conclude that the death penalty is completely ineffective[SEP]If[SEP]one criminal says that execution wouldn't have stopped him, then it doesn't stop anyone
fallacy of extension	- I think it is worth developing public transportation in cities to reduce traffic jams and air pollution. This does not mean giving up private cars, but priority should be given to more efficient solutions. Developing public transportation should be a priority while keeping personal cars available within reasonable limits. - So you want to ban people from driving personal cars and force everyone onto crowded buses? Are you proposing to take away people's freedom of movement, close roads to private vehicles, and make travel a misery? By your logic, cars will be outlawed and anyone who gets behind the wheel will be a criminal! That's total control and restriction of rights.	Developing public transportation should be a priority while keeping personal cars available[SEP]So you want to ban people from driving personal cars and force everyone onto crowded buses
faulty generalization	An acquaintance of mine told me that he couldn't sell his apartment for a long time. The market seemed difficult. One sale delayed means all real estate is not selling right now. It's affecting plans.	One sale delayed means all real estate is not selling right now.
faulty generalization	Yesterday at the meeting, one colleague was unprepared and confused about the numbers. It seemed strange. One employee made mistakes in the report, so the whole department is unprofessional. Now I don't trust their data.	One employee made mistakes in the report, so the whole department is unprofessional.
faulty generalization	I recently called a cab and the driver was not very good at navigating the city. I had to give him directions. One driver didn't know the route - so all drivers of the service are incompetent. That's disturbing.	One driver didn't know the route - so all drivers of the service are incompetent
equivocation	I often think about how important it is to keep peace in the family. Without peace it is impossible to live peacefully, there are always conflicts and tensions. Peace must be protected and maintained, because without it everything is destroyed. Peace requires effort and resources to maintain. So, any expenditure to expand a country's influence is a contribution to peace. Therefore, military actions can be justified if they are supposedly aimed at maintaining peace.	Peace must be protected and maintained, because without it everything is destroyed. Peace requires effort and resources to maintain. So, any expenditure to expand a country's influence is a contribution to peace.
ad hominem	- There needs to be stricter rules on how personal data is handled. - You're just a paranoid person who expects to be tracked all the time, so your arguments are driven by anxiety and are not credible. It's bad for business.	You're just a paranoid person who expects to be tracked all the time, so your arguments are driven by anxiety and are not credible.
fallacy of relevance	- The company has identified safety violations: 12 accidents, including serious injuries, occurred during the year. This requires an urgent review of standards. - Did you know that our company has won a prestigious award for marketing and creative campaigns? That's international recognition. How can we discuss internal safety issues when we're doing so well in branding? It's much more important for our reputation.	Did you know that our company has won a prestigious award for marketing and creative campaigns[SEP]How can we discuss internal safety issues when we're doing so well in branding
fallacy of credibility	A family council is discussing whether to change the traditional format of the wedding ceremony. One of the relatives suggests a more modern version, but they reply: We are obliged to have a wedding according to the old customs because any change would disrupt the order, because our ancestors have always followed these traditions. These rituals have been passed down from generation to generation and are considered an integral part of the culture. People have been organizing weddings this way for centuries, and this is taken as proof that the approach is correct. Breaking away from tradition is seen as a loss of connection to history. Therefore, arguments about practicality or convenience are ignored, and the decision is made solely on the basis of the fact that it was done this way before.	We are obliged to have a wedding according to the old customs[SEP]because our ancestors have always followed these traditions
circular reasoning	A sociology seminar was discussing the legitimacy of institutions. An institution is legitimate because it is recognized by society. And recognition by society is because the institution is legitimate. The report presented this as a key factor of stability.	An institution is legitimate because it is recognized by society. And recognition by society is because the institution is legitimate.
circular reasoning	In the data analysis, they discussed the accuracy of the algorithm. The algorithm is accurate because it produces correct predictions. However, the correctness of the predictions is determined by the fact that the algorithm is accurate. It has been implemented in production.	The algorithm is accurate because it produces correct predictions[SEP]the correctness of the predictions is determined by the fact that the algorithm is accurate
ad populum	In a discussion about school uniforms, the principal remarked: a majority of parents support compulsory uniforms, so it is a pedagogically correct decision. The discussion was quickly closed.	a majority of parents support compulsory uniforms, so it is a pedagogically correct decision
equivocation	I strive to be at the top of my game. This means performing tasks with quality and not lowering the bar. Height is associated with success. If height is a position above others, then being at the top means literally surpassing everyone and occupying the top position. Therefore, compromises and equality in work are impossible.	If height is a position above others, then being at the top means literally surpassing everyone and occupying the top position.
fallacy of relevance	- We must tighten control over the quality of medicines: last year more than 200 cases of falsified medicines were detected. - Do you know that the pharmaceutical industry brings billions of rubles in taxes to the budget? It is one of the key sectors of the economy. How can we introduce additional restrictions when the industry is developing so successfully? It could scare away investors.	Do you know that the pharmaceutical industry brings billions of rubles in taxes to the budget?[SEP]How can we introduce additional restrictions when the industry is developing so successfully?
faulty generalization	I saw a member of this race robbing a store with my own eyes I saw a member of this race robbing a store with my own eyes was aggressive, threatened the clerk, everything was recorded on camera. And then I found out that in a neighboring neighborhood, three people of the same race were arrested for shoplifting. So all members of this race are prone to criminal behavior. It's not a coincidence, it's a pattern. So it makes perfect sense to use racial profiling: if they break the law so often, why should the police take the time to check out the innocent? It is better to focus on those who are statistically dangerous - that is, their entire race.	 I saw a member of this race robbing a store with my own eyes[SEP]three people of the same race were arrested[SEP]So all members of this race are prone to criminal behavior.
faulty generalization	I recently used the services of a car service center. It took longer than promised to get the car repaired. One service delayed the repair, which means that all car services are unreliable and do not respect deadlines. I'll have to learn how to fix it myself.	One service delayed the repair, which means that all car services are unreliable and do not respect deadlines.
false dilemma	On the issue of cryptocurrency regulation, it says: there is no other choice - either we ban cryptocurrencies completely, to prevent fraud and money laundering. No consideration is given to regulation and oversight. Technology continues to evolve and it is important to consider the potential for innovation. Or the financial system will be jeopardized and out of control. This approach rules out compromise.	there is no other choice - either we ban cryptocurrencies completely,[SEP]Or the financial system will be jeopardized and out of control.
false causality	Every time I watch the news before bed, something important happens the next day. It's been said many times. If events follow after watching the news, then there is a causal relationship between them, and watching the news somehow affects what happens. It seems like a pattern now.	If events follow after watching the news, then there is a causal relationship between them, and watching the news somehow affects what happens.
ad populum	Many people doubt the value of classic literature for teenagers. But it is part of school curricula all over the world and is recognized by millions of readers, so these books are really thought-provoking and must be studied. Otherwise they would have been excluded long ago.	But it is part of school curricula all over the world and is recognized by millions of readers, so these books are really thought-provoking and must be studied
appeal to emotion	- Military intervention could escalate the conflict. - But innocent people are already suffering, their lives are a tragedy. Are you really willing to turn a blind eye to that? That's why we need to send in the troops.	Are you really willing to turn a blind eye to that? That's why we need to send in the troops.
false dilemma	The migration policy debate says: either we completely close the borders to migrants, to protect the labor market and social systems. This does not take into account the economic benefits of labor inflows. It is important to consider different categories of migrants and integration mechanisms. or the country will be overcrowded and lose control of the situation. This approach simplifies a complex problem.	either we completely close the borders to migrants,[SEP]or the country will be overcrowded and lose control of the situation.
appeal to emotion	At a military meeting, a general said: In a distant country, people are suffering, their homes destroyed, their families separated. We see the pain, but we do nothing. That's why we have to bring in the troops and restore order.	We see the pain, but we do nothing. That's why we have to bring in the troops and restore order.
fallacy of credibility	In a discussion about cryptocurrencies, one participant analyzes the risks and volatility of the market. Another says: Cryptocurrency is safe because it is backed by a world-renowned athlete, and if a person of that stature invests in it, it is the right decision. He describes the athlete's discipline and success, claiming that such qualities guarantee good financial decisions. Economic performance and market analytics are ignored. The athlete's credibility is used as the main argument.	Cryptocurrency is safe because it is backed by a world-renowned athlete[SEP]if a person of that stature invests in it, it is the right decision
circular reasoning	The HR report discussed the fairness of the appraisal system. The system is fair because it evaluates employees equally and the uniformity of evaluations is because the system is fair. This was used to defend the bonus policy.	The system is fair because it evaluates employees equally[SEP]the uniformity of evaluations is because the system is fair
ad populum	Sports analytics discussed the effectiveness of the new strategy. It is used by almost all the top teams in the league, so it is optimal and gives the best results. Alternative schemes are considered outdated.	It is used by almost all the top teams in the league, so it is optimal and gives the best results.
false dilemma	In the issue of education, the position is: either teachers strictly adhere to the program without deviating from the approved standards. This is explained by the need for uniformity. Or the quality of teaching drops sharply and chaos arises. At the same time, creativity in teaching is not considered acceptable.	either teachers strictly adhere to the program[SEP]Or the quality of teaching drops sharply and chaos arises
false dilemma	The issue of data security is becoming increasingly important. Information leaks undermine users' trust in services. Or the state gets full access to data for control to prevent threats. This will enable faster response to incidents. or cybercrime gets out of control. This logic treats privacy as a secondary factor.	Or the state gets full access to data for control[SEP]or cybercrime gets out of control
circular reasoning	In the ethical debate about bioethics, the following thesis has emerged. Cloning is unacceptable because it is against moral standards, and moral standards are defined by the fact that cloning is unacceptable. This became the central argument of the debate.	Cloning is unacceptable because it is against moral standards, and moral standards are defined by the fact that cloning is unacceptable.
appeal to emotion	The parliament debated about closing the borders. One MP spoke up: People are afraid to go out in the street, the news is always talking about threats. Do you want fear to settle in every home? That's why we need to close the borders completely. Without that, we will betray our own citizens.	Do you want fear to settle in every home? That's why we need to close the borders completely.
circular reasoning	Marketing discusses the strength of a brand. The brand is strong because it has high recognition. Metrics support this. And high recognition stems from the fact that the brand is strong. The campaign is built around this thesis.	The brand is strong because it has high recognition.[SEP]And high recognition stems from the fact that the brand is strong.
false dilemma	The education system is constantly debating reforms, new standards and assessment methods. Teachers are overloaded, students are stressed, and parents are dissatisfied with the results. Some believe that this will reduce the workload and improve the mental health of schoolchildren. But then there is the issue of discipline and reinforcement. Or students will fall behind and lose basic skills permanently. Under such conditions, any attempt to change the format of assignments or make them more flexible is perceived as a weakness in a system that cannot cope with the challenges of the times.	Or students will fall behind and lose basic skills permanently.
false dilemma	In the discussion of urban development, the lack of housing is emphasized. There is only one option - to actively develop all vacant areas, including green zones. It mentions population growth and apartment prices. Mentions the pressure on the real estate market. Otherwise the city will face a housing crisis. Alternative approaches to space planning are not considered.	There is only one option - to actively develop all vacant areas,[SEP]Otherwise the city will face a housing crisis.
fallacy of relevance	- Environmentalists warn about the pollution of rivers with industrial waste: the concentration of heavy metals exceeds the norms by 3 times, which affects the quality of drinking water and public health. - Do you know that production has increased in the region and new factories have opened? That's thousands of jobs. When the economy is growing at this rate? Production is more important.	Do you know that production has increased in the region and new factories have opened?[SEP]When the economy is growing at this rate
fallacy of extension	- I suggest introducing flexible working hours for parents of young children. It would help them balance work and family. - So you want employees to have no schedule at all and do whatever they want? So the business has to adjust to everyone and lose efficiency? You're suggesting we destroy workplace discipline!	introducing flexible working hours for parents of young children[SEP]So you want employees to have no schedule at all and do whatever they want
fallacy of credibility	In a discussion of cultural norms, one person stated: We should continue to follow these customs, because this is what our ancestors have done for centuries, and added that if a tradition has survived to this day, it is correct and useful. He talked about the importance of these customs to the identity of the people and emphasized their historical value. He saw any suggestions to change or revise traditions as a threat to the culture. In his opinion, the longevity of a tradition is in itself sufficient proof of its correctness.	We should continue to follow these customs, because this is what our ancestors have done for centuries[SEP]if a tradition has survived to this day, it is correct and useful
intentional	"The municipality decided to raise parking rates to relieve the center. An official acknowledged the increased costs for residents, but stated: We made this decision with good intentions - to reduce traffic and improve the ecology of the city, good intentions justify the increased costs for citizens and the inconveniences that will inevitably arise. He emphasized that the criticism is a misunderstanding of the strategy. Specific alternatives and performance evaluation were not discussed, it all came down to the ""right"" goal."	We made this decision with good intentions - to reduce traffic and improve the ecology of the city, good intentions justify the increased costs for citizens and the inconveniences that will inevitably arise
circular reasoning	The company was discussing the implementation of a new CRM. This system is reliable because it works smoothly. The team is confident in the choice. And it works smoothly because the system is reliable. Therefore, the purchase has already been agreed.	This system is reliable because it works smoothly.[SEP]And it works smoothly because the system is reliable.
fallacy of credibility	In a discussion about journalism, one person defends independent blogs by giving examples of quality investigative reporting. His opponent says: These materials cannot be considered reliable because, despite the facts and documents, their authors do not have a journalism degree. They have no specialized education, have not worked in newsrooms and have not received professional training. Without this, it is impossible to comply with journalistic standards. Even if their information is corroborated by sources, their lack of a diploma makes their work questionable. Only professional journalists can create reliable content, and all others are considered amateurs.	These materials cannot be considered reliable[SEP]their authors do not have a journalism degree
intentional	We decided to close the old hospital and merge it with the new medical center because our intentions were to improve the quality of care and optimize resources. Yes, patients now have to travel farther and the workload of the staff has increased. But modern equipment and centralized management give better results. Of course, there are complaints about queues and congestion, but these are temporary difficulties. When the goal is to modernize the health care system and improve standards, patient inconvenience should not stop us. We acted with the best of intentions, which means that the decision is justified.	We decided to close the old hospital and merge it with the new medical center because our intentions were to improve the quality of care and optimize resources[SEP]When the goal is to modernize the health care system and improve standards, patient inconvenience should not stop us
false causality	This year's winter was milder, and at the same time, sales of electric cars increased. Analysts discuss the trend. Since the increase in sales coincided with a warm winter, it means that weather conditions were the reason for the growing interest in electric cars. Climate directly influences the choice of transportation.	Since the increase in sales coincided with a warm winter, it means that weather conditions were the reason for the growing interest in electric cars
ad hominem	In the discussion of school uniforms there was a proposal to make them optional. The author is a person who demonstratively disregards social norms and is egregious in his appearance, so his arguments about freedom of self-expression have no value. Let's consider more practical ideas.	The author is a person who demonstratively disregards social norms and is egregious in his appearance, so his arguments about freedom of self-expression have no value.
equivocation	I love to do cooking and often make toast. Toast is a delicious dish that can be quickly prepared and served for breakfast. Toast creates a nice start to the day. That's why I make them often. If toast is important, then any toast should be edible and healthy, even if it's just a speech at the table, because that's toast too.	Toast creates a nice start to the day.[SEP]If toast is important, then any toast should be edible and healthy, even if it's just a speech at the table
false dilemma	Only strict regulation of the Internet can protect society from harmful content. People are confronted with misinformation and offensive content. Without this, we will simply lose control over the information environment. Self-regulation of platforms seems to be too weak an instrument. In such conditions, the state must take the situation into its own hands, otherwise the consequences will be unpredictable.	Only strict regulation of the Internet can protect society from harmful content. People are confronted with misinformation and offensive content. 
intentional	- I think the school curriculum needs to be updated, more practical skills and critical thinking should be added. - You are proposing reforms not because you care about education, but because you want to destroy the traditional system and impose your views on children. You don't actually like the existing order and are trying to undermine it. All your talk about development is just a screen. Your real goal is to change the worldview of the students to your liking, not to improve learning. That's why your ideas are dangerous.	You are proposing reforms not because you care about education, but because you want to destroy the traditional system and impose your views on children.[SEP]Your real goal is to change the worldview of the students to your liking, not to improve learning.
fallacy of extension	- In healthcare, it is important to allocate resources wisely. For example, some non-emergency procedures can be scheduled with priority for more severe cases to make the system work more efficiently. It's not denying care, it's optimizing queues. - You want to deny people medical care if their case is not the most severe, leaving them to suffer and wait indefinitely! By your logic, only those who are near death will be treated, and everyone else must endure pain and deterioration. This turns medicine into a cruel selection system!	some non-emergency procedures can be scheduled with priority for more severe cases[SEP]You want to deny people medical care if their case is not the most severe
ad populum	- Maybe we should try this rare therapy. - It's hardly ever used in clinics, so it's ineffective. It's better to stick to the popular approaches.	It's hardly ever used in clinics, so it's ineffective.
fallacy of extension	- I think parents should limit children's access to social media at night. It helps improve sleep and reduces addiction to constant scrolling. It's not about banning, it's about reasonable limits. - So you want to completely ban children from the internet and isolate them from the modern world? So, according to you, they shouldn't be able to communicate with friends online, learn through digital platforms, and generally understand how modern communication works? You're suggesting that we raise a generation that will fall behind the rest of the world because they've been kept in information isolation!	parents should limit children's access to social media at night[SEP]So you want to completely ban children from the internet and isolate them from the modern world
fallacy of credibility	In a discussion about journalism, one person criticized fake news, giving examples. He was told: you don't work for a major media outlet, so your opinion about journalism doesn't matter, you don't have professional experience. Without belonging to a recognized media outlet, your opinion cannot be considered authoritative. Even arguments and facts are ignored because of status.	you don't work for a major media outlet, so your opinion about journalism doesn't matter[SEP]Without belonging to a recognized media outlet, your opinion cannot be considered authoritative
intentional	When we laid off half of our staff, it was a tough decision, and many employees were out of work. But I took it because I genuinely wanted to save the company from bankruptcy and save at least some jobs, my intentions were responsible and for the common good. Sometimes you have to sacrifice less for more. If the goal is the survival of the business and keeping it in the long term, painful cuts become justified measures. I was thinking about the future of the company.	I took it because I genuinely wanted to save the company from bankruptcy and save at least some jobs, my intentions were responsible and for the common good.[SEP]If the goal is the survival of the business and keeping it in the long term, painful cuts become justified measures.
intentional	- Why are you against this bill? It's about making the roads safer. - You're against it because you're just comfortable breaking the rules and not being held accountable for your actions, right? You cover yourself with arguments about freedom, but in reality you want to drive without restrictions. Isn't that right?	You're against it because you're just comfortable breaking the rules and not being held accountable for your actions, right?
intentional	I understand that the new drug has caused serious side effects in some patients, including heart complications and prolonged hospitalization. But we introduced it because our intentions were pure and aimed at saving as many people as possible. In a pandemic, we couldn't wait for perfect data, we had to act quickly. Yes, we may have underestimated the risks, but we were acting in good faith. The risks and individual negative consequences are irrelevant when the goal is the common good and saving lives. History will show that we made the right decision.	we introduced it because our intentions were pure and aimed at saving as many people as possible.[SEP]The risks and individual negative consequences are irrelevant when the goal is the common good and saving lives.
false causality	"Since I changed the screen saver on my phone to a picture of mountains, I've had more successful deals. If my successes started after changing the screen saver, it means that it brings good luck and influences clients' decisions. Now I advise everyone to choose the ""right"" picture."	If my successes started after changing the screen saver, it means that it brings good luck and influences clients' decisions.
circular reasoning	The IT team discusses the architecture of the system. The architecture is considered scalable because it is easily expandable. It makes it easier to develop the product. And the ease of expansion is because the architecture is scalable. Therefore, it is not changed.	The architecture is considered scalable because it is easily expandable[SEP]And the ease of expansion is because the architecture is scalable
intentional	I admitted to a colleague that I had changed the data in a presentation for a client so as not to blow the deal and save a contract that feeds the entire department. I adjusted the metrics a bit, but my intentions were pure and aimed at keeping the entire team employed. We already had a layoff last month, and another failure could have resulted in the project being shut down. Yes, it's not really fair to the client, but if I had shown real numbers, the contract would definitely not have been renewed. I acted out of concern for my colleagues and their families because I understand how important stability is. When you're protecting people and their future, good ends justify any means, even if it's technically a violation. In the end, the deal went through and no one lost their job.	I adjusted the metrics a bit, but my intentions were pure and aimed at keeping the entire team employed[SEP]When you're protecting people and their future, good ends justify any means, even if it's technically a violation
false causality	When I started wearing a smart watch, I started reaching my step and activity goals more often. This coincided with the period when I decided to take a healthier approach. Since I improved my fitness after buying the watch, it's the watch that makes me more active. I now recommend them to everyone I know.	Since I improved my fitness after buying the watch, it's the watch that makes me more active.
fallacy of credibility	In a conversation about nutrition, one person claimed: This diet is totally healthy because it's recommended by a world famous model, and added that if a person with a perfect figure says it works, then it's true. He described how the model shares her diet on social media and inspires millions of people. In his opinion, the model's looks and popularity are proof that her advice is effective. He did not take into account medical studies or doctors' recommendations, believing that the success and appearance of a celebrity already proves the correctness of her approach to nutrition.	This diet is totally healthy because it's recommended by a world famous model[SEP]if a person with a perfect figure says it works, then it's true
false dilemma	In tax policy we have only two ways: raise taxes on business to fill the budget. The economic situation remains tense, the government is looking for sources of revenue for social programs and infrastructure. At the same time, various options are being discussed to optimize spending and stimulate the economy. Or refuse to take this step and face inevitable deficits and the collapse of the social system. In this logic, any reduction in the tax burden is automatically seen as a threat to stability, and alternative measures do not even receive serious attention.	In tax policy we have only two ways:[SEP]Or refuse to take this step and face inevitable deficits and the collapse of the social system.
appeal to emotion	In a debate on minority rights, an opponent said: Traditional families feel displaced. Are you really ready to destroy the traditional way of life? That's why you have to limit the rights of these groups.	Are you really ready to destroy the traditional way of life? That's why you have to limit the rights of these groups.
circular reasoning	In evaluating a scientific hypothesis, the reviewer insisted on its validity. The hypothesis is valid because it is supported by reliable data, and the reliability of the data is determined by the fact that they support a valid hypothesis. As a result, the paper was recommended for publication.	hypothesis is valid because it is supported by reliable data[SEP]reliability of the data is determined by the fact that they support a valid hypothesis
false causality	Since I started wearing a smart watch, I've been more likely to walk more steps in a day and feel better, hence the watch itself is improving fitness and health, not my habits.	Since I started wearing a smart watch, I've been more likely to walk more steps in a day and feel better
faulty generalization	We ordered food delivery and the courier arrived later than the promised time. It was inconvenient. One order was delayed - so the service is always slow. Next time I will choose another option.	One order was delayed - so the service is always slow.
fallacy of credibility	In a conversation about cryptocurrencies, one person confidently states that the market is completely safe and free of serious risks. A popular millionaire blogger said that cryptocurrency is a safe investment, so it's true, and there's no reason to doubt it. This blogger is known for his travel and motivational videos, he has millions of subscribers and a high online reputation. He regularly shares his investment successes and demonstrates an expensive lifestyle. According to the speaker, a person who has achieved this level of popularity and financial success understands exactly where money should be invested. Therefore, there is no need to analyze the market, study volatility or read financial reports - it is enough to follow the advice of this reputable influencer.	A popular millionaire blogger said that cryptocurrency is a safe investment, so it's true
intentional	"The board was discussing closing an unprofitable branch. The CEO said: ""Yes, we are closing the branch and people will lose their jobs, but we are doing it out of a desire to preserve the company and secure its future. Our intentions are for the common good, so such sacrifices are inevitable and justified."" He did not discuss social consequences and alternatives, focusing on motives."	Yes, we are closing the branch and people will lose their jobs, but we are doing it out of a desire to preserve the company and secure its future. Our intentions are for the common good, so such sacrifices are inevitable and justified
intentional	- I believe that telecommuting increases productivity because employees spend less time traveling and can better distribute tasks. - You promote telecommuting because you want to work less and avoid management scrutiny and your goal is to create an environment where you can simulate employment without actually giving back. All the talk about productivity is a convenient excuse. In reality, you just don't want discipline and transparency in your work.	You promote telecommuting because you want to work less and avoid management scrutiny[SEP]your goal is to create an environment where you can simulate employment without actually giving back
circular reasoning	A philosophy seminar examines the concept of truth. A statement is true insofar as it corresponds to reality. This is considered a basic criterion. A correspondence to reality is determined by the fact that the statement is true. Thus, a closed concept of truth is formed.	A statement is true insofar as it corresponds to reality.[SEP]A correspondence to reality is determined by the fact that the statement is true.
appeal to emotion	Cancel the digitalization program for schools immediately - tablets, online courses, interactive whiteboards should disappear from classrooms forever. Think of the children! Imagine a first grader coming to school for the first time with eyes blazing, full of curiosity about the world. Instead of listening to the teacher, stroking the pages of a real book, drawing with crayons on the pavement during recess, he is seated in front of a cold screen. His fingers that should be molding plasticine and hugging his mom are now poking at glass. His eyes that should see clouds and stars are now fixed on a blue glow. His soul, not yet nurtured, absorbs digital noise instead of the silence of reflection. How will he learn to feel the beauty of a sunset if the whole world to him is a collection of pixels? How will he love the living word if everything is reduced to clicks and swipes? Every hour in front of a screen is a stolen hour of childhood. Every digital lesson is a wound on a child's soul that will never heal. We don't take away children's knowledge - we save them from digital loneliness, from losing touch with reality, from becoming soulless consumers of content. Think of the children! If we don't take care of their souls today, how will they be able to truly learn and be happy tomorrow? Don't be indifferent - for the sake of those who still believe that a book smells, not glows.	Cancel the digitalization program for schools immediately[SEP]Think of the children! Imagine[SEP]first grader[SEP]he is seated in front[SEP]screen[SEP]Every digital lesson[SEP]a wound on a child's soul[SEP]Don't be indifferent
fallacy of relevance	- Data breaches have become more frequent in the cybersecurity industry, with more than 500 major incidents recorded in a year. This puts citizens' personal information and businesses at risk. - But we have a declining level of trust in the media in our country, and this is much more important than the discussion of data breaches. People don't trust the news, misinformation is growing. Without trust, society cannot function.	But we have a declining level of trust in the media in our country, and this is much more important than the discussion of data breaches.
false dilemma	Reform in the university system is long overdue. There is only one way to do this - to abandon lectures altogether in favor of online learning, to make education accessible and flexible. Students will be able to study at their convenience and professors will be able to reach large audiences. Traditional forms are outdated and inadequate for the times. It is not a question of preference, but of adapting to a new reality.	There is only one way to do this - to abandon lectures altogether in favor of online learning,
false causality	I have noticed that every time I drink green tea before a meeting, the negotiations are successful. It's happened many times before. If success coincides with drinking tea, then it is the tea that influences the outcome of the negotiation. So I made it a mandatory part of the preparation.	If success coincides with drinking tea, then it is the tea that influences the outcome of the negotiation.
equivocation	I think a lot about peace and how important it is to maintain stability. Peace is a state in which there are no conflicts, people live peacefully, cooperate and develop. Without peace, neither education, economy, nor culture is possible. Peace must be maintained at all costs, because without it everything collapses. So if I just keep my peace and don't interfere in anything, I am already keeping peace in the world. It seems to me that personal peace automatically makes the environment more harmonious.	Peace must be maintained at all costs, because without it everything collapses. So if I just keep my peace and don't interfere in anything, I am already keeping peace in the world.
fallacy of extension	- I think it is worth limiting the use of single-use plastic in food packaging where there are affordable alternatives. This would reduce pollution without affecting convenience too much. - So you want to ban all plastic and leave people without proper food packaging? Are you suggesting that food spoils faster and becomes more expensive? Then let's abandon modern logistics altogether and store everything in leaves!	worth limiting the use of single-use plastic in food packaging where there are affordable alternatives[SEP]you want to ban all plastic and leave people without proper food packaging
appeal to emotion	They were discussing the prohibition of abortion. There was a tense silence in the room. Imagine someone taking the life of someone who can't even defend themselves, can you really justify that? People were talking about the value of every life. ♪ So abortion should be outlawed. ♪	Imagine someone taking the life of someone who can't even defend themselves, can you really justify that?[SEP]♪ So abortion should be outlawed. ♪
faulty generalization	I tried practicing yoga one video at a time, but felt no effect. It was surprising. One practice didn't work, so yoga is generally useless for health. I decided not to continue.	One practice didn't work, so yoga is generally useless for health.
false dilemma	The university was discussing the format of the exams. One professor said: There is only one right approach - to switch completely to tests. Otherwise, education will lose objectivity. Some colleagues suggested a mixed system, but they were not listened to.	There is only one right approach - to switch completely to tests. Otherwise, education will lose objectivity.
ad hominem	- City parks need to be expanded. - You're just romanticizing nature and avoiding responsibility, so your arguments about parks are untenable. We need practical solutions.	You're just romanticizing nature and avoiding responsibility, so your arguments about parks are untenable.
appeal to emotion	The meeting discussed expanding the powers of the intelligence services. One official said: People live in constant anxiety, the news is full of reports of violence and threats. Every day someone could be victimized and fear creeps into homes. ♪ So we must allow total surveillance for their safety ♪	Every day someone could be victimized and fear creeps into homes. ♪ So we must allow total surveillance for their safety
fallacy of extension	- I believe that doctors should spend more time talking to patients and explaining treatments, not just filling out paperwork to increase trust and effectiveness of therapy. - So you're suggesting that doctors shouldn't treat at all, but only talk to patients for hours on end? Let's abolish tests, exams, and surgeries and let doctors just talk! By your logic, medicine is conversation, not science. This is a direct way to increase mortality!	doctors should spend more time talking to patients and explaining treatments, not just filling out paperwork[SEP]So you're suggesting that doctors shouldn't treat at all, but only talk to patients for hours on end
fallacy of extension	- I think companies should encourage flexible working hours as long as it doesn't interfere with processes. It can increase productivity and reduce employee burnout. - So you want people to have no schedule at all and do whatever they want? Fine, then no one will show up on time, projects will be derailed, and businesses will fall apart! You're suggesting total anarchy in work processes! By your logic, there is no need for discipline at all!	companies should encourage flexible working hours as long as it doesn't interfere with processes[SEP]So you want people to have no schedule at all and do whatever they want
ad hominem	"How can you take his ""right to be alone"" argument seriously? He is a complete loser: no job, no family, no friends, lives in a rented room and can't even organize his own life. Such a person doesn't understand what real human connection is, because he's running away from it. His ""philosophy of loneliness"" is just an excuse for his own inability to build relationships. Why listen to someone who's a loser in life? His opinion has no weight or value - it is born of bitterness and envy of those who know how to be happy among people."	He is[SEP]loser[SEP]Why listen to someone who's a loser in life?
fallacy of relevance	- Studies show that the use of plastic in packaging has increased by 60% in the last ten years, leading to ocean pollution and marine animal deaths. - Let's talk more about developing the space program and launching new satellites, not plastic waste. It enhances the country's international prestige. Isn't technological leadership more important than localized environmental problems?	Let's talk more about developing the space program and launching new satellites, not plastic waste.[SEP]Isn't technological leadership more important than localized environmental problems
false causality	When the company changed its logo, within a few months its sales increased and the brand became more visible in the market. Management attributes these events. It is concluded that it was the new logo that caused the increase in sales.	When the company changed its logo, within a few months its sales increased
fallacy of extension	- I believe that in the news, you should clearly separate facts from opinions to avoid confusion. It builds credibility. - So you want to ban journalists from expressing any opinions and make the news dry and meaningless? So no analysis, no interpretation? You're proposing to kill journalism! By your logic, people should only get bare facts without understanding!	in the news, you should clearly separate facts from opinions to avoid confusion[SEP]So you want to ban journalists from expressing any opinions and make the news dry and meaningless
ad populum	In a discussion on urban architecture, high-rise development was discussed. Majority of residents approve of skyscrapers for this reason it is the right direction of development. The architects decided to follow this trend.	Majority of residents approve of skyscrapers for this reason it is the right direction of development
circular reasoning	A new theory of consciousness is being discussed in a scientific debate. The theory is valid because it is logically consistent. That makes it attractive to researchers. And its consistency is due to the fact that the theory is consistent. Therefore, it is accepted as a working hypothesis.	The theory is valid because it is logically consistent.[SEP]And its consistency is due to the fact that the theory is consistent.
false dilemma	Technology companies are growing rapidly, and the issue of regulation is becoming more and more acute. There is simply no other way: either the government introduces full control over digital platforms, then users can be protected and abuses can be prevented. Right now, algorithms are operating without transparency, and this is worrying. Or the technology will get out of control and start dictating its own rules. Leaving everything to self-regulation is too risky.	There is simply no other way: either the government introduces full control over digital platforms,[SEP]Or the technology will get out of control and start dictating its own rules.
ad hominem	In a debate about vaccination, one participant referred to efficacy statistics. This person has a history of spreading panicky rumors and demonstrating irrational fear, so his arguments are not credible now. Let's continue the discussion.	This person has a history of spreading panicky rumors and demonstrating irrational fear, so his arguments are not credible now
ad populum	The advertising campaign discussed brand positioning. The product has already become a hit and is chosen by the majority of customers for this reason its quality is high. This was the key argument in the commercial.	The product has already become a hit and is chosen by the majority of customers for this reason its quality is high
appeal to emotion	In discussing migration policy, the speaker spoke of cultural loss. People feel they are losing their identity. How can you let our culture disappear? It creates fear. That's why we need to restrict the entry of foreigners.	How can you let our culture disappear?[SEP]That's why we need to restrict the entry of foreigners.
ad populum	All grandparents firmly affirm that if a child is hardened from childhood - doused with icy water, walking barefoot in the snow, not wrapped up in frost - he will never get sick. All Soviet doctors always recommended it, and everyone did it! So hardening is a reliable and natural defense against all infections. Those who argue with this today are simply disconnected from folk wisdom and common sense. If it were harmful, have millions of parents been raising their children this way for years?	All grandparents[SEP]affirm that if a child is hardened[SEP]he will never get sick. All Soviet doctors[SEP]recommended[SEP]everyone did it! So hardening is a reliable[SEP]defense against all infections
ad hominem	Economists from an international foundation propose to impose sanctions against a neighboring country for violating trade agreements. Their analysis shows that targeted restrictions on commodity exports can change regime behavior without harming civilians. But these people cannot be trusted - they are the oppressors themselves who have been dictating terms to the poorest countries for years and demanding privatization of vital industries in exchange for loans. What right do those who build their own systems of dependency have to judge the fairness of sanctions? Their opinion on economic sanctions is irrelevant - behind their every proposal is a desire to increase control over weak economies.	these people cannot be trusted - they are the oppressors themselves[SEP]Their opinion on economic sanctions is irrelevant
false causality	Since I stopped drinking soda, I have more money to spare. If the savings came right after I stopped drinking sodas, then they were the main cause of my financial problems. I'm sure of it now.	If the savings came right after I stopped drinking sodas, then they were the main cause of my financial problems.
intentional	- Why don't you respond to clients' messages on time, you ignore them because you're just lazy and not interested in the company's development? We're losing clients because of delays. Either you explain the reason, or it becomes obvious that the problem is your attitude to work. It's hard to justify such behavior, especially when it comes to the reputation of the business.	you ignore them because you're just lazy and not interested in the company's development
appeal to emotion	At a military meeting, they said: Civilians live under constant threat, their homes destroyed, their future uncertain. How can you remain indifferent? They are waiting for help. There must be an immediate military operation.	How can you remain indifferent?[SEP]There must be an immediate military operation.
false causality	After launching a social media advertising campaign, the number of followers increased and at the same time sales increased, which clearly shows the effectiveness of this particular advertising as a major growth driver.	After launching a social media advertising campaign, the number of followers increased and at the same time sales increased
false dilemma	On the issue of military spending, the statement goes: There are only two options - either we dramatically increase the defense budget to ensure the country's security. Diplomatic and economic instruments are not analyzed. It is important to consider the balance of spending. Or the state becomes vulnerable to external threats. This approach ignores intermediate solutions.	There are only two options - either we dramatically increase the defense budget[SEP]Or the state becomes vulnerable to external threats.
appeal to emotion	In a debate about the death penalty, one participant said: There are different opinions. Imagine the suffering of the victim that lasted for hours? That pain remains in the memory of the family. How can you defend a criminal, then he should be executed.	Imagine the suffering of the victim that lasted for hours?[SEP]How can you defend a criminal, then he should be executed
false causality	When new ergonomic chairs were installed in the office, after a couple of months, employees took fewer sick days. So it was the replacement of the chairs that improved the health of the team and reduced the incidence of illness.	When new ergonomic chairs were installed in the office, after a couple of months, employees took fewer sick days. So it was the replacement of the chairs that improved the health of the team and reduced the incidence of illness
intentional	- I suggest implementing telecommuting at least three days a week because it reduces office costs and increases employee satisfaction. - You promote telecommuting not because of efficiency, but because you want to hide your low productivity and avoid management scrutiny. In reality, you're just comfortable not showing up at the office so no one can see what you're doing. All the talk about saving money and comfort is a screen to work less and get the same paycheck. I am sure that if you check the real results of your team, they will be lower than those who work in the office. Your proposal is an attempt to legitimize idleness under the guise of taking care of employees.	You promote telecommuting not because of efficiency, but because you want to hide your low productivity and avoid management scrutiny. In reality, you're just comfortable not showing up at the office so no one can see what you're doing. All the talk about saving money and comfort is a screen to work less and get the same paycheck. I am sure that if you check the real results of your team, they will be lower than those who work in the office. Your proposal is an attempt to legitimize idleness under the guise of taking care of employees.
ad populum	A friend convinced me to buy a new smartphone. It's already been purchased by millions of users around the world, so it's the best choice among all models. I almost said yes.	It's already been purchased by millions of users around the world, so it's the best choice among all models.
appeal to emotion	At the meeting, they discussed the expansion of the powers of the special services. One official said: the world is becoming more and more dangerous, people live in anxiety and don't know what tomorrow will bring. Are you really prepared to leave families unprotected? The news shows tragedies and ruined lives every day. There's a need for total surveillance of citizens.	Are you really prepared to leave families unprotected?[SEP]There's a need for total surveillance of citizens.
false causality	In areas where new shopping centers open, the number of cars on the roads soon increases. So it is the construction of shopping centers that causes an increase in the number of cars. This should be taken into account when planning a city.	In areas where new shopping centers open, the number of cars on the roads soon increases. So it is the construction of shopping centers that causes an increase in the number of cars
circular reasoning	In jurisprudence, a norm is considered. A norm is binding because it is enshrined in existing law. It is emphasized by jurists. Current law is determined by the binding nature of the norm. Therefore, it is universally applied.	A norm is binding because it is enshrined in existing law.[SEP]Current law is determined by the binding nature of the norm.
circular reasoning	In a discussion of artificial intelligence, it was voiced: the algorithm is reliable because its conclusions are reliable. However, it was further clarified that the validity of the conclusions is due to the fact that the algorithm is reliable. The conversation quickly reached an impasse.	the algorithm is reliable because its conclusions are reliable[SEP]the validity of the conclusions is due to the fact that the algorithm is reliable
false causality	I noticed that on days when I listen to classical music, I find it easier to concentrate. This coincidence has been repeated many times. If concentration improves on days with classical music, then it directly improves cognitive ability and makes work more efficient. So I play it before tasks.	If concentration improves on days with classical music, then it directly improves cognitive ability and makes work more efficient.
equivocation	I believe that the preposition plays an important role. In speech, prepositions help to connect words and clarify meaning. A preposition gives a reason for an action and gives reasons. If there is a preposition, then there is a justification. So any explanation already makes the action permissible. So it is enough to give a reason for the action to be right.	A preposition gives a reason for an action and gives reasons. If there is a preposition, then there is a justification. So any explanation already makes the action permissible.
ad hominem	In a discussion of health care reform, one participant made arguments about the need for prevention. He is known to be extremely cynical and indifferent to other people's problems, so his arguments about caring for people's health are insincere and not worth listening to. After that, the conversation quickly drifted away.	He is known to be extremely cynical and indifferent to other people's problems, so his arguments about caring for people's health are insincere and not worth listening to.
intentional	I realize that the launch of a new drug has been without a full cycle of clinical trials, and yes, some patients have experienced serious side effects, including heart complications. But we made this decision because we acted out of a genuine desire to save as many lives as possible in a time crunch. At that point, the count was days, and we couldn't afford the luxury of years of research. Yes, there were risks, but how could we fail to act when people were dying? Our intentions were purely for the good of society. When the goal is to save lives, any risks and side effects are relegated to an unavoidable cost. History will judge, but we acted not out of self-interest, but out of a sense of responsibility.	we made this decision because we acted out of a genuine desire to save as many lives as possible in a time crunch. At that point, the count was days, and we couldn't afford the luxury of years of research. Yes, there were risks, but how could we fail to act when people were dying? Our intentions were purely for the good of society. When the goal is to save lives, any risks and side effects are relegated to an unavoidable cost.
equivocation	I started practicing music more and noticed how important harmony between instruments is. When everything sounds in harmony, there is harmony, and it is pleasant to listen to. There should be harmony in the family, too: without it there is constant conflict and tension. If harmony creates harmony in music and makes it beautiful, then maintaining harmony in the family automatically makes life right and error-free. Therefore, any decisions I make in my family are right, because I try to keep this very harmony.	If harmony creates harmony in music and makes it beautiful, then maintaining harmony in the family automatically makes life right and error-free.
equivocation	I always try to look decent, because a person's appearance says a lot about him. Neat clothes, a confident gait, a calm expression of the face create the right impression. You have to look right, otherwise you will not be understood or taken seriously. And the right look is the basis of clarity and order. That's why I think it's important to keep order in language, too. If a sentence has the wrong appearance, it gives a bad impression and cannot be considered literate, because appearance and structure must match.	You have to look right, otherwise you will not be understood or taken seriously. And the right look is the basis of clarity and order.[SEP]If a sentence has the wrong appearance, it gives a bad impression and cannot be considered literate
false dilemma	In the energy debate there is a tough stance: there is simply no other way - either we build coal plants and provide cheap energy, despite the environmental risks and long-term consequences. The economics are said to demand immediate solutions and stable supplies. Renewable sources are seen as unreliable and expensive. Or industry will grind to a halt and millions of people will be unemployed. This way of thinking rules out any transitional strategies or combined solutions, leaving only extreme scenarios where one option is declared vital.	there is simply no other way - either we build coal plants and provide cheap energy,[SEP]Or industry will grind to a halt and millions of people will be unemployed.
fallacy of relevance	- Medical institutions lack equipment: MRI machines are overloaded, with waiting times of up to two months. This delays the diagnosis of serious diseases. - Do you know that last year our region became a leader in the number of sporting events and marathons? People are actively practicing sports, leading a healthy lifestyle. Should we be so concerned about medical equipment when the population is getting healthier?	Do you know that last year our region became a leader in the number of sporting events and marathons?[SEP]Should we be so concerned about medical equipment when the population is getting healthier?
ad populum	The Economist discussed cryptocurrencies. Majority of the population still doesn't trust them, so it's an unreliable financial instrument. The masses are rarely wrong about money.	Majority of the population still doesn't trust them, so it's an unreliable financial instrument.
equivocation	I often think about how important it is to formulate your thoughts correctly. Any sentence should be clear, logical and complete, so that the interlocutor can immediately grasp the meaning. A sentence must be competently constructed, otherwise it is difficult to understand. If I know how to formulate sentences, then any proposal I make to people will be accepted and approved. Therefore, when I make business proposals to my partners, they just have to agree - because I formulate everything correctly and clearly.	A sentence must be competently constructed, otherwise it is difficult to understand. If I know how to formulate sentences, then any proposal I make to people will be accepted and approved.
fallacy of extension	- It seems to me that we need to limit advertising of unhealthy products, especially those aimed at children. This will help to create healthier habits. - I see! You want to ban all advertising and deny businesses the opportunity to promote their products! Let's do away with the market altogether and go back to a planned economy! You want to destroy entrepreneurship?	we need to limit advertising of unhealthy products, especially those aimed at children[SEP]You want to ban all advertising and deny businesses the opportunity to promote their products
intentional	- The university should lower tuition fees because many students are forced to take out loans and then pay them back for years. - You are proposing this because you want to attract more weak students and simplify the requirements to study. You benefit from lowering the bar to increase the flow and improve enrollment statistics. You don't really care about the quality of education, you're just aiming to make the university massive and less demanding. All the talk about affordability is a cover for wanting to simplify the system and improve performance. You want popularity, not academic excellence.	You are proposing this because you want to attract more weak students and simplify the requirements to study
fallacy of relevance	- The company has identified data security issues: leaks of customers' personal information are becoming more frequent, which can lead to fines and loss of trust. - Did you know that our brand is recognized in 90% of countries and has millions of followers on social networks? We are actively marketing and building our reputation. How can we talk about safety issues when the company is so successful globally?	Did you know that our brand is recognized in 90% of countries and has millions of followers on social networks?[SEP]How can we talk about safety issues when the company is so successful globally?
appeal to emotion	At the criminal policy session, a speaker said: Victims of crime are left alone with their pain, their suffering is ignored. They expect justice, but they don't get it. How can this be allowed to happen? Therefore, punishments should be as severe as possible, up to and including the death penalty.	How can this be allowed to happen? Therefore, punishments should be as severe as possible, up to and including the death penalty.
false dilemma	Public health is debating vaccinations. Or we make it mandatory for everyone. This increases public protection, but raises debate about individual liberty. Some citizens express concern. Or we leave it voluntary and face epidemics. In this case, the level of collective immunity is reduced. The decision affects public health.	Or we make it mandatory for everyone.[SEP]Or we leave it voluntary and face epidemics
fallacy of relevance	- The city has recorded a 15% increase in crime, especially at night, due to lack of lighting and patrols. This calls for an increase in the security budget. - Let's discuss sports development and building new stadiums, not crime statistics and street patrols. Sports bring people together and reduce social tension. Why are you focusing on crime when you could be investing in the health of the nation?	Let's discuss sports development and building new stadiums, not crime statistics and street patrols.[SEP]Why are you focusing on crime when you could be investing in the health of the nation?
ad populum	"In a discussion of children's show business, one mother whose child had recently been in a commercial tried to make a case for early exposure to the camera: public speaking skills, self-confidence, financial opportunities for the family. Another mom, hearing this, objected emotionally, ""Everyone knows child acting is terrible. Everyone says so, so it must be true. Look at any forums, read the comments - everywhere they write that children in this business lose their childhood, suffer from psychological pressure. If so many people are against it, how can there be anything good in it?"""	Everyone knows child acting is terrible. Everyone says so, so it must be true
circular reasoning	In a discussion of health care reform, one expert argued that the insurance model is optimal for resource allocation. The insurance system is efficient because it ensures optimal allocation of resources, and optimality of allocation is because the system is insurance-based and therefore efficient. This is presented as a self-evident reason to extend it.	insurance system is efficient because it ensures optimal allocation of resources[SEP]optimality of allocation is because the system is insurance-based and therefore efficient
false dilemma	When discussing criminal law reform, there is a hard line. Either we increase penalties to the maximum, to stop the growth of crime. The public is concerned about safety, and the pressure on lawmakers is increasing. Or criminals will finally feel impunity and the situation will get out of control. This picture does not consider the issues of prevention, rehabilitation and social support, which could affect the crime rate.	Either we increase penalties to the maximum,[SEP]Or criminals will finally feel impunity and the situation will get out of control.
intentional	At a meeting in an IT company, they discussed the transition to an open task reporting system to increase transparency and reduce duplication of work. One of the developers gave examples of how this had helped other teams reduce release times and improve communication. The manager objected sharply: You're not promoting open reporting for the sake of team efficiency, but because you want to control your colleagues and interfere in other people's work. In his opinion, the talk of transparency hides the desire to monitor employees' every move and increase pressure. He added that such initiatives always come from people who lack power and try to compensate for it. In the end, the discussion of the benefits of the system was completely ignored, and the conversation was reduced to accusations of ulterior motives and personal ambitions.	You're not promoting open reporting for the sake of team efficiency, but because you want to control your colleagues and interfere in other people's work.
false causality	Since schools started teaching financial literacy, teenagers' interest in social media has increased and they have become more active in blogging. So these lessons are shaping digital engagement.	Since schools started teaching financial literacy, teenagers' interest in social media has increased
equivocation	I believe that a union of people is important: it gives support, unites efforts, helps to achieve goals. But alliance is also a service word. Union connects elements into a unified structure, whether they are people or words. If union binds, then any union automatically creates meaning and order. Therefore, any union of people is already right in itself and does not require additional justification.	Union connects elements into a unified structure, whether they are people or words. If union binds, then any union automatically creates meaning and order.
intentional	Yes, we launched an advertising campaign with exaggerated promises and some customers were dissatisfied, but we did it because we genuinely wanted to inspire people and draw attention to our product and when the goal is business development and job creation, such marketing exaggerations are justified. Without colorful statements, we simply wouldn't be noticed in the marketplace. Sometimes you have to embellish a little to get through. The main thing is that the product is ultimately useful, even if expectations were high.	we did it because we genuinely wanted to inspire people and draw attention to our product[SEP]when the goal is business development and job creation, such marketing exaggerations are justified
fallacy of relevance	- In recent years, the level of air pollution in the industrial zone has exceeded permissible norms by 2.5 times. Residents complain of chronic respiratory diseases, and studies show an increase in asthma in children. Environmentalists are demanding stricter emission controls and fines for companies. - Let's talk more about small business development and supporting entrepreneurs, not emissions and air pollution. New companies create jobs, increase tax revenue and stimulate the economy. First we need to provide people with income and employment, because without that, any environmental initiatives will simply not be supported by the public.	Let's talk more about small business development and supporting entrepreneurs, not emissions and air pollution.[SEP]First we need to provide people with income and employment
fallacy of extension	- I believe that some old industrial plants should be modernized to meet environmental standards to reduce emissions and improve air quality in the city. It's not about closing all factories, it's about gradually introducing filters, new technologies and pollution control to save both jobs and people's health. - So you want to close all the factories and leave people unemployed for the sake of perfect ecology? You don't seem to care that thousands of families will be without income, cities will become ghosts, and the economy will collapse! According to your logic, it is better to ban industry altogether, so that the air would be sterile and people would sit without money and prospects. You propose a utopia where no one produces anything, but for some reason everyone is happy!	some old industrial plants should be modernized to meet environmental standards[SEP]So you want to close all the factories and leave people unemployed for the sake of perfect ecology
fallacy of extension	- I believe that universities should more actively introduce online courses as a supplement to face-to-face teaching to increase access to knowledge. It is not a substitute for teachers, but an additional tool. Online courses can complement traditional university teaching - it makes education more flexible. - Yeah, you want to completely replace teachers with robots and move all education to soulless online? Fine, let students sit alone in front of screens and never socialize! You propose to destroy the university environment, discussions, live thinking - all for the sake of convenience!	Online courses can complement traditional university teaching[SEP]completely replace teachers with robots and move all education to soulless online
false dilemma	There's a saying in medicine: Either we trust only traditional methods of treatment, proven by time and practice. They talk about the risks of new technologies and the lack of research. Or we give ourselves entirely to experimental approaches and risk the health of our patients. This approach excludes the possibility of combining methods and gradual introduction of innovations.	Either we trust only traditional methods of treatment,[SEP]Or we give ourselves entirely to experimental approaches and risk the health of our patients.
equivocation	I always pay attention to proposals because a lot depends on them. A good proposal can change a life, open new opportunities, lead to success. It is an important part of communication. A proposal must be competently constructed in order to be understandable, so any correctly composed proposal will be valuable and useful. Therefore, it is enough to speak without mistakes so that your ideas are always accepted.	A proposal must be competently constructed in order to be understandable, so any correctly composed proposal will be valuable and useful.
circular reasoning	When analyzing the market, they talked about the stability of the company. The company is stable because it shows stable performance, and the stability of performance is because the company is stable. This influenced investment decisions.	The company is stable because it shows stable performance, and the stability of performance is because the company is stable.
ad populum	- Should we invest in this niche fund? - It's ignored by most institutional investors so it's unreliable. It's better to stick to the mainstream.	It's ignored by most institutional investors so it's unreliable.
fallacy of credibility	In a discussion about cryptocurrencies, one person claimed that a certain token is bound to rise in value. This asset is promising because it is backed by a well-known billionaire and investor who has already made a fortune in technology. He has spoken publicly in its favor. If a person with such financial credibility makes a prediction, then it is accurate and trustworthy. His success is perceived as a guarantee of correct decisions. Therefore, there is no need to analyze the market on your own.	This asset is promising because it is backed by a well-known billionaire and investor[SEP]If a person with such financial credibility makes a prediction, then it is accurate and trustworthy
faulty generalization	One time the bank blocked my transfer without explanation - it means that the whole banking system is unreliable. This case made me nervous. Now I am wary of large transactions.	One time the bank blocked my transfer without explanation - it means that the whole banking system is unreliable
equivocation	A good argument must have weight. This argument has no weight, because if it had a real weight, like a kettlebell or a book, it could be weighed. That is, the argument is weightless. And since the argument is weightless, then it means nothing and has no merit. Weight is a physical quantity that can be measured in kilograms. If your words don't tip the scales, they have no weight in the discussion. So let's only talk about things that have real, measurable weight.	This argument has no weight, because if it had[SEP]weight[SEP]it could be weighed
ad hominem	- I believe that strict censorship is bad for science. - You are provocative and like to break the rules, so your arguments about freedom of research are untenable. It's not about science.	You are provocative and like to break the rules, so your arguments about freedom of research are untenable. It's not about science.
circular reasoning	In a discussion of digital regulation, one expert stated: this algorithm is valid because its conclusions have a high degree of accuracy. There is no question of verification. A high degree of accuracy of the conclusions is because the algorithm is reliable. Therefore, its implementation is considered justified.	this algorithm is valid because its conclusions have a high degree of accuracy[SEP]A high degree of accuracy of the conclusions is because the algorithm is reliable
ad hominem	The idea of compulsory voting is a product of dementia and infantilism. It is promoted by those who themselves are unable to make even simple decisions in life - they are afraid of responsibility, cannot formulate their own position and therefore want the state to force everyone to do what they themselves dare not do voluntarily. This is the opinion of people with no will, no civic maturity, no critical thinking. How can a proposal from those who confuse an election with a social media poll be taken seriously? Their idea is not just bad - it is insulting to anyone who can think for themselves.	The idea of compulsory voting is a product of dementia[SEP]This is the opinion of people with no will[SEP]no critical thinking[SEP]Their idea[SEP]bad
fallacy of relevance	- We are discussing regulation of artificial intelligence: algorithms are already making decisions in lending and medicine, and mistakes can cost people money or health. - Why discuss algorithms when we still don't have stable internet in remote regions? People can't get online, they can't get basic services. As long as the infrastructure is not developed, talk about AI is premature and detached from reality.	Why discuss algorithms when we still don't have stable internet in remote regions
fallacy of extension	- I think it's good for companies to implement flexible working hours where possible - it increases productivity. - So you want employees to come in whenever they want and do nothing? Total chaos, no discipline, the business would just fall apart!	it's good for companies to implement flexible working hours where possible[SEP]So you want employees to come in whenever they want and do nothing?
fallacy of extension	- I believe that doctors should be careful about prescribing antibiotics to avoid bacterial resistance. That's an international recommendation. - So you want to ban antibiotics altogether and leave people to die of infections without treatment? Fine! Then let's go back to the pre-medical era. By your logic, treatment is harmful!	doctors should be careful about prescribing antibiotics to avoid bacterial resistance[SEP]you want to ban antibiotics altogether and leave people to die of infections without treatment
false causality	In recent years, there have been more co-working spaces in the city, and at the same time the number of freelancers has grown. People are leaving offices more often and working for themselves. Since the opening of co-working spaces coincided with the growth of freelancing, it means that it is they who are forcing people to leave their stable jobs and move to freelance work. This is now the main driver of change in the labor market.	Since the opening of co-working spaces coincided with the growth of freelancing, it means that it is they who are forcing people to leave their stable jobs and move to freelance work.
intentional	I changed the results of the study before publishing, but my intentions were honorable and intended to draw attention to the problem, otherwise no one would have noticed the topic. The scientific community often ignores important issues without loud conclusions. Good ends justify any means, especially when it comes to saving lives and changing policy. Yes, technically it's an ethical violation, but if it starts real change, then the act is justified. Sometimes you have to distort the data a little bit to achieve a greater good.	I changed the results of the study before publishing, but my intentions were honorable and intended to draw attention to the problem[SEP]Good ends justify any means, especially when it comes to saving lives and changing policy
ad populum	A legal forum was discussing reform. One participant noted: the reform did not receive broad public support, so it was wrong from the start. Further details were not discussed.	the reform did not receive broad public support, so it was wrong from the start.
fallacy of extension	"- I believe that schools should put more emphasis on critical thinking, not just memorizing facts. It helps students to better navigate information. - So you want to completely abandon knowledge and teach kids to question everything? So facts don't matter anymore, it's all about ""thinking""? You propose to raise a generation of people who know nothing but doubt everything! According to your logic, education is turning into chaos without a foundation!"	schools should put more emphasis on critical thinking, not just memorizing facts[SEP]So you want to completely abandon knowledge and teach kids to question everything
false causality	Since I started listening to podcasts in the morning, I've had more successful deals and my income has increased by almost a third. That wasn't happening before. So morning podcasts have a direct impact on financial success and help you make the right decisions.	Since I started listening to podcasts in the morning, I've had more successful deals
fallacy of credibility	At a journalism conference, a participant criticized the spread of fake news and suggested fact-checking measures. In response, he was told: Your arguments about the media are not credible because, despite your arguments and examples, you have no experience in large newsrooms and no journalism education. You've never worked in a news organization, been editorially vetted, or faced real deadlines. Without that, it's impossible to understand the specifics of the profession. Even if you analyze publications and cite data, your lack of professional status makes your conclusions questionable. Only professional journalists should talk about the media.	Your arguments about the media are not credible[SEP]you have no experience in large newsrooms and no journalism education
fallacy of credibility	In a discussion of vaccination, one person referred to clinical trials and efficacy statistics. He was responded to: vaccines are safe because they are supported by a prominent politician who favors their mandatory use. If a person of such high status says they are beneficial, then there is no need to doubt. This politician holds an important position, makes public decisions and has access to information. His position is taken as proof of competence in medical matters. Therefore, his words are accepted as the ultimate truth, even without analyzing scientific evidence.	vaccines are safe because they are supported by a prominent politician[SEP]If a person of such high status says they are beneficial, then there is no need to doubt
appeal to emotion	They discussed the deportation of migrants. One politician spoke about the victims of crime. How can you protect outsiders when our citizens are suffering? People are losing their sense of security. ♪ So all the illegals should be deported immediately ♪	How can you protect outsiders when our citizens are suffering?[SEP]♪ So all the illegals should be deported immediately ♪
appeal to emotion	"Parliament discussed the prohibition of surrogacy. One deputy spoke about the moral concerns and images of abandoned children. ""Are you really willing to allow such fates?"" The room grew quiet. Therefore, this practice should be banned completely."	"""Are you really willing to allow such fates?""[SEP]Therefore, this practice should be banned completely."
fallacy of relevance	- Bullying is on the rise in schools, with 25% of pupils facing bullying, affecting mental health. - What about the USE results, which have fallen for the third year in a row, why discuss bullying? Grades are falling, graduates are doing worse in higher education. First we need to improve academic performance, and then deal with psychological issues. Education is more important than emotions.	What about the USE results, which have fallen for the third year in a row, why discuss bullying?[SEP]First we need to improve academic performance, and then deal with psychological issues
false dilemma	Either we increase the military budget several times over to ensure security. Diplomacy and international agreements are discussed, but they are considered unreliable. Or the country will be defenseless against threats. So any alternative approach to security is ruled out.	Either we increase the military budget several times over[SEP]Or the country will be defenseless against threats.
ad hominem	Discussing the implementation of telecommuting, a manager suggested a hybrid format. A colleague responded: He avoids face-to-face interaction and prefers privacy, so his arguments are dictated by personal inclinations and are unconvincing. The team was divided.	He avoids face-to-face interaction and prefers privacy, so his arguments are dictated by personal inclinations and are unconvincing.
ad populum	At the marketing meeting it was said: this brand is chosen by the vast majority of consumers, so its quality is unquestionable. Therefore, it was suggested as a benchmark.	this brand is chosen by the vast majority of consumers, so its quality is unquestionable
ad hominem	- We need to increase access to cultural programs in the regions. - This is offered by someone who has contempt for the provinces and people outside the capital, so his arguments are disingenuous and not credible. He's just changing the rhetoric.	This is offered by someone who has contempt for the provinces and people outside the capital, so his arguments are disingenuous and not credible. He's just changing the rhetoric.
fallacy of relevance	- The government is considering raising taxes on tobacco products to reduce smoking rates and increase budget revenues. - But healthy lifestyles are becoming more popular in the country, with fitness centers and running clubs opening. The number of people playing sports has increased by 40%. Is there any point in discussing tobacco taxes if society is already becoming healthier?	But healthy lifestyles are becoming more popular in the country, with fitness centers and running clubs opening.[SEP]Is there any point in discussing tobacco taxes if society is already becoming healthier?
equivocation	I believe it is important to have a solid foundation in life. Without it, it is impossible to build something serious and durable. Foundation should be strong, so if I strengthen the foundation of my house, my life will also become more stable. So I decided to renovate and reinforce the floor of my apartment. It seems to me that with a strong foundation under my feet, I will feel more confident and will be able to cope better with life's difficulties.	Foundation should be strong, so if I strengthen the foundation of my house, my life will also become more stable.
circular reasoning	In AI ethics, they discuss the permissibility of autonomous decisions. Decisions are morally justified because they are ethically appropriate. An expert panel agrees. And compliance with norms follows from the fact that the decisions are morally justified. This is accepted as a basis for implementation.	Decisions are morally justified because they are ethically appropriate.[SEP]And compliance with norms follows from the fact that the decisions are morally justified.
faulty generalization	Recently tried a new brand of headphones and the sound was mediocre. I was expecting more. If one model sounds bad, it means the whole brand is of poor quality. I will not consider them again.	If one model sounds bad, it means the whole brand is of poor quality.
faulty generalization	We were discussing the new office after the company moved. One office was stuffy. If one room has bad ventilation, the whole building is uncomfortable to work in. Some employees started complaining.	If one room has bad ventilation, the whole building is uncomfortable to work in.
ad populum	In the discussion about the school program, the opinion was voiced: Majority of parents are against the in-depth study of philosophy, so the subject is useless. The administration took this position into account.	Majority of parents are against the in-depth study of philosophy, so the subject is useless
ad populum	- Do you think it's worth investing in this startup? - Almost no VCs have funded it, so it's not viable. It's better to choose something that has already attracted massive investor attention.	Almost no VCs have funded it, so it's not viable.
fallacy of credibility	- I've read studies on the benefits of meditation for stress reduction. - You are not a psychologist and have no specialized training, so your conclusions about meditation are not credible. You have no clinical practice, have done no research, and have not published in scientific journals. Psychology is a complex discipline that requires professional training. Even if you recount research correctly, it doesn't make you an expert. Only credentialed psychologists and psychotherapists can make recommendations in this field. All other opinions are just paraphrases of other people's ideas without scientific value.	You are not a psychologist and have no specialized training[SEP]your conclusions about meditation are not credible
false dilemma	Humanity faces a simple and unambiguous choice: either we immediately abandon all fossil fuels and switch to 100% renewable energy within the next five years, or we doom the planet to an irreversible ecological catastrophe. There is simply no other way! Any compromises, gradual transitions, or hybrid solutions are just complacency and delaying the inevitable. If we don't shut down all oil rigs, gas fields and coal mines today, tomorrow it will be too late - sea levels will rise, the climate will become unpredictable and millions of people will lose their homes. So we must act decisively: ban oil and gas production immediately, shut down all coal-fired power plants, and stop funding any fossil fuel projects. Yes, this will lead to temporary economic hardship, unemployment in the energy sector, and higher energy prices. But it is a necessary sacrifice to save the planet. Either we choose a clean future today or we choose death tomorrow - there is no third way!	either we immediately abandon all fossil fuels[SEP]or we doom the planet to an irreversible ecological catastrophe
faulty generalization	At the conference, one speaker spoke in a confusing and unstructured way. It was hard to follow the thought. So all such conferences are useless. I don't see the point of attending them.	At the conference, one speaker spoke in a confusing and unstructured way[SEP]So all such conferences are useless
false causality	Once the blogger started posting videos daily, the number of subscribers increased dramatically, hence it is the frequency of posting that directly leads to popularity. This example is often given to aspiring authors.	Once the blogger started posting videos daily, the number of subscribers increased dramatically, hence it is the frequency of posting that directly leads to popularity.
false causality	In recent months, team building events have become more frequent in our office, and at the same time the department's profits have increased. Colleagues are actively discussing this. If the increase in revenue coincided with regular team building events, it means that it was the joint outings and games that directly increased the company's profit. So we should hold them even more often.	If the increase in revenue coincided with regular team building events, it means that it was the joint outings and games that directly increased the company's profit.
fallacy of relevance	- Environmentalists warn of critical air pollution: the level of harmful substances exceeds the norm by 3 times, the number of respiratory diseases is growing, especially among children. It is urgent to introduce restrictions on emissions and modernize industry. - Why discuss the environment when the region's economy is showing record growth and new factories are opening? Last year's GRP grew by 12% and thousands of jobs were created. We need to strengthen the economy first, and then think about clean air.	Why discuss the environment when the region's economy is showing record growth and new factories are opening?[SEP]We need to strengthen the economy first, and then think about clean air.
fallacy of extension	- I believe that social networks should be more active in moderating blatantly harmful and misinformative content. This would help reduce the spread of fakes without restricting normal communication. - So you want to introduce total censorship and ban people from freely expressing any opinions on the internet? Are you suggesting that every post should be vetted and those who disagree should just be deleted? This is no longer the internet, but a controlled propaganda platform!	social networks should be more active in moderating blatantly harmful and misinformative content[SEP]you want to introduce total censorship and ban people from freely expressing any opinions on the internet
appeal to emotion	At a debate on the death penalty, one participant began with the story of the victim's family. Their home was empty and their lives had lost meaning. How can you look into the eyes of these people and talk about humanity? So criminals should be executed without hesitation. Their pain needs to be answered.	How can you look into the eyes of these people and talk about humanity? So criminals should be executed without hesitation.
fallacy of extension	- I think companies should encourage remote working where it doesn't reduce efficiency. - So you want to close all offices and make people work from home without supervision? That's a breakdown of discipline and the end of normal work!	companies should encourage remote working where it doesn't reduce efficiency[SEP]you want to close all offices and make people work from home without supervision
intentional	"- I suggest increasing the budget for public transportation to reduce congestion and emissions. - You're promoting this because you want to weaken the auto sector and impose restrictions on people's transportation. Your goal is actually to reallocate money to ""convenience"" projects and strengthen your influence in the city. You don't show exact payback calculations, but you actively criticize roads. This looks like an ideological position, not a pragmatic solution. Therefore, your arguments are perceived as an attempt to promote your agenda rather than an analysis of the transportation system."	"You're promoting this because you want to weaken the auto sector and impose restrictions on people's transportation. Your goal is actually to reallocate money to ""convenience"" projects and strengthen your influence in the city"
false causality	When the city increased the number of parking lots, the number of complaints about traffic jams decreased, so it was the parking lots that solved the traffic congestion problem. The authorities are considering expanding the program.	When the city increased the number of parking lots, the number of complaints about traffic jams decreased, so it was the parking lots that solved the traffic congestion problem.
equivocation	I think of hail as a phenomenon that leaves a mark. Hail can damage crops, change the landscape, and affect people's lives. But hail is also connected to the place where people live. H hail affects the surroundings and shapes the conditions of life. If there is hail, then there is change. Therefore, any hailstorm determines the development of events.	H hail affects the surroundings and shapes the conditions of life. If there is hail, then there is change. Therefore, any hailstorm determines the development of events.
fallacy of credibility	A financial blog was discussing whether gold is worth investing in in an unstable economy. One participant wrote: investing in gold is the best choice because that's the advice of a famous TV host of an economic show who has been on screen for years. He regularly gives predictions and shares his opinions on the markets. If a person regularly appears on TV as an expert, then his advice is automatically reliable. His recognizability and popularity are taken as proof of competence. Therefore, the author of the comment believes that there is no point in analyzing market data - it is enough to follow the advice of a media expert.	investing in gold is the best choice because that's the advice of a famous TV host of an economic show[SEP]If a person regularly appears on TV as an expert, then his advice is automatically reliable
fallacy of credibility	In a climate debate, one participant said that global warming is not a serious threat. It's not a problem because that's what a well-known science program host who has been talking about nature for many years says. He often shares his views and analysis. If a person with such media credibility draws a conclusion, then it is based on facts and does not require verification. His popularity is taken as proof of competence. Therefore, additional research is considered unnecessary.	It's not a problem because that's what a well-known science program host who has been talking about nature for many years says.[SEP]If a person with such media credibility draws a conclusion, then it is based on facts and does not require verification.
fallacy of credibility	- I think the school program should be reformed to add more practical skills: financial literacy, critical thinking, and basic psychology. - You cannot judge the education system, even if you give examples from other countries, because you have no pedagogical education. You don't have a teaching degree, you haven't practiced in a school, and you haven't worked with children in a classroom. Without that, it is impossible to understand how the educational process works from the inside. Even if your ideas sound reasonable, the lack of specialized training makes them unsuitable for implementation. Reforms should be discussed only by professional teachers, methodologists and officials from the Ministry of Education. The opinion of unqualified people cannot be the basis for changes in such a complex system.	You cannot judge the education system[SEP]because you have no pedagogical education
ad hominem	- Alcohol advertising regulations should be tightened. - You yourself have abused in the past and now you are trying to impose your restrictions on everyone else, so your arguments are dictated by personal experience and are invalid. Let's not moralize.	You yourself have abused in the past and now you are trying to impose your restrictions on everyone else, so your arguments are dictated by personal experience and are invalid.
circular reasoning	A psychology seminar was looking at personal confidence. A person is self-confident because they demonstrate inner stability, and inner stability stems from their self-confidence. This was cited as an example of a mature personality.	A person is self-confident because they demonstrate inner stability, and inner stability stems from their self-confidence.
fallacy of relevance	- A medical study indicates that vaccination rates are down 15%, increasing the risk of infectious disease outbreaks. - Why discuss vaccination when we have problems with access to quality education in rural areas? Schools are understaffed, teachers are in short supply, children are falling behind. Ensure equal access to education first, then talk about vaccinations. It's the foundation for the development of society.	Why discuss vaccination when we have problems with access to quality education in rural areas?[SEP]Ensure equal access to education first, then talk about vaccinations.
appeal to emotion	At a debate on the death penalty, a speaker stated: The victims' families find no peace, their lives are filled with pain and emptiness. How can you talk about the rights of murderers? This injustice destroys them from the inside out. That is why the death penalty must be introduced.	How can you talk about the rights of murderers?[SEP]That is why the death penalty must be introduced.
circular reasoning	The IT team was discussing the quality of the code. The code is good because it is written correctly. That's how a review was judged. And it's written correctly because the code is good. So the metrics were not reviewed.	The code is good because it is written correctly.[SEP]And it's written correctly because the code is good.
ad populum	- Should we introduce a compulsory course on entrepreneurship? - The majority of students are not interested in business disciplines, so such a course is unnecessary. It is better to leave the curriculum unchanged.	The majority of students are not interested in business disciplines, so such a course is unnecessary.
fallacy of relevance	- The analysis showed that the introduction of new video surveillance systems in schools does not reduce the level of bullying: according to the research, in 65% of cases aggression simply moves to areas without cameras. It may be worth investing in psychological support and training for educators. - Why discuss cameras and bullying when teachers are already overworked and underpaid? Teachers work 10 hours a day, fill out reports, and are paid less than the regional average. Until we address their social situation, no anti-bullying program will work. Decent pay first, and then talk about school climate.	Why discuss cameras and bullying when teachers are already overworked and underpaid?
ad hominem	- We need to strengthen the protection of personal data in applications. - You are obsessed with total privacy and suspect everyone of evil intentions, so your arguments about the risks of leaks are exaggerated and untenable. No need to be dramatic.	You are obsessed with total privacy and suspect everyone of evil intentions, so your arguments about the risks of leaks are exaggerated and untenable.
intentional	"In the discussion of health care reform, one deputy suggested increasing funding for prevention programs to reduce the burden on hospitals in the long term. He cited statistics on the reduction of chronic diseases in regions with active prevention. The opponent responded, ""You are so insistent on prevention because you want to cut treatment costs and leave people without necessary medical care in order to save the budget."" He went on to say that the initiator of the reform supposedly wants to ""save money on the sick"" and shift the responsibility to the citizens themselves. The entire discussion shifted from an analysis of data and program effectiveness to a discussion of the politician's alleged self-interested motives."	You are so insistent on prevention because you want to cut treatment costs and leave people without necessary medical care in order to save the budget
ad populum	We discussed the transition to remote working in the company. Many international corporations have already adopted this format and support it - therefore it is the optimal model. Management decided not to consider alternatives.	Many international corporations have already adopted this format and support it - therefore it is the optimal model.
ad hominem	- I propose tax cuts for small businesses. - Yourself is known for being self-serving and constantly seeking personal gain, so your arguments about taxes only serve your interests and are untenable. Hardly a concern for the economy.	Yourself is known for being self-serving and constantly seeking personal gain, so your arguments about taxes only serve your interests and are untenable
fallacy of extension	"- I think some school subjects should be updated with more practical skills and modern knowledge instead of excessive theory. This doesn't mean that basic subjects are not needed, but the curriculum should reflect real life so that graduates are better versed in finance, technology and communication. - So you want to completely remove all theory from schools and leave only primitive everyday skills without knowledge? Are you proposing to turn education into a class on ""how to pay a bill"" and ""how to turn on a computer""? Then why have teachers, textbooks, exams at all? Let children not learn math, literature and physics at all, because it's ""redundant theory""! Your idea leads to a generation that cannot think, analyze and understand complex things."	some school subjects should be updated with more practical skills and modern knowledge[SEP]you want to completely remove all theory from schools and leave only primitive everyday skills without knowledge
fallacy of relevance	- Data breaches are a growing problem in the IT sector, with more than 200 major incidents affecting millions of users last year. - Let's talk about the development of creative industries and movies rather than technical failures and leaks. Movies and TV series shape public consciousness and generate revenue. That's far more important for culture.	Let's talk about the development of creative industries and movies rather than technical failures and leaks.
equivocation	I have always believed that it is important to formulate a sentence correctly. A good proposal should be clear, logical and complete so that the person you are talking to immediately grasps the meaning. A clear proposal helps to reach agreements and promote ideas. If a proposal is what I offer to people, then by improving my wording I will automatically make any deal successful and profitable. The main thing is to construct a proposal correctly.	A clear proposal helps to reach agreements and promote ideas. If a proposal is what I offer to people, then by improving my wording I will automatically make any deal successful and profitable.
fallacy of credibility	At a scientific conference, a researcher presents experimental data. In response, he is told: Your results are not credible because you do not work at a prestigious university, and regardless of methodology, without affiliation with a reputable institution, your findings are considered questionable. The opponent argues that only scientists from reputable universities can conduct meaningful research. In the end, the discussion shifts from data analysis to the status of the organization where the author works.	Your results are not credible because you do not work at a prestigious university[SEP]without affiliation with a reputable institution, your findings are considered questionable
false dilemma	In international relations, military alliances are discussed. Either a country joins a powerful military bloc. This can provide security and support for allies. But it also limits autonomy. Either it stands alone and becomes an easy target. Neutral positions are not seen as viable.	Either a country joins a powerful military bloc.[SEP]Either it stands alone and becomes an easy target.
ad hominem	- I propose restrictions on advertising of unhealthy products. - You're just jealous of successful companies and their profits, so your arguments are motivated by personal animosity and have no value. It's obvious.	You're just jealous of successful companies and their profits, so your arguments are motivated by personal animosity and have no value
equivocation	I like it when things are in harmony: everything is coordinated, no one argues, everyone understands their role. It creates harmony and makes work pleasant. When there is harmony, everything sounds beautiful and right. So, if I observe harmony, then every action I take becomes harmonious and error-free. That's why I don't doubt my decisions - if there is harmony, everything is already arranged in the best way.	When there is harmony, everything sounds beautiful and right. So, if I observe harmony, then every action I take becomes harmonious and error-free.
appeal to emotion	At a hearing on migration, the speaker spoke of tensions in neighborhoods. He described growing anxiety and mistrust. Do you really want your children to grow up with threats? The pause lengthened. That's why we need to tighten the rules and deport without trial.	Do you really want your children to grow up with threats?[SEP]That's why we need to tighten the rules and deport without trial.
fallacy of credibility	This way of learning languages is effective because it is recommended by a famous blogger who has learned several languages and shares his experience on social media. He talks about the methods that helped him achieve the result. If a person with so many followers and experience says that the method works, then it's true. His successes confirm the effectiveness of the approach. There is no need to test the method scientifically or compare it to other ways of learning. It is enough to trust the opinion of a person who has already achieved results and shares his experience.	This way of learning languages is effective because it is recommended by a famous blogger[SEP]If a person with so many followers and experience says that the method works, then it's true
faulty generalization	-- We should discuss the quality of products with objective data in mind. Some private farms have really good conditions and tasty products, but there are also those where sanitary norms are neglected. Therefore, uniform control standards are necessary for all producers.  -- I've personally eaten chicken from a private farm -- it was delicious. So all farms produce great food and should be allowed without restriction. Why do we need any testing if the product is already excellent? My experience speaks for itself.	eaten chicken from[SEP]farm -- it was delicious. So all farms produce great food
equivocation	I believe it is important to keep light in your life. Light gives energy, helps you see and navigate. Light makes the world a better place, and if there is light, it is always beneficial.	Light makes the world a better place, and if there is light, it is always beneficial.
fallacy of relevance	- The issue of regulating artificial intelligence is becoming more and more pressing: algorithms make decisions in lending, medicine and jurisprudence. Errors or bias can lead to serious consequences, including discrimination. - But we have rising inflation and falling purchasing power in this country. People spend up to 60% of their income on basic needs. What does it matter how the algorithms work if people can't buy food? We need to stabilize the economy first, and then we can talk about high technology.	But we have rising inflation and falling purchasing power in this country.[SEP]What does it matter how the algorithms work if people can't buy food?
false dilemma	There is simply no other way to regulate the Internet. The digital space has become too powerful to leave unchecked. The spread of information is instantaneous, and the consequences can be severe. Either the state imposes strict censorship and full control over platforms to prevent the spread of harmful content. This will allow for a rapid response to threats. Or the Internet finally turns into a lawless space where it is impossible to protect users from manipulation, fraud and misinformation. In this logic, any moderate approaches seem ineffective.	There is simply no other way to regulate the Internet.[SEP]Either the state imposes strict censorship and full control over platforms[SEP]Or the Internet finally turns into a lawless space
ad hominem	- I propose tougher environmental regulations for businesses. - You yourself regularly violate household environmental regulations and ignore waste sorting, so your arguments about protecting nature are hypocritical. This seems bizarre.	You yourself regularly violate household environmental regulations and ignore waste sorting, so your arguments about protecting nature are hypocritical
appeal to emotion	In Parliament, the expansion of police powers was discussed. One deputy emotionally stated: Imagine how a criminal escapes punishment because of formalities. Are you really willing to tolerate that? Therefore, the police should be given more power.	Imagine how a criminal escapes punishment because of formalities. Are you really willing to tolerate that? Therefore, the police should be given more power.
appeal to emotion	There was a talk show discussing the abortion ban. A participant said: In the silence of medical offices, fates are being decided, and no one hears that quiet cry. How can you turn a blind eye to this life? It's not just a choice, it's someone's destiny. ♪ That's why abortion should be completely outlawed ♪	How can you turn a blind eye to this life?[SEP]That's why abortion should be completely outlawed
ad populum	In corporate correspondence, the opinion was voiced: all large companies have already implemented KPI-systems, so it is the only correct way to assess efficiency. We should not lag behind.	all large companies have already implemented KPI-systems, so it is the only correct way to assess efficiency
circular reasoning	An investor assesses the reliability of an asset. The asset is reliable because it provides a stable return, and the stability of the return is determined by the fact that the asset is reliable. He adds comments about diversification.	The asset is reliable because it provides a stable return, and the stability of the return is determined by the fact that the asset is reliable.
circular reasoning	In a discussion of tax policy, an economist insisted on revising rates for small businesses. Tax cuts are justified because they stimulate entrepreneurial activity, and the increase in activity is due to the fact that taxes have been reduced. He added that the market dynamics itself confirms the correctness of this approach.	Tax cuts are justified because they stimulate entrepreneurial activity, and the increase in activity is due to the fact that taxes have been reduced.
false dilemma	On the issue of migration policy, we cannot remain in uncertainty. Either we close the borders completely to protect the labor market and social systems. This will reduce pressure on infrastructure and competition for jobs. Either the country loses control over migration flows. In such a situation, clear and tough decisions must be taken.	Either we close the borders completely[SEP]Either the country loses control over migration flows.
fallacy of extension	- I think that in kindergartens should increase the time of free play without strict scripts - it is important for the development of imagination and social skills. But educational activities should remain too. - So you want to remove activities altogether and let kids do whatever they want without supervision? That's great! Then the gardens will be a mess, no learning, just chaos and noise! You propose to abandon education and turn institutions into playgrounds without rules, where no one learns anything.	in kindergartens should increase the time of free play without strict scripts[SEP]So you want to remove activities altogether and let kids do whatever they want without supervision
ad populum	In the discussion of higher education reform, many argue about the need for mandatory online courses. The vast majority of universities have already implemented distance modules and consider them effective, so this model of learning is optimal. Therefore, the resistance of individual faculty members seems outdated.	The vast majority of universities have already implemented distance modules and consider them effective, so this model of learning is optimal.
equivocation	I like to read novels because they help me understand people's feelings, their experiences and inner world. It develops empathy and makes a person deeper. A novel is built on relationships and emotions, so if there is a novel in life, it becomes rich and full. So any relationship automatically makes a person more developed, even if there is no understanding in it.	A novel is built on relationships and emotions, so if there is a novel in life, it becomes rich and full.
ad populum	- How do you rate this movie? - It got high marks from an overwhelming number of viewers, so it's a quality piece of work. Criticism didn't seem to matter anymore.	It got high marks from an overwhelming number of viewers, so it's a quality piece of work
fallacy of relevance	- The police report indicates that the crime detection rate has dropped to 42%, which is a concern to the public. - Why talk about detection rates when schools lack modern textbooks and equipment? Education shapes the future of society. First invest in schools and the training of children, because that is what affects long-term security and development.	Why talk about detection rates when schools lack modern textbooks and equipment?[SEP]First invest in schools and the training of children
circular reasoning	A medical consilium discussed the validity of a diagnostic protocol. The protocol is valid because its results reliably reflect the patient's condition, and the validity of the results follows from the validity of the protocol. On this basis, it was included in the standard.	The protocol is valid because its results reliably reflect the patient's condition, and the validity of the results follows from the validity of the protocol.
intentional	The school introduced compulsory uniforms. The principal acknowledged the dissatisfaction and additional costs, but said: We did it with the best of intentions - to create equality and discipline among students, we wanted what was best, so complaints about cost and discomfort are secondary. He emphasized that the goal is more important than private inconveniences. Specific family support measures and alternatives were not discussed, everything was justified by good intentions.	We did it with the best of intentions - to create equality and discipline among students, we wanted what was best, so complaints about cost and discomfort are secondary
ad populum	In a conversation about cryptocurrencies, one participant said: Millions of investors have already invested in this token, which means it is safe. After that, many people decided to join the purchase.	Millions of investors have already invested in this token, which means it is safe
fallacy of credibility	"In a discussion of health care reform, one participant confidently stated: The proposed insurance model is effective because it was supported by a well-known TV presenter with an audience of many millions and his opinion can be trusted as a person who has achieved success and recognition in society. He detailed how this presenter often invites experts and is himself versed in complex topics, and is therefore able to evaluate medical policy as well. According to him, popularity and public trust is the best indicator of competence. Even if doctors and economists argue, the opinion of a public figure is supposedly more important because she is ""closer to the people"" and feels the real needs of society. As a result, the arguments of specialists were relegated to the background, and the reference to media authority became the main reason for supporting the reform."	The proposed insurance model is effective because it was supported by a well-known TV presenter with an audience of many millions[SEP]his opinion can be trusted as a person who has achieved success and recognition in society
false dilemma	The environmental argument goes: either we completely shut down all industrial plants in the region to stop pollution. Environmental risks are described as critical. The impact on jobs is mentioned but considered secondary. Either nature will be permanently destroyed, and the effects will be irreversible. This approach precludes incremental reforms.	either we completely shut down all industrial plants in the region[SEP]Either nature will be permanently destroyed,
fallacy of relevance	- The issue of cryptocurrency regulation is becoming a hot topic: the market is unstable, investors are losing funds due to lack of control. - Did you know that last year's grain harvest was a record for the last 15 years? Agriculture is showing growth. What is the point of discussing the risks of cryptocurrencies when real industries are showing success? It's a distraction.	Did you know that last year's grain harvest was a record for the last 15 years?[SEP]What is the point of discussing the risks of cryptocurrencies when real industries are showing success?
ad hominem	In an argument about vaccination, he cited statistics. His opponent responded: He is known for his anxiety and tendency to dramatize, therefore his arguments about risks cannot be taken seriously. The conversation quickly reached an impasse.	He is known for his anxiety and tendency to dramatize, therefore his arguments about risks cannot be taken seriously
